,Depot,"Rådhusplassen 1, 6002 Ålesund",Joker Geiranger,"Geiranger, 6216 Geiranger","Langsten, 6264 Tennfjord",Anno,"Ålesund, 6002 Ålesund",Atlanterhavsparken,"Borgundvegen 340, 6015 Ålesund","Borgundvegen 92, 6008 Ålesund",Bunnpris Brattvåg,BROGATA 1,Bunnpris Bryggja,Bunnpris Eid,Bunnpris Hareid,"Ikornes, 6222 Ikornnes",Bunnpris Langevåg,Bunnpris Nørve,Bunnpris Oldeide,Bunnpris Olden,Bunnpris Sjøholt,SKAREGATA 1,Bunnpris Spjelkavik,Bunnpris Stad,Bunnpris Straumgjerde,Bunnpris Stryn,NEDRE STRANDGATE 9,Bunnpris Ulsteinvik,Bunnpris Valderøy,Bunnpris Valldal,Bunnpris Vatne,Bunnpris Vedde,Bunnpris Volda,Bunnpris Ørsta,"Digernessundet, 6057 Ellingsøy",Gamle Blindheimsveg 25,Eurospar Hareid,LARSGÅRDSVEGEN 19,Eurospar Moa,Eurospar Sykkylven,Eurospar Valderøy,Eurospar Ørsta,Rasmus Rønnebergs gate 21,"Brattvåg, 6270 Brattvåg","Valderhaug, 6050 Valderøya","Hovdebygda, 6160 Hovdebygda","Haramsøya, 6270 Brattvåg","Spjelkavik, 6010 Ålesund",Joker Bellingen,Joker Fiksdal,Joker Flatraket,Godøya post i butikk,Joker Gursken,"Hellesylt, 6218 Hellesylt",Joker Larsnes,Joker Loen,Joker Stordal,Joker Sæbø,Joker Tomrefjord,Joker,Joker Vatne,Vigra post i butikk,Joker Åheim,Joker Åram,Kiwi Meieribygget Ørsta,"Volda, 6100 Volda",SUNDGATA 8,Kiwi Skodje,Kiwi Volda,Kiwi Sykkylven,SKARBØVIKGATA 25,NØRVEGATA 23,SPJELKAVIKVEGEN 42,Kiwi Deknepollen,"Eggesbønes, 6008 Ålesund",NEDRE KLOKKERSUNDVEGEN 2,FLISNESVEGEN 1,"Kverve, 6008 Ålesund","Fiskarstrand, 6037 Eidsnes",Kiwi Stranda,Kiwi Stryn,Kiwi Ulsteinvik,"Valderøy, 6050 Valderøya",RASMUS RØNNEBERGS GATE 6,Kiwi Myrvåg,Kiwi Langevåg,NEDRE STRANDGATE 51,LERSTADVEGEN 545,Kiwi Vestnes,Kiwi Nordfjordeid,SMEDGARDEN 1,"Vallekrysset, 6013 Ålesund","Ørsta, 6150 Ørsta",Meny Fosnavåg,LERSTADVEGEN 291,"Ulsteinvik, 6065 Ulsteinvik","Ålesund, 6008 Ålesund",Rabbevågen barnehage,"Storgata 16, 6002 Ålesund",Solsikka barnehage,SOLAVÅGSEIDET 76,Spar Ellingsøy,Spar Fiskåbygd,Spar Fosnavåg,Spar Hornindal,Spar Hovdebygda,Spar Langevåg,Spar Raudeberg,Spjelkavikvegen 61,Spar Straumane,Spar Svingen,Spar Søvik,Spar Tresfjord,Spar Ulsteinvik,Spar Valldal,Spar Vartdal,Spar Volda,Øvre Geilegrend 1,Esso Spjelkavik,"Ålesund lufthavn, 6040 Vigra",St1 Vegsund,St1 Vestnes,St1 Ørsta,"Vigra, 6040 Vigra",Sunde barnehage,Tennfjord barnehage,"Torvmyrane, 6010 Ålesund","Valldal, 6210 Valldal","Fosnavåg, 6090 Fosnavåg","Parkvegen 35, 6003 Ålesund"
Depot,0.0,17076.8,103410.2,103462.5,38103.1,17026.9,17202.0,20378.1,13357.9,14703.9,41930.2,18386.3,108445.3,114473.3,20422.4,18590.2,13863.9,14477.3,131234.3,128074.7,34757.0,17142.8,5821.4,120627.6,25310.5,111588.8,17032.6,30594.5,26462.2,79245.4,28878.2,11039.5,55656.3,46526.7,20458.1,3955.1,20282.5,12787.2,5896.0,18032.3,27795.3,46511.8,16940.9,41848.8,28400.2,49735.2,60335.6,5985.6,71518.6,46603.3,129820.7,31621.1,50995.0,74230.4,56392.2,122006.3,53576.9,71429.3,54617.5,152405.4,31008.9,34802.0,93966.3,78135.5,46216.7,56711.2,16163.4,26535.5,57212.2,18240.1,19482.9,14620.6,5821.5,126741.7,13285.2,11661.5,6114.0,14852.1,11080.7,51456.1,111582.6,30587.9,19628.7,16979.1,39389.3,12912.6,17560.3,7205.7,60388.6,113024.3,10437.2,6201.5,46309.2,58125.9,9340.7,30718.8,14474.7,2561.6,17028.0,77536.4,3404.7,31332.8,77504.9,56516.5,89113.4,49721.3,13563.6,135387.7,5655.1,33382.6,50025.2,48093.8,62294.8,29516.2,79618.9,26147.4,56426.9,8175.0,6264.5,31133.0,3450.6,60434.1,46651.2,33070.8,4965.5,29071.2,25241.5,79601.3,56597.9,15336.2
"Rådhusplassen 1, 6002 Ålesund",16916.6,0.0,108047.3,108099.5,43037.6,418.4,593.5,3769.6,4904.0,3220.0,46864.7,1777.8,122564.1,128592.1,34541.2,29418.3,27982.7,2993.4,145353.1,142193.4,39394.0,414.9,12220.2,134746.3,36138.5,125707.5,424.1,44713.3,12184.3,83882.4,33812.7,25158.2,69775.1,60645.5,25095.2,14783.2,34401.3,5149.6,11319.8,28860.4,13517.4,60630.6,390.3,46783.2,14122.3,63853.9,65270.1,11058.4,85637.4,51537.8,143939.5,17343.2,65113.7,85058.4,70511.0,136125.0,58214.0,85548.1,59552.0,166524.2,35943.3,20524.1,108085.1,92254.3,60335.5,70830.0,846.7,31172.6,71330.9,29068.2,2874.4,3136.7,11997.6,140860.5,5647.7,5571.5,16942.1,2969.9,25199.5,62284.2,125701.3,44706.7,3020.2,225.0,53508.0,27031.4,951.8,11294.7,65025.7,127143.0,7212.5,11112.8,60427.9,72244.7,7996.2,44837.6,2795.7,15223.0,627.5,91655.2,17523.5,17054.9,91623.7,70635.3,103232.2,63840.0,27682.3,149506.5,12305.7,47501.4,60853.3,53028.3,66931.9,43635.0,84256.0,40266.2,70545.7,9375.8,11572.2,16855.1,14278.7,65071.2,60770.0,18793.0,19084.3,34005.6,10963.6,84238.4,70716.6,3657.2
Joker Geiranger,103583.1,108193.4,0.0,61.6,98897.1,108143.5,108318.7,111494.7,104474.5,105820.5,102724.3,109503.0,153150.6,121462.5,121207.7,76041.0,114649.2,105594.0,176415.8,92146.2,69028.8,108259.5,98185.0,193902.3,68973.6,75297.6,108149.2,131379.8,117578.8,32363.6,89672.3,111824.7,133114.8,141149.0,84061.5,99018.4,121067.8,103903.8,98176.2,76476.2,118912.0,140547.1,108057.5,102642.8,119516.8,139385.5,121129.7,98866.8,145466.6,111694.4,175002.2,122737.8,173691.2,70849.7,179088.4,86077.7,50014.9,145377.3,103692.4,116476.9,91802.9,125918.6,167796.9,202087.6,140803.3,132204.8,107280.0,78915.1,132029.4,76311.7,110599.5,105737.2,97962.4,171923.2,104401.8,103187.2,96793.9,105968.7,111866.0,43112.5,75352.8,131373.2,110745.4,108095.8,162085.5,113697.9,108676.9,96895.1,91614.9,120770.4,102601.5,97779.3,140414.2,180822.2,100866.4,131504.1,105591.3,101889.6,108144.6,186496.8,104190.0,98248.9,186465.3,179212.7,97722.6,139371.6,114348.8,180569.2,98068.8,163933.9,44926.2,108887.9,77006.1,130301.5,32737.1,126932.7,132326.1,100252.3,97384.2,122249.6,100945.2,91660.4,140543.2,124187.5,105750.8,89865.2,104599.9,32719.5,179294.1,106452.8
"Geiranger, 6216 Geiranger",103635.4,108245.7,61.6,0.0,98949.4,108195.7,108370.9,111547.0,104526.8,105872.8,102776.5,109555.2,153202.9,121514.7,121259.9,76093.3,114701.4,105646.2,176468.0,92198.4,69081.0,108311.7,98237.3,193954.5,69025.8,75349.9,108201.4,131432.1,117631.0,32415.8,89724.5,111877.0,133167.1,141201.3,84113.8,99070.7,121120.1,103956.0,98228.5,76528.5,118964.2,140599.4,108109.8,102695.0,119569.0,139437.8,121181.9,98919.0,145518.9,111746.6,175054.4,122790.0,173743.4,70901.9,179140.7,86130.0,50067.1,145429.6,103744.7,116529.1,91855.2,125970.8,167849.1,202139.9,140855.5,132257.0,107332.2,78967.3,132081.6,76363.9,110651.7,105789.5,98014.7,171975.5,104454.0,103239.5,96846.2,106021.0,111918.2,43164.7,75405.1,131425.5,110797.6,108148.0,162137.7,113750.1,108729.1,96947.3,91667.1,120822.6,102653.8,97831.6,140466.4,180874.4,100918.6,131556.4,105643.6,101941.8,108196.9,186549.0,104242.3,98301.1,186517.5,179265.0,97774.9,139423.9,114401.1,180621.4,98121.0,163986.2,44978.5,108940.1,77058.3,130353.7,32789.4,126985.0,132378.4,100304.6,97436.4,122301.9,100997.4,91712.6,140595.4,124239.7,105803.0,89917.5,104652.1,32771.7,179346.3,106505.1
"Langsten, 6264 Tennfjord",38020.9,43086.7,98787.7,98840.0,0.0,43036.8,43212.0,46388.1,38912.3,40258.3,22717.9,44396.3,143668.4,149696.4,55645.4,41086.0,49086.9,40031.7,166457.4,163465.1,30134.4,43152.8,32622.8,155850.6,47806.2,146979.2,43042.5,65817.6,45129.3,74622.9,9475.8,46262.5,90879.3,81749.8,18285.8,35887.5,55505.6,38341.5,32614.0,40528.1,46462.5,81734.8,42950.9,22636.4,47067.3,84958.2,41123.3,33304.5,106741.6,22491.8,165043.7,50288.3,86218.0,96726.2,91615.2,157396.7,48954.4,106652.4,30432.6,187795.9,7268.2,53469.2,129189.4,113358.5,81439.8,91934.2,42173.3,20046.0,92435.2,40735.9,45492.8,40175.0,32400.2,161964.8,38839.5,37625.0,38046.3,40406.5,46303.8,73951.9,146973.0,65811.0,45638.7,42989.1,74612.3,48135.6,43570.2,31332.8,42737.0,148247.3,37039.3,32217.1,81532.2,93349.0,35304.2,65941.9,40029.1,36327.3,43038.0,112759.5,38627.8,26249.8,112728.0,91739.5,124503.9,84944.3,48786.6,170610.7,32506.6,68605.7,72521.0,28881.5,54860.7,64739.2,74996.4,61370.5,91650.0,34690.1,31822.0,49800.2,35382.9,42782.5,81874.3,51738.0,40188.5,9858.9,32600.8,74978.8,91820.9,40890.6
Anno,17013.8,586.5,108144.5,108196.7,43134.7,0.0,175.2,3382.5,5001.1,3317.2,46961.9,1390.7,122661.3,128689.3,34638.4,29515.4,28079.8,3090.6,145450.3,142290.6,39491.2,652.6,12317.4,134843.5,36235.7,125804.7,118.6,44810.5,12281.5,83979.6,33909.9,25255.4,69872.3,60742.7,25192.4,14880.4,34498.5,5246.8,11417.0,28957.6,13614.6,60727.7,628.0,46880.4,14219.5,63951.1,65367.3,11155.6,85734.6,51635.0,144036.6,17440.4,65210.9,85155.6,70608.2,136222.2,58311.2,85645.3,59649.2,166621.4,36040.5,20621.3,108182.3,92351.5,60432.7,70927.1,943.9,31269.8,71428.1,29165.4,2487.3,3233.9,12094.8,140957.7,5744.8,5668.7,17039.3,3067.1,25296.7,62381.3,125798.5,44803.9,2633.1,201.6,53605.2,27128.5,646.3,11391.9,65122.9,127240.2,7309.7,11210.0,60525.1,72341.9,8093.4,44934.8,2892.9,15320.2,865.1,91752.4,17620.7,17152.1,91720.9,70732.5,103329.4,63937.2,27779.5,149603.6,12402.9,47598.6,60950.5,53125.5,67029.1,43732.2,84353.2,40363.4,70642.9,9473.0,11669.4,16952.3,14375.9,65168.4,60867.2,18890.1,19181.5,34102.8,11060.8,84335.5,70813.8,3754.4
"Ålesund, 6002 Ålesund",17294.4,867.1,108425.1,108477.3,43415.3,280.6,0.0,3634.6,5281.7,3597.8,47242.5,1642.9,122941.9,128969.9,34919.0,29796.0,28360.4,3371.2,145730.9,142571.2,39771.8,933.2,12598.0,135124.1,36516.3,126085.3,399.1,45091.1,12562.1,84260.2,34190.5,25536.0,70152.9,61023.3,25473.0,15161.0,34779.1,5527.4,11697.6,29238.2,13895.2,61008.3,908.6,47161.0,14500.1,64231.7,65647.9,11436.2,86015.2,51915.6,144317.3,17721.0,65491.5,85436.2,70888.8,136502.8,58591.8,85925.9,59929.8,166901.9,36321.1,20901.9,108462.9,92632.1,60713.3,71207.7,1224.5,31550.4,71708.7,29446.0,2739.4,3514.5,12375.4,141238.3,6025.4,5949.3,17319.9,3347.7,25577.3,62661.9,126079.1,45084.5,2885.3,482.2,53885.8,27409.1,896.1,11672.5,65403.4,127520.8,7590.3,11490.6,60805.7,72622.5,8374.0,45215.4,3173.5,15600.8,1145.7,92033.0,17901.3,17432.7,92001.5,71013.1,103610.0,64217.8,28060.1,149884.2,12683.5,47879.2,61231.1,53406.1,67309.7,44012.8,84633.8,40644.0,70923.5,9753.6,11950.0,17232.9,14656.5,65449.0,61147.8,19170.7,19462.1,34383.4,11341.4,84616.1,71094.4,4035.0
Atlanterhavsparken,20355.0,3927.8,111485.7,111537.9,46476.0,3393.6,3402.4,0.0,8342.4,6658.4,50303.1,2028.6,126002.5,132030.5,37979.6,32856.7,31421.1,6431.9,148791.5,145631.9,42832.4,3993.8,15658.6,138184.7,39576.9,129146.0,3378.2,48151.7,15622.7,87320.9,37251.1,28596.6,73213.5,64083.9,28533.6,18221.6,37839.7,8588.1,14758.3,32298.8,16955.9,64069.0,3969.2,50221.6,17560.7,67292.4,68708.5,14496.8,89075.8,54976.2,147377.9,20781.7,68552.2,88496.9,73949.4,139563.4,61652.4,88986.5,62990.4,169962.6,39381.8,23962.5,111523.5,95692.7,63773.9,74268.4,4285.1,34611.0,74769.4,32506.6,1550.2,6575.1,15436.0,144298.9,9086.1,9009.9,20380.5,6408.3,28637.9,65722.6,129139.7,48145.1,1309.1,3542.8,56946.5,30469.8,2816.0,14733.2,68464.1,130581.4,10651.0,14551.2,63866.3,75683.1,11434.7,48276.0,6234.1,18661.5,4206.3,95093.6,20961.9,20493.3,95062.1,74073.7,106670.6,67278.4,31120.7,152944.9,15744.1,50939.8,64291.7,56466.7,70370.3,47073.4,87694.4,43704.6,73984.1,12814.2,15010.7,20293.5,17717.1,68509.6,64208.4,22231.4,22522.7,37444.1,14402.0,87676.8,74155.1,7095.6
"Borgundvegen 340, 6015 Ålesund",13225.4,4811.8,104356.0,104408.3,39048.9,4761.8,4937.0,8113.1,0.0,1767.6,42876.0,6121.3,118872.9,124900.8,30849.9,25727.0,24291.4,2050.1,141661.8,138502.2,35702.8,4877.8,8528.9,131055.1,32447.3,122016.3,4767.5,41022.1,14197.1,80191.2,29824.0,21467.0,66083.8,56954.2,21403.9,11092.0,30710.1,752.3,7628.6,25169.1,15530.3,56939.3,4675.9,42794.6,16135.1,60162.7,61281.4,7367.2,81946.1,47549.1,140248.2,19356.1,61422.5,81367.2,66819.7,132433.8,54522.7,81856.8,55563.3,162832.9,31954.7,22536.9,104393.9,88563.0,56644.2,67138.7,3898.4,27481.3,67639.7,25377.0,7217.8,1857.2,8306.3,137169.3,1362.5,1679.3,13250.8,2565.9,21508.3,58592.9,122010.1,41015.5,7363.7,4714.1,49816.8,23340.1,5295.2,7603.5,61334.4,123451.8,3320.3,7421.6,56736.7,68553.5,4305.0,41146.4,2188.5,11531.8,4763.0,87963.9,13832.3,19067.8,87932.4,66944.0,99540.9,60148.8,23991.1,145815.2,8614.5,43810.2,57162.0,49039.6,63240.6,39943.7,80564.8,36575.0,66854.5,5684.6,7881.0,18868.0,10587.4,61379.9,57078.8,20805.8,15393.0,30017.0,12976.5,80547.1,67025.4,3050.0
"Borgundvegen 92, 6008 Ålesund",14889.8,3130.6,106020.5,106072.7,40713.3,3080.6,3255.8,6431.9,1770.4,0.0,44540.5,4440.1,120537.3,126565.3,32514.4,27391.4,25955.8,368.9,143326.3,140166.6,37367.2,3196.6,10193.4,132719.5,34111.7,123680.7,3086.3,42686.5,12515.9,81855.6,31488.5,23131.4,67748.3,58618.7,23068.4,12756.4,32374.5,1859.8,9293.0,26833.6,13849.1,58603.7,2994.7,44459.0,14453.9,61827.1,62945.8,9031.6,83610.6,49213.5,141912.6,17674.9,63086.9,83031.6,68484.2,134098.2,56187.2,83521.3,57227.8,164497.4,33619.1,20855.7,106058.3,90227.5,58308.7,68803.1,2217.2,29145.8,69304.1,27041.4,5536.6,176.1,9970.8,138833.7,1934.0,2653.6,14915.3,884.7,23172.7,60257.3,123674.5,42679.9,5682.5,3032.9,51481.2,25004.5,3614.0,9267.9,62998.9,125116.2,4294.6,9086.0,58401.1,70217.9,5969.4,42810.8,507.3,13196.2,3081.8,89628.4,15496.7,17386.6,89596.9,68608.5,101205.4,61813.2,25655.5,147479.6,10278.9,45474.6,58826.5,50704.0,64905.1,41608.2,82229.2,38239.4,68518.9,7349.0,9545.4,17186.8,12251.9,63044.4,58743.2,19124.6,17057.5,31681.4,11295.3,82211.5,68689.8,1368.8
Bunnpris Brattvåg,41823.9,46889.8,102590.8,102643.0,22726.6,46839.9,47015.0,50191.1,42715.3,44061.3,0.0,48199.3,147471.4,153499.4,59448.5,44889.0,52890.0,43834.8,170260.4,167268.2,33937.5,46955.8,36425.8,159653.6,51609.3,150782.3,46845.6,69620.6,48932.4,78425.9,13501.7,50065.5,94682.4,85552.8,22088.9,39690.5,59308.6,42144.6,36417.1,44331.2,50265.6,85537.9,46753.9,135.2,50870.4,88761.3,19521.5,37107.6,110544.7,31226.8,168846.8,54091.4,90021.1,100529.2,95418.3,161199.8,52757.5,110455.4,39241.0,191598.9,15632.4,57272.2,132992.4,117161.6,85242.8,95737.3,45976.4,23849.1,96238.3,44539.0,49295.9,43978.0,36203.2,165767.8,42642.6,41428.0,41849.4,44209.5,50106.8,77754.9,150776.1,69614.0,49441.7,46792.1,78415.3,51938.7,47373.3,35135.9,51545.4,152050.3,40842.3,36020.1,85335.2,97152.0,39107.2,69744.9,43832.1,40130.4,46841.0,116562.5,42430.8,30052.8,116531.0,95542.6,128306.9,88747.3,52589.6,174413.8,36309.6,72408.7,76324.0,16207.9,61475.4,68542.3,78799.5,65173.5,95453.0,38493.1,35625.0,53603.2,39186.0,51590.9,85677.3,55541.1,43991.6,13363.2,36403.8,78781.8,95623.9,44693.6
BROGATA 1,18346.9,1919.6,109477.5,109529.8,44467.8,1385.5,1394.3,2028.6,6334.2,4650.2,48294.9,0.0,123994.4,130022.4,35971.4,30848.5,29412.9,4423.7,146783.4,143623.7,40824.3,1985.7,13650.5,136176.6,37568.8,127137.8,1370.0,46143.6,13614.5,85312.7,35243.0,26588.5,71205.3,62075.8,26525.4,16213.5,35831.6,6579.9,12750.1,30290.6,14947.7,62060.8,1961.1,48213.5,15552.5,65284.2,66700.3,12488.7,87067.6,52968.0,145369.7,18773.5,66544.0,86488.7,71941.2,137555.3,59644.2,86978.4,60982.3,167954.4,37373.6,21954.3,109515.4,93684.5,61765.8,72260.2,2276.9,32602.8,72761.2,30498.5,1133.3,4567.0,13427.9,142290.8,7077.9,7001.8,18372.4,4400.2,26629.8,63714.4,127131.6,46137.0,1279.2,1534.6,54938.3,28461.6,807.8,12725.0,66455.9,128573.3,8642.8,12543.1,61858.2,73675.0,9426.5,46267.9,4225.9,16653.3,2198.2,93085.5,18953.8,18485.2,93054.0,72065.5,104662.5,65270.3,29112.6,150936.7,13736.0,48931.7,62283.5,54458.5,68362.1,45065.2,85686.3,41696.5,71976.0,10806.1,13002.5,18285.4,15708.9,66501.4,62200.3,20223.2,20514.5,35435.9,12393.9,85668.6,72146.9,5087.5
Bunnpris Bryggja,126115.9,140313.5,153167.5,153219.8,161339.8,140263.6,140438.8,143614.8,136594.6,137940.6,165166.9,141623.0,0.0,32316.5,88592.8,151815.0,132937.5,137714.1,23265.2,94471.3,157993.7,140379.6,129058.1,40751.6,144747.5,77985.4,140269.3,79167.8,149698.9,142399.9,152114.9,130113.0,71216.3,80296.5,143694.8,127191.9,88531.0,136023.9,129132.8,152250.2,151032.0,79734.8,140177.6,165085.5,151636.9,76762.9,183572.3,129222.4,104145.8,169840.0,21851.5,154857.9,57615.9,95821.3,52120.6,88402.8,143384.9,104056.5,177854.2,82790.5,154245.6,158038.7,14646.2,48937.0,79950.7,72947.6,139400.1,149772.2,72772.2,152085.6,142719.6,137857.3,129058.2,18772.6,136521.9,134898.3,129350.7,138088.8,130154.3,123830.3,77979.2,79161.2,142865.4,140215.9,69931.3,131986.2,140797.0,130442.4,183625.3,32707.8,133673.9,129438.3,80046.4,88668.0,132577.4,79486.9,137711.4,125798.3,140264.7,33346.1,122667.7,154569.5,33314.6,87058.6,68178.0,76749.0,132637.1,27418.6,128891.8,77592.3,123287.6,171330.5,185531.5,80167.1,142773.4,100000.0,72608.7,131411.7,129501.2,154369.7,126687.3,183670.9,79653.8,156307.6,121768.2,152307.9,148478.2,142755.8,87139.9,138572.9
Bunnpris Eid,94492.7,108690.3,121467.8,121520.0,129716.6,108640.4,108815.6,111991.6,104971.4,106317.4,133543.7,109999.8,32327.4,0.0,80688.6,120115.2,101314.3,106090.9,55592.6,62771.5,126370.5,108756.4,97434.9,73079.0,113047.8,46285.6,108646.1,71263.7,118075.7,110700.1,120491.7,98489.8,39593.1,48673.2,112071.6,95568.7,80626.9,104400.7,97509.6,120550.4,119408.8,48111.6,108554.4,133462.3,120013.7,45139.7,151949.1,97599.1,72522.6,138216.8,54179.0,123234.6,79445.4,64121.5,84842.6,56703.1,111685.1,72433.3,146231.0,50636.5,122622.4,126415.5,46973.7,81264.4,48327.5,41324.4,107776.9,118149.0,41149.0,120385.9,111096.4,106234.1,97435.0,51100.0,104898.7,103275.1,97727.5,106465.6,98531.1,92130.5,46279.4,71257.1,111242.2,108592.6,67839.7,100363.0,109173.8,98819.2,152002.1,1084.6,102050.7,97815.1,48423.2,86576.4,100954.2,71582.8,106088.2,94175.1,108641.5,65673.6,91044.5,122946.3,65642.1,84966.9,36478.3,45125.8,101013.9,59746.0,97268.6,69688.1,91587.9,139707.3,153908.4,72263.0,111073.7,68376.8,40985.5,99788.5,97878.0,122746.5,95064.1,152047.6,48030.6,124684.4,90145.0,120684.7,116855.0,111056.0,85048.3,106949.7
Bunnpris Hareid,20320.0,34517.6,120851.1,120903.3,55544.0,34467.7,34642.9,37819.0,30798.7,32144.7,59371.1,35827.2,88678.7,102691.3,0.0,36031.1,22736.9,31918.2,111467.7,116292.6,52197.8,34583.7,23262.3,100860.9,42751.3,99806.7,34473.4,10827.9,43903.0,96686.3,46319.1,19912.4,41901.6,42175.2,37899.0,21396.0,515.9,30228.0,23336.9,35473.2,45236.2,41613.6,34381.8,59289.6,45841.0,39798.3,77776.5,23426.5,65544.6,64044.2,110054.1,49062.0,31228.4,100883.6,36625.6,110224.2,71017.8,65455.3,72058.4,140623.4,48449.7,52242.8,74199.7,58368.9,41829.5,42956.5,33604.2,43976.4,43457.4,35681.0,36923.7,32061.5,23262.4,106975.1,30726.0,29102.4,23554.9,32293.0,19953.7,68896.9,99800.5,10821.3,37069.6,34420.0,19622.6,21785.6,35001.1,24646.5,77829.5,101242.2,27878.1,23642.4,41925.2,38359.3,26781.6,10952.2,31915.5,20002.4,34468.9,57769.8,16871.9,48773.7,57738.3,36749.9,77331.4,39784.3,22436.5,115621.1,23096.0,13616.0,67466.1,65534.7,79735.7,9749.6,97059.8,61878.8,42672.2,25615.9,23705.3,48573.8,20891.5,77875.0,41532.6,50511.7,18219.0,46512.0,42682.3,97042.2,36831.2,32777.0
"Ikornes, 6222 Ikornnes",18866.6,29461.9,75959.8,76012.0,40946.9,29412.0,29587.2,32763.2,25743.0,27089.0,44774.0,30771.5,151828.9,120140.7,36491.2,0.0,29932.6,26862.5,175094.1,122738.6,30615.2,29528.0,18206.5,154826.9,7079.7,106252.7,29417.7,46663.3,38847.3,51794.9,31722.0,27108.2,62262.1,53132.5,23301.9,15014.9,36351.3,25172.3,18281.2,557.9,40180.4,53117.6,29326.0,44692.5,40785.3,56341.0,63179.4,18370.8,78124.4,49447.1,173680.5,44006.3,67063.7,55999.6,72461.0,116670.2,49435.2,78035.1,57461.3,147069.3,33852.6,47187.1,128165.7,94204.2,52822.5,63317.0,28548.5,25131.5,63818.0,563.8,31868.0,27005.7,18206.6,170601.5,25670.3,24046.7,12790.4,27237.2,27149.5,33225.3,106246.5,46656.7,32013.8,29364.3,55458.0,28981.3,29945.4,19590.8,56246.9,119448.6,22822.3,18586.7,52915.0,74194.7,21725.8,46787.6,26859.8,17173.0,29413.1,111735.8,19473.5,40298.6,111704.3,72585.2,83777.3,56327.1,29632.3,179247.5,18040.2,49451.4,31794.4,50937.6,58153.1,45585.0,52168.5,32753.3,63032.7,20560.1,18649.6,43518.1,15345.7,56292.4,53257.1,45456.0,21034.3,31914.9,37626.6,52150.8,72666.6,27721.3
Bunnpris Langevåg,13913.4,28111.0,114444.4,114496.7,49137.3,28061.1,28236.3,31412.3,24392.1,25738.1,52964.4,29420.6,110880.0,121320.2,22857.0,29624.4,0.0,25511.6,133668.9,134921.6,45791.2,28177.1,16855.6,123062.2,36344.7,118435.6,28066.8,33029.2,37496.4,90279.6,39912.4,2905.1,62503.2,53373.6,31492.3,14989.4,22717.2,23821.4,16930.3,29066.5,38829.5,53358.7,27975.1,52883.0,39434.4,56582.1,71369.8,17019.9,78365.5,57637.5,132255.3,42655.3,53429.6,85264.6,58826.8,128853.1,64611.2,78276.2,65651.7,159252.3,42043.1,45836.2,96401.0,80570.1,53063.6,63558.1,27197.6,37569.7,64059.1,29274.4,30517.1,25654.8,16855.7,129176.4,24319.4,22695.8,17148.2,25886.3,2946.4,62490.3,118429.4,33022.6,30662.9,28013.4,41823.9,964.3,28594.5,18239.9,71422.8,119871.1,21471.4,17235.8,53156.0,60560.6,20374.9,33153.5,25508.9,13595.8,28062.2,79971.0,10465.2,42367.0,79939.5,58951.1,95960.3,56568.1,702.3,137822.3,16689.3,35817.2,61059.4,59128.0,73329.1,31950.8,90653.2,32994.3,63273.8,19209.2,17298.7,42167.2,14484.8,71468.4,53498.1,44105.1,11812.4,40105.4,36275.7,90635.5,59032.5,26370.4
Bunnpris Nørve,14643.1,2883.9,105773.8,105826.0,40466.6,2833.9,3009.1,6185.2,2060.3,376.4,44293.8,4193.4,120290.6,126318.6,32267.7,27144.7,25709.1,0.0,143079.6,139919.9,37120.5,2949.9,9946.7,132472.8,33865.0,123434.0,2839.6,42439.8,12269.2,81608.9,31241.8,22884.7,67501.6,58372.0,22821.7,12509.7,32127.8,2149.7,9046.3,26586.9,13602.4,58357.1,2748.0,44212.3,14207.2,61580.4,62699.1,8784.9,83363.9,48966.8,141665.9,17428.2,62840.2,82784.9,68237.5,133851.5,55940.5,83274.6,56981.1,164250.6,33372.4,20609.0,105811.6,89980.8,58062.0,68556.4,1970.5,28899.1,69057.4,26794.7,5289.9,293.1,9724.1,138587.0,2224.0,3298.0,14668.6,638.0,22926.0,60010.6,123427.8,42433.2,5435.8,2786.2,51234.5,24757.8,3367.4,9021.2,62752.2,124869.5,4939.0,8839.3,58154.4,69971.2,5722.7,42564.1,260.6,12949.5,2835.1,89381.7,15250.0,17139.9,89350.2,68361.8,100958.7,61566.5,25408.8,147232.9,10032.2,45227.9,58579.8,50457.3,64658.4,41361.5,81982.5,37992.7,68272.2,7102.3,9298.7,16940.1,12005.2,62797.7,58496.5,18877.9,16810.8,31434.7,11048.6,81964.8,68443.1,1122.1
Bunnpris Oldeide,149378.6,163576.2,176430.2,176482.5,184602.5,163526.3,163701.5,166877.5,159857.3,161203.3,188429.6,164885.7,23262.7,55579.2,111406.1,175077.7,156200.2,160976.8,0.0,117734.0,181256.4,163642.3,152320.8,63565.0,168010.2,101248.1,163532.0,101981.2,172961.6,165662.6,175377.6,153375.7,94479.0,103559.2,166957.5,150454.6,111344.4,159286.6,152395.5,175512.9,174294.7,102997.5,163440.3,188348.2,174899.6,100025.6,206835.0,152485.1,127408.5,193102.7,16933.6,178120.5,80429.2,119084.0,74933.9,111665.6,166647.6,127319.2,201116.9,106053.2,177508.3,181301.4,37459.6,71750.3,103213.4,96210.3,162662.8,173034.9,96034.9,175348.3,165982.3,161120.0,152320.9,4683.3,159784.6,158161.0,152613.4,161351.5,153417.0,147093.0,101241.8,101974.6,166128.1,163478.6,92744.7,155248.9,164059.7,153705.1,206888.0,55970.5,156936.6,152701.0,103309.1,111481.3,155840.1,102300.3,160974.1,149061.0,163527.4,56159.5,145930.4,177832.2,56128.0,109871.9,91440.7,100011.7,155899.8,8785.1,152154.5,100405.6,146550.3,194593.2,208794.2,102980.5,166036.1,123262.7,95871.4,154674.4,152763.9,177632.4,149950.0,206933.6,102916.5,179570.3,145030.9,175570.6,171740.9,166018.5,109953.3,161835.6
Bunnpris Olden,128070.5,142268.1,92153.9,92206.1,163334.7,142218.2,142393.4,145569.4,138549.2,139895.2,167161.8,143577.6,94527.8,62839.7,116311.6,122736.8,134892.1,139668.6,117793.0,0.0,153003.1,142334.1,131012.7,135279.4,115669.3,17027.4,142223.9,106886.7,151653.5,124172.2,154109.8,132067.6,74492.0,82526.2,145689.7,129146.5,116249.9,137978.5,131087.4,123172.0,152986.6,81924.3,142132.2,167080.4,153591.5,80762.7,185567.2,131177.0,86843.8,171834.9,116379.4,156812.4,115068.4,66743.1,120465.6,6225.1,114306.7,86754.5,179849.1,24489.2,156240.5,159993.3,109174.1,143464.8,82180.5,73582.0,141354.7,147519.3,73406.6,123007.4,144674.2,139811.9,131012.8,113300.4,138476.5,136852.9,135178.3,140043.4,132108.9,94752.1,16965.5,106880.1,144820.0,142170.4,103462.7,133940.8,142751.6,132397.0,155906.7,62147.5,135628.5,131392.9,81791.4,122199.3,134532.0,107205.8,139666.0,127752.9,142219.3,127874.0,124622.3,156524.1,127842.5,120589.9,39099.8,80748.8,134591.7,121946.4,130846.4,105311.1,94209.4,173325.4,141297.9,107886.0,124545.8,101954.6,73703.3,133366.3,131455.8,156324.3,128641.9,155952.2,81920.4,158262.1,123722.8,154302.8,150432.8,124528.1,120671.3,140527.5
Bunnpris Sjøholt,34816.6,39426.9,68915.5,68967.8,30130.6,39377.0,39552.2,42728.2,35708.0,37054.0,33957.8,40736.5,140464.1,146492.1,52441.2,30648.4,45882.7,36827.5,163253.1,133281.9,0.0,39493.0,29418.5,152646.3,37368.6,116796.0,39382.7,62613.3,48812.3,44750.7,20905.8,43058.2,87675.1,78545.5,15295.0,30251.9,52301.3,35137.3,29409.7,30090.5,50145.5,78530.6,39291.0,33876.3,50750.3,81754.0,52363.2,30100.3,103537.4,38630.9,161839.5,53971.3,83013.8,66542.9,88411.0,127213.5,19082.2,103448.1,37971.5,157612.6,23036.4,57152.1,125985.1,110154.3,78235.5,88730.0,38513.5,10148.6,89231.0,30298.3,41833.0,36970.7,29195.9,158760.5,35635.3,34420.7,28027.4,37202.2,43099.5,38805.7,116789.8,62606.7,41978.9,39329.3,71408.0,44931.4,39910.4,28128.6,25893.9,145043.0,33835.0,29012.8,78327.9,90144.7,32099.9,62737.6,36824.8,33123.1,39378.1,109555.2,35423.5,29482.4,109523.7,88535.3,94320.6,81740.0,45582.3,167406.5,29302.3,65401.4,62083.4,40121.4,27800.1,61535.0,45124.3,58166.2,88445.7,31485.8,28617.7,53483.1,32178.7,25939.4,78670.0,55421.0,36984.3,21098.7,35833.4,45106.6,88616.6,37686.3
SKAREGATA 1,16993.1,320.6,108123.7,108176.0,43114.0,638.7,813.9,3990.0,4980.4,3296.4,46941.1,1998.2,122640.6,128668.5,34617.6,29494.7,28059.1,3069.9,145429.5,142269.9,39470.5,0.0,12296.6,134822.8,36215.0,125784.0,644.4,44789.8,12260.7,83958.9,33889.1,25234.7,69851.5,60721.9,25171.6,14859.7,34477.8,5226.1,11396.3,28936.8,13593.9,60707.0,478.9,46859.7,14198.7,63930.4,65346.5,11134.9,85713.8,51614.2,144015.9,17419.7,65190.2,85134.9,70587.4,136201.5,58290.4,85624.5,59628.4,166600.6,36019.8,20600.5,108161.6,92330.7,60411.9,70906.4,827.1,31249.0,71407.4,29144.7,3094.7,3213.2,12074.0,140936.9,5724.1,5648.0,17018.5,3046.4,25275.9,62360.6,125777.8,44783.2,3240.6,445.3,53584.5,27107.8,1172.1,11371.2,65102.1,127219.5,7289.0,11189.3,60504.4,72321.2,8072.7,44914.1,2872.1,15299.5,270.5,91731.6,17600.0,17131.4,91700.1,70711.7,103308.6,63916.5,27758.8,149582.9,12382.2,47577.8,60929.7,53104.7,67008.3,43711.4,84332.4,40342.7,70622.2,9452.3,11648.7,16931.5,14355.1,65147.6,60846.5,18869.4,19160.7,34082.1,11040.0,84314.8,70793.1,3733.6
Bunnpris Spjelkavik,5798.6,12518.1,97842.6,97894.9,32535.5,12468.2,12643.3,15819.4,8799.2,10145.2,36362.6,13827.6,111446.1,117474.1,23423.2,18300.3,16864.7,9918.6,134235.1,131075.4,29189.4,12584.1,0.0,123628.3,25020.5,114589.5,12473.9,33595.3,21903.5,73677.8,23310.6,14040.2,58657.1,49527.5,14890.5,3665.2,23283.3,8228.5,1337.3,17742.4,23236.6,49512.6,12382.2,36281.2,23841.5,52735.9,54768.0,1426.9,74519.4,41035.7,132821.5,27062.4,53995.8,73940.4,59393.0,125007.0,48009.4,74430.1,49049.9,155406.2,25441.3,30243.3,96967.1,81136.3,49217.5,59712.0,11604.7,20967.9,60212.9,17950.2,14924.2,10061.9,282.6,129742.5,8726.5,7102.8,5824.1,10293.4,14081.5,51166.2,114583.3,33588.7,15070.0,12420.4,42390.0,15913.4,13001.6,1720.0,54821.0,116025.0,5878.5,1397.0,49309.9,61126.7,4782.0,33719.6,9916.0,4105.0,12469.3,80537.2,6405.5,26774.1,80505.7,59517.3,92114.2,52722.0,16564.3,138388.5,166.3,36383.4,49735.3,42526.2,56727.2,32517.0,74051.4,29148.2,59427.7,3616.3,773.7,26574.3,3160.7,54866.6,49652.0,28512.1,7966.3,23503.6,20682.8,74033.7,59598.6,10777.5
Bunnpris Stad,121000.4,135198.0,193908.8,193961.0,156224.3,135148.1,135323.3,138499.3,131479.1,132825.1,160051.4,136507.5,40741.2,73057.7,100800.9,154874.1,123417.2,132598.6,63530.2,135212.5,152878.2,135264.0,123942.6,0.0,185488.7,118726.6,135153.8,91376.0,144583.4,183141.1,146999.4,120592.8,93333.3,102413.5,138579.3,122076.4,100739.2,130908.4,124017.3,155309.4,145916.5,101851.8,135062.1,159970.0,146521.4,98879.9,178456.8,124106.9,119978.1,164724.5,47105.8,149742.4,69824.0,136562.5,64328.7,129144.1,184126.1,119888.8,172738.7,123531.7,149130.1,152923.2,26854.4,61145.1,102067.7,95064.6,134284.6,144656.7,94889.2,155144.8,137604.1,132741.8,123942.7,59037.6,131406.4,129782.8,124235.2,132973.3,120634.1,164571.5,118720.4,91369.4,137749.9,135100.4,82139.5,122465.9,135681.5,125326.9,178509.8,73449.0,128558.4,124322.8,102163.4,100876.2,127461.9,91695.1,132595.9,120682.8,135149.2,45554.3,117552.2,149454.0,45522.8,99266.7,108919.2,98866.0,123116.9,67683.6,123776.3,89800.4,164028.9,166215.0,180416.0,92375.3,183514.6,122117.1,94725.7,126296.2,124385.7,149254.2,121571.8,178555.4,101770.8,151192.1,118899.4,147192.4,143362.7,183497.0,99348.1,133457.4
Bunnpris Straumgjerde,25585.1,36180.4,68919.5,68971.8,47665.4,36130.5,36305.7,39481.8,32461.5,33807.5,51492.5,37490.0,144788.7,113100.5,43209.7,7067.4,36651.2,33581.0,168053.8,115698.4,37333.7,36246.5,24925.1,185540.3,0.0,99212.4,36136.2,53381.8,45565.8,44754.7,38440.5,33826.7,67771.1,58641.5,30020.4,21733.4,43069.8,31890.8,24999.7,7502.6,46899.0,58626.6,36044.6,51411.0,47503.8,61850.0,69897.9,25089.3,82880.0,56165.6,166640.2,50724.8,73782.3,48959.4,79179.5,109629.9,56153.7,82906.7,64179.8,140029.1,40571.2,53905.6,159434.9,100922.8,58331.5,68826.0,35267.0,31850.0,69327.0,7338.1,38586.5,33724.3,24925.1,163561.3,32388.8,30765.2,19509.0,33955.8,33868.0,26185.1,99206.2,53375.2,38732.4,36082.8,62176.5,35699.9,36663.9,26309.3,62965.4,112408.4,29540.9,25305.2,58424.0,80913.2,28444.3,53506.1,33578.3,23891.5,36131.7,117244.8,26192.0,47017.1,117213.3,79303.8,76737.1,61836.1,36350.8,172207.2,24758.7,56169.9,24754.2,57656.1,64871.6,52303.5,45128.3,38262.3,68541.7,27278.6,25368.1,50236.6,22064.2,63010.9,58766.1,52174.5,27752.8,38633.5,44345.1,45110.6,79385.1,34439.8
Bunnpris Stryn,111510.7,125708.3,75310.1,75362.4,146774.9,125658.4,125833.5,129009.6,121989.4,123335.4,150602.0,127017.8,77968.0,46279.8,99751.8,106177.0,118332.3,123108.8,101233.2,17032.2,136443.3,125774.3,114452.9,118719.6,99109.5,0.0,125664.1,90326.9,135093.7,107328.5,137550.0,115507.8,57932.2,65966.4,129129.9,112586.7,99690.1,121418.7,114527.6,106612.2,136426.8,65364.5,125572.4,150520.5,137031.7,64202.9,169007.4,114617.1,70284.0,155275.1,99819.6,140252.6,98508.6,50183.3,103905.8,10963.8,97746.9,70194.7,163289.3,41362.9,139680.7,143433.5,92614.3,126905.0,65620.7,57022.1,124794.9,130959.5,56846.8,106447.6,128114.4,123252.1,114453.0,96740.6,121916.7,120293.1,118618.5,123483.6,115549.1,78192.3,238.9,90320.3,128260.2,125610.6,86902.9,117381.0,126191.8,115837.2,139346.9,45587.7,119068.7,114833.0,65231.6,105639.5,117972.2,90646.0,123106.2,111193.1,125659.5,111314.2,108062.5,139964.3,111282.7,104030.1,22540.0,64189.0,118031.9,105386.6,114286.6,88751.3,77649.6,156765.6,124738.1,91326.2,107702.1,85394.8,57143.5,116806.5,114896.0,139764.5,112082.1,139392.4,65360.6,141702.3,107163.0,137743.0,133873.0,107684.4,104111.4,123967.7
NEDRE STRANDGATE 9,17011.3,584.1,108142.0,108194.2,43132.3,312.7,372.0,3380.0,4998.7,3314.7,46959.4,1388.2,122658.8,128686.8,34635.9,29513.0,28077.4,3088.1,145447.8,142288.1,39488.7,650.1,12314.9,134841.0,36233.2,125802.2,0.0,44808.0,12279.0,83977.2,33907.4,25252.9,69869.8,60740.2,25189.9,14877.9,34496.0,5244.4,11414.6,28955.1,13612.2,60725.3,625.5,46877.9,14217.0,63948.7,65364.8,11153.1,85732.1,51632.5,144034.2,17438.0,65208.5,85153.2,70605.7,136219.7,58308.7,85642.8,59646.7,166618.9,36038.0,20618.8,108179.8,92349.0,60430.2,70924.7,941.4,31267.3,71425.7,29162.9,2484.8,3231.4,12092.3,140955.2,5742.4,5666.2,17036.8,3064.6,25294.2,62378.9,125796.0,44801.4,2630.6,199.1,53602.7,27126.1,562.2,11389.5,65120.4,127237.7,7307.3,11207.5,60522.6,72339.4,8091.0,44932.3,2890.4,15317.8,862.6,91749.9,17618.2,17149.6,91718.4,70730.0,103326.9,63934.7,27777.0,149601.2,12400.4,47596.1,60948.0,53123.0,67026.6,43729.7,84350.7,40360.9,70640.4,9470.5,11667.0,16949.8,14373.4,65165.9,60864.7,18887.7,19179.0,34100.4,11058.3,84333.1,70811.3,3751.9
Bunnpris Ulsteinvik,30942.1,45139.7,131473.2,131525.4,66166.0,45089.8,45265.0,48441.1,41420.8,42766.8,69993.2,46449.3,79239.1,93251.7,10742.7,46653.1,33359.0,42540.3,102028.1,106853.0,62819.9,45205.8,33884.4,91421.3,53373.4,90367.1,45095.5,0.0,54525.1,107308.4,56941.2,30534.5,32461.9,32735.6,48521.1,32018.1,10680.9,40850.1,33959.0,46095.3,55858.3,32173.9,45003.9,69911.7,56463.1,30358.7,88398.6,34048.6,56104.9,74666.3,100614.5,59684.1,21788.7,91444.0,27186.0,100784.6,81639.9,56015.7,82680.5,131183.7,59071.8,62864.9,64760.1,48929.3,32389.8,33516.8,44226.3,54598.5,34017.8,46303.1,47545.8,42683.6,33884.4,97535.5,41348.1,39724.5,34177.0,42915.1,30575.8,79519.0,90360.9,43.8,47691.7,45042.1,10183.0,32407.7,45623.2,35268.6,88451.6,91802.6,38500.2,34264.5,32485.6,28919.7,37403.7,549.0,42537.6,30624.5,45091.0,48330.2,27494.0,59395.7,48298.7,27310.3,67891.8,30344.7,33058.6,106181.5,33718.0,4176.4,78088.1,76156.8,90357.8,1695.6,107681.9,52439.2,33232.6,36237.9,34327.4,59195.9,31513.6,88497.1,32093.0,61133.8,28841.1,57134.1,53304.4,107664.3,27391.6,43399.1
Bunnpris Valderøy,26462.3,12254.8,117592.9,117645.2,45045.6,12204.8,12380.0,15556.1,14449.6,12765.6,48872.7,13564.3,132109.8,138137.7,44086.8,38963.9,37528.3,12539.1,154898.7,151739.1,48939.7,12320.8,21765.8,144292.0,45684.2,135253.2,12210.5,54259.0,0.0,93428.1,35820.7,34703.9,79320.7,70191.1,34640.8,24328.9,43947.0,14695.3,20865.5,38406.0,1337.9,70176.2,12118.9,48791.3,6545.1,73399.6,67278.1,20604.1,95183.0,53545.8,153485.1,9766.1,74659.4,94604.1,80056.6,145670.7,67759.6,95093.7,61560.0,176069.8,37951.4,11699.2,117630.8,101799.9,69881.1,80375.6,11341.3,38171.3,80876.6,38613.9,14660.8,12682.4,21543.2,150406.1,15193.3,15117.2,26487.7,12515.6,34745.2,71829.8,135247.0,54252.4,14806.7,12157.1,63053.7,36577.0,12738.2,20840.4,74571.3,136688.7,16758.2,20658.5,69973.6,81790.4,17541.9,54383.3,12341.3,24768.7,12206.0,101200.8,27069.2,19063.0,101169.3,80180.9,112777.9,73385.7,37228.0,159052.1,21851.4,57047.1,70398.9,55036.3,76477.5,53180.6,93801.7,49811.9,80091.4,18921.5,21117.9,8030.2,23824.3,74616.8,70315.7,9968.1,28629.9,36013.7,12971.6,93784.0,80262.3,13202.9
Bunnpris Valldal,79310.6,83920.9,32275.5,32327.8,74624.7,83871.0,84046.2,87222.3,80202.0,81548.0,78451.8,85230.5,142406.5,110718.3,96935.2,51768.5,90376.7,81321.5,165671.6,124076.5,44756.3,83987.0,73912.6,183158.1,44701.1,107227.9,83876.7,107107.3,93306.3,0.0,65399.8,87552.3,105615.1,123039.5,59789.1,74745.9,96795.3,79631.3,73903.8,52203.7,94639.5,123024.6,83785.1,78370.3,95244.3,111885.8,96857.2,74594.3,80497.8,87421.9,164258.0,98465.3,127507.8,46577.2,132905.0,118008.1,25742.4,80524.5,79420.0,148407.2,67530.4,101646.1,157052.7,154648.3,122729.5,104705.0,83007.5,54642.6,104529.6,52039.2,86327.0,81464.8,73690.0,161179.1,80129.3,78914.8,72521.5,81696.3,87593.5,18840.0,107283.2,107100.7,86472.9,83823.3,115902.1,89425.4,84404.4,72622.6,67342.4,110026.2,78329.0,73506.9,122822.0,134638.7,76593.9,107231.6,81318.8,77617.1,83872.2,154049.2,79917.5,73976.4,154017.7,133029.3,74354.9,111871.8,90076.4,169825.0,73796.3,109895.4,20653.8,84615.4,52733.6,106029.0,419.7,102660.2,104826.4,75979.8,73111.7,97977.1,76672.7,67387.9,123164.0,99915.0,81478.3,65592.8,80327.4,402.0,133110.7,82180.3
Bunnpris Vatne,28806.2,33872.1,89573.1,89625.3,9486.0,33822.2,33997.4,37173.4,29697.6,31043.6,13503.3,35181.7,134453.7,140481.7,46430.8,31871.3,39872.3,30817.1,157242.7,154250.5,20919.8,33938.2,23408.2,146635.9,38591.6,137764.6,33827.9,56602.9,35914.7,65408.2,0.0,37047.8,81664.7,72535.1,9071.2,26672.8,46290.9,29126.9,23399.4,31313.5,37247.9,72520.2,33736.2,13421.8,37852.7,75743.6,31908.7,24089.9,97527.0,17986.2,155829.1,41073.7,77003.4,87511.5,82400.6,148182.1,39739.8,97437.7,26000.4,178581.2,2391.8,44254.5,119974.7,104143.9,72225.1,82719.6,32958.7,10831.4,83220.6,31521.3,36278.2,30960.4,23185.6,152750.1,29624.9,28410.4,28831.7,31191.9,37089.1,64737.2,137758.4,56596.3,36424.0,33774.5,65397.7,38921.0,34355.6,22118.2,38304.8,139032.6,27824.6,23002.4,72317.6,84134.3,26089.5,56727.2,30814.4,27112.7,33823.3,103544.8,29413.1,17035.2,103513.3,82524.9,115289.2,75729.6,39571.9,161396.1,23291.9,59391.0,63306.3,19666.9,48457.7,55524.6,65781.8,52155.8,82435.3,25475.4,22607.3,40585.5,26168.3,38350.3,72659.6,42523.4,30973.9,644.2,23386.2,65764.2,82606.3,31675.9
Bunnpris Vedde,11088.9,25286.6,111620.0,111672.3,46312.9,25236.6,25411.8,28587.9,21567.7,22913.7,50140.0,26596.1,108055.5,118495.8,20032.6,26800.0,2905.1,22687.1,130844.5,132097.1,42966.8,25352.6,14031.2,120237.8,33520.3,115611.2,25242.4,30204.7,34672.0,87455.2,37088.0,0.0,59678.8,50549.2,28667.9,12164.9,19892.7,20997.0,14105.8,26242.1,36005.1,50534.2,25150.7,50058.6,36610.0,53757.6,68545.4,14195.4,75541.1,54813.1,129430.9,39830.9,50605.2,82440.2,56002.4,126028.7,61786.7,75451.8,62827.3,156427.9,39218.7,43011.8,93576.5,77745.7,50239.2,60733.7,24373.2,34745.3,61234.6,26449.9,27692.7,22830.4,14031.3,126351.9,21495.0,19871.3,14323.8,23061.9,41.3,59665.9,115605.0,30198.1,27838.5,25188.9,38999.5,1953.8,25770.1,15415.5,68598.4,117046.7,18647.0,14411.3,50331.6,57736.1,17550.5,30329.0,22684.5,10771.4,25237.8,77146.6,7640.8,39542.6,77115.1,56126.7,93135.9,53743.7,2604.8,134997.9,13864.9,32992.8,58235.0,56303.6,70504.6,29126.4,87828.7,30169.9,60449.4,16384.8,14474.2,39342.8,11660.4,68643.9,50673.7,41280.6,8988.0,37281.0,33451.3,87811.1,56208.1,23546.0
Bunnpris Volda,55635.5,69833.1,133124.8,133177.0,90859.4,69783.2,69958.4,73134.4,66114.2,67460.2,94686.6,71142.7,91758.4,60827.1,41831.5,62276.7,62457.1,67233.7,115023.5,74428.5,87513.3,69899.2,58577.7,93328.1,67777.7,57942.6,69788.9,32406.5,79218.5,105598.1,81634.6,59632.6,0.0,9816.1,73214.5,56711.5,41769.7,65543.5,58652.4,62712.0,80551.7,9254.4,69697.3,94605.1,81156.5,6282.5,113091.9,58742.0,26682.2,99359.6,113609.9,84377.5,40588.2,59019.5,45985.4,68360.1,106333.3,26592.9,107373.9,98759.2,83765.2,87558.3,66666.9,63990.2,9470.3,1768.7,68919.7,79291.9,1593.3,62547.4,72239.2,67376.9,58577.8,110530.9,66041.5,64417.9,58870.4,67608.4,59673.9,87028.5,57936.4,32399.9,72385.1,69735.5,28982.5,61505.8,70316.6,59962.0,113145.0,59378.1,63193.6,58957.9,9566.1,47719.2,62097.0,32725.6,67231.0,55317.9,69784.3,50237.0,52187.3,84089.1,50205.5,46109.7,35467.3,6268.6,62156.7,119176.9,58411.4,30830.9,86485.9,100850.1,115051.2,33405.8,105971.7,29519.7,1478.6,60931.3,59020.8,83889.3,56206.9,113190.5,9173.4,85827.2,51287.8,81827.5,77997.8,105954.0,46191.1,68092.5
Bunnpris Ørsta,46514.2,60711.9,141144.7,141196.9,81738.2,60661.9,60837.1,64013.2,56993.0,58339.0,85565.3,62021.4,99778.3,68847.0,41982.3,53155.5,53335.8,58112.4,123043.4,82448.4,78392.0,60777.9,49456.5,102329.1,58656.4,65962.5,60667.6,32557.3,70097.2,122880.5,72513.3,50511.4,9764.3,0.0,64093.2,47590.2,41920.5,56422.2,49531.1,53590.7,71430.4,619.8,60576.0,85483.8,72035.2,3843.2,103970.7,49620.7,25892.3,90238.4,121629.8,75256.2,40739.0,67039.4,46136.3,76380.0,97212.0,25803.0,98252.6,106779.1,74644.0,78437.0,75667.9,72991.2,630.3,10819.2,59798.5,70170.6,11320.2,53426.1,63117.9,58255.7,49456.6,118550.8,56920.2,55296.6,49749.1,58487.2,50552.7,95048.4,65956.3,32550.7,63263.8,60614.2,29133.3,52384.5,61195.3,50840.8,104023.7,67398.0,54072.3,49836.6,726.0,47870.0,52975.8,32876.4,58109.8,46196.6,60663.1,59238.0,43066.1,74967.9,59206.5,46260.5,43487.1,3829.3,53035.5,127196.8,49290.2,30981.8,94505.8,91728.9,105929.9,33556.6,123254.0,20398.4,10534.9,51810.1,49899.5,74768.1,47085.7,104069.2,759.3,76705.9,42166.6,72706.3,68876.6,123236.4,46341.9,58971.3
"Digernessundet, 6057 Ellingsøy",20455.3,25065.6,84166.0,84218.2,18276.5,25015.7,25190.9,28366.9,21346.7,22692.7,22103.6,26375.2,126102.8,132130.8,38079.9,23520.4,31521.4,22466.2,148891.8,145899.6,15512.7,25131.7,15057.2,138285.0,30240.7,129413.7,25021.4,48252.0,34451.0,60001.2,9051.6,28696.9,73313.8,64184.2,0.0,18321.9,37940.0,20776.0,15048.4,22962.5,35784.2,64169.3,24929.7,22022.1,36389.0,67392.6,40509.0,15739.0,89176.1,26776.7,147478.2,39610.0,68652.5,79160.6,74049.7,139831.2,34332.7,89086.8,34790.9,170230.3,11182.3,42790.8,111623.8,95793.0,63874.2,74368.7,24152.2,6708.9,74869.6,23170.4,27471.7,22609.4,14834.6,144399.2,21274.0,20059.4,20480.8,22840.9,28738.2,56386.3,129407.5,48245.4,27617.6,24968.0,57046.7,30570.1,25549.1,13767.3,41144.4,130681.7,19473.7,14651.5,63966.6,75783.4,17738.6,48376.3,22463.5,18761.8,25016.8,95193.9,21062.2,17628.2,95162.4,74174.0,106938.3,67378.7,31221.0,153045.2,14941.0,51040.1,54955.4,28267.2,43050.6,47173.7,60374.7,43804.9,74084.4,17124.5,14256.4,39121.8,17817.4,41189.9,64308.7,41059.7,22623.0,9244.6,23979.2,60357.1,74255.3,23325.0
Gamle Blindheimsveg 25,4180.8,14776.2,101109.6,101161.8,35802.5,14726.2,14901.4,18077.5,11057.3,12403.3,39629.6,16085.7,109828.3,115856.3,21805.4,15004.9,15246.9,12176.7,132617.3,129457.7,32456.3,14842.2,3520.8,122010.5,21725.2,112971.7,14731.9,31977.5,24161.5,76944.8,26577.6,12422.4,57039.3,47909.7,18157.5,0.0,21665.5,10486.5,3595.4,14447.1,25494.7,47894.8,14640.3,39548.1,26099.5,51118.2,58035.0,3685.0,72901.6,44302.7,131203.7,29320.5,52378.0,70645.1,57775.2,123389.2,51276.3,72812.3,52316.9,153788.4,28708.2,32501.3,95349.3,79518.5,47599.7,58094.2,13862.7,24234.9,58595.2,14654.9,17182.2,12320.0,3520.9,128124.7,10984.5,9360.9,2528.8,12551.5,12463.7,47870.8,112965.5,31970.9,17328.1,14678.5,40772.3,14295.6,15259.6,4905.0,58088.0,114407.2,8136.6,3900.9,47692.1,59508.9,7040.1,32101.8,12174.0,2487.3,14727.4,78919.4,4787.7,29032.2,78887.9,57899.5,90496.4,51104.2,14946.5,136770.7,3354.5,34765.6,46439.9,45793.2,59994.2,30899.2,77318.3,27530.4,57809.9,5874.4,3963.8,28832.3,582.9,58133.5,48034.2,30770.2,6348.5,26770.6,22940.8,77300.7,57980.9,13035.6
Eurospar Hareid,20682.8,34880.4,121213.9,121266.1,55906.7,34830.5,35005.7,38181.7,31161.5,32507.5,59733.9,36190.0,88506.3,102518.8,483.4,36393.8,23099.7,32281.0,111295.3,116120.2,52560.6,34946.5,23625.1,100688.5,43114.1,99634.3,34836.2,10655.5,44265.8,97049.0,46681.9,20275.2,41729.1,42002.8,38261.8,21758.8,0.0,30590.8,23699.7,35836.0,45599.0,41441.1,34744.6,59652.4,46203.8,39625.8,78139.3,23789.3,65372.1,64407.0,109881.6,49424.8,31055.9,100711.2,36453.2,110051.8,71380.6,65282.8,72421.2,140450.9,48812.5,52605.6,74027.3,58196.4,41657.0,42784.0,33967.0,44339.2,43285.0,36043.8,37286.5,32424.3,23625.1,106802.7,31088.8,29465.2,23917.7,32655.7,20316.5,69259.7,99628.1,10648.9,37432.4,34782.8,19450.2,22148.4,35363.9,25009.3,78192.3,101069.8,28240.9,24005.2,41752.8,38186.9,27144.3,10779.8,32278.3,20365.2,34831.6,57597.4,17234.7,49136.4,57565.9,36577.4,77158.9,39611.9,22799.3,115448.6,23458.7,13443.6,67828.8,65897.5,80098.5,9577.2,97422.6,61706.4,42499.8,25978.6,24068.1,48936.6,21254.3,78237.8,41360.1,50874.5,18581.8,46874.8,43045.1,97404.9,36658.8,33139.8
LARSGÅRDSVEGEN 19,12669.6,5009.9,103800.3,103852.6,38493.2,4960.0,5135.2,8311.3,734.8,1860.7,42320.3,6319.5,118317.1,124345.1,30294.2,25171.3,23735.7,2410.5,141106.1,137946.5,35147.0,5076.0,7973.2,130499.4,31891.6,121460.6,4965.7,40466.3,14395.3,79635.5,29268.3,20911.2,65528.1,56398.5,20848.2,10536.2,30154.3,0.0,7072.9,24613.4,15728.5,56383.6,4874.1,42238.8,16333.3,59607.0,60725.7,6811.4,81390.4,46993.4,139692.5,19554.3,60866.8,80811.5,66264.0,131878.1,53967.0,81301.1,55007.6,162277.2,31399.0,22735.1,103838.1,88007.3,56088.5,66583.0,4096.5,26925.6,67084.0,24821.2,7416.0,1950.4,7750.6,136613.5,1131.5,1123.6,12695.1,2785.3,20952.5,58037.2,121454.4,40459.7,7561.9,4912.3,49261.1,22784.4,5493.4,7047.8,60778.7,122896.0,2764.6,6865.8,56180.9,67997.7,3749.3,40590.6,2407.8,10976.1,4961.2,87408.2,13276.5,19265.9,87376.7,66388.3,98985.2,59593.0,23435.4,145259.5,8058.7,43254.4,56606.3,48483.9,62684.9,39388.0,80009.0,36019.2,66298.7,5128.8,7325.3,19066.1,10031.7,60824.2,56523.0,21004.0,14837.3,29461.3,13174.6,79991.4,66469.7,3269.3
Eurospar Moa,5769.8,11694.3,98064.2,98116.5,32757.1,11644.4,11819.6,14995.6,7975.4,9321.4,36584.2,13003.8,111417.3,117445.3,23394.4,18271.4,16835.8,9094.9,134206.3,131046.6,29410.9,11760.4,1325.2,123599.5,24991.7,114560.7,11650.1,33566.5,21079.7,73899.4,23532.2,14011.4,58628.2,49498.7,15112.1,3636.4,23254.5,7404.7,0.0,17713.6,22412.8,49483.7,11558.4,36502.7,23017.7,52707.1,54989.6,1052.0,74490.6,41257.3,132792.6,26238.6,53966.9,73911.6,59364.2,124978.2,48230.9,74401.3,49271.5,155377.3,25662.9,29419.5,96938.3,81107.4,49188.7,59683.1,10780.9,21189.5,60184.1,17921.4,14100.4,9238.1,1234.5,129713.7,7902.7,6168.6,5795.3,9469.6,14052.7,51137.3,114554.5,33559.9,14246.2,11596.6,42361.2,15884.5,12177.8,1725.9,55042.6,115996.2,4944.3,746.2,49281.1,61097.9,3847.8,33690.8,9092.2,4076.2,11645.5,80508.4,6376.7,25950.3,80476.9,59488.4,92085.4,52693.2,16535.5,138359.6,1158.9,36354.6,49706.4,42747.8,56948.8,32488.2,74272.9,29119.4,59398.9,2595.1,809.1,25750.5,3131.9,55088.1,49623.2,27688.4,7937.5,23725.2,19859.0,74255.3,59569.8,9953.7
Eurospar Sykkylven,18308.7,28904.0,76468.4,76520.7,40389.0,28854.1,29029.3,32205.4,25185.1,26531.1,44216.1,30213.6,152337.6,120649.4,35933.3,557.9,29374.8,26304.6,175602.7,123247.3,30057.3,28970.1,17648.7,155335.6,7588.4,106761.4,28859.8,46105.4,38289.4,52303.6,31164.1,26550.3,62770.8,53641.2,22744.0,14457.0,35793.4,24614.4,17723.3,0.0,39622.6,53626.3,28768.2,44134.6,40227.4,56849.7,62621.5,17812.9,78633.1,48889.2,174189.1,43448.4,66505.9,56508.3,71903.1,117178.9,48877.3,78543.8,56903.4,147578.0,33294.8,46629.2,128674.4,93646.4,53331.2,63825.7,27990.6,24573.6,64326.7,207.8,31310.1,26447.9,17648.7,171110.2,25112.4,23488.8,12232.6,26679.4,26591.6,33734.0,106755.1,46098.8,31456.0,28806.4,54900.1,28423.5,29387.5,19032.9,55689.0,119957.3,22264.5,18028.8,53423.7,73636.8,21168.0,46229.7,26301.9,16615.2,28855.3,112244.5,18915.6,39740.7,112213.0,72027.4,84286.0,56835.7,29074.4,179756.1,17482.3,48893.5,32303.1,50379.7,57595.2,45027.1,52677.2,33261.9,63541.4,20002.2,18091.7,42960.2,14787.8,55734.5,53765.7,44898.1,20476.4,31357.1,37068.7,52659.5,72108.7,27163.4
Eurospar Valderøy,27795.4,13587.9,118926.1,118978.4,46378.8,13538.0,13713.2,16889.3,15782.8,14098.8,50205.9,14897.5,133442.9,139470.9,45420.0,40297.1,38861.5,13872.3,156231.9,153072.3,50272.8,13654.0,23099.0,145625.1,47017.3,136586.4,13543.7,55592.1,1337.9,94761.3,37153.9,36037.0,80653.9,71524.3,35974.0,25662.0,45280.1,16028.5,22198.7,39739.2,0.0,71509.4,13452.1,50124.4,7878.3,74732.8,68611.3,21937.2,96516.2,54879.0,154818.3,11099.3,75992.6,95937.3,81389.8,147003.9,69092.8,96426.9,62893.2,177403.0,39284.5,10528.1,118963.9,103133.1,71214.3,81708.8,12674.5,39504.4,82209.8,39947.0,15994.0,14015.5,22876.4,151739.3,16526.5,16450.3,27820.9,13848.7,36078.3,73163.0,136580.1,55585.5,16139.9,13490.3,64386.9,37910.2,14071.4,22173.6,75904.5,138021.9,18091.4,21991.6,71306.7,83123.5,18875.1,55716.4,13674.5,26101.9,13539.2,102534.0,28402.3,20396.1,102502.5,81514.1,114111.0,74718.8,38561.2,160385.3,23184.5,58380.2,71732.1,56369.5,77810.7,54513.8,95134.8,51145.0,81424.5,20254.6,22451.1,6859.2,25157.5,75950.0,71648.8,8797.0,29963.1,37346.8,14304.8,95117.2,81595.5,14536.0
Eurospar Ørsta,46491.2,60688.8,140581.7,140634.0,81715.1,60638.9,60814.1,63990.1,56969.9,58315.9,85542.2,61998.3,99215.3,68284.1,41498.9,53132.4,53312.8,58089.4,122480.5,81885.4,78369.0,60754.8,49433.4,101845.8,58633.4,65399.5,60644.6,32074.0,70074.2,122857.4,72490.2,50488.3,9281.0,671.8,64070.1,47567.2,41437.2,56399.2,49508.1,53567.6,71407.3,0.0,60552.9,85460.8,72012.2,3359.9,103947.6,49597.7,25329.4,90215.3,121066.9,75233.1,40255.7,66476.4,45652.9,75817.0,97188.9,25240.1,98229.5,106216.2,74620.9,78414.0,75184.6,72507.9,326.0,10335.9,59775.4,70147.5,10836.9,53403.1,63094.9,58232.6,49433.5,117987.9,56897.2,55273.6,49726.0,58464.1,50529.6,94485.4,65393.3,32067.4,63240.7,60591.1,28650.0,52361.5,61172.3,50817.7,104000.6,66835.0,54049.2,49813.6,421.7,47386.7,52952.7,32393.1,58086.7,46173.6,60640.0,58754.7,43043.0,74944.8,58723.2,45777.2,42924.2,3345.9,53012.4,126633.9,49267.1,30498.4,93942.8,91705.8,105906.9,33073.3,123231.0,20375.3,10051.6,51787.0,49876.5,74745.0,47062.6,104046.1,107.9,76682.9,42143.5,72683.2,68853.5,123213.3,45858.6,58948.2
Rasmus Rønnebergs gate 21,16951.4,527.6,108082.0,108134.3,43072.3,623.3,798.5,3974.6,4938.7,3254.8,46899.5,1982.8,122598.9,128626.9,34576.0,29453.0,28017.4,3028.2,145387.9,142228.2,39428.8,478.9,12255.0,134781.1,36173.3,125742.3,629.0,44748.1,12219.0,83917.2,33847.5,25193.0,69809.8,60680.3,25129.9,14818.0,34436.1,5184.4,11354.6,28895.2,13552.2,60665.3,0.0,46818.0,14157.0,63888.7,65304.8,11093.2,85672.1,51572.5,143974.2,17378.0,65148.5,85093.2,70545.8,136159.8,58248.8,85582.9,59586.8,166558.9,35978.1,20558.9,108119.9,92289.0,60370.3,70864.7,785.4,31207.3,71365.7,29103.0,3079.3,3171.5,12032.4,140895.3,5682.4,5606.3,16976.9,3004.7,25234.3,62318.9,125736.1,44741.5,3225.2,429.9,53542.8,27066.1,1156.7,11329.5,65060.4,127177.8,7247.3,11147.6,60462.7,72279.5,8031.0,44872.4,2830.5,15257.8,524.3,91690.0,17558.3,17089.7,91658.5,70670.0,103267.0,63874.8,27717.1,149541.2,12340.5,47536.2,60888.0,53063.1,66966.7,43669.8,84290.8,40301.0,70580.5,9410.6,11607.0,16889.9,14313.5,65106.0,60804.8,18827.7,19119.1,34040.4,10998.4,84273.1,70751.4,3692.0
"Brattvåg, 6270 Brattvåg",41742.4,46808.3,102509.3,102561.5,22645.2,46758.4,46933.6,50109.7,42633.8,43979.8,135.2,48117.9,147389.9,153417.9,59367.0,44807.6,52808.5,43753.3,170178.9,167186.7,33856.0,46874.4,36344.4,159572.2,51527.8,150700.8,46764.1,69539.2,48850.9,78344.5,13420.3,49984.1,94600.9,85471.3,22007.4,39609.1,59227.2,42063.1,36335.6,44249.7,50184.1,85456.4,46672.5,0.0,50788.9,88679.8,19656.8,37026.1,110463.2,31145.4,168765.3,54009.9,89939.6,100447.7,95336.8,161118.3,52676.0,110373.9,39159.6,191517.4,15550.9,57190.7,132911.0,117080.1,85161.3,95655.8,45894.9,23767.6,96156.8,44457.5,49214.4,43896.6,36121.8,165686.4,42561.1,41346.6,41767.9,44128.1,50025.3,77673.5,150694.6,69532.6,49360.3,46710.7,78333.9,51857.2,47291.8,35054.4,51463.9,151968.9,40760.9,35938.7,85253.8,97070.6,39025.7,69663.4,43750.6,40048.9,46759.6,116481.0,42349.4,29971.4,116449.5,95461.1,128225.5,88665.9,52508.2,174332.3,36228.1,72327.2,76242.6,16343.1,61393.9,68460.8,78718.0,65092.1,95371.6,38411.7,35543.5,53521.8,39104.5,51509.5,85595.9,55459.6,43910.1,13281.8,36322.4,78700.4,95542.5,44612.2
"Valderhaug, 6050 Valderøya",28466.0,14258.5,119596.7,119648.9,47049.3,14208.6,14383.8,17559.8,16453.4,14769.4,50876.5,15568.1,134113.5,140141.5,46090.6,40967.7,39532.1,14542.8,156902.5,153742.9,50943.4,14324.6,23769.6,146295.7,47687.9,137256.9,14214.3,56262.7,6548.1,95431.9,37824.5,36707.6,81324.5,72194.9,36644.6,26332.6,45950.7,16699.1,22869.3,40409.8,7881.3,72180.0,14122.6,50795.0,0.0,75403.3,69281.9,22607.8,97186.8,55549.6,155488.9,6956.1,76663.2,96607.8,82060.4,147674.4,69763.4,97097.5,63563.8,178073.6,39955.1,15213.7,119634.5,103803.7,71884.9,82379.4,13345.1,40175.0,82880.3,40617.6,16664.6,14686.1,23547.0,152409.9,17197.1,17120.9,28491.5,14519.3,36748.9,73833.6,137250.7,56256.1,16810.4,14160.9,65057.4,38580.8,14742.0,22844.1,76575.1,138692.4,18761.9,22662.2,71977.3,83794.1,19545.7,56387.0,14345.1,26772.5,14209.7,103204.6,29072.9,21066.7,103173.1,82184.7,114781.6,75389.4,39231.7,161055.9,23855.1,59050.8,72402.7,57040.1,78481.3,55184.4,95805.4,51815.6,82095.1,20925.2,23121.6,11544.7,25828.1,76620.6,72319.4,13482.6,30633.7,38017.4,14975.4,95787.8,82266.0,15206.6
"Hovdebygda, 6160 Hovdebygda",49719.5,63917.1,139429.1,139481.4,84943.4,63867.2,64042.4,67218.4,60198.2,61544.2,88770.5,65226.7,98062.7,67131.5,39655.7,56360.7,56541.1,61317.7,121327.8,80732.8,81597.3,63983.2,52661.7,98906.6,61861.7,64246.9,63872.9,30230.7,73302.5,111902.4,75718.6,53716.6,6341.7,3900.1,67298.4,50795.5,39593.9,59627.5,52736.4,56795.9,74635.6,3338.4,63781.2,88689.1,75240.5,0.0,107175.9,52826.0,27269.4,93443.6,119914.2,78461.4,38412.4,65323.8,43809.7,74664.4,100417.3,27180.1,101457.8,105063.6,77849.2,81642.3,72245.3,69568.7,3554.3,7396.6,63003.7,73375.8,7897.6,56631.4,66323.2,61460.9,52661.8,116835.3,60125.5,58501.9,52954.3,61692.4,53757.9,93332.8,64240.7,30224.1,66469.1,63819.5,26806.7,55589.8,64400.6,54046.0,107228.9,65682.4,57277.5,53041.9,3650.0,45543.4,56181.0,30549.8,61315.0,49401.9,63868.3,55815.4,46271.3,78173.1,55783.9,43934.0,41771.6,313.2,56240.7,125481.2,52495.4,28655.2,92790.2,94934.1,109135.2,31230.0,112276.0,23603.7,7112.4,55015.3,53104.8,77973.3,50290.9,107274.5,3257.4,79911.2,45371.8,75911.5,72081.8,112258.3,44015.3,62176.5
"Haramsøya, 6270 Brattvåg",60216.7,65282.6,120983.6,121035.8,41119.4,65232.7,65407.9,68583.9,61108.1,62454.1,19533.0,66592.1,165864.2,171892.2,77841.3,63281.8,71282.8,62227.6,188653.2,185661.0,52330.3,65348.6,54818.6,178046.4,70002.1,169175.1,65238.4,88013.4,67325.2,96818.7,31894.6,68458.3,113075.2,103945.6,40481.7,58083.3,77701.4,60537.4,54809.9,62724.0,68658.4,103930.7,65146.7,19788.5,69263.2,107154.1,0.0,55500.4,128937.5,49619.6,187239.6,72484.2,108413.9,118922.0,113811.1,179592.6,71150.3,128848.2,57633.9,209991.7,34025.2,75665.0,151385.2,135554.4,103635.6,114130.1,64369.2,42241.9,114631.1,62931.8,67688.7,62370.8,54596.0,184160.6,61035.4,59820.8,60242.2,62602.3,68499.6,96147.7,169168.9,88006.8,67834.5,65184.9,96808.1,70331.5,65766.1,53528.7,69938.2,170443.1,59235.1,54412.9,103728.0,115544.8,57500.0,88137.7,62224.9,58523.2,65233.8,134955.3,60823.6,48445.6,134923.8,113935.4,146699.7,107140.1,70982.4,192806.6,54702.4,90801.5,94716.8,12239.0,79868.2,86935.1,97192.3,83566.3,113845.8,56885.9,54017.8,71996.0,57578.8,69983.7,104070.1,73933.9,62384.4,31756.0,54796.7,97174.7,114016.7,63086.4
"Spjelkavik, 6010 Ålesund",5885.0,11407.9,99029.3,99081.5,33722.1,11357.9,11533.1,14709.2,7689.0,9035.0,37549.3,12717.4,111532.6,117560.5,23509.6,18386.7,16951.1,8808.4,134321.5,131161.9,30376.0,11473.9,1440.5,123714.8,25107.0,114676.0,11363.6,33681.8,20793.2,74864.4,24497.3,14126.7,58743.5,49613.9,16077.2,3751.7,23369.8,7118.2,1103.6,17828.8,22126.4,49599.0,11272.0,37467.8,22731.2,52822.4,55954.7,0.0,74605.8,42222.4,132907.9,25952.2,54082.2,74026.9,59479.4,125093.5,49196.0,74516.5,50236.6,155492.6,26627.9,29133.0,97053.6,81222.7,49303.9,59798.4,10494.4,22154.6,60299.4,18036.6,13813.9,8951.7,1440.5,129828.9,7616.2,5882.2,5910.5,9183.2,14167.9,51252.6,114669.8,33675.2,13959.8,11310.2,42476.5,15999.8,11891.3,2388.8,56007.7,116111.5,4657.9,1409.1,49396.4,61213.2,3561.3,33806.0,8805.8,4191.5,11359.1,80623.6,6492.0,25663.9,80592.1,59603.7,92200.6,52808.5,16650.8,138474.9,1274.1,36469.8,49821.7,43712.9,57913.9,32603.4,75238.0,29234.7,59514.1,2395.6,1472.1,25464.1,3247.1,56053.2,49738.5,27401.9,8052.7,24690.2,19572.6,75220.4,59685.1,9667.3
Joker Bellingen,71509.2,85706.8,145534.9,145587.1,106733.1,85656.9,85832.1,89008.1,81987.9,83333.9,110560.2,87016.3,104168.4,73237.2,65466.5,78150.4,78330.8,83107.3,127433.6,86838.6,103387.0,85772.8,74451.4,120021.8,82830.9,70352.7,85662.6,56041.5,95092.2,80483.2,97508.2,75506.3,26705.6,25964.9,89088.1,72585.2,65404.7,81417.2,74526.1,78585.6,96425.3,25363.0,85570.9,110478.8,97030.2,27327.4,128965.6,74615.7,0.0,115233.3,126020.0,100251.1,64223.2,33904.6,69620.5,80770.2,81468.2,70.5,123247.5,111169.3,99638.9,103432.0,93360.6,90683.9,25619.2,25795.5,84793.4,95165.5,25427.5,78421.1,88112.9,83250.6,74451.5,122941.0,81915.2,80291.6,74744.0,83482.1,75547.6,61913.6,70346.5,56034.9,88258.7,85609.1,52617.5,77379.5,86190.3,75835.7,129018.6,71788.2,79067.2,74831.6,25230.1,71354.2,77970.7,56360.6,83104.7,71191.6,85658.0,76930.7,68061.0,99962.8,76899.2,69744.8,47877.3,27313.5,78030.4,131587.0,74285.1,54466.0,61371.0,116723.8,130924.8,57040.9,80856.8,45393.3,25916.9,76805.0,74894.5,99763.0,72080.6,129064.1,25359.1,101700.8,67161.5,97701.2,93871.5,80839.1,69826.1,83966.2
Joker Fiksdal,46531.3,51597.2,111574.8,111627.0,22491.8,51547.3,51722.4,54898.5,47422.7,48768.7,31228.4,52906.7,152178.8,158206.8,64155.9,49596.4,57597.4,48542.2,174967.8,171975.6,38644.9,51663.2,41133.2,164361.0,56316.7,155489.7,51553.0,74328.0,53639.8,87409.9,17986.2,54772.9,99389.8,90260.2,26796.3,44397.9,64016.0,46852.0,41124.5,49038.6,54973.0,90245.3,51461.3,31146.9,55577.8,93468.7,49633.7,41815.0,115252.1,0.0,173554.2,58798.8,94728.5,105236.6,100125.7,165907.2,61741.5,115162.8,8047.8,196306.3,15988.5,61979.6,137699.8,121869.0,89950.2,100444.7,50683.8,28556.5,100945.7,49246.4,54003.3,48685.4,40910.6,170475.2,47350.0,46135.4,46556.8,48916.9,54814.2,82462.3,155483.5,74321.4,54149.1,51499.5,83122.8,56646.1,52080.7,39843.3,20352.1,156757.7,45549.7,40727.5,90042.6,101859.4,43814.6,74452.3,48539.5,44837.8,51548.4,121269.9,47138.2,34760.2,121238.4,100250.0,133014.3,93454.7,57297.0,179121.2,41017.0,77116.1,81031.4,37392.0,32475.9,73249.7,87783.5,69880.9,100160.4,43200.5,40332.4,58310.6,43893.4,20397.6,90384.7,60248.5,48699.0,18369.3,41111.3,87765.8,100331.3,49401.0
Joker Flatraket,147979.3,162176.9,175030.9,175083.2,183203.2,162127.0,162302.1,165478.2,158458.0,159804.0,187030.3,163486.4,21863.4,54179.9,110006.8,173678.4,154800.9,159577.4,16912.1,116334.7,179857.1,162242.9,150921.5,47114.8,166610.9,99848.7,162132.7,100581.8,171562.3,164263.3,173978.3,151976.4,93079.7,102159.8,165558.2,149055.3,109945.0,157887.3,150996.1,174113.6,172895.4,101598.2,162041.0,186948.9,173500.3,98626.3,205435.7,151085.8,126009.2,191703.4,0.0,176721.2,79029.9,117684.7,73534.6,110266.2,165248.3,125919.9,199717.6,104653.9,176109.0,179902.1,36060.3,70351.0,101814.1,94811.0,161263.5,171635.6,94635.6,173949.0,164583.0,159720.7,150921.6,12419.6,158385.3,156761.6,151214.1,159952.2,152017.7,145693.7,99842.5,100575.2,164728.8,162079.2,91345.4,153849.6,162660.4,152305.8,205488.7,54571.2,155537.3,151301.6,101909.8,110082.0,154440.8,100901.0,159574.8,147661.7,162128.1,54760.2,144531.1,176432.9,54728.7,108472.6,90041.4,98612.4,154500.5,21065.5,150755.2,99006.3,145151.0,193193.9,207394.9,101581.2,164636.8,121863.4,94472.1,153275.1,151364.6,176233.1,148550.7,205534.2,101517.2,178170.9,143631.6,174171.3,170341.6,164619.2,108554.0,160436.3
Godøya post i butikk,31659.0,17451.5,122789.7,122841.9,50242.3,17401.6,17576.7,20752.8,19646.3,17962.4,54069.4,18761.0,137306.5,143334.5,49283.6,44160.6,42725.1,17735.8,160095.5,156935.8,54136.4,17517.5,26962.6,149488.7,50880.9,140449.9,17407.3,59455.7,9741.1,98624.8,41017.5,39900.6,84517.5,75387.9,39837.6,29525.6,49143.7,19892.0,26062.2,43602.8,11074.2,75373.0,17315.6,53988.0,6993.8,78596.3,72474.8,25800.8,100379.8,58742.5,158681.9,0.0,79856.1,99800.8,85253.4,150867.4,72956.4,100290.5,66756.8,181266.6,43148.1,18406.7,122827.5,106996.7,75077.9,85572.4,16538.1,43368.0,86073.3,43810.6,19857.6,17879.1,26740.0,155602.9,20390.0,20313.9,31684.5,17712.3,39941.9,77026.6,140443.7,59449.1,20003.4,17353.8,68250.4,41773.8,17935.0,26037.1,79768.1,141885.4,21954.9,25855.2,75170.3,86987.1,22738.6,59580.0,17538.1,29965.4,17402.7,106397.6,32265.9,24259.7,106366.1,85377.7,117974.6,78582.4,42424.7,164248.9,27048.1,62243.8,75595.7,60233.0,81674.3,58377.4,98998.4,55008.6,85288.1,24118.2,26314.6,14737.7,29021.1,79813.6,75512.4,16675.5,33826.7,41210.4,18168.4,98980.7,85459.0,18399.6
Joker Gursken,51357.4,65555.0,173568.7,173620.9,86581.4,65505.1,65680.3,68856.4,61836.1,63182.1,90408.5,66864.6,57631.4,101271.0,31158.0,67068.5,53774.3,62955.6,80420.4,114872.4,83235.2,65621.1,54299.7,69813.7,73788.7,98386.5,65510.8,21733.0,74940.4,127723.7,77356.5,50949.8,40481.3,40755.0,68936.4,52433.4,31096.2,61265.4,54374.3,66510.6,76273.6,40193.3,65419.2,90327.0,76878.4,38378.0,108813.9,54463.9,64124.3,95081.6,79006.8,80099.4,0.0,99463.4,5578.3,108804.0,102055.2,64035.0,103095.8,139203.1,79487.1,83280.2,43152.5,27321.6,40409.2,41536.2,64641.6,75013.8,42037.2,66718.4,67961.1,63098.9,54299.8,75927.8,61763.4,60139.8,54592.3,63330.4,50991.1,127472.4,98380.3,21726.4,68107.0,65457.4,12496.5,52823.0,66038.5,55683.9,108866.9,99822.0,58915.5,54679.8,40504.9,31233.2,57819.0,22052.1,62952.9,51039.8,65506.3,26722.5,47909.3,79811.1,26691.0,29623.8,75911.1,38364.1,53473.9,84573.8,54133.4,20157.5,126929.8,96572.1,110773.1,22732.3,128097.2,60458.6,41252.0,56653.3,54742.7,79611.2,51928.9,108912.4,40112.3,81549.1,49256.4,77549.4,73719.7,128079.6,29705.1,63814.4
"Hellesylt, 6218 Hellesylt",74511.4,85106.7,70743.4,70795.7,96591.6,85056.8,85231.9,88408.0,81387.8,82733.8,100418.8,86416.2,95829.3,64141.1,100857.5,55993.7,85577.4,82507.2,119094.5,66739.0,86260.0,85172.7,73851.3,136580.9,48926.3,50253.1,85062.5,91432.6,94492.1,46578.6,87366.8,82753.0,59037.9,67072.1,78946.7,70659.7,100795.7,80817.1,73925.9,56428.9,95825.2,66470.2,84970.8,100337.3,96430.1,65308.6,118824.1,74015.5,33920.6,105091.9,117680.9,99651.0,99614.3,0.0,105011.5,60670.6,47563.6,33947.3,113106.1,91069.7,89497.4,102831.9,110475.5,123016.2,66726.3,58127.8,84193.3,80776.3,57952.4,56264.3,87512.8,82650.5,73851.4,114601.9,81315.1,79691.4,68435.2,82882.0,82794.2,28009.0,50246.9,91425.9,87658.6,85009.0,88008.6,84626.1,85590.2,75235.6,89163.6,63449.0,78467.1,74231.4,66337.3,106745.2,77370.6,91751.7,82504.6,72817.8,85057.9,109263.0,75118.3,95943.4,109231.5,105135.8,27777.7,65294.7,85277.1,123247.9,73685.0,89857.0,27466.4,106582.4,74554.8,92431.9,46952.2,86500.5,58249.2,76204.9,74294.3,99162.9,70990.5,89209.1,66466.3,101100.7,76679.0,87559.7,93271.4,46934.5,105217.1,83366.1
Joker Larsnes,56754.6,70952.3,178965.9,179018.2,91978.6,70902.3,71077.5,74253.6,67233.4,68579.4,95805.7,72261.8,52136.1,106668.3,36555.2,72465.7,59171.5,68352.8,74925.1,120269.6,88632.4,71018.3,59696.9,64318.3,79185.9,103783.7,70908.0,27130.2,80337.6,133120.9,82753.7,56347.1,45878.6,46152.2,74333.6,57830.6,36493.4,66662.6,59771.5,71907.8,81670.8,45590.6,70816.4,95724.2,82275.6,43775.3,114211.1,59861.1,69521.6,100478.8,73511.5,85496.6,5578.3,104860.6,0.0,114201.2,107452.4,69432.3,108493.0,144600.4,84884.4,88677.4,37657.1,21826.3,45806.5,46933.4,70038.9,80411.0,47434.4,72115.6,73358.3,68496.1,59697.0,70432.5,67160.6,65537.0,59989.5,68727.6,56388.3,132869.6,103777.5,27123.6,73504.2,70854.6,17893.8,58220.2,71435.7,61081.2,114264.1,105219.2,64312.7,60077.0,45902.2,36630.4,63216.2,27449.4,68350.2,56437.0,70903.5,21227.2,53306.5,85208.3,21195.7,35021.0,81308.4,43761.3,58871.2,79078.5,59530.6,25554.7,132327.0,101969.3,116170.3,28129.6,133494.4,65855.8,46649.2,62050.5,60139.9,85008.5,57326.1,114309.6,45509.6,86946.3,54653.7,82946.7,79117.0,133476.8,35102.4,69211.7
Joker Loen,121991.3,136189.0,86074.7,86127.0,157255.6,136139.0,136314.2,139490.3,132470.1,133816.1,161082.7,137498.5,88448.7,56760.5,110232.5,116657.6,128812.9,133589.5,111713.9,6214.4,146923.9,136255.0,124933.6,129200.3,109590.2,10948.3,136144.7,100807.5,145574.3,118093.1,148030.7,125988.5,68412.9,76447.1,139610.6,123067.3,110170.7,131899.3,125008.2,117092.8,146907.5,75845.2,136053.1,161001.2,147512.3,74683.6,179488.1,125097.8,80764.7,165755.8,110300.2,150733.3,108989.3,60663.9,114386.5,0.0,108227.5,80675.4,173770.0,30545.1,150161.4,153914.1,103094.9,137385.7,76101.3,67502.8,135275.6,141440.2,67327.4,116928.3,138595.0,133732.8,124933.7,107221.3,132397.4,130773.7,129099.1,133964.3,126029.8,88672.9,10886.3,100800.9,138740.9,136091.3,97383.5,127861.6,136672.4,126317.9,149827.5,56068.4,129549.4,125313.7,75712.3,116120.2,128452.9,101126.7,133586.9,121673.7,136140.2,121794.8,118543.2,150445.0,121763.3,114510.8,33020.7,74669.7,128512.6,115867.2,124767.3,99232.0,88130.3,167246.3,135218.7,101806.9,118466.6,95875.5,67624.2,127287.2,125376.6,150245.2,122562.8,149873.1,75841.2,152183.0,117643.7,148223.7,144353.7,118449.0,114592.1,134448.4
Joker Stordal,53642.2,58252.5,49907.2,49959.5,48956.2,58202.5,58377.7,61553.8,54533.6,55879.6,52783.3,59562.0,143363.9,111675.8,71266.7,49473.9,64708.2,55653.0,166629.1,114273.6,19087.8,58318.5,48244.1,184115.5,56194.2,97787.7,58208.2,81438.9,67637.8,25742.4,39731.3,61883.8,106500.6,97371.1,34120.6,49077.5,71126.9,53962.8,48235.3,48916.1,68971.0,97356.1,58116.6,52701.9,69575.8,100579.5,71188.7,48925.8,81455.2,61753.4,165215.5,72796.8,101839.3,47534.6,107236.5,108205.2,0.0,81481.9,53751.5,138604.3,41862.0,75977.6,158010.1,128979.8,97061.1,107555.5,57339.1,28974.1,108056.5,49123.9,60658.5,55796.3,48021.5,162136.5,54460.8,53246.3,46853.0,56027.8,61925.1,19797.4,97781.5,81432.3,60804.4,58154.8,90233.6,63756.9,58735.9,46954.1,41673.9,110983.6,52660.6,47838.4,97153.5,108970.3,50925.5,81563.2,55650.4,51948.6,58203.7,128380.8,54249.1,48307.9,128349.3,107360.8,75312.3,100565.6,64407.9,170782.5,48127.9,84227.0,21611.2,58946.9,27065.1,80360.6,26115.9,76991.8,107271.3,50311.4,47443.3,72308.7,51004.2,41719.4,97495.6,74246.5,55809.8,39924.3,54658.9,26098.3,107442.2,56511.9
Joker Sæbø,71399.2,85596.9,145424.9,145477.2,106623.2,85546.9,85722.1,88898.2,81878.0,83224.0,110450.3,86906.4,104058.5,73127.3,65356.6,78040.5,78220.8,82997.4,127323.7,86728.7,103277.1,85662.9,74341.5,119911.9,82857.5,70242.8,85552.6,55931.6,94982.2,80509.8,97398.3,75396.4,26595.6,25855.0,88978.2,72475.2,65294.8,81307.2,74416.1,78475.7,96315.4,25253.1,85461.0,110368.9,96920.2,27217.5,128855.7,74505.7,117.6,115123.4,125910.1,100141.2,64113.3,33931.2,69510.6,80660.3,81494.8,0.0,123137.6,111059.4,99529.0,103322.1,93250.7,90574.0,25509.2,25685.6,84683.5,95055.6,25317.6,78311.2,88002.9,83140.7,74341.6,122831.1,81805.3,80181.6,74634.1,83372.2,75437.7,61940.2,70236.6,55925.0,88148.8,85499.2,52507.6,77269.5,86080.4,75725.8,128908.7,71678.2,78957.3,74721.6,25120.2,71244.3,77860.8,56250.7,82994.8,71081.6,85548.1,76820.7,67951.1,99852.9,76789.2,69634.8,47767.4,27203.6,77920.5,131477.1,74175.2,54356.1,61397.6,116613.9,130814.9,56930.9,80883.4,45283.4,25806.9,76695.1,74784.5,99653.1,71970.7,128954.2,25249.2,101590.9,67051.6,97591.3,93761.6,80865.8,69716.2,83856.3
Joker Tomrefjord,54545.5,59611.4,103572.8,103625.1,30432.6,59561.5,59736.7,62912.7,55436.9,56782.9,39242.6,60920.9,160193.0,166221.0,72170.1,57610.6,65611.6,56556.4,182982.0,179989.8,37951.7,59677.5,49147.5,172375.3,64330.9,163503.9,59567.2,82342.2,61654.0,79408.0,26000.4,62787.1,107404.0,98274.4,34810.5,52412.1,72030.2,54866.2,49138.7,57052.8,62987.2,98259.5,59475.5,39161.1,63592.0,101482.9,57648.0,49829.2,123266.3,8047.8,181568.4,66813.0,102742.7,113250.8,108139.9,173921.4,53739.5,123177.0,0.0,204320.5,24002.7,69993.8,145714.0,129883.2,97964.4,108458.9,58698.0,36570.7,108959.9,57260.6,62017.5,56699.7,48924.9,178489.4,55364.2,54149.7,54571.0,56931.2,62828.4,73463.0,163497.7,82335.6,62163.3,59513.7,91137.0,64660.3,60094.9,47857.5,12350.2,164771.9,53563.9,48741.7,98056.8,109873.6,51828.8,82466.5,56553.7,52852.0,59562.6,129284.1,55152.4,42774.5,129252.6,108264.2,141028.5,101468.9,65311.3,187135.4,49031.2,85130.3,89045.6,45406.2,24473.9,81263.9,79781.5,77895.1,108174.6,51214.7,48346.6,66324.8,51907.6,12395.7,98398.9,68262.7,56713.2,26383.5,49125.5,79763.9,108345.6,57415.2
Joker,152401.2,166598.8,116484.6,116536.8,187665.4,166548.9,166724.1,169900.1,162879.9,164225.9,191492.6,167908.4,82808.5,50654.6,140642.4,147067.5,159222.8,163999.4,106073.6,24489.2,177333.8,166664.9,155343.5,123560.1,140000.1,41358.1,166554.6,131217.4,175984.2,148502.9,178440.6,156398.4,98822.8,106856.9,170020.5,153477.2,140580.6,162309.2,155418.1,147502.7,177317.4,106255.0,166463.0,191411.1,177922.2,105093.4,209898.0,155507.7,111174.5,196165.6,104660.0,181143.2,139399.1,91073.8,144796.3,30555.9,138637.4,111085.3,204179.9,0.0,180571.2,184324.0,97454.7,131745.5,106511.2,97912.7,165685.4,171850.1,97737.3,147338.1,169004.9,164142.6,155343.5,101581.1,162807.2,161183.6,159509.0,164374.1,156439.6,119082.8,41296.2,131210.8,169150.8,166501.2,127793.4,158271.5,167082.3,156727.7,180237.4,50963.6,159959.3,155723.6,106122.1,146530.1,158862.7,131536.5,163996.7,152083.6,166550.1,116154.6,148953.1,180854.9,116123.1,144920.6,63430.6,105079.5,158922.5,110227.0,155177.1,129641.8,118540.2,197656.1,165628.6,132216.7,148876.5,126285.4,98034.1,157697.0,155786.5,180655.0,152972.6,180282.9,106251.1,182592.9,148053.6,178633.5,174763.5,148858.9,145002.0,164858.2
Joker Vatne,30926.6,35992.5,91693.5,91745.7,7268.2,35942.6,36117.8,39293.8,31818.1,33164.0,15623.7,37302.1,136574.1,142602.1,48551.2,33991.8,41992.7,32937.5,159363.1,156370.9,23040.2,36058.6,25528.6,148756.4,40712.0,139885.0,35948.3,58723.4,38035.1,67528.7,2381.5,39168.3,83785.1,74655.5,11191.6,28793.3,48411.4,31247.3,25519.8,33433.9,39368.3,74640.6,35856.7,15542.2,39973.1,77864.0,34029.1,26210.3,99647.4,16001.3,157949.5,43194.1,79123.8,89631.9,84521.0,150302.5,41860.2,99558.1,24015.5,180701.6,0.0,46374.9,122095.2,106264.3,74345.5,84840.0,35079.1,12951.8,85341.0,33641.7,38398.6,33080.8,25306.0,154870.5,31745.3,30530.8,30952.1,33312.3,39209.5,66857.7,139878.8,58716.8,38544.5,35894.9,67518.1,41041.4,36476.0,24238.6,36319.9,141153.1,29945.0,25122.9,74438.0,86254.8,28209.9,58847.6,32934.8,29233.1,35943.7,105665.2,31533.6,19155.6,105633.7,84645.3,117409.7,77850.1,41692.4,163516.5,25412.3,61511.4,65426.8,21787.3,48443.6,57645.0,67902.2,54276.3,84555.7,27595.8,24727.7,42705.9,28288.7,36365.4,74780.1,44643.8,33094.3,2764.7,25506.6,67884.6,84726.7,33796.4
Vigra post i butikk,34847.2,20639.7,125977.9,126030.1,53430.5,20589.8,20765.0,23941.0,22834.6,21150.6,57257.7,21949.2,140494.7,146522.7,52471.8,47348.9,45913.3,20924.0,163283.7,160124.0,57324.6,20705.8,30150.8,152676.9,54069.1,143638.1,20595.5,62643.9,11713.2,101813.1,44205.7,43088.8,87705.7,78576.1,43025.8,32713.8,52331.9,23080.3,29250.5,46791.0,10542.2,78561.2,20503.8,57176.2,15147.4,81784.6,75663.1,28989.0,103568.0,61930.8,161870.1,18368.4,83044.4,102989.0,88441.6,154055.6,76144.6,103478.7,69945.0,184454.8,46336.3,0.0,126015.7,110184.9,78266.1,88760.6,19726.3,46556.2,89261.6,46998.8,23045.8,21067.3,29928.2,158791.1,23578.3,23502.1,34872.7,20900.5,43130.1,80214.8,143631.9,62637.3,23191.6,20542.0,71438.6,44962.0,21123.2,29225.3,82956.3,145073.6,25143.1,29043.4,78358.5,90175.3,25926.9,62768.2,20726.3,33153.7,20590.9,109585.8,35454.1,27447.9,109554.3,88565.9,121162.8,81770.6,45612.9,167437.1,30236.3,65432.0,78783.9,63421.3,84862.5,61565.6,102186.6,58196.8,88476.3,27306.4,29502.8,3669.0,32209.3,83001.8,78700.6,2363.1,37014.9,44398.6,21356.6,102169.0,88647.2,21587.8
Joker Åheim,94328.8,108526.4,167829.3,167881.6,129552.7,108476.5,108651.7,111827.7,104807.5,106153.5,133379.9,109836.0,14661.8,46978.3,74129.3,128202.6,96745.6,105927.0,37450.8,109133.1,126206.6,108592.5,97271.0,26844.0,159409.3,92647.1,108482.2,64704.4,117911.8,157061.7,120327.9,93921.2,66661.8,75741.9,111907.7,95404.8,74067.6,104236.8,97345.7,128637.8,119244.9,75180.2,108390.5,133298.4,119849.8,72208.3,151785.2,97435.3,93306.5,138052.9,36037.2,123070.7,43152.5,110483.1,37657.1,103064.6,158046.7,93217.2,146067.1,97452.3,122458.5,126251.6,0.0,34473.5,75396.1,68393.0,107613.0,117985.1,68217.6,128473.2,110932.5,106070.2,97271.1,32958.2,104734.8,103111.2,97563.6,106301.7,93962.5,138492.1,92640.9,64697.8,111078.4,108428.8,55467.9,95794.3,109009.9,98655.3,151838.2,47369.6,101886.8,97651.2,75491.8,74204.6,100790.3,65023.5,105924.3,94011.2,108477.6,18882.7,90880.6,122782.4,18851.2,72595.1,82839.8,72194.4,96445.3,41604.2,97104.7,63128.8,137949.4,139543.4,153744.4,65703.7,157435.2,95445.5,68054.1,99624.6,97714.1,122582.6,94900.2,151883.8,75099.2,124520.5,92227.8,120520.8,116691.1,157417.6,72676.5,106785.8
Joker Åram,78497.9,92695.6,202120.5,202172.8,113721.9,92645.6,92820.8,95996.9,88976.7,90322.7,117549.0,94005.1,48952.9,81269.5,58298.5,94209.0,80914.8,90096.1,71741.9,143424.2,110375.7,92761.6,81440.2,61135.2,100929.2,126938.3,92651.3,48873.5,102080.9,154864.2,104497.0,78090.3,63985.1,73065.2,96076.9,79573.9,58236.7,88405.9,81514.8,93651.1,103414.1,72503.6,92559.7,117467.5,104018.9,69531.7,135954.4,81604.4,90629.8,122222.1,70328.3,107239.9,27321.6,122967.1,21826.3,137355.8,129195.7,90540.6,130236.3,131743.5,106627.6,110420.7,34474.0,0.0,72719.4,65716.3,91782.1,102154.3,65540.9,93858.9,95101.6,90239.4,81440.3,67249.3,88903.9,87280.3,81732.8,90470.9,78131.6,150976.1,126932.1,48866.9,95247.5,92597.9,39637.0,79963.5,93179.0,82824.5,136007.4,81660.8,86056.0,81820.3,72815.2,58373.7,84959.5,49192.7,90093.4,78180.3,92646.8,16005.1,75049.8,106951.6,15842.8,56764.3,99414.9,69517.7,80614.5,75895.3,81273.9,47298.0,150433.5,123712.6,137913.6,49872.9,155237.7,92768.8,65377.4,83793.8,81883.2,106751.8,79069.4,136052.9,72422.6,108689.6,76396.9,104690.0,100860.2,155220.1,56845.6,90955.0
Kiwi Meieribygget Ørsta,46204.2,60401.9,140855.7,140907.9,81428.2,60351.9,60527.1,63703.2,56683.0,58029.0,85255.3,61711.4,99489.3,68558.1,41696.6,52845.5,53025.8,57802.4,122754.4,82159.4,78082.0,60467.9,49146.5,102043.5,58346.4,65673.5,60357.6,32271.7,69787.2,122570.5,72203.3,50201.4,9478.7,585.0,63783.2,47280.2,41634.8,56112.2,49221.1,53280.7,71120.4,334.1,60266.0,85173.8,71725.2,3557.5,103660.7,49310.7,25603.3,89928.4,121340.8,74946.2,40453.4,66750.4,45850.6,76091.0,96902.0,25514.1,97942.6,106490.1,74334.0,78127.0,75382.3,72705.6,0.0,10533.6,59488.5,69860.6,11034.5,53116.1,62807.9,57945.7,49146.6,118261.9,56610.2,54986.6,49439.1,58177.2,50242.7,94759.4,65667.3,32265.1,62953.8,60304.2,28847.7,52074.5,60885.3,50530.8,103713.7,67109.0,53762.3,49526.6,393.9,47584.3,52665.8,32590.8,57799.8,45886.6,60353.1,58952.3,42756.1,74657.9,58920.8,45974.9,43198.2,3543.6,52725.5,126907.8,48980.2,30696.1,94216.8,91418.9,105619.9,33271.0,122944.0,20088.4,10249.3,51500.1,49589.5,74458.1,46775.7,103759.2,473.6,76395.9,41856.6,72396.3,68566.6,122926.4,46056.2,58661.3
"Volda, 6100 Volda",56829.6,71027.2,132263.1,132315.4,92053.5,70977.3,71152.5,74328.5,67308.3,68654.3,95880.6,72336.8,90896.7,59965.5,43025.6,63470.8,63651.2,68427.8,114161.9,73566.8,88707.4,71093.3,59771.8,95055.3,68971.8,57080.9,70983.0,33600.6,80412.6,104736.4,82828.6,60826.7,1739.0,11010.2,74408.5,57905.6,42963.8,66737.6,59846.5,63906.0,81745.7,10448.5,70891.3,95799.2,82350.6,7476.6,114286.0,59936.1,25820.5,100553.7,112748.2,85571.6,41782.3,58157.8,47179.5,67498.4,107527.4,25731.3,108567.9,97897.6,84959.3,88752.4,68394.1,65717.4,10664.4,0.0,70113.8,80485.9,731.6,63741.5,73433.3,68571.0,59771.9,109669.3,67235.6,65612.0,60064.4,68802.5,60868.0,86166.8,57074.7,33594.0,73579.1,70929.6,30176.6,62699.9,71510.7,61156.1,114339.0,58516.4,64387.6,60152.0,10760.1,48913.3,63291.1,33919.7,68425.1,56512.0,70978.4,51964.1,53381.4,85283.2,51932.6,47303.8,34605.6,7462.7,63350.8,118315.3,59605.5,32025.0,85624.2,102044.2,116245.3,34599.9,105110.0,30713.8,536.3,62125.4,60214.9,85083.4,57401.0,114384.6,10367.5,87021.3,52481.9,83021.6,79191.9,105092.4,47385.2,69286.6
SUNDGATA 8,16166.0,965.4,107296.6,107348.9,42286.9,915.4,1090.6,4266.7,4153.3,2469.4,46114.1,2274.9,121813.5,127841.5,33790.6,28667.6,27232.0,2242.8,144602.5,141442.8,38643.4,839.5,11469.6,133995.7,35387.9,124956.9,921.2,43962.7,11433.7,83131.8,33062.1,24407.6,69024.5,59894.9,24344.5,14032.6,33650.7,4399.0,10569.2,28109.8,12766.8,59879.9,797.9,46032.6,13371.7,63103.3,64519.5,10307.8,84886.8,50787.2,143188.9,16592.6,64363.1,84307.8,69760.4,135374.4,57463.4,84797.5,58801.4,165773.5,35192.7,19773.5,107334.5,91503.6,59584.9,70079.3,0.0,30422.0,70580.3,28317.6,3371.5,2386.1,11247.0,140109.9,4897.0,4820.9,16191.5,2219.3,24448.9,61533.5,124950.7,43956.1,3517.3,867.7,52757.4,26280.7,1448.9,10544.1,64275.0,126392.4,6461.9,10362.2,59677.3,71494.1,7245.6,44087.0,2045.1,14472.4,885.0,90904.6,16772.9,16304.3,90873.1,69884.6,102481.6,63089.4,26931.7,148755.8,11555.1,46750.8,60102.6,52277.7,66181.3,42884.4,83505.4,39515.6,69795.1,8625.2,10821.6,16104.5,13528.1,64320.6,60019.4,18042.3,18333.7,33255.0,10213.0,83487.7,69966.0,2906.6
Kiwi Skodje,26433.6,31043.9,78811.8,78864.0,20052.2,30993.9,31169.1,34345.2,27325.0,28671.0,23879.3,32353.4,132081.1,138109.0,44058.1,25147.8,37499.6,28444.4,154870.0,147527.0,10158.5,31109.9,21035.5,144263.3,31868.1,131041.1,30999.6,54230.3,38283.5,54646.9,10827.3,34675.2,79292.0,70162.4,6698.5,24300.2,43918.3,26754.2,21026.7,24589.9,39616.6,70147.5,30908.0,23797.8,40221.5,73370.9,42284.7,21717.2,95154.3,28552.4,153456.4,43442.4,74630.7,80788.0,80027.9,141458.6,28978.5,95065.0,36566.6,171857.7,12958.0,46623.3,117602.1,101771.2,69852.4,80346.9,30130.4,0.0,80847.9,24797.8,33449.9,28587.7,20812.9,150377.4,27252.2,26037.7,22526.9,28819.2,34716.4,58013.7,131034.9,54223.7,33595.8,30946.2,63025.0,36548.3,31527.3,19745.5,35790.2,136660.0,25452.0,20629.8,69944.9,81761.7,23716.8,54354.6,28441.7,24740.0,30995.1,101172.1,27040.5,19403.9,101140.6,80152.2,108565.7,73357.0,37199.3,159023.4,20919.2,57018.3,56582.8,30042.9,37696.4,53151.9,55020.5,49783.2,80062.6,23102.8,20234.6,42954.3,23795.6,35835.7,70287.0,44892.1,28601.2,11020.3,25754.9,55002.8,80233.6,29303.3
Kiwi Volda,57219.6,71417.3,132120.1,132172.3,92443.6,71367.3,71542.5,74718.6,67698.4,69044.4,96270.7,72726.8,90753.7,59822.5,43415.6,63860.9,64041.2,68817.8,114018.8,73423.8,89097.4,71483.3,60161.9,94912.3,69361.9,56937.9,71373.1,33990.7,80802.6,104593.4,83218.7,61216.8,1596.0,11400.2,74798.6,58295.6,43353.9,67127.6,60236.5,64296.1,82135.8,10838.6,71281.4,96189.3,82740.7,7866.7,114676.1,60326.1,25406.9,100943.8,112605.2,85961.6,42172.4,58014.8,47569.6,67355.4,107917.4,25317.6,108958.0,97754.5,85349.4,89142.5,68251.0,65574.4,11054.5,685.9,70503.9,80876.0,0.0,64131.6,73823.3,68961.1,60162.0,109526.3,67625.7,66002.0,60454.5,69192.6,61258.1,86023.8,56931.7,33984.1,73969.2,71319.6,30566.7,63089.9,71900.8,61546.2,114729.1,58373.4,64777.7,60542.0,11150.2,49303.3,63681.2,34309.8,68815.2,56902.0,71368.5,51821.1,53771.5,85673.3,51789.6,47693.9,34462.6,7852.8,63740.9,118172.2,59995.6,32415.1,85481.2,102434.3,116635.3,34990.0,104967.0,31103.8,807.3,62515.5,60604.9,85473.5,57791.1,114774.6,10757.6,87411.3,52872.0,83411.7,79582.0,104949.3,47775.3,69676.7
Kiwi Sykkylven,18516.5,29111.9,76230.4,76282.7,40596.8,29061.9,29237.1,32413.2,25393.0,26739.0,44423.9,30421.4,152099.6,120411.4,36141.1,563.8,29582.6,26512.4,175364.7,123009.2,30265.2,29177.9,17856.5,155097.6,7350.3,106523.3,29067.6,46313.2,38497.2,52065.6,31371.9,26758.1,62532.8,53403.2,22951.8,14664.9,36001.2,24822.2,17931.1,207.8,39830.4,53388.3,28976.0,44342.5,40435.2,56611.6,62829.3,18020.7,78395.1,49097.0,173951.1,43656.2,66713.7,56270.3,72110.9,116940.8,49085.1,78305.8,57111.2,147339.9,33502.6,46837.0,128436.4,93854.2,53093.2,63587.7,28198.4,24781.4,64088.6,0.0,31517.9,26655.7,17856.6,170872.1,25320.2,23696.6,12440.4,26887.2,26799.4,33496.0,106517.1,46306.6,31663.8,29014.2,55108.0,28631.3,29595.3,19240.7,55896.8,119719.3,22472.3,18236.6,53185.6,73844.6,21375.8,46437.5,26509.7,16823.0,29063.1,112006.4,19123.4,39948.5,111974.9,72235.2,84048.0,56597.7,29282.2,179518.1,17690.2,49101.3,32065.1,50587.5,57803.0,45234.9,52439.1,33023.9,63303.4,20210.1,18299.5,43168.0,14995.6,55942.4,53527.7,45105.9,20684.2,31564.9,37276.5,52421.5,72316.6,27371.3
SKARBØVIKGATA 25,19459.8,3032.5,110590.4,110642.7,45580.7,2498.4,2507.2,1550.2,7447.1,5763.1,49407.8,1133.3,125107.3,131135.3,37084.3,31961.4,30525.8,5536.6,147896.2,144736.6,41937.2,3098.6,14763.4,137289.5,38681.7,128250.7,2482.9,47256.5,14727.4,86425.6,36355.9,27701.4,72318.2,63188.7,27638.3,17326.4,36944.5,7692.8,13863.0,31403.6,16060.6,63173.7,3074.0,49326.4,16665.4,66397.1,67813.2,13601.6,88180.5,54080.9,146482.6,19886.4,67656.9,87601.6,73054.1,138668.2,60757.1,88091.3,62095.2,169067.3,38486.5,23067.2,110628.3,94797.4,62878.7,73373.1,3389.8,33715.7,73874.1,31611.4,0.0,5679.9,14540.8,143403.7,8190.8,8114.7,19485.3,5513.1,27742.7,64827.3,128244.5,47249.9,800.8,2647.5,56051.2,29574.5,1920.7,13837.9,67568.8,129686.2,9755.7,13656.0,62971.1,74787.9,10539.4,47380.8,5338.8,17766.2,3311.1,94198.4,20066.7,19598.1,94166.9,73178.4,105775.4,66383.2,30225.5,152049.6,14848.9,50044.6,63396.4,55571.4,69475.0,46178.1,86799.2,42809.4,73088.9,11919.0,14115.4,19398.3,16821.8,67614.3,63313.2,21336.1,21627.4,36548.8,13506.8,86781.5,73259.8,6200.4
NØRVEGATA 23,14806.5,3047.3,105937.2,105989.4,40630.1,2997.4,3172.6,6348.6,1802.7,118.8,44457.2,4356.8,120454.0,126482.0,32431.1,27308.2,25872.6,285.7,143243.0,140083.4,37283.9,3113.3,10110.1,132636.2,34028.4,123597.4,3003.1,42603.2,12432.7,81772.4,31405.2,23048.1,67665.0,58535.4,22985.1,12673.1,32291.2,1892.1,9209.8,26750.3,13765.8,58520.5,2911.4,44375.7,14370.7,61743.9,62862.6,8948.3,83527.3,49130.3,141829.4,17591.6,63003.7,82948.4,68400.9,134014.9,56103.9,83438.0,57144.5,164414.1,33535.8,20772.5,105975.0,90144.2,58225.4,68719.9,2133.9,29062.5,69220.9,26958.1,5453.4,0.0,9887.5,138750.4,1966.4,2685.9,14832.0,801.4,23089.4,60174.1,123591.2,42596.6,5599.2,2949.6,51397.9,24921.3,3530.8,9184.7,62915.6,125032.9,4327.0,9002.7,58317.8,70134.6,5886.2,42727.5,424.0,13113.0,2998.5,89545.1,15413.4,17303.3,89513.6,68525.2,101122.1,61729.9,25572.2,147396.4,10195.6,45391.3,58743.2,50620.8,64821.8,41524.9,82145.9,38156.1,68435.6,7265.7,9462.2,17103.5,12168.6,62961.1,58659.9,19041.4,16974.2,31598.1,11212.0,82128.3,68606.5,1285.5
SPJELKAVIKVEGEN 42,5798.7,12158.9,97620.0,97672.3,32312.9,12109.0,12284.2,15460.3,8440.0,9786.0,36140.0,13468.5,111446.2,117474.2,23423.3,18300.3,16864.7,9559.5,134235.2,131075.5,28966.8,12225.0,282.6,123628.4,25020.6,114589.6,12114.7,33595.4,21544.3,73455.2,23088.0,14040.3,58657.2,49527.6,14667.9,3665.3,23283.4,7869.3,1252.7,17742.5,22877.5,49512.7,12023.1,36058.6,23482.3,52736.0,54545.4,1427.0,74519.5,40813.1,132821.6,26703.3,53995.8,73940.5,59393.1,125007.1,47786.8,74430.2,48827.3,155406.2,25218.7,29884.1,96967.2,81136.4,49217.6,59712.1,11245.5,20745.3,60213.0,17950.3,14565.0,9702.8,0.0,129742.6,8367.3,6902.2,5824.2,9934.3,14081.6,51166.2,114583.4,33588.8,14710.9,12061.3,42390.1,15913.4,12642.4,1497.4,54598.4,116025.1,5677.9,1174.4,49310.0,61126.8,4581.4,33719.7,9556.8,4105.1,12110.2,80537.3,6405.6,26415.0,80505.8,59517.4,92114.3,52722.1,16564.4,138388.5,166.4,36383.5,49735.3,42303.6,56504.7,32517.1,73828.8,29148.3,59427.8,3616.4,551.1,26215.1,3160.8,54644.0,49652.1,28153.0,7966.4,23281.0,20323.6,73811.1,59598.7,10418.3
Kiwi Deknepollen,144886.0,159083.6,171937.7,171989.9,180109.9,159033.7,159208.9,162384.9,155364.7,156710.7,183937.1,160393.2,18770.1,51086.7,106913.5,170585.1,151707.6,156484.2,4683.3,113241.4,176763.8,159149.7,147828.3,59072.4,163517.7,96755.5,159039.4,97488.6,168469.0,161170.0,170885.1,148883.2,89986.5,99066.6,162465.0,145962.0,106851.8,154794.0,147902.9,171020.3,169802.2,98504.9,158947.8,183855.6,170407.0,95533.1,202342.4,147992.5,122915.9,188610.2,12441.1,173628.0,75936.7,114591.4,70441.3,107173.0,162155.0,122826.6,196624.4,101560.6,173015.7,176808.8,32967.0,67257.8,98720.8,91717.7,158170.2,168542.4,91542.3,170855.7,161489.7,156627.5,147828.3,0.0,155292.0,153668.4,148120.9,156858.9,148924.4,142600.4,96749.3,97482.0,161635.6,158986.0,88252.1,150756.3,159567.1,149212.5,202395.5,51478.0,152444.1,148208.4,98816.6,106988.8,151347.5,97807.7,156481.5,144568.4,159034.9,51666.9,141437.9,173339.6,51635.4,105379.3,86948.2,95519.1,151407.3,8836.7,147661.9,95913.0,142057.8,190100.7,204301.7,98487.9,161543.6,118770.2,91378.8,150181.8,148271.3,173139.8,145457.5,202441.0,98423.9,175077.7,140538.4,171078.0,167248.3,161525.9,105460.7,157343.0
"Eggesbønes, 6008 Ålesund",13340.4,5464.3,104471.0,104523.3,39163.9,5414.3,5589.5,8765.6,1357.3,1954.5,42991.0,6773.8,118987.9,125015.9,30965.0,25842.0,24406.4,2864.8,141776.9,138617.2,35817.8,5530.3,8644.0,131170.1,32562.3,122131.3,5420.0,41137.1,14849.6,80306.2,29939.0,21582.0,66198.8,57069.3,21518.9,11207.0,30825.1,1116.4,7743.6,25284.2,16182.8,57054.3,5328.4,42909.6,16787.6,60277.7,61396.4,7482.2,82061.1,47664.1,140363.2,20008.6,61537.5,81482.2,66934.8,132548.8,54637.7,81971.9,55678.3,162947.9,32069.7,23189.4,104508.9,88678.0,56759.3,67253.7,4550.8,27596.3,67754.7,25492.0,7870.3,2044.2,8421.4,137284.3,0.0,1794.3,13365.9,3239.6,21623.3,58707.9,122125.1,41130.5,8016.2,5366.6,49931.8,23455.1,5947.7,7718.5,61449.4,123566.8,3435.3,7536.6,56851.7,68668.5,4420.0,41261.4,2862.1,11646.8,5415.5,88079.0,13947.3,19720.3,88047.5,67059.0,99656.0,60263.8,24106.1,145930.2,8729.5,43925.2,57277.0,49154.6,63355.6,40058.8,80679.8,36690.0,66969.5,5799.6,7996.0,19520.4,10702.4,61495.0,57193.8,21458.3,15508.0,30132.0,13628.9,80662.1,67140.4,3723.7
NEDRE KLOKKERSUNDVEGEN 2,11556.3,5698.6,104052.4,104104.7,38745.3,5648.7,5823.9,8999.9,1677.4,2670.2,42572.4,7008.1,117203.8,123231.8,29180.9,24058.0,22622.4,3099.2,139992.8,136833.1,35399.2,5764.7,7111.7,129386.0,30778.2,120347.2,5654.4,39353.0,15084.0,79887.6,29520.4,19797.9,64414.8,55285.2,21100.3,9422.9,29041.0,1106.6,6139.0,23500.1,16417.1,55270.3,5562.7,42491.0,17022.0,58493.7,60977.8,5877.5,80277.1,47245.5,138579.2,20242.9,59753.5,79698.1,65150.7,130764.7,54219.1,80187.8,55259.7,161163.9,31651.1,23423.8,102724.8,86894.0,54975.2,65469.7,4785.2,27177.7,65970.7,23707.9,8104.7,3242.4,8002.7,135500.2,1820.2,0.0,11581.8,3473.9,19839.2,56923.9,120341.0,39346.4,8250.5,5601.0,48147.7,21671.1,6182.1,7299.9,61030.8,121782.7,1895.6,7118.0,55067.6,66884.4,2552.5,39477.3,3096.5,9862.8,5649.8,86294.9,12163.2,19954.6,86263.4,65275.0,97871.9,58479.7,22322.0,144146.2,6945.4,42141.1,55493.0,48736.0,62937.0,38274.7,80261.1,34905.9,65185.4,4194.9,7577.4,19754.8,8918.4,61076.3,55409.7,21692.7,13724.0,29713.4,13863.3,80243.5,65356.3,3958.0
FLISNESVEGEN 1,6422.6,17017.9,96626.1,96678.3,38044.3,16968.0,17143.2,20319.3,13299.0,14645.0,41871.4,18327.5,112070.1,118098.1,24047.2,12735.0,17488.7,14418.5,134859.1,135114.1,27972.8,17084.0,5762.6,124252.3,19455.2,118628.2,16973.7,34219.3,26403.3,72461.3,28819.4,14664.2,59281.1,50151.5,20399.3,2570.9,23907.3,12728.3,5837.2,12177.1,27736.5,50136.6,16882.1,41789.9,28341.3,53360.0,60276.8,5926.8,75143.4,46544.5,133445.5,31562.3,54619.8,68375.1,60017.0,129045.7,46792.8,75054.1,54558.7,159444.8,30950.0,34743.1,97591.1,81760.3,49841.5,60336.0,16104.5,22489.1,60837.0,12384.9,19424.0,14561.8,5762.7,130366.5,13226.3,11602.7,0.0,14793.3,14705.5,45600.9,118622.0,34212.7,19569.9,16920.3,43014.0,16537.4,17501.4,7146.8,53604.5,116649.0,10378.4,6142.7,49933.9,61750.7,9281.9,34343.6,14415.8,4729.1,16969.2,81161.2,7029.5,31274.0,81129.7,60141.3,96152.9,53346.0,17188.3,139012.5,5596.3,37007.4,44170.0,48035.0,55510.7,33141.0,72834.8,29772.2,60051.7,8116.2,6205.6,31074.1,2901.7,53650.0,50276.0,33012.0,8590.3,29012.3,25182.6,72817.2,60222.6,15277.4
"Kverve, 6008 Ålesund",14578.6,3193.4,105709.3,105761.5,40402.2,3143.5,3318.7,6494.7,2568.9,884.9,44229.3,4502.9,120226.1,126254.1,32203.2,27080.3,25644.7,658.3,143015.1,139855.5,37056.0,3259.4,9882.2,132408.3,33800.5,123369.5,3149.2,42375.3,12578.8,81544.5,31177.3,22820.2,67437.1,58307.5,22757.2,12445.2,32063.3,2811.7,8981.9,26522.4,13911.9,58292.6,3057.5,44147.8,14516.8,61516.0,62634.7,8720.4,83299.4,48902.4,141601.5,17737.7,62775.8,82720.5,68173.0,133787.0,55876.0,83210.1,56916.6,164186.2,33307.9,20918.6,105747.1,89916.3,57997.5,68492.0,2280.0,28834.6,68993.0,26730.2,5599.5,801.6,9659.6,138522.5,3309.7,3233.5,14604.1,0.0,22861.5,59946.2,123363.3,42368.7,5745.3,3095.7,51170.0,24693.4,3676.9,8956.8,62687.7,124805.0,4874.6,8774.8,58089.9,69906.7,5658.3,42499.6,460.6,12885.1,3144.6,89317.2,15185.5,17449.4,89285.7,68297.3,100894.2,61502.0,25344.3,147168.5,9967.7,45163.4,58515.3,50392.9,64593.9,41297.0,81918.0,37928.2,68207.7,7037.8,9234.3,17249.6,11940.7,62733.2,58432.0,19187.5,16746.3,31370.2,11358.1,81900.4,68378.6,1322.1
"Fiskarstrand, 6037 Eidsnes",11130.2,25327.9,111661.3,111713.5,46354.2,25277.9,25453.1,28629.2,21609.0,22955.0,50181.3,26637.4,108096.8,118537.0,20073.9,26841.3,2946.4,22728.4,130885.8,132138.4,43008.0,25393.9,14072.5,120279.0,33561.5,115652.5,25283.6,30246.0,34713.2,87496.5,37129.3,41.3,59720.0,50590.4,28709.2,12206.2,19934.0,21038.2,14147.1,26283.4,36046.4,50575.5,25192.0,50099.8,36651.2,53798.9,68586.7,14236.7,75582.3,54854.4,129472.2,39872.2,50646.5,82481.4,56043.7,126070.0,61828.0,75493.1,62868.6,156469.1,39259.9,43053.0,93617.8,77787.0,50280.4,60774.9,24414.4,34786.6,61275.9,26491.2,27733.9,22871.7,14072.6,126393.2,21536.2,19912.6,14365.1,23103.2,0.0,59707.2,115646.3,30239.4,27879.8,25230.2,39040.7,1995.1,25811.3,15456.8,68639.7,117088.0,18688.3,14452.6,50372.9,57777.4,17591.8,30370.3,22725.7,10812.6,25279.1,77187.9,7682.1,39583.9,77156.4,56168.0,93177.2,53785.0,2646.1,135039.2,13906.2,33034.1,58276.3,56344.9,70545.9,29167.7,87870.0,30211.2,60490.7,16426.1,14515.5,39384.1,11701.7,68685.2,50715.0,41321.9,9029.2,37322.3,33492.5,87852.4,56249.3,23587.3
Kiwi Stranda,51722.4,62317.7,43006.2,43058.5,73802.7,62267.8,62443.0,65619.0,58598.8,59944.8,77629.8,63627.3,123842.7,92154.5,69347.0,33204.7,62788.4,59718.3,147107.8,94752.3,38840.3,62383.8,51062.3,164594.3,26137.3,78266.4,62273.5,79519.1,71703.1,18841.4,64577.8,59964.0,87051.3,95085.4,56157.7,47870.7,69207.1,58028.1,51137.0,33639.9,73036.3,94483.6,62181.8,77548.3,73641.1,93321.9,96035.2,51226.6,61934.0,82302.9,145694.2,76862.1,127627.6,28013.4,133024.9,88683.9,19826.4,61960.6,73504.0,119083.1,66708.4,80042.9,138488.9,151029.6,94739.7,86141.2,61404.3,57987.3,85965.8,33475.4,64723.8,59861.5,51062.4,142615.2,58526.1,56902.5,45646.2,60093.0,60005.3,0.0,78260.2,79512.5,64869.7,62220.1,116021.9,61837.1,62801.2,52446.6,61426.4,91462.4,55678.2,51442.5,94350.6,134758.6,54581.6,79643.4,59715.6,50028.8,62268.9,137276.4,52329.3,73154.4,137244.9,133149.1,55791.1,93308.0,62488.1,151261.2,50896.0,82307.2,2090.0,83793.4,46817.6,78440.8,19215.0,64399.5,86262.6,53415.9,51505.4,76373.9,48201.5,61471.9,94479.6,78311.8,53890.1,64770.7,70482.4,19197.3,133230.5,60577.1
Kiwi Stryn,111517.4,125715.0,75365.4,75417.6,146781.6,125665.1,125840.3,129016.4,121996.1,123342.1,150608.8,127024.6,77974.8,46286.6,99758.6,106183.7,118339.0,123115.6,101239.9,16970.3,136450.0,125781.1,114459.7,118726.4,99116.3,238.9,125670.8,90333.6,135100.4,107383.7,137556.8,115514.6,57939.0,65973.2,129136.7,112593.4,99696.8,121425.4,114534.3,106618.9,136433.6,65371.3,125579.2,150527.3,137038.4,64209.7,169014.2,114623.9,70290.8,155281.9,99826.3,140259.4,98515.3,50190.0,103912.6,10901.9,97753.6,70201.5,163296.1,41301.0,139687.4,143440.2,92621.0,126911.8,65627.4,57028.9,124801.6,130966.3,56853.5,106454.4,128121.1,123258.9,114459.8,96747.4,121923.4,120299.8,118625.2,123490.4,115555.9,78199.0,0.0,90327.0,128267.0,125617.4,86909.6,117387.7,126198.5,115843.9,139353.6,45594.5,119075.5,114839.8,65238.3,105646.3,117979.0,90652.7,123112.9,111199.8,125666.3,111320.9,108069.3,139971.1,111289.4,104036.8,22546.8,64195.7,118038.7,105393.3,114293.4,88758.1,77656.4,156772.4,124744.8,91332.9,107757.3,85401.6,57150.3,116813.3,114902.7,139771.2,112088.9,139399.1,65367.3,141709.1,107169.8,137749.7,133879.7,107739.6,104118.2,123974.5
Kiwi Ulsteinvik,30935.5,45133.1,131466.6,131518.8,66159.4,45083.2,45258.4,48434.5,41414.2,42760.2,69986.6,46442.7,79232.5,93245.1,10736.1,46646.5,33352.4,42533.7,102021.5,106846.4,62813.3,45199.2,33877.8,91414.7,53366.8,90360.5,45088.9,43.8,54518.5,107301.7,56934.6,30527.9,32455.3,32729.0,48514.5,32011.5,10674.3,40843.5,33952.4,46088.7,55851.7,32167.3,44997.3,69905.1,56456.5,30352.1,88392.0,34042.0,56098.3,74659.7,100607.9,59677.5,21782.1,91437.4,27179.4,100778.0,81633.3,56009.1,82673.9,131177.1,59065.2,62858.3,64753.5,48922.7,32383.2,33510.2,44219.7,54591.9,34011.2,46296.5,47539.2,42677.0,33877.8,97528.9,41341.5,39717.9,34170.4,42908.5,30569.2,79512.4,90354.3,0.0,47685.1,45035.5,10176.4,32401.1,45616.6,35262.0,88445.0,91796.0,38493.6,34257.9,32479.0,28913.1,37397.0,542.4,42531.0,30617.9,45084.4,48323.6,27487.4,59389.1,48292.1,27303.7,67885.2,30338.1,33052.0,106174.9,33711.4,4169.8,78081.6,76150.2,90351.2,1689.0,107675.3,52432.6,33226.0,36231.3,34320.8,59189.3,31507.0,88490.5,32086.3,61127.2,28834.5,57127.5,53297.8,107657.7,27385.0,43392.5
"Valderøy, 6050 Valderøya",19605.6,3178.4,110736.3,110788.6,45726.6,2644.2,2653.0,1309.1,7593.0,5909.0,49553.7,1279.2,125253.1,131281.1,37230.2,32107.3,30671.7,5682.5,148042.1,144882.5,42083.0,3244.4,14909.2,137435.4,38827.6,128396.6,2628.8,47402.3,14873.3,86571.5,36501.7,27847.3,72464.1,63334.5,27784.2,17472.2,37090.3,7838.7,14008.9,31549.4,16206.5,63319.6,3219.8,49472.3,16811.3,66543.0,67959.1,13747.4,88326.4,54226.8,146628.5,20032.3,67802.8,87747.5,73200.0,138814.1,60903.0,88237.1,62241.0,169213.2,38632.4,23213.1,110774.1,94943.3,63024.5,73519.0,3535.7,33861.6,74020.0,31757.2,800.8,5825.7,14686.6,143549.5,8336.7,8260.5,19631.1,5658.9,27888.5,64973.2,128390.4,47395.7,0.0,2793.4,56197.1,29720.4,2066.6,13983.8,67714.7,129832.1,9901.6,13801.9,63117.0,74933.7,10685.3,47526.6,5484.7,17912.1,3457.0,94344.2,20212.5,19744.0,94312.7,73324.3,105921.2,66529.1,30371.4,152195.5,14994.7,50190.4,63542.3,55717.3,69620.9,46324.0,86945.0,42955.2,73234.7,12064.8,14261.3,19544.1,16967.7,67760.2,63459.0,21482.0,21773.3,36694.7,13652.6,86927.4,73405.7,6346.2
RASMUS RØNNEBERGS GATE 6,16952.7,385.0,108083.4,108135.6,43073.7,193.4,368.6,3544.6,4940.1,3256.1,46900.8,1552.9,122600.2,128628.2,34577.3,29454.4,28018.8,3029.5,145389.2,142229.5,39430.1,451.0,12256.3,134782.4,36174.6,125743.6,199.1,44749.4,12220.4,83918.5,33848.8,25194.3,69811.2,60681.6,25131.3,14819.3,34437.4,5185.7,11355.9,28896.5,13553.5,60666.7,426.4,46819.3,14158.4,63890.0,65306.2,11094.5,85673.5,51573.9,143975.6,17379.3,65149.8,85094.5,70547.1,136161.1,58250.1,85584.2,59588.1,166560.3,35979.4,20560.2,108121.2,92290.4,60371.6,70866.1,924.6,31208.7,71367.0,29104.3,2649.4,3172.8,12033.7,140896.6,5683.8,5607.6,16978.2,3006.0,25235.6,62320.3,125737.4,44742.8,2795.3,0.0,53544.1,27067.5,726.8,11330.8,65061.8,127179.1,7248.6,11148.9,60464.0,72280.8,8032.3,44873.7,2831.8,15259.1,663.6,91691.3,17559.6,17091.0,91659.8,70671.4,103268.3,63876.1,27718.4,149542.6,12341.8,47537.5,60889.4,53064.4,66968.0,43671.1,84292.1,40302.3,70581.8,9411.9,11608.3,16891.2,14314.8,65107.3,60806.1,18829.1,19120.4,34041.7,10999.7,84274.4,70752.7,3693.3
Kiwi Myrvåg,39759.4,53957.0,161970.6,162022.9,74983.3,53907.1,54082.2,57258.3,50238.1,51584.1,78810.4,55266.5,69940.3,89673.0,19559.9,55470.4,42176.2,51357.5,92729.3,103274.3,71637.2,54023.0,42701.6,82122.6,62190.7,86788.4,53912.8,10135.0,63342.4,116125.6,65758.4,39351.8,28883.3,29156.9,57338.3,40835.4,19498.2,49667.4,42776.3,54912.5,64675.5,28595.3,53821.1,78729.0,65280.4,26780.0,97215.8,42865.8,52526.3,83483.5,91315.7,68501.3,12490.0,87865.4,17887.2,97205.9,90457.1,52437.0,91497.7,127605.1,67889.1,71682.2,55461.3,39630.5,28811.2,29938.2,53043.6,63415.7,30439.2,55120.3,56363.1,51500.8,42701.7,88236.7,50165.4,48541.8,42994.2,51732.3,39393.1,115874.3,86782.2,10128.4,56508.9,53859.3,0.0,41224.9,54440.5,44085.9,97268.8,88223.9,47317.4,43081.8,28906.9,19285.3,46220.9,10454.1,51354.9,39441.8,53908.2,39031.4,36311.2,68213.0,38999.9,17675.9,64313.1,26766.1,41875.9,96882.7,42535.3,8559.4,115331.7,84974.0,99175.0,11134.3,116499.2,48860.5,29653.9,45055.2,43144.7,68013.2,40330.8,97314.3,28514.3,69951.1,37658.4,65951.4,62121.7,116481.5,17757.2,52216.4
Kiwi Langevåg,12962.1,27159.7,113493.2,113545.4,48186.0,27109.8,27285.0,30461.0,23440.8,24786.8,52013.2,28469.3,109928.7,120368.9,21905.7,28673.1,964.4,24560.3,132717.6,133970.3,44839.9,27225.8,15904.4,122110.9,35393.4,117484.4,27115.5,32077.9,36545.1,89328.3,38961.2,1953.8,61551.9,52422.3,30541.1,14038.1,21765.9,22870.1,15979.0,28115.3,37878.3,52407.4,27023.9,51931.7,38483.1,55630.8,70418.6,16068.6,77414.2,56686.3,131304.0,41704.1,52478.3,84313.3,57875.6,127901.9,63659.9,77324.9,64700.5,158301.0,41091.8,44884.9,95449.7,79618.8,52112.3,62606.8,26246.3,36618.5,63107.8,28323.1,29565.8,24703.6,15904.4,128225.1,23368.1,21744.5,16197.0,24935.0,1995.1,61539.0,117478.2,32071.3,29711.7,27062.1,40872.6,0.0,27643.2,17288.6,70471.6,118919.8,20520.2,16284.5,52204.8,59609.3,19423.6,32202.2,24557.6,12644.5,27110.9,79019.8,9514.0,41415.7,78988.3,57999.8,95009.0,55616.8,664.0,136871.0,15738.0,34866.0,60108.1,58176.8,72377.8,30999.5,89701.9,32043.0,62322.5,18257.9,16347.4,41215.9,13533.6,70517.1,52546.8,43153.8,10861.1,39154.1,35324.4,89684.2,58081.2,25419.1
NEDRE STRANDGATE 51,17539.0,1111.8,108669.7,108721.9,43660.0,643.9,661.2,2817.8,5526.4,3842.4,47487.1,826.1,123186.5,129214.5,35163.6,30040.7,28605.1,3615.9,145975.5,142815.9,40016.4,1177.8,12842.6,135368.8,36760.9,126330.0,562.2,45335.7,12806.7,84504.9,34435.1,25780.6,70397.5,61267.9,25717.6,15405.6,35023.7,5772.1,11942.3,29482.8,14139.9,61253.0,1153.2,47405.6,14744.7,64476.4,65892.5,11680.8,86259.8,52160.2,144561.9,17965.7,65736.2,85680.9,71133.4,136747.4,58836.4,86170.5,60174.4,167146.6,36565.8,21146.5,108707.5,92876.7,60957.9,71452.4,1469.1,31795.0,71953.4,29690.6,1922.6,3759.1,12620.0,141482.9,6270.1,6193.9,17564.5,3592.3,25821.9,62906.6,126323.7,45329.1,2068.5,726.8,54130.5,27653.8,0.0,11917.2,65648.1,127765.4,7835.0,11735.2,61050.3,72867.1,8618.7,45460.0,3418.1,15845.5,1390.4,92277.6,18145.9,17677.3,92246.1,71257.7,103854.6,64462.4,28304.7,150128.9,12928.1,48123.8,61475.7,53650.7,67554.3,44257.4,84878.4,40888.6,71168.1,9998.2,12194.7,17477.5,14901.1,65693.6,61392.4,19415.4,19706.7,34628.1,11586.0,84860.8,71339.1,4279.6
LERSTADVEGEN 545,7396.8,11401.0,96920.6,96972.9,31613.5,11351.1,11526.3,14702.3,7682.1,9028.1,35440.6,12710.6,113044.3,119072.3,25021.4,19898.5,18462.9,8801.6,135833.3,132673.6,28267.4,11467.1,1706.6,125226.5,26618.7,116187.7,11356.8,35193.5,20786.4,72755.8,22388.6,15638.4,60255.3,51125.7,13968.5,5263.4,24881.5,7111.4,1989.9,19340.6,22119.6,51110.8,11265.2,35359.2,22724.4,54334.1,53846.0,2680.5,76117.6,40113.7,134419.7,25945.4,55594.0,75538.6,60991.2,126605.2,47087.3,76028.3,48127.9,157004.4,24519.3,29126.2,98565.3,82734.5,50815.7,61310.2,10487.6,20045.9,61811.1,19548.4,13807.1,8944.8,1484.0,131340.7,7609.4,6394.9,7422.3,9176.3,15679.7,52764.4,116181.5,35186.9,13953.0,11303.4,43988.2,17511.6,11884.5,0.0,53899.0,117623.2,6415.2,1593.0,50908.1,62724.9,4074.0,35317.8,8798.9,5703.3,11352.2,82135.4,8003.7,25657.0,82103.9,61115.5,93712.4,54320.2,18162.5,139986.7,1590.3,37981.6,51333.5,41604.2,55805.2,34115.2,73129.3,30746.4,61025.9,4066.0,905.7,25457.2,4758.9,53944.5,51250.2,27395.1,9564.5,22581.6,19565.7,73111.7,61196.8,9660.4
Kiwi Vestnes,60486.3,65096.6,91553.0,91605.3,42681.9,65046.7,65221.9,68398.0,61377.7,62723.7,51491.9,66406.2,166133.8,153321.6,78110.9,56318.1,71552.4,62497.2,188922.8,155919.4,25932.0,65162.7,55088.3,178316.1,63038.4,139433.5,65052.4,88283.0,74482.0,67388.2,38249.7,68727.9,113344.8,104215.2,40964.8,55921.6,77971.0,60807.0,55079.5,55760.2,75815.2,104200.3,64960.8,51410.4,76420.0,107423.7,69897.3,55770.0,129207.1,20297.1,187509.2,79641.0,108683.5,89180.4,114080.7,149851.0,41719.7,129117.8,12295.1,180250.1,36252.0,82821.8,151654.9,135824.0,103905.2,114399.7,64183.2,35818.3,114900.7,55968.0,67502.7,62640.5,54865.7,184430.2,61305.0,60090.5,53697.2,62872.0,68769.2,61443.2,139427.3,88276.4,67648.6,64999.0,97077.8,70601.1,65580.1,53798.3,0.0,152629.4,59504.7,54682.6,103997.7,115814.4,57769.6,88407.3,62494.5,58792.8,65047.9,135224.9,61093.2,55152.1,135193.4,114205.0,116958.1,107409.8,71252.1,193076.2,54972.0,91071.1,63257.0,57655.5,12454.2,87204.7,67761.8,83835.9,114115.4,57155.5,54287.4,79152.8,57848.4,173.8,104339.7,81090.7,62654.0,38632.8,61503.1,67744.1,114286.4,63356.0
Kiwi Nordfjordeid,93721.1,107918.7,120772.7,120825.0,128945.0,107868.8,108044.0,111220.0,104199.8,105545.8,132772.1,109228.2,32724.5,1400.1,79917.1,119420.2,100542.7,105319.3,55989.7,62076.5,125598.9,107984.8,96663.3,73476.2,112352.7,45590.6,107874.5,70492.1,117304.1,110005.1,119720.1,97718.2,38821.5,47901.7,111300.0,94797.1,79855.3,103629.1,96738.0,119855.4,118637.2,47340.0,107782.8,132690.7,119242.1,44368.1,151177.5,96827.6,71751.0,137445.2,54576.1,122463.0,78673.8,63426.5,84071.0,56008.1,110990.1,71661.7,145459.4,50961.5,121850.8,125643.9,47370.8,81661.5,47555.9,40552.8,107005.3,117377.4,40377.4,119690.8,110324.8,105462.5,96663.4,51497.1,104127.1,102503.5,96955.9,105694.0,97759.5,91435.5,45584.4,70485.5,110470.6,107821.1,67068.1,99591.4,108402.2,98047.6,151230.5,0.0,101279.1,97043.5,47651.6,85804.8,100182.6,70811.2,105316.6,93403.5,107869.9,66070.7,90272.9,122174.7,66039.2,84195.3,35783.2,44354.2,100242.3,60143.1,96497.0,68916.5,90892.8,138935.7,153136.8,71491.4,110378.6,67605.2,40213.9,99016.9,97106.4,121974.9,94292.5,151276.1,47259.0,123912.8,89373.4,119913.1,116083.4,110361.0,84276.7,106178.1
SMEDGARDEN 1,10313.7,7340.1,102478.3,102530.6,37171.2,7290.2,7465.4,10641.4,3318.9,4311.7,40998.4,8649.7,115961.2,121989.2,27938.3,22815.4,21379.8,4740.7,138750.2,135590.6,33825.1,7406.2,5869.1,128143.5,29535.7,119104.7,7295.9,38110.4,16725.5,78313.5,27946.4,18555.3,63172.2,54042.6,19526.3,8180.3,27798.4,2748.1,4896.4,22257.5,18058.7,54027.7,7204.2,40916.9,18663.5,57251.1,59403.7,4635.0,79034.5,45671.4,137336.6,21884.5,58510.9,78455.6,63908.1,129522.2,52645.1,78945.2,53685.7,159921.3,30077.0,25065.3,101482.2,85651.4,53732.6,64227.1,6426.7,25603.7,64728.1,22465.3,9746.2,4883.9,5869.2,134257.6,3461.7,1896.1,10339.2,5115.4,18596.6,55681.3,119098.5,38103.8,9892.1,7242.5,46905.2,20428.5,7823.6,6389.9,59456.8,120540.1,0.0,5303.9,53825.1,65641.8,2838.9,38234.7,4738.0,8620.2,7291.3,85052.3,10920.6,21596.1,85020.8,64032.4,96629.3,57237.1,21079.5,142903.6,5702.8,40898.5,54250.4,47161.9,61363.0,37032.1,78687.1,33663.3,63942.8,2952.4,5223.3,21396.3,7675.8,59502.3,54167.1,23334.2,12481.4,28139.3,15504.8,78669.4,64113.8,5599.5
"Vallekrysset, 6013 Ålesund",6077.6,11331.3,97664.7,97717.0,32357.6,11281.4,11456.6,14632.6,7612.4,8958.4,36184.7,12640.9,111725.1,117753.1,23702.2,18579.3,17143.7,8731.9,134514.1,131354.5,29011.5,11397.4,1379.7,123907.4,25299.6,114868.6,11287.1,33874.3,20716.7,73499.9,23132.8,14319.3,58936.1,49806.5,14712.6,3944.2,23562.3,7041.7,669.3,18021.4,22049.9,49791.6,11195.4,36103.3,22654.7,53015.0,54590.1,1359.8,74798.4,40857.8,133100.5,25875.7,54274.8,74219.5,59672.0,125286.1,47831.5,74709.1,48872.1,155685.2,25263.4,29056.5,97246.1,81415.3,49496.5,59991.0,10417.9,20790.0,60492.0,18229.2,13737.4,8875.1,1157.1,130021.5,7539.7,6325.1,6103.1,9106.6,14360.5,51445.2,114862.4,33867.7,13883.3,11233.7,42669.1,16192.4,11814.8,1460.2,54643.1,116304.1,5094.6,0.0,49589.0,61405.7,4004.3,33998.6,8729.2,4384.1,11282.5,80816.2,6684.5,25587.3,80784.7,59796.3,92393.2,53001.1,16843.4,138667.5,1263.5,36662.4,50014.3,42348.3,56549.4,32796.0,73873.5,29427.2,59706.7,2745.4,731.8,25387.5,3439.7,54688.7,49931.0,27325.4,8245.3,23325.7,19496.0,73855.8,59877.7,9590.7
"Ørsta, 6150 Ørsta",46279.1,60476.7,140461.8,140514.0,81503.0,60426.8,60602.0,63778.0,56757.8,58103.8,85330.1,61786.3,99095.4,68164.2,41821.6,52920.3,53100.7,57877.3,122360.5,81765.5,78156.9,60542.8,49221.3,102168.4,58421.3,65279.6,60432.5,32396.6,69862.1,122645.3,72278.2,50276.2,9603.6,710.0,63858.1,47355.1,41759.8,56187.1,49296.0,53355.6,71195.3,459.1,60340.8,85248.7,71800.1,3682.5,103735.5,49385.6,25209.4,90003.2,120946.9,75021.1,40578.3,66356.5,45975.5,75697.1,96976.9,25120.2,98017.5,106096.2,74408.8,78201.9,75507.2,72830.5,364.2,10658.5,59563.3,69935.4,11159.5,53191.0,62882.8,58020.5,49221.4,117868.0,56685.1,55061.5,49513.9,58252.0,50317.5,94365.5,65273.4,32390.0,63028.7,60379.1,28972.6,52149.4,60960.2,50605.6,103788.6,66715.1,53837.1,49601.5,0.0,47709.3,52740.6,32715.7,57874.6,45961.5,60427.9,59077.3,42830.9,74732.7,59045.8,46099.8,42804.3,3668.5,52800.3,126513.9,49055.0,30821.0,93822.9,91493.7,105694.8,33395.9,123018.9,20163.3,10374.2,51574.9,49664.4,74532.9,46850.5,103834.1,598.5,76470.8,41931.4,72471.1,68641.4,123001.2,46181.2,58736.1
Meny Fosnavåg,58499.3,72696.9,180710.6,180762.8,93723.2,72647.0,72822.2,75998.3,68978.0,70324.0,97550.4,74006.5,88680.3,108412.9,38299.9,74210.3,60916.2,70097.5,111469.2,122014.3,90377.1,72763.0,61441.6,100862.5,80930.6,105528.4,72652.7,28874.9,82082.3,134865.6,84498.4,58091.7,47623.2,47896.9,76078.3,59575.3,38238.1,68407.3,61516.2,73652.5,83415.5,47335.2,72561.1,97468.9,84020.3,45519.9,115955.8,61605.8,71266.2,102223.5,110055.6,87241.3,31229.9,106605.3,36627.2,115945.9,109197.1,71176.9,110237.7,146345.0,86629.0,90422.1,74201.3,58370.4,47551.1,48678.1,71783.5,82155.7,49179.1,73860.3,75103.0,70240.8,61441.7,106976.7,68905.3,67281.7,61734.2,70472.3,58133.0,134614.3,105522.2,28868.3,75248.9,72599.3,19288.6,59964.9,73180.4,62825.8,116008.8,106963.9,66057.4,61821.7,47646.8,0.0,64960.9,29194.0,70094.8,58181.7,72648.2,57771.4,55051.2,86952.9,57739.9,1642.5,83053.0,45506.0,60615.8,115622.6,61275.2,27299.3,134071.7,103714.0,117915.0,29874.2,135239.1,67600.4,48393.8,63795.1,61884.6,86753.1,59070.8,116054.3,47254.2,88691.0,56398.3,84691.3,80861.6,135221.5,1692.5,70956.3
LERSTADVEGEN 291,9234.5,8368.9,100825.9,100878.2,35518.8,8319.0,8494.2,11670.3,4650.0,5996.0,39345.9,9678.5,114882.0,120909.9,26859.0,21736.1,20300.5,5769.5,137670.9,134511.3,32172.7,8435.0,4789.9,127064.2,28456.4,118025.4,8324.7,37031.2,17754.3,76661.1,26293.9,17476.1,62092.9,52963.3,17873.8,7101.1,26719.2,4079.3,3817.1,21178.2,19087.5,52948.4,8233.1,39264.5,19692.3,56171.8,57751.3,3555.7,77955.2,44019.0,136257.3,22913.3,57431.6,77376.3,62828.8,128442.9,50992.6,77865.9,52033.2,158842.0,28424.6,26094.1,100403.0,84572.1,52653.3,63147.8,7455.5,23951.2,63648.8,21386.1,10775.0,5912.8,4776.2,133178.4,4577.3,2551.5,9259.9,6144.3,17517.4,54602.0,118019.2,37024.6,10920.9,8271.3,45825.9,19349.2,8852.4,4073.4,57804.3,119460.9,2806.4,3891.5,52745.8,64562.6,0.0,37155.5,5766.8,7540.9,8320.2,83973.0,9841.4,22625.0,83941.5,62953.1,95550.0,56157.9,20000.2,141824.3,4623.6,39819.2,53171.1,45509.5,59710.5,35952.8,77034.7,32584.1,62863.6,1873.1,4350.9,22425.1,6596.5,57849.8,53087.9,24363.0,11402.1,26486.9,16533.6,77017.0,63034.5,6628.3
"Ulsteinvik, 6065 Ulsteinvik",31097.0,45294.6,131628.0,131680.3,66320.9,45244.7,45419.9,48595.9,41575.7,42921.7,70148.0,46604.2,79520.0,93532.5,10897.5,46808.0,33513.8,42695.2,102308.9,107133.9,62974.8,45360.7,34039.2,91702.2,53528.3,90648.0,45250.4,545.1,54680.0,107463.2,57096.0,30689.4,32742.8,33016.5,48675.9,32173.0,10835.8,41005.0,34113.9,46250.1,56013.1,32454.8,45158.7,70066.6,56618.0,30639.5,88553.4,34203.5,56385.8,74821.1,100895.3,59838.9,22069.6,91724.9,27466.8,101065.5,81794.8,56296.5,82835.3,131464.6,59226.7,63019.8,65041.0,49210.1,32670.7,33797.7,44381.2,54753.3,34298.7,46458.0,47700.7,42838.4,34039.3,97816.4,41503.0,39879.4,34331.8,43069.9,30730.7,79673.9,90641.8,538.5,47846.5,45197.0,10463.9,32562.5,45778.1,35423.5,88606.4,92083.5,38655.0,34419.4,32766.4,29200.6,37558.5,0.0,42692.5,30779.4,45245.8,48611.1,27648.8,59550.6,48579.6,27591.1,68172.6,30625.6,33213.5,106462.3,33872.9,4457.3,78243.0,76311.6,90512.6,1311.1,107836.8,52720.1,33513.4,36392.8,34482.3,59350.8,31668.4,88652.0,32373.8,61288.7,28996.0,57289.0,53459.3,107819.1,27672.5,43554.0
"Ålesund, 6008 Ålesund",14447.5,2830.4,105578.2,105630.4,40271.1,2780.4,2955.6,6131.7,2205.8,521.9,44098.2,4139.9,120095.0,126123.0,32072.1,26949.2,25513.6,295.3,142884.0,139724.4,36924.9,2896.4,9751.1,132277.2,33669.4,123238.4,2786.1,42244.2,12215.7,81413.4,31046.2,22689.1,67306.0,58176.4,22626.1,12314.1,31932.2,2680.6,8850.8,26391.3,13548.9,58161.5,2694.5,44016.7,14153.7,61384.9,62503.6,8589.3,83168.3,48771.3,141470.4,17374.7,62644.7,82589.4,68041.9,133655.9,55744.9,83079.0,56785.5,164055.1,33176.8,20555.5,105616.0,89785.2,57866.4,68360.9,1916.9,28703.5,68861.9,26599.1,5236.4,438.6,9528.5,138391.4,2369.5,3102.4,14473.0,442.4,22730.4,59815.1,123232.2,42237.6,5382.3,2732.7,51038.9,24562.3,3313.8,8825.7,62556.6,124673.9,4743.5,8643.7,57958.8,69775.6,5527.2,42368.5,0.0,12754.0,2781.6,89186.1,15054.4,17086.4,89154.6,68166.2,100763.1,61370.9,25213.2,147037.4,9836.6,45032.3,58384.2,50261.8,64462.8,41165.9,81786.9,37797.1,68076.6,6906.7,9103.2,16886.6,11809.6,62602.1,58300.9,18824.4,16615.2,31239.1,10995.1,81769.3,68247.5,861.5
Rabbevågen barnehage,2519.4,15485.6,101819.0,101871.3,36511.9,15435.7,15610.8,18786.9,11766.7,13112.7,40339.0,16795.1,108166.9,114194.8,20143.9,16999.0,13585.4,12886.1,130955.8,127796.2,33165.8,15551.6,4230.2,120349.1,23719.3,111310.3,15441.4,30316.1,24871.0,77654.2,27287.0,10761.0,55377.8,46248.2,18866.9,2364.0,20004.1,11196.0,4304.8,16441.1,26204.1,46233.3,15349.7,40257.6,26809.0,49456.7,58744.4,4394.4,71240.1,45012.1,129542.2,30029.9,50716.5,72639.2,56113.7,121727.8,51985.7,71150.8,53026.3,152126.9,29417.7,33210.8,93687.9,77857.0,45938.2,56432.7,14572.2,24944.3,56933.7,16648.9,17891.7,13029.4,4230.3,126463.3,11694.0,10070.3,4522.8,13260.9,10802.3,49864.9,111304.1,30309.5,18037.5,15387.9,39110.8,12634.1,15969.1,5614.5,58797.4,112745.8,8846.0,4610.3,46030.7,57847.5,7749.5,30440.4,12883.5,0.0,15436.8,77257.9,3126.3,29741.6,77226.4,56238.0,88834.9,49442.8,13285.1,135109.2,4063.9,33104.2,48434.0,46502.6,60703.6,29237.7,78027.7,25869.0,56148.5,6583.8,4673.3,29541.8,1859.4,58842.9,46372.8,31479.6,4687.0,27480.0,23650.3,78010.1,56319.4,13745.0
"Storgata 16, 6002 Ålesund",17038.5,591.0,108169.1,108221.4,43159.4,860.4,1035.6,4211.7,5025.8,3341.8,46986.5,2219.9,122686.0,128714.0,34663.0,29540.1,28104.5,3115.3,145474.9,142315.3,39515.9,270.5,12342.1,134868.2,36260.4,125829.4,866.2,44835.2,12306.1,84004.3,33934.6,25280.1,69896.9,60767.4,25217.0,14905.1,34523.2,5271.5,11441.7,28982.3,13639.3,60752.4,524.3,46905.1,14244.1,63975.8,65391.9,11180.3,85759.2,51659.6,144061.3,17465.1,65235.6,85180.3,70632.8,136246.9,58335.8,85670.0,59673.9,166646.0,36065.2,20645.9,108207.0,92376.1,60457.4,70951.8,872.5,31294.4,71452.8,29190.1,3316.5,3258.6,12119.5,140982.4,5769.5,5693.4,17064.0,3091.8,25321.4,62406.0,125823.2,44828.6,3462.3,667.1,53629.9,27153.2,1393.9,11416.6,65147.5,127264.9,7334.4,11234.7,60549.8,72366.6,8118.1,44959.5,2917.5,15344.9,0.0,91777.1,17645.4,17176.8,91745.6,70757.1,103354.1,63961.9,27804.2,149628.3,12427.6,47623.3,60975.1,53150.1,67053.7,43756.8,84377.9,40388.1,70667.6,9497.7,11694.1,16977.0,14400.5,65193.1,60891.9,18914.8,19206.1,34127.5,11085.5,84360.2,70838.5,3779.1
Solsikka barnehage,77923.4,92121.0,186529.2,186581.5,113147.3,92071.1,92246.3,95422.3,88402.1,89748.1,116974.5,93430.6,33361.7,65678.2,57723.9,111797.2,80340.3,89521.6,56150.7,127832.9,109801.2,92187.1,80865.6,45543.9,117298.1,111347.0,92076.8,48299.0,101506.4,155817.0,103922.4,77515.8,50256.4,59336.5,95502.3,78999.4,57662.2,87831.4,80940.3,112232.4,102839.6,58774.8,91985.1,116893.0,103444.4,55802.9,135379.9,81029.9,76901.1,121647.5,54737.1,106665.4,26747.1,109238.4,21251.7,121764.5,128621.2,76811.8,129661.7,116152.2,106053.1,109846.2,18882.7,16004.7,58990.7,51987.6,91207.6,101579.7,51812.2,112067.8,94527.1,89664.8,80865.7,51658.1,88329.4,86705.8,81158.2,89896.3,77557.1,137247.4,111340.8,48292.4,94672.9,92023.4,39062.5,79388.9,92604.5,82249.9,135432.9,66069.5,85481.4,81245.8,59086.5,57799.2,84384.9,48618.1,89518.9,77605.8,92072.2,0.0,74475.2,106377.0,382.4,56189.7,101539.7,55789.0,80039.9,60304.1,80699.3,46723.4,136704.8,123138.0,137339.1,49298.3,156190.6,79040.1,51648.7,83219.2,81308.7,106177.2,78494.8,135478.4,58693.8,108115.1,75822.4,104115.4,100285.7,156172.9,56271.1,90380.4
SOLAVÅGSEIDET 76,3448.1,17645.8,103979.2,104031.5,38672.1,17595.8,17771.0,20947.1,13926.9,15272.9,42499.2,18955.3,105040.6,111068.6,17017.7,19159.2,10459.2,15046.3,127829.6,124669.9,35325.9,17711.8,6390.4,117222.8,25879.4,108184.0,17601.5,27189.8,27031.1,79814.4,29447.2,7634.7,52251.6,43122.0,21027.1,4524.1,16877.8,13356.1,6465.0,18601.3,28364.3,43107.0,17509.9,42417.7,28969.1,46330.4,60904.6,6554.6,68113.9,47172.3,126416.0,32190.1,47590.2,74799.4,52987.5,118601.5,54145.9,68024.6,55186.5,149000.7,31577.9,35370.9,90561.6,74730.8,42812.0,53306.4,16732.4,27104.5,53807.4,18809.1,20051.8,15189.6,6390.5,123337.0,13854.2,12230.5,6683.0,15421.1,7676.0,52025.1,108177.8,27183.2,20197.7,17548.1,35984.5,9507.9,18129.3,7774.7,60957.6,109619.5,11006.2,6770.5,42904.4,54721.2,9909.7,27314.1,15043.7,3130.5,17597.0,74131.7,0.0,31901.8,74100.2,53111.8,85708.7,46316.5,10158.8,131983.0,6224.1,29977.9,50594.2,48662.8,62863.8,26111.5,80187.9,22742.7,53022.2,8744.0,6833.4,31702.0,4019.6,61003.1,43246.5,33639.8,1560.8,29640.2,25810.5,80170.3,53193.1,15905.2
Spar Ellingsøy,31318.0,17110.5,98123.5,98175.7,26256.1,17060.5,17235.7,20411.8,19305.3,17621.3,30083.3,18420.0,136965.5,142993.4,48942.5,40421.7,42384.0,17394.8,159754.4,162800.9,29470.2,17176.5,26621.5,149147.7,47142.0,146315.0,17066.2,59114.7,19153.1,73958.6,17031.3,39559.6,84176.4,75046.8,17621.6,29184.6,48802.7,19551.0,25721.2,39863.9,20486.2,75031.9,16974.6,30001.8,21091.1,78255.3,48488.7,25459.8,100038.7,34756.4,158340.8,24312.0,79515.1,96061.9,84912.3,156732.5,48290.2,99949.4,42770.6,187131.6,19161.9,27492.9,122486.5,106655.6,74736.8,85231.3,16197.0,19381.8,85732.3,40071.7,19516.5,17538.1,26398.9,155261.9,20049.0,19972.9,31343.4,17371.3,39600.8,73287.6,146308.8,59108.1,19662.4,17012.8,67909.4,41432.7,17593.9,25696.1,55101.9,141544.4,21613.9,25514.2,74829.3,86646.1,22397.6,59239.0,17197.0,29624.4,17061.7,106056.5,31924.9,0.0,106025.0,85036.6,123839.6,78241.4,42083.7,163907.8,26707.1,61902.7,71856.8,36246.9,57008.1,58036.3,74332.2,54667.6,84947.1,23777.2,25973.6,23823.9,28680.0,55147.4,75171.4,25761.7,33485.6,17224.2,6624.5,74314.6,85118.0,18058.5
Spar Fiskåbygd,77878.5,92076.1,186484.3,186536.6,113102.4,92026.2,92201.3,95377.4,88357.2,89703.2,116929.5,93385.6,33316.8,65633.3,57679.0,111752.2,80295.3,89476.6,56105.7,127788.0,109756.3,92142.1,80820.7,45499.0,117253.2,111302.1,92031.9,48254.1,101461.5,155772.1,103877.5,77470.9,50211.4,59291.6,95457.4,78954.5,57617.3,87786.5,80895.4,112187.5,102794.6,58729.9,91940.2,116848.1,103399.5,55758.0,135334.9,80984.9,76856.2,121602.6,54692.1,106620.4,26702.1,109193.5,21206.8,121719.6,128576.2,76766.9,129616.8,116107.3,106008.2,109801.3,18837.8,15789.8,58945.8,51942.7,91162.7,101534.8,51767.3,112022.9,94482.2,89619.9,80820.8,51613.2,88284.5,86660.9,81113.3,89851.4,77512.2,137202.5,111295.9,48247.5,94628.0,91978.4,39017.6,79344.0,92559.6,82205.0,135387.9,66024.6,85436.5,81200.8,59041.5,57754.3,84340.0,48573.2,89474.0,77560.9,92027.3,368.9,74430.3,106332.1,0.0,56144.8,101494.8,55744.1,79995.0,60259.1,80654.4,46678.5,136659.9,123093.1,137294.1,49253.4,156145.7,78995.2,51603.8,83174.3,81263.8,106132.3,78449.9,135433.4,58648.9,108070.1,75777.5,104070.5,100240.8,156128.0,56226.2,90335.5
Spar Fosnavåg,56889.9,71087.5,179101.1,179153.4,92113.8,71037.6,71212.7,74388.8,67368.6,68714.6,95940.9,72397.0,87070.8,106803.5,36690.4,72600.9,59306.7,68488.0,109859.8,120404.9,88767.7,71153.5,59832.1,99253.1,79321.2,103918.9,71043.3,27265.5,80472.9,133256.1,82888.9,56482.3,46013.8,46287.4,74468.8,57965.9,36628.7,66797.9,59906.8,72043.0,81806.0,45725.8,70951.6,95859.5,82410.9,43910.5,114346.3,59996.3,69656.8,100614.0,108446.2,85631.8,29620.5,104995.9,35017.7,114336.4,107587.6,69567.5,108628.2,144735.6,85019.6,88812.7,72591.8,56761.0,45941.7,47068.7,70174.1,80546.2,47569.6,72250.8,73493.6,68631.3,59832.2,105367.2,67295.9,65672.3,60124.7,68862.8,56523.6,133004.8,103912.7,27258.9,73639.4,70989.8,17679.1,58355.4,71571.0,61216.4,114399.3,105354.4,64447.9,60212.2,46037.4,1642.5,63351.4,27584.6,68485.4,56572.3,71038.7,56161.9,53441.7,85343.5,56130.4,0.0,81443.6,43896.6,59006.4,114013.2,59665.8,25689.9,132462.2,102104.5,116305.5,28264.8,133629.7,65991.0,46784.4,62185.7,60275.2,85143.7,57461.3,114444.8,45644.8,87081.6,54788.9,83081.9,79252.2,133612.0,137.1,69346.9
Spar Hornindal,89087.7,103285.3,97774.6,97826.8,124351.9,103235.4,103410.6,106586.7,99566.4,100912.4,128179.1,104594.9,68168.6,36480.5,77328.9,83754.0,95909.3,100685.9,91433.8,39078.3,114020.3,103351.4,92030.0,108920.3,76686.6,22592.4,103241.1,67903.9,112670.7,74338.9,115127.1,93084.8,35509.3,43543.4,106707.0,90163.7,77267.1,98995.7,92104.6,84189.2,114003.9,42941.5,103149.5,128097.6,114608.7,41779.9,146584.4,92194.2,47861.0,132852.1,90020.2,117829.7,76085.6,27760.3,81482.8,33009.9,75323.9,47771.8,140866.4,63409.0,117257.7,121010.5,82814.9,99487.6,43197.7,34599.2,102371.9,108536.6,34423.8,84024.6,105691.4,100829.2,92030.0,86941.2,99493.7,97870.1,96195.5,101060.6,93126.1,55769.3,22586.2,67897.3,105837.3,103187.7,64479.9,94958.0,103768.8,93414.2,116923.9,35788.4,96645.8,92410.1,42808.6,83216.6,95549.2,68223.0,100683.2,88770.1,103236.6,101514.8,85639.6,117541.3,101483.3,81607.1,0.0,41766.0,95609.0,95587.2,91863.6,66328.3,55226.7,134342.6,102315.1,68903.2,74712.5,62971.9,34720.5,94383.5,92473.0,117341.5,89659.2,116969.4,42937.6,119279.4,84740.1,115320.0,111450.0,74694.8,81688.5,101544.7
Spar Hovdebygda,49705.5,63903.2,139415.2,139467.4,84929.5,63853.2,64028.4,67204.5,60184.3,61530.3,88756.6,65212.7,98048.7,67117.5,39641.8,56346.8,56527.1,61303.7,121313.9,80718.9,81583.4,63969.2,52647.8,98892.6,61847.8,64233.0,63859.0,30216.8,73288.6,111888.5,75704.6,53702.7,6327.8,3886.1,67284.5,50781.5,39580.0,59613.6,52722.4,56782.0,74621.7,3324.5,63767.3,88675.2,75226.6,267.3,107162.0,52812.0,27255.5,93429.7,119900.3,78447.5,38398.5,65309.9,43795.7,74650.5,100403.3,27166.2,101443.9,105049.6,77835.3,81628.4,72231.4,69554.7,3540.4,7382.7,62989.8,73361.9,7883.7,56617.5,66309.3,61447.0,52647.9,116821.3,60111.6,58487.9,52940.4,61678.5,53744.0,93318.9,64226.8,30210.2,66455.1,63805.5,26792.8,55575.8,64386.7,54032.1,107215.0,65668.5,57263.6,53027.9,3636.1,45529.5,56167.1,30535.9,61301.1,49388.0,63854.4,55801.5,46257.4,78159.2,55770.0,43920.0,41757.6,0.0,56226.8,125467.3,52481.5,28641.2,92776.2,94920.2,109121.2,31216.1,112262.0,23589.7,7098.4,55001.4,53090.8,77959.4,50277.0,107260.5,3243.5,79897.2,45357.9,75897.6,72067.9,112244.4,44001.4,62162.6
Spar Langevåg,13613.0,27810.7,114144.1,114196.4,48837.0,27760.7,27935.9,31112.0,24091.8,25437.8,52664.1,29120.2,110579.6,121019.9,22556.7,29324.1,702.3,25211.2,133368.6,134621.2,45490.8,27876.7,16555.3,122761.8,36044.3,118135.3,27766.4,32728.8,37196.0,89979.3,39612.1,2604.8,62202.8,53073.3,31192.0,14689.0,22416.8,23521.0,16629.9,28766.2,38529.2,53058.3,27674.8,52582.6,39134.0,56281.7,71069.5,16719.5,78065.1,57337.2,131955.0,42355.0,53129.3,84964.3,58526.5,128552.8,64310.8,77975.9,65351.4,158951.9,41742.8,45535.8,96100.6,80269.8,52763.3,63257.7,26897.3,37269.4,63758.7,28974.0,30216.7,25354.5,16555.4,128876.0,24019.0,22395.4,16847.9,25586.0,2646.1,62190.0,118129.1,32722.2,30362.6,27713.0,41523.5,664.0,28294.1,17939.6,71122.5,119570.8,21171.1,16935.4,52855.7,60260.2,20074.6,32853.1,25208.6,13295.4,27761.9,79670.7,10164.9,42066.7,79639.2,58650.8,95660.0,56267.8,0.0,137522.0,16389.0,35516.9,60759.1,58827.7,73028.7,31650.5,90352.8,32694.0,62973.5,18908.9,16998.3,41866.9,14184.5,71168.0,53197.8,43804.7,11512.0,39805.1,35975.4,90335.2,58732.1,26070.1
Spar Raudeberg,153528.2,167725.9,180579.9,180632.2,188752.2,167675.9,167851.1,171027.2,164007.0,165353.0,192579.3,169035.4,27412.4,59728.9,115555.8,179227.4,160349.9,165126.4,8781.4,121883.6,185406.1,167791.9,156470.5,67714.6,172159.9,105397.7,167681.6,106130.9,177111.2,169812.3,179527.3,157525.4,98628.7,107708.8,171107.2,154604.2,115494.0,163436.2,156545.1,179662.6,178444.4,107147.2,167590.0,192497.9,179049.3,104175.3,210984.7,156634.7,131558.2,197252.4,21083.3,182270.2,84578.9,123233.7,79083.6,115815.2,170797.3,131468.9,205266.6,110202.9,181658.0,185451.1,41609.3,75900.0,107363.1,100360.0,166812.5,177184.6,100184.6,179498.0,170131.9,165269.7,156470.6,8833.0,163934.3,162310.6,156763.1,165501.2,157566.7,151242.6,105391.5,106124.2,170277.8,167628.2,96894.3,159398.6,168209.4,157854.8,211037.7,60120.2,161086.3,156850.6,107458.8,115631.0,159989.8,106450.0,165123.8,153210.6,167677.1,60309.2,150080.1,181981.9,60277.7,114021.6,95590.4,104161.4,160049.5,0.0,156304.2,104555.3,150700.0,198742.9,212943.9,107130.2,170185.8,127412.4,100021.1,158824.1,156913.5,181782.1,154099.7,211083.2,107066.2,183719.9,149180.6,179720.3,175890.6,170168.2,114103.0,165985.3
Spjelkavikvegen 61,5632.3,12351.8,97726.4,97778.7,32419.3,12301.8,12477.0,15653.1,8632.9,9978.9,36246.4,13661.3,111279.8,117307.8,23256.9,18133.9,16698.3,9752.3,134068.8,130909.1,29073.1,12417.8,166.3,123462.0,24854.2,114423.2,12307.5,33429.0,21737.1,73561.6,23194.4,13873.9,58490.8,49361.2,14774.3,3498.9,23117.0,8062.1,1171.0,17576.1,23070.3,49346.2,12215.9,36164.9,23675.1,52569.6,54651.8,1260.6,74353.1,40919.5,132655.1,26896.1,53829.4,73774.1,59226.7,124840.7,47893.1,74263.8,48933.7,155239.9,25325.1,30076.9,96800.8,80969.9,49051.2,59545.6,11438.4,20851.7,60046.6,17783.9,14757.8,9895.6,166.4,129576.2,8560.1,6936.5,5657.8,10127.1,13915.2,50999.8,114417.0,33422.4,14903.7,12254.1,42223.7,15747.0,12835.2,1603.8,54704.8,115858.7,5712.2,1280.7,49143.6,60960.4,4615.7,33553.3,9749.7,3938.7,12303.0,80370.9,6239.2,26607.8,80339.4,59350.9,91947.9,52555.7,16398.0,138222.1,0.0,36217.1,49568.9,42410.0,56611.0,32350.7,73935.1,28981.9,59261.4,3450.0,657.5,26408.0,2994.4,54750.3,49485.7,28345.8,7800.0,23387.4,20516.5,73917.5,59432.3,10611.2
Spar Straumane,33739.9,47937.6,163892.1,163944.3,68963.9,47887.6,48062.8,51238.9,44218.7,45564.7,72791.0,49247.1,77581.9,91594.4,13540.5,49451.0,36156.8,45338.1,100370.8,105195.8,65617.7,48003.6,36682.2,89764.1,56171.2,88709.9,47893.3,4115.5,57322.9,110106.2,59739.0,33332.4,30804.7,31078.4,51318.9,34815.9,13478.7,43647.9,36756.8,48893.1,58656.1,30516.7,47801.7,72709.5,59260.9,28701.4,91196.4,36846.4,54447.7,77464.1,98957.2,62481.9,20131.5,89786.8,25528.7,99127.4,84437.7,54358.4,85478.3,129526.5,61869.7,65662.7,63102.9,47272.0,30732.6,31859.6,47024.1,57396.3,32360.6,49100.9,50343.6,45481.4,36682.3,95878.3,44145.9,42522.3,36974.8,45712.9,33373.6,82316.9,88703.7,4108.9,50489.5,47839.9,8525.8,35205.5,48421.0,38066.5,91249.4,90145.4,41298.0,37062.3,30828.3,27262.5,40201.5,4434.7,45335.4,33422.3,47888.8,46672.9,30291.8,62193.6,46641.4,25653.0,66234.5,28687.5,35856.5,104524.2,36515.9,0.0,80886.0,78954.6,93155.6,5114.9,110479.7,50781.9,31575.3,39035.8,37125.2,61993.8,34311.4,91294.9,30435.7,63931.6,31638.9,59932.0,56102.3,110462.1,25734.4,46197.0
Spar Svingen,50306.2,60901.5,44820.0,44872.3,72386.5,60851.6,61026.8,64202.8,57182.6,58528.6,76213.6,62211.1,123295.7,91607.5,67930.8,31788.5,61372.2,58302.1,146560.8,94205.3,62054.8,60967.6,49646.1,164047.3,24721.1,77719.4,60857.3,78102.9,70286.9,20655.2,63161.6,58547.8,86504.3,94538.4,54741.5,46454.5,67790.9,56611.9,49720.8,32223.7,71620.1,93936.6,60765.6,76132.1,72224.9,92774.9,94619.0,49810.4,61387.0,80886.7,145147.2,75445.9,127080.6,27466.4,132477.9,88136.9,21640.2,61413.6,88900.9,118536.1,65292.2,78626.7,137941.9,150482.6,94192.7,85594.2,59988.1,56571.1,85418.8,32059.2,63307.6,58445.3,49646.2,142068.3,57109.9,55486.3,44230.0,58676.8,58589.1,2085.6,77713.2,78096.3,63453.5,60803.9,115474.9,60420.9,61385.0,51030.4,63240.2,90915.4,54261.9,50026.3,93803.6,134211.6,53165.4,78227.2,58299.4,48612.6,60852.7,136729.4,50913.1,71738.2,136697.9,132602.1,55244.1,92761.0,61071.9,150714.2,49479.8,80891.0,0.0,82377.2,48631.4,77024.6,21028.7,62983.3,85715.6,51999.7,50089.2,74957.7,46785.3,63285.7,93932.6,76895.6,52473.9,63354.5,69066.2,21011.1,132683.5,59160.9
Spar Søvik,47989.0,53054.9,108755.9,108808.1,28891.7,53005.0,53180.2,56356.2,48880.4,50226.4,16207.9,54364.5,153636.5,159664.5,65613.6,51054.1,59055.1,49999.9,176425.5,173433.3,40102.6,53121.0,42591.0,165818.8,57774.4,156947.4,53010.7,75785.7,55097.5,84591.1,19666.9,56230.7,100847.5,91717.9,28254.0,45855.6,65473.7,48309.7,42582.2,50496.3,56430.7,91703.0,52919.0,16463.4,57035.5,94926.4,12253.1,43272.7,116709.8,37392.0,175011.9,60256.5,96186.2,106694.3,101583.4,167364.9,58922.6,116620.5,45406.2,197764.0,21797.5,63437.3,139157.6,123326.7,91407.9,101902.4,52141.5,30014.2,102403.4,50704.1,55461.0,50143.2,42368.4,171932.9,48807.7,47593.2,48014.5,50374.7,56271.9,83920.0,156941.2,75779.1,55606.9,52957.3,84580.5,58103.8,53538.4,41301.0,57710.5,158215.5,47007.4,42185.3,91500.4,103317.1,45272.3,75910.0,49997.2,46295.5,53006.1,122727.6,48595.9,36218.0,122696.1,101707.7,134472.1,94912.5,58754.8,180578.9,42474.7,78573.8,82489.2,0.0,67640.5,74707.4,84964.6,71338.6,101618.1,44658.2,41790.1,59768.3,45351.1,57756.1,91842.4,61706.2,50156.7,19528.3,42569.0,84947.0,101789.1,50858.7
Spar Tresfjord,62365.2,66975.5,76906.2,76958.4,54882.5,66925.6,67100.8,70276.8,63256.6,64602.6,61506.4,68285.1,170362.9,138674.7,79989.8,58197.0,73431.3,64376.1,190801.7,141272.6,27810.9,67041.6,56967.1,180194.9,64917.2,124786.6,66931.3,90161.9,76360.9,52741.4,48454.4,70606.8,115223.7,106094.1,42843.7,57800.5,79849.9,62685.9,56958.4,57639.1,77694.1,106079.2,66839.6,61424.9,78298.9,109302.6,79911.8,57648.9,131086.0,32497.7,189388.1,81519.9,110562.4,74533.6,115959.6,135204.1,27072.9,130996.7,24495.7,165603.3,48452.7,84700.7,153533.7,137702.9,105784.1,116278.6,66062.1,37697.2,116779.6,57846.9,69381.6,64519.3,56744.5,186309.1,63183.9,61969.3,55576.0,64750.8,70648.1,46796.4,124780.4,90155.3,69527.5,66877.9,98956.6,72480.0,67459.0,55677.2,12418.2,137982.6,61383.6,56561.4,105876.5,117693.3,59648.5,90286.2,64373.4,60671.7,66926.7,137103.8,62972.1,57031.0,137072.3,116083.9,102311.3,109288.6,73130.9,194955.1,56850.9,92950.0,48610.2,67670.0,0.0,89083.6,53114.9,85714.8,115994.3,59034.4,56166.3,81031.7,59727.3,12463.7,106218.6,82969.6,64532.9,48647.3,63382.0,53097.3,116165.2,65234.9
Spar Ulsteinvik,29893.5,44091.1,130424.6,130476.8,65117.4,44041.2,44216.4,47392.4,40372.2,41718.2,68944.6,45400.7,80164.9,94177.4,9694.1,45604.5,32310.4,41491.7,102953.9,107778.8,61771.3,44157.2,32835.7,92347.1,52324.8,91292.9,44046.9,1726.2,53476.5,106259.7,55892.6,29485.9,33387.7,33661.4,47472.5,30969.5,9632.3,39801.5,32910.4,45046.7,54809.7,33099.7,43955.3,68863.1,55414.5,31284.4,87349.9,33000.0,57030.7,73617.6,101540.2,58635.5,22714.5,92369.8,28111.8,101710.4,80591.3,56941.5,81631.9,132109.5,58023.2,61816.3,65685.9,49855.1,33315.6,34442.6,43177.7,53549.9,34943.6,45254.5,46497.2,41634.9,32835.8,98461.3,40299.5,38675.9,33128.4,41866.4,29527.2,78470.4,91286.7,1719.6,46643.1,43993.5,11108.8,31359.1,44574.6,34220.0,87403.0,92728.4,37451.6,33215.9,33411.4,29845.5,36355.0,1291.5,41489.0,29575.9,44042.3,49256.0,26445.3,58347.1,49224.5,28236.1,68817.6,31270.5,32010.0,107107.2,32669.4,5102.2,77039.5,75108.1,89309.2,0.0,106633.3,53365.0,34158.4,35189.3,33278.8,58147.3,30464.9,87448.5,33018.7,60085.2,27792.5,56085.5,52255.8,106615.6,28317.4,42350.5
Spar Valldal,79684.2,84294.5,32649.1,32701.3,74998.2,84244.6,84419.7,87595.8,80575.6,81921.6,78825.3,85604.0,142780.0,111091.9,97308.8,52142.1,90750.2,81695.0,166045.2,124450.0,45129.8,84360.5,74286.1,183531.7,45074.7,107601.5,84250.3,107480.9,93679.9,419.7,65773.3,87925.8,105988.6,123413.1,60162.6,75119.5,97168.9,80004.9,74277.3,52577.3,95013.0,123398.1,84158.6,78743.9,95617.9,112259.3,97230.7,74967.9,80871.4,87795.5,164631.6,98838.8,127881.3,46950.7,133278.6,118381.6,26115.9,80898.0,79793.5,148780.8,67904.0,102019.7,157426.3,155021.8,123103.1,105078.6,83381.1,55016.1,104903.2,52412.7,86700.6,81838.3,74063.5,161552.6,80502.9,79288.3,72895.0,82069.8,87967.1,19213.5,107656.7,107474.3,86846.4,84196.8,116275.6,89798.9,84778.0,72996.2,67715.9,110399.8,78702.6,73880.4,123195.5,135012.3,76967.5,107605.2,81692.4,77990.6,84245.7,154422.8,80291.1,74349.9,154391.3,133402.9,74728.5,112245.4,90449.9,170198.6,74169.9,110269.0,21027.3,84988.9,53107.1,106402.6,0.0,103033.8,105199.9,76353.4,73485.3,98350.7,77046.3,67761.4,123537.6,100288.5,81851.9,65966.3,80700.9,17.6,133484.2,82553.9
Spar Vartdal,26135.7,40333.3,126666.8,126719.0,61359.7,40283.4,40458.6,43634.7,36614.4,37960.4,65186.8,41642.9,119277.0,88345.8,61746.7,32777.0,32957.3,37733.9,142542.1,101947.1,58013.5,40399.4,29078.0,122093.6,38277.9,85461.2,40289.1,52321.7,49718.7,102502.0,52134.8,30132.9,29528.8,20399.2,43714.7,27211.7,61684.9,36043.7,29152.6,33212.2,51051.9,20384.2,40197.5,65105.3,51656.7,23607.6,83592.2,29242.2,45391.0,69859.9,141128.5,54877.7,60503.5,86538.1,65900.7,95878.7,76833.5,45301.8,77874.1,126277.9,54265.4,58058.5,95432.3,92755.7,20089.2,30583.6,39419.9,49792.1,31084.6,33047.6,42739.4,37877.2,29078.1,138049.6,36541.7,34918.1,29370.6,38108.7,30174.1,64423.6,85455.0,52315.1,42885.3,40235.7,48897.7,32006.0,40816.8,30462.2,83645.2,86896.7,33693.8,29458.1,20181.6,67634.4,32597.3,52640.9,37731.2,25818.1,40284.6,79002.4,22687.6,54589.4,78970.9,66025.0,62985.9,23593.7,32657.0,146695.5,28911.7,50746.2,62992.7,71350.4,85551.4,53321.1,102875.5,0.0,30299.4,31431.6,29521.0,54389.5,26707.2,83690.7,20523.7,56327.4,21788.1,52327.7,48498.0,102857.9,66106.3,38592.7
Spar Volda,56431.7,70629.3,132384.5,132436.7,91655.6,70579.4,70754.6,73930.6,66910.4,68256.4,95482.8,71938.9,91018.1,60086.8,42627.7,63072.9,63253.3,68029.9,114283.2,73688.2,88309.5,70695.4,59373.9,94736.8,68573.9,57202.3,70585.1,33202.7,80014.7,104857.8,82430.8,60428.8,1469.4,10612.3,74010.7,57507.7,42565.9,66339.7,59448.6,63508.2,81347.9,10050.6,70493.4,95401.3,81952.7,7078.7,113888.1,59538.2,25941.9,100155.8,112869.6,85173.7,41384.4,58279.2,46781.6,67619.8,107129.5,25852.6,108170.1,98018.9,84561.4,88354.5,68075.6,65398.9,10266.5,422.6,69715.9,80088.1,853.0,63343.6,73035.4,68173.1,59374.0,109790.6,66837.7,65214.1,59666.6,68404.6,60470.1,86288.2,57196.1,33196.1,73181.3,70531.7,29778.7,62302.0,71112.8,60758.2,113941.1,58637.8,63989.7,59754.1,10362.2,48515.4,62893.2,33521.8,68027.2,56114.1,70580.5,51645.6,52983.5,84885.3,51614.1,46905.9,34727.0,7064.8,62952.9,118436.6,59207.6,31627.1,85745.6,101646.3,115847.4,34202.0,105231.4,30315.9,0.0,61727.5,59817.0,84685.5,57003.1,113986.7,9969.6,86623.4,52084.0,82623.7,78794.0,105213.7,46987.3,68888.7
Øvre Geilegrend 1,8074.4,9724.9,100121.8,100174.1,34814.7,9675.0,9850.2,13026.3,6006.0,7352.0,38641.8,11034.5,113721.9,119749.9,25699.0,20576.1,19140.5,7125.5,136510.9,133351.2,31468.6,9791.0,3629.8,125904.1,27296.3,116865.3,9680.7,35871.1,19110.3,75957.0,25589.8,16316.0,60932.9,51803.3,17169.7,5941.0,25559.1,5435.3,2539.9,20018.2,20443.5,51788.4,9589.1,38560.4,21048.3,55011.7,57047.2,2395.6,76795.2,43314.9,135097.3,24269.3,56271.6,76216.2,61668.8,127282.8,50288.5,76705.9,51329.1,157682.0,27720.5,27450.1,99242.9,83412.1,51493.3,61987.8,8811.5,23247.1,62488.7,20226.0,12131.0,7268.8,3292.1,132018.3,5933.3,4199.3,8099.9,7500.3,16357.3,53442.0,116859.1,35864.5,12276.9,9627.3,44665.8,18189.2,10208.4,3783.5,57100.2,118300.8,2974.9,2947.4,51585.7,63402.5,1878.4,35995.4,7122.8,6380.8,9676.2,82813.0,8681.3,23981.0,82781.5,61793.1,94390.0,54997.8,18840.1,140664.3,3463.5,38659.2,52011.1,44805.4,59006.4,34792.8,76330.6,31424.0,61703.5,0.0,2866.7,23781.1,5436.5,57145.7,51927.8,25719.0,10242.1,25782.8,17889.6,76312.9,61874.4,7984.4
Esso Spjelkavik,6207.9,11705.9,97097.3,97149.5,31790.2,11655.9,11831.1,15007.2,7987.0,9333.0,35617.3,13015.4,111855.4,117883.4,23832.5,18709.6,17274.0,9106.4,134644.4,131484.8,28444.0,11771.9,773.7,124037.7,25429.9,114998.9,11661.6,34004.6,21091.2,72932.5,22565.3,14449.6,59066.4,49936.8,14145.2,4074.5,23692.6,7416.2,799.6,18151.7,22424.4,49921.9,11570.0,35535.8,23029.2,53145.3,54022.7,1490.1,74928.7,40290.4,133230.8,26250.2,54405.1,74349.8,59802.3,125416.4,47264.0,74839.4,48304.6,155815.5,24695.9,29431.0,97376.4,81545.6,49626.8,60121.3,10792.5,20222.6,60622.3,18359.5,14111.9,9249.7,551.1,130151.8,7914.2,6449.2,6233.4,9481.2,14490.8,51575.5,114992.7,33998.0,14257.8,11608.2,42799.4,16322.7,12189.4,974.7,54075.7,116434.4,5224.8,721.3,49719.3,61536.0,4128.3,34128.9,9103.8,4514.4,11657.1,80946.5,6814.8,25961.9,80915.0,59926.6,92523.5,53131.4,16973.7,138797.8,657.5,36792.7,50144.6,41780.9,55981.9,32926.3,73306.0,29557.5,59837.0,2875.6,0.0,25762.1,3570.0,54121.2,50061.3,27699.9,8375.6,22758.2,19870.6,73288.4,60008.0,9965.3
"Ålesund lufthavn, 6040 Vigra",31178.2,16970.7,122308.9,122361.1,49761.6,16920.8,17096.0,20272.0,19165.6,17481.6,53588.7,18280.3,136825.7,142853.7,48802.8,43679.9,42244.3,17255.0,159614.7,156455.1,53655.6,17036.8,26481.8,149007.9,50400.1,139969.1,16926.5,58974.9,8044.3,98144.1,40536.7,39419.8,84036.7,74907.1,39356.8,29044.8,48662.9,19411.3,25581.5,43122.0,6873.2,74892.2,16834.8,53507.2,11478.5,78115.6,71994.1,25320.0,99899.0,58261.8,158201.1,14699.4,79375.4,99320.1,84772.6,150386.6,72475.6,99809.7,66276.0,180785.8,42667.3,3669.0,122346.7,106515.9,74597.1,85091.6,16057.3,42887.2,85592.6,43329.8,19376.8,17398.3,26259.2,155122.1,19909.3,19833.1,31203.7,17231.5,39461.1,76545.8,139962.9,58968.3,19522.7,16873.1,67769.7,41293.0,17454.2,25556.4,79287.3,141404.6,21474.2,25374.4,74689.5,86506.3,22257.9,59099.2,17057.3,29484.7,16921.9,105916.8,31785.1,23778.9,105885.3,84896.9,117493.8,78101.6,41943.9,163768.1,26567.3,61763.0,75114.9,59752.3,81193.5,57896.6,98517.6,54527.8,84807.3,23637.4,25833.9,0.0,28540.3,79332.8,75031.6,1937.9,33345.9,40729.6,17687.6,98500.0,84978.2,17918.8
St1 Vegsund,3630.9,14226.2,100559.7,100611.9,35252.6,14176.3,14351.5,17527.6,10507.3,11853.3,39079.7,15535.8,109278.4,115306.4,21255.5,15321.7,14697.0,11626.8,132067.4,128907.8,31906.4,14292.3,2970.9,121460.6,22042.0,112421.8,14182.0,31427.6,23611.6,76394.9,26027.7,11872.5,56489.4,47359.8,17607.6,567.6,21115.6,9936.6,3045.5,14763.8,24944.8,47344.9,14090.4,38998.2,25549.6,50568.3,57485.1,3135.1,72351.7,43752.8,130653.8,28770.6,51828.1,70961.9,57225.3,122839.3,50726.4,72262.4,51767.0,153238.5,28158.3,31951.4,94799.4,78968.6,47049.8,57544.3,13312.8,23685.0,58045.3,14971.7,16632.3,11770.1,2971.0,127574.8,10434.6,8811.0,2845.5,12001.6,11913.8,48187.6,112415.6,31421.0,16778.2,14128.6,40222.3,13745.7,14709.7,4355.1,57538.1,113857.3,7586.7,3351.0,47142.2,58959.0,6490.2,31551.9,11624.1,1937.4,14177.5,78369.5,4237.8,28482.3,78338.0,57349.6,89946.5,50554.3,14396.6,136220.8,2804.6,34215.7,46756.7,45243.3,59444.3,30349.3,76768.4,26980.5,57260.0,5324.5,3413.9,28282.4,0.0,57583.6,47484.3,30220.3,5798.6,26220.6,22390.9,76750.8,57430.9,12485.7
St1 Vestnes,60562.3,65172.6,91629.0,91681.2,42757.8,65122.6,65297.8,68473.9,61453.7,62799.7,51567.8,66482.1,166209.8,153397.5,78186.9,56394.0,71628.3,62573.1,188998.8,155995.4,26007.9,65238.6,55164.2,178392.0,63114.3,139509.4,65128.3,88359.0,74557.9,67464.2,38325.7,68803.9,113420.8,104291.2,41040.7,55997.6,78047.0,60882.9,55155.4,55836.2,75891.1,104276.2,65036.7,51486.4,76495.9,107499.6,69973.2,55845.9,129283.1,20373.0,187585.1,79716.9,108759.4,89256.4,114156.7,149926.9,41795.7,129193.8,12371.1,180326.1,36328.0,82897.8,151730.8,135899.9,103981.2,114475.6,64259.2,35894.2,114976.6,56044.0,67578.7,62716.4,54941.6,184506.2,61381.0,60166.4,53773.1,62947.9,68845.2,61519.2,139503.2,88352.4,67724.5,65074.9,97153.7,70677.0,65656.1,53874.3,139.6,152705.4,59580.7,54758.5,104073.6,115890.4,57845.6,88483.3,62570.5,58868.7,65123.8,135300.9,61169.2,55228.0,135269.4,114280.9,117034.1,107485.7,71328.0,193152.1,55048.0,91147.1,63333.0,57731.4,12530.1,87280.7,67837.7,83911.9,114191.4,57231.5,54363.4,79228.8,57924.4,0.0,104415.7,81166.6,62730.0,38708.8,61579.0,67820.1,114362.3,63432.0
St1 Ørsta,46657.0,60854.6,140590.8,140643.0,81880.9,60804.7,60979.9,64155.9,57135.7,58481.7,85708.1,62164.2,99224.4,68293.1,41418.0,53298.3,53478.6,58255.2,122489.5,81894.5,78534.8,60920.7,49599.2,101764.8,58799.2,65408.6,60810.4,31993.0,70240.0,123023.2,72656.1,50654.1,9200.0,837.6,64236.0,47733.0,41356.2,56565.0,49673.9,53733.5,71573.2,107.9,60718.7,85626.6,72178.0,3278.9,104113.4,49763.5,25338.4,90381.1,121075.9,75399.0,40174.7,66485.5,45571.9,75826.1,97354.8,25249.2,98395.4,106225.2,74786.7,78579.8,75103.6,72426.9,491.8,10254.9,59941.2,70313.4,10755.9,53568.9,63260.7,58398.4,49599.3,117996.9,57063.0,55439.4,49891.9,58629.9,50695.4,94494.5,65402.4,31986.4,63406.6,60757.0,28569.0,52527.3,61338.1,50983.5,104166.5,66844.1,54215.1,49979.4,587.6,47305.7,53118.5,32312.1,58252.5,46339.4,60805.8,58673.7,43208.8,75110.6,58642.2,45696.2,42933.3,3264.9,53178.2,126642.9,49432.9,30417.4,93951.9,91871.6,106072.7,32992.3,123396.8,20541.2,9970.6,51952.8,50042.3,74910.8,47228.4,104212.0,0.0,76848.7,42309.3,72849.0,69019.3,123379.1,45777.6,59114.0
"Vigra, 6040 Vigra",33116.1,18908.6,124246.7,124299.0,51699.4,18858.6,19033.8,22209.9,21103.4,19419.5,55526.5,20218.1,138763.6,144791.6,50740.7,45617.7,44182.1,19192.9,161552.6,158392.9,55593.5,18974.6,28419.7,150945.8,52338.0,141907.0,18864.4,60912.8,9982.1,100081.9,42474.5,41357.7,85974.6,76845.0,41294.7,30982.7,50600.8,21349.1,27519.3,45059.9,8811.0,76830.1,18772.7,55445.1,13416.3,80053.4,73931.9,27257.9,101836.8,60199.6,160138.9,16637.3,81313.2,101257.9,86710.5,152324.5,74413.5,101747.6,68213.8,182723.6,44605.2,2363.1,124284.6,108453.8,76535.0,87029.4,17995.2,44825.1,87530.4,45267.7,21314.7,19336.2,28197.1,157060.0,21847.1,21771.0,33141.6,19169.4,41399.0,78483.6,141900.8,60906.2,21460.5,18810.9,69707.5,43230.8,19392.1,27494.2,81225.1,143342.5,23412.0,27312.3,76627.4,88444.2,24195.7,61037.1,18995.2,31422.5,18859.8,107854.7,33723.0,25716.8,107823.2,86834.8,119431.7,80039.5,43881.8,165705.9,28505.2,63700.9,77052.7,61690.1,83131.4,59834.5,100455.5,56465.7,86745.2,25575.3,27771.7,1937.9,30478.2,81270.7,76969.5,0.0,35283.8,42667.5,19625.4,100437.8,86916.1,19856.7
Sunde barnehage,4996.3,19193.9,105527.4,105579.6,40220.3,19144.0,19319.2,22495.3,15475.0,16821.0,44047.4,20503.5,106399.4,110156.5,18376.4,20707.4,11817.9,16594.5,129188.3,123757.8,36874.1,19260.0,7938.6,118581.6,27427.6,107271.9,19149.7,28548.6,28579.3,81362.6,30995.4,8993.5,51339.5,42209.9,22575.3,6072.3,18236.6,14904.3,8013.2,20149.5,29912.5,42195.0,19058.1,43965.9,30517.3,45418.3,62452.8,8102.8,67201.8,48720.5,127774.7,33738.3,48949.0,76347.5,54346.2,117689.4,55694.1,67112.5,56734.7,148088.6,33126.0,36919.1,91920.4,76089.5,41899.9,52394.4,18280.5,28652.7,52895.3,20357.3,21600.0,16737.8,7938.7,124695.7,15402.3,13778.7,8231.2,16969.3,9034.7,53573.2,107265.7,28542.0,21745.9,19096.3,37343.3,10866.6,19677.4,9322.8,62505.8,108707.4,12554.4,8318.7,41992.3,56080.0,11457.9,28672.9,16591.8,4678.7,19145.2,75490.4,1548.2,33450.0,75458.9,54470.5,84796.6,45404.4,11517.6,133341.7,7772.3,31336.6,52142.4,50211.0,64412.0,27470.2,81736.1,21830.6,52110.1,10292.2,8381.6,33250.1,5567.8,62551.3,42334.4,35188.0,0.0,31188.3,27358.6,81718.5,54551.9,17453.4
Tennfjord barnehage,28966.4,34032.3,89733.2,89785.5,9869.1,33982.3,34157.5,37333.6,29857.8,31203.8,13364.7,35341.8,134613.9,140641.9,46591.0,32031.5,40032.5,30977.3,157402.9,154410.7,21080.0,34098.3,23568.3,146796.1,38751.8,137924.8,33988.0,56763.1,36074.9,65568.4,644.2,37208.0,81824.9,72695.3,9231.4,26833.0,46451.1,29287.1,23559.5,31473.6,37408.0,72680.4,33896.4,13283.3,38012.9,75903.7,31770.1,24250.1,97687.2,18369.3,155989.3,41233.8,77163.6,87671.7,82560.8,148342.3,39900.0,97597.9,26383.5,178741.4,2774.9,44414.7,120134.9,104304.1,72385.3,82879.8,33118.9,10991.6,83380.7,31681.5,36438.3,31120.5,23345.7,152910.3,29785.1,28570.5,28991.9,31352.0,37249.3,64897.4,137918.6,56756.5,36584.2,33934.6,65557.8,39081.2,34515.8,22278.4,38687.9,139192.8,27984.8,23162.6,72477.7,84294.5,26249.7,56887.4,30974.6,27272.8,33983.5,103705.0,29573.3,17195.3,103673.5,82685.1,115449.4,75889.8,39732.1,161556.3,23452.1,59551.2,63466.5,19528.3,48617.8,55684.8,65942.0,52316.0,82595.5,25635.6,22767.5,40745.7,26328.5,38733.4,72819.8,42683.6,31134.1,0.0,23546.3,65924.3,82766.4,31836.1
"Torvmyrane, 6010 Ålesund",25226.6,11019.1,104474.5,104526.7,32607.2,10969.2,11144.4,14320.5,13214.0,11530.0,36434.3,12328.7,130874.1,136902.1,42851.2,37728.3,36292.7,11303.5,153663.1,150503.5,35821.2,11085.2,20530.2,143056.4,44448.5,134017.6,10974.9,53023.3,13061.7,80309.7,23382.3,33468.2,78085.1,68955.5,23972.6,23093.2,42711.3,13459.7,19629.9,37170.4,14394.9,68940.6,10883.3,36352.8,14999.7,72164.0,54839.7,19368.4,93947.4,41107.4,152249.5,18220.7,73423.8,93368.5,78821.0,144435.1,54641.2,93858.1,49121.6,174834.2,25512.9,21401.5,116395.1,100564.3,68645.5,79140.0,10105.7,25732.8,79641.0,37378.2,13425.2,11446.7,20307.6,149170.5,13957.7,13881.5,25252.1,11279.9,33509.5,70594.2,134011.4,53016.7,13571.1,10921.5,61818.1,35341.4,11502.6,19604.8,61452.9,135453.1,15522.6,19422.8,68737.9,80554.7,16306.3,53147.6,11105.7,23533.1,10970.4,99965.2,25833.5,6624.5,99933.7,78945.3,111542.2,72150.0,35992.4,157816.5,20615.7,55811.4,69163.3,42597.9,63359.1,51945.0,80683.2,48576.2,78855.7,17685.8,19882.3,17732.6,22588.7,61498.4,69080.0,19670.4,27394.3,23575.2,0.0,80665.6,79026.7,11967.2
"Valldal, 6210 Valldal",79666.5,84276.8,32631.4,32683.7,74980.6,84226.9,84402.1,87578.2,80557.9,81903.9,78807.7,85586.4,142762.4,111074.2,97291.1,52124.4,90732.6,81677.4,166027.6,124432.4,45112.2,84342.9,74268.5,183514.0,45057.0,107583.9,84232.6,107463.2,93662.2,402.0,65755.7,87908.2,105971.0,123395.4,60145.0,75101.8,97151.2,79987.2,74259.7,52559.7,94995.4,123380.5,84141.0,78726.2,95600.2,112241.7,97213.1,74950.2,80853.7,87777.8,164613.9,98821.2,127863.7,46933.1,133260.9,118364.0,26098.3,80880.4,79775.9,148763.1,67886.3,102002.0,157408.6,155004.2,123085.4,105060.9,83363.4,54998.5,104885.5,52395.1,86682.9,81820.7,74045.9,161535.0,80485.2,79270.7,72877.4,82052.2,87949.4,19195.9,107639.1,107456.6,86828.8,84179.2,116258.0,89781.3,84760.3,72978.5,67698.3,110382.1,78684.9,73862.8,123177.9,134994.6,76949.8,107587.5,81674.7,77973.0,84228.1,154405.1,80273.4,74332.3,154373.6,133385.2,74710.8,112227.7,90432.3,170180.9,74152.2,110251.3,21009.7,84971.3,53089.5,106384.9,17.6,103016.1,105182.3,76335.7,73467.6,98333.0,77028.6,67743.8,123520.0,100270.9,81834.2,65948.7,80683.3,0.0,133466.6,82536.3
"Fosnavåg, 6090 Fosnavåg",56971.2,71168.9,179182.5,179234.7,92195.2,71118.9,71294.1,74470.2,67450.0,68796.0,96022.3,72478.4,87152.2,106884.9,36771.8,72682.3,59388.1,68569.4,109941.2,120486.2,88849.0,71234.9,59913.5,99334.4,79402.5,104000.3,71124.6,27346.8,80554.2,133337.5,82970.3,56563.7,46095.1,46368.8,74550.2,58047.2,36710.0,66879.2,59988.1,72124.4,81887.4,45807.1,71033.0,95940.8,82492.2,43991.8,114427.7,60077.7,69738.1,100695.4,108527.6,85713.2,29701.8,105077.2,35099.1,114417.8,107669.0,69648.9,108709.6,144816.9,85100.9,88894.0,72673.2,56842.4,46023.0,47150.0,70255.4,80627.6,47651.0,72332.2,73574.9,68712.7,59913.6,105448.6,67377.2,65753.6,60206.1,68944.2,56604.9,133086.2,103994.1,27340.2,73720.8,71071.2,17760.5,58436.8,71652.3,61297.8,114480.7,105435.8,64529.3,60293.6,46118.8,1692.5,63432.8,27665.9,68566.7,56653.6,71120.1,56243.3,53523.1,85424.9,56211.8,137.1,81525.0,43977.9,59087.8,114094.6,59747.2,25771.3,132543.6,102185.9,116386.9,28346.2,133711.0,66072.4,46865.8,62267.1,60356.5,85225.1,57542.7,114526.2,45726.2,87162.9,54870.2,83163.3,79333.5,133693.4,0.0,69428.3
"Parkvegen 35, 6003 Ålesund",15287.9,3670.7,106418.6,106470.8,41111.4,3620.8,3796.0,6972.1,3046.2,1362.2,44938.5,4980.3,120935.4,126963.4,32912.5,27789.5,26353.9,1135.7,143724.4,140564.7,37765.3,3736.8,10591.5,133117.6,34509.8,124078.8,3626.5,43084.6,13056.1,82253.7,31886.6,23529.5,68146.4,59016.8,23466.5,13154.5,32772.6,3520.9,9691.1,27231.7,14389.3,59001.8,3534.9,44857.1,14994.1,62225.2,63343.9,9429.7,84008.7,49611.6,142310.7,18215.1,63485.0,83429.7,68882.3,134496.3,56585.3,83919.4,57625.9,164895.4,34017.2,21395.9,106456.4,90625.6,58706.8,69201.2,2757.3,29543.9,69702.2,27439.5,6076.8,1278.9,10368.9,139231.8,3209.9,3942.8,15313.4,1282.8,23570.8,60655.4,124072.6,43078.0,6222.7,3573.1,51879.3,25402.6,4154.2,9666.0,63396.9,125514.3,5583.8,9484.1,58799.2,70616.0,6367.5,43208.9,840.4,13594.3,3622.0,90026.5,15894.8,17926.7,89995.0,69006.6,101603.5,62211.3,26053.6,147877.7,10677.0,45872.7,59224.6,51102.1,65303.2,42006.3,82627.3,38637.5,68917.0,7747.1,9943.5,17726.9,12650.0,63442.5,59141.3,19664.8,17455.6,32079.5,11835.4,82609.6,69087.9,0.0
