,Depot,"Rådhusplassen 1, 6002 Ålesund",Joker Geiranger,"Geiranger, 6216 Geiranger","Langsten, 6264 Tennfjord",Anno,"Ålesund, 6002 Ålesund",Atlanterhavsparken,"Borgundvegen 340, 6015 Ålesund","Borgundvegen 92, 6008 Ålesund",Bunnpris Brattvåg,BROGATA 1,Bunnpris Bryggja,Bunnpris Eid,Bunnpris Hareid,"Ikornes, 6222 Ikornnes",Bunnpris Langevåg,Bunnpris Nørve,Bunnpris Oldeide,Bunnpris Olden,Bunnpris Sjøholt,SKAREGATA 1,Bunnpris Spjelkavik,Bunnpris Stad,Bunnpris Straumgjerde,Bunnpris Stryn,NEDRE STRANDGATE 9,Bunnpris Ulsteinvik,Bunnpris Valderøy,Bunnpris Valldal,Bunnpris Vatne,Bunnpris Vedde,Bunnpris Volda,Bunnpris Ørsta,"Digernessundet, 6057 Ellingsøy",Gamle Blindheimsveg 25,Eurospar Hareid,LARSGÅRDSVEGEN 19,Eurospar Moa,Eurospar Sykkylven,Eurospar Valderøy,Eurospar Ørsta,Rasmus Rønnebergs gate 21,"Brattvåg, 6270 Brattvåg","Valderhaug, 6050 Valderøya","Hovdebygda, 6160 Hovdebygda","Haramsøya, 6270 Brattvåg","Spjelkavik, 6010 Ålesund",Joker Bellingen,Joker Fiksdal,Joker Flatraket,Godøya post i butikk,Joker Gursken,"Hellesylt, 6218 Hellesylt",Joker Larsnes,Joker Loen,Joker Stordal,Joker Sæbø,Joker Tomrefjord,Joker,Joker Vatne,Vigra post i butikk,Joker Åheim,Joker Åram,Kiwi Meieribygget Ørsta,"Volda, 6100 Volda",SUNDGATA 8,Kiwi Skodje,Kiwi Volda,Kiwi Sykkylven,SKARBØVIKGATA 25,NØRVEGATA 23,SPJELKAVIKVEGEN 42,Kiwi Deknepollen,"Eggesbønes, 6008 Ålesund",NEDRE KLOKKERSUNDVEGEN 2,FLISNESVEGEN 1,"Kverve, 6008 Ålesund","Fiskarstrand, 6037 Eidsnes",Kiwi Stranda,Kiwi Stryn,Kiwi Ulsteinvik,"Valderøy, 6050 Valderøya",RASMUS RØNNEBERGS GATE 6,Kiwi Myrvåg,Kiwi Langevåg,NEDRE STRANDGATE 51,LERSTADVEGEN 545,Kiwi Vestnes,Kiwi Nordfjordeid,SMEDGARDEN 1,"Vallekrysset, 6013 Ålesund","Ørsta, 6150 Ørsta",Meny Fosnavåg,LERSTADVEGEN 291,"Ulsteinvik, 6065 Ulsteinvik","Ålesund, 6008 Ålesund",Rabbevågen barnehage,"Storgata 16, 6002 Ålesund",Solsikka barnehage,SOLAVÅGSEIDET 76,Spar Ellingsøy,Spar Fiskåbygd,Spar Fosnavåg,Spar Hornindal,Spar Hovdebygda,Spar Langevåg,Spar Raudeberg,Spjelkavikvegen 61,Spar Straumane,Spar Svingen,Spar Søvik,Spar Tresfjord,Spar Ulsteinvik,Spar Valldal,Spar Vartdal,Spar Volda,Øvre Geilegrend 1,Esso Spjelkavik,"Ålesund lufthavn, 6040 Vigra",St1 Vegsund,St1 Vestnes,St1 Ørsta,"Vigra, 6040 Vigra",Sunde barnehage,Tennfjord barnehage,"Torvmyrane, 6010 Ålesund","Valldal, 6210 Valldal","Fosnavåg, 6090 Fosnavåg","Parkvegen 35, 6003 Ålesund"
Depot,0.0,1318.3,7090.9,7109.4,2484.8,1303.3,1330.2,1688.1,1099.9,1138.1,2637.9,1435.1,9661.4,8166.8,2432.1,2006.3,1196.3,1111.5,11116.0,9094.6,2250.5,1306.5,537.4,10407.6,2444.4,7965.7,1310.0,3154.6,1874.8,5060.1,1836.8,946.8,4602.4,3991.4,1365.5,418.0,2422.0,1033.6,525.8,1939.3,2065.4,3944.5,1297.0,2627.4,2080.6,4184.3,3715.8,541.1,5578.0,3071.3,10889.5,2126.1,4400.8,5430.5,4736.1,8634.5,3491.3,5564.0,3674.8,10597.2,2027.6,2362.4,8783.3,7878.3,3913.0,4736.6,1211.6,1751.3,4761.9,1974.5,1534.0,1132.8,514.7,10764.0,1109.2,1065.9,534.5,1177.6,956.6,4073.8,7963.7,3153.9,1588.4,1296.5,3697.2,1112.3,1352.5,618.7,3715.0,8059.9,1006.7,537.6,3919.9,4970.2,853.5,3176.1,1106.2,374.4,1299.1,7796.9,331.7,2140.8,7784.2,4808.0,6637.3,4198.9,1173.5,11398.3,489.2,3295.4,3930.2,2931.4,4001.7,3089.1,5092.3,2683.9,4701.2,737.6,556.1,2076.7,354.8,3727.8,3961.8,2259.1,484.9,1854.6,1842.2,5088.0,4821.3,1191.9
"Rådhusplassen 1, 6002 Ålesund",1299.4,0.0,7371.2,7389.7,2731.3,57.2,84.1,442.0,446.6,277.2,2884.4,189.0,10550.6,9056.0,3321.3,2681.0,2085.5,250.6,12005.2,9983.8,2530.8,63.0,945.6,11296.8,3119.1,8854.9,63.9,4043.8,854.2,5340.4,2083.3,1836.0,5491.6,4880.6,1645.8,1092.7,3311.2,389.1,858.5,2614.0,1044.8,4833.7,63.8,2873.9,1060.0,5073.5,3962.3,825.0,6467.2,3317.8,11778.7,1105.5,5290.0,6105.2,5625.3,9523.7,3771.6,6453.2,3921.3,11486.4,2274.1,1341.8,9672.5,8767.5,4802.2,5625.8,106.5,2031.6,5651.1,2649.2,287.9,271.9,906.9,11653.2,464.7,427.8,1209.2,280.6,1845.8,4748.5,8852.9,4043.1,342.3,34.9,4586.4,2001.5,106.4,853.5,3995.3,8949.1,599.2,819.4,4809.1,5859.4,558.4,4065.3,228.1,1142.6,87.0,8686.1,1220.9,1120.2,8673.4,5697.2,7526.5,5088.1,2062.7,12287.5,898.8,4184.6,4604.9,3177.9,4282.0,3978.3,5372.6,3573.1,5590.4,678.8,873.4,1056.1,1029.5,4008.1,4851.0,1238.5,1374.1,2101.1,821.6,5368.3,5710.5,313.8
Joker Geiranger,7129.5,7416.5,0.0,22.1,7006.3,7401.5,7428.4,7786.3,7198.1,7236.3,7159.4,7533.3,9173.2,7293.2,9151.4,7240.2,7915.6,7209.7,10675.2,5699.2,4938.5,7404.7,6738.2,11644.1,6725.1,4528.8,7408.2,9873.9,7973.0,2572.9,6358.3,7666.1,7956.2,8674.8,5917.4,6914.2,9141.3,7131.8,6700.7,7248.2,8163.6,8565.8,7395.2,7148.9,8178.8,8416.4,8237.3,6764.7,8678.3,7558.2,10448.7,8224.3,10424.4,6812.5,10759.7,5239.1,3644.0,8664.3,6953.4,7201.8,6549.1,8460.6,10073.1,12263.0,8595.0,7881.5,7309.8,5620.3,7880.4,7258.4,7632.2,7231.0,6699.5,10323.2,7207.4,7168.5,6760.1,7275.8,7675.9,5145.8,4541.8,9873.2,7686.6,7394.7,9720.8,7831.6,7450.7,6606.6,6182.7,7243.0,7162.3,6649.5,8551.8,10993.8,6956.1,9895.4,7204.4,6972.7,7397.3,11299.2,7051.0,6832.4,11286.5,10831.6,5878.8,8431.0,7892.8,10957.5,6700.8,9831.6,5362.7,7452.9,6201.9,9808.4,2605.1,9403.2,7897.2,6894.7,6651.8,8174.9,6859.6,6195.5,8564.3,8357.3,7204.2,6376.1,7265.8,2600.8,10844.9,7290.1
"Geiranger, 6216 Geiranger",7146.7,7433.7,20.7,0.0,7023.5,7418.7,7445.6,7803.5,7215.3,7253.5,7176.6,7550.5,9190.4,7310.4,9168.6,7257.4,7932.8,7226.9,10692.4,5716.4,4955.7,7421.9,6755.4,11661.3,6742.3,4546.0,7425.4,9891.1,7990.2,2590.1,6375.5,7683.3,7973.4,8692.0,5934.6,6931.4,9158.5,7149.0,6717.9,7265.4,8180.8,8583.0,7412.4,7166.1,8196.0,8433.6,8254.5,6781.9,8695.5,7575.4,10465.9,8241.5,10441.6,6829.7,10776.9,5256.3,3661.2,8681.5,6970.6,7219.0,6566.3,8477.8,10090.3,12280.2,8612.2,7898.7,7327.0,5637.5,7897.6,7275.6,7649.4,7248.2,6716.7,10340.4,7224.6,7185.7,6777.3,7293.0,7693.1,5163.0,4559.0,9890.4,7703.8,7411.9,9738.0,7848.8,7467.9,6623.8,6199.9,7260.2,7179.5,6666.7,8569.0,11011.0,6973.3,9912.6,7221.6,6989.9,7414.5,11316.4,7068.2,6849.6,11303.7,10848.8,5896.0,8448.2,7910.0,10974.7,6718.0,9848.8,5379.9,7470.1,6219.1,9825.6,2622.3,9420.4,7914.4,6911.9,6669.0,8192.1,6876.8,6212.7,8581.5,8374.5,7221.4,6393.3,7283.0,2618.0,10862.1,7307.3
"Langsten, 6264 Tennfjord",2483.2,2737.7,6974.1,6992.6,0.0,2722.7,2749.6,3107.5,2551.8,2590.0,1525.0,2854.5,11734.4,10239.8,4505.1,3376.2,3269.3,2563.4,13189.0,11007.9,2133.7,2725.9,2091.9,12480.6,3814.3,9879.0,2729.4,5227.6,2860.0,4943.3,717.7,3019.8,6675.4,6064.4,1258.7,2276.5,4495.0,2485.5,2054.4,3309.2,3050.6,6017.5,2716.4,1514.5,3065.8,6257.3,2602.9,2118.4,7651.0,1477.5,12962.5,3111.3,6473.8,6800.4,6809.1,10547.8,3374.5,7637.0,2073.1,12510.5,508.3,3347.6,10856.3,9951.3,5986.0,6809.6,2631.0,1396.8,6834.9,3344.4,2953.4,2584.7,2053.2,12837.0,2561.1,2522.2,2393.0,2629.5,3029.6,5443.7,9877.0,5226.9,3007.8,2715.9,5770.2,3185.3,2771.9,1960.3,2859.6,10132.9,2516.0,2003.2,5992.9,7043.2,2309.8,5249.1,2558.1,2326.4,2718.5,9869.9,2404.7,1669.5,9857.2,6881.0,8550.6,6271.9,3246.5,13471.3,2054.5,5368.4,5300.1,1818.5,3718.6,5162.1,4975.5,4756.9,6774.2,2248.4,2005.5,3061.9,2213.3,2872.4,6034.8,3244.3,2557.9,741.7,2102.9,4971.2,6894.3,2643.8
Anno,1304.9,91.3,7376.7,7395.2,2736.8,0.0,26.9,393.2,452.1,282.7,2889.9,140.2,10556.1,9061.5,3326.8,2686.5,2091.0,256.1,12010.7,9989.3,2536.3,79.5,951.1,11302.3,3124.6,8860.4,19.2,4049.3,859.7,5345.9,2088.8,1841.5,5497.1,4886.1,1651.3,1098.2,3316.7,394.6,864.0,2619.5,1050.3,4839.2,80.3,2879.4,1065.5,5079.0,3967.8,830.5,6472.7,3323.3,11784.2,1111.0,5295.5,6110.7,5630.8,9529.2,3777.1,6458.7,3926.8,11491.9,2279.6,1347.3,9678.0,8773.0,4807.7,5631.3,112.0,2037.1,5656.6,2654.7,239.1,277.4,912.4,11658.7,470.2,433.3,1214.7,286.1,1851.3,4754.0,8858.4,4048.6,293.5,30.6,4591.9,2007.0,61.7,859.0,4000.8,8954.6,604.7,824.9,4814.6,5864.9,563.9,4070.8,233.6,1148.1,103.5,8691.6,1226.4,1125.7,8678.9,5702.7,7532.0,5093.6,2068.2,12293.0,904.3,4190.1,4610.4,3183.4,4287.5,3983.8,5378.1,3578.6,5595.9,684.3,878.9,1061.6,1035.0,4013.6,4856.5,1244.0,1379.6,2106.6,827.1,5373.8,5716.0,319.3
"Ålesund, 6002 Ålesund",1333.6,120.0,7405.4,7423.9,2765.5,28.7,0.0,412.6,480.8,311.4,2918.6,159.6,10584.8,9090.2,3355.5,2715.2,2119.7,284.8,12039.4,10018.0,2565.0,108.2,979.8,11331.0,3153.3,8889.1,47.9,4078.0,888.4,5374.6,2117.5,1870.2,5525.8,4914.8,1680.0,1126.9,3345.4,423.3,892.7,2648.2,1079.0,4867.9,109.0,2908.1,1094.2,5107.7,3996.5,859.2,6501.4,3352.0,11812.9,1139.7,5324.2,6139.4,5659.5,9557.9,3805.8,6487.4,3955.5,11520.6,2308.3,1376.0,9706.7,8801.7,4836.4,5660.0,140.7,2065.8,5685.3,2683.4,258.5,306.1,941.1,11687.4,498.9,462.0,1243.4,314.8,1880.0,4782.7,8887.1,4077.3,312.9,59.3,4620.6,2035.7,87.5,887.7,4029.5,8983.3,633.4,853.6,4843.3,5893.6,592.6,4099.5,262.3,1176.8,132.2,8720.3,1255.1,1154.4,8707.6,5731.4,7560.7,5122.3,2096.9,12321.7,933.0,4218.8,4639.1,3212.1,4316.2,4012.5,5406.8,3607.3,5624.6,713.0,907.6,1090.3,1063.7,4042.3,4885.2,1272.7,1408.3,2135.3,855.8,5402.5,5744.7,348.0
Atlanterhavsparken,1685.1,471.5,7756.9,7775.4,3117.0,394.7,398.7,0.0,832.3,662.9,3270.1,274.2,10936.3,9441.7,3707.0,3066.7,2471.2,636.3,12390.9,10369.5,2916.5,459.7,1331.3,11682.5,3504.8,9240.6,396.4,4429.5,1239.9,5726.1,2469.0,2221.7,5877.3,5266.3,2031.5,1478.4,3696.9,774.8,1244.2,2999.7,1430.5,5219.4,460.5,3259.6,1445.7,5459.2,4348.0,1210.7,6852.9,3703.5,12164.4,1491.2,5675.7,6490.9,6011.0,9909.4,4157.3,6838.9,4307.0,11872.1,2659.8,1727.5,10058.2,9153.2,5187.9,6011.5,492.2,2417.3,6036.8,3034.9,232.2,657.6,1292.6,12038.9,850.4,813.5,1594.9,666.3,2231.5,5134.2,9238.6,4428.8,223.0,410.8,4972.1,2387.2,338.7,1239.2,4381.0,9334.8,984.9,1205.1,5194.8,6245.1,944.1,4451.0,613.8,1528.3,483.7,9071.8,1606.6,1505.9,9059.1,6082.9,7912.2,5473.8,2448.4,12673.2,1284.5,4570.3,4990.6,3563.6,4667.7,4364.0,5758.3,3958.8,5976.1,1064.5,1259.1,1441.8,1415.2,4393.8,5236.7,1624.2,1759.8,2486.8,1207.3,5754.0,6096.2,699.5
"Borgundvegen 340, 6015 Ålesund",1108.2,443.6,7180.0,7198.5,2573.9,428.6,455.5,813.4,0.0,198.8,2727.0,560.4,10359.4,8864.8,3130.1,2489.8,1894.3,216.9,11814.0,9792.6,2339.6,431.8,754.4,11105.6,2927.9,8663.7,435.3,3852.6,1000.1,5149.2,1925.9,1644.8,5300.4,4689.4,1454.6,901.5,3120.0,110.8,667.3,2422.8,1190.7,4642.5,422.3,2716.5,1205.9,4882.3,3804.9,633.8,6276.0,3160.4,11587.5,1251.4,5098.8,5914.0,5434.1,9332.5,3580.4,6262.0,3763.9,11295.2,2116.7,1487.7,9481.3,8576.3,4611.0,5434.6,336.9,1840.4,5459.9,2458.0,659.3,201.8,715.7,11462.0,197.4,206.6,1018.0,295.9,1654.6,4557.3,8661.7,3851.9,713.7,421.8,4395.2,1810.3,477.8,662.3,3804.1,8757.9,378.0,628.2,4617.9,5668.2,367.2,3874.1,224.5,951.4,424.4,8494.9,1029.7,1266.1,8482.2,5506.0,7335.3,4896.9,1871.5,12096.3,707.6,3993.4,4413.7,3020.5,4090.8,3787.1,5181.4,3381.9,5399.2,487.6,682.2,1202.0,838.3,3816.9,4659.8,1384.4,1182.9,1943.7,967.5,5177.1,5519.3,310.2
"Borgundvegen 92, 6008 Ålesund",1155.6,277.2,7227.4,7245.9,2621.3,262.2,289.1,647.0,195.4,0.0,2774.4,394.0,10406.8,8912.2,3177.5,2537.2,1941.7,50.5,11861.4,9840.0,2387.0,265.4,801.8,11153.0,2975.3,8711.1,268.9,3900.0,833.7,5196.6,1973.3,1692.2,5347.8,4736.8,1502.0,948.9,3167.4,192.1,714.7,2470.2,1024.3,4689.9,255.9,2763.9,1039.5,4929.7,3852.3,681.2,6323.4,3207.8,11634.9,1085.0,5146.2,5961.4,5481.5,9379.9,3627.8,6309.4,3811.3,11342.6,2164.1,1321.3,9528.7,8623.7,4658.4,5482.0,170.5,1887.8,5507.3,2505.4,492.9,35.4,763.1,11509.4,226.5,264.4,1065.4,129.5,1702.0,4604.7,8709.1,3899.3,547.3,255.4,4442.6,1857.7,311.4,709.7,3851.5,8805.3,435.8,675.6,4665.3,5715.6,414.6,3921.5,58.1,998.8,258.0,8542.3,1077.1,1099.7,8529.6,5553.4,7382.7,4944.3,1918.9,12143.7,755.0,4040.8,4461.1,3067.9,4138.2,3834.5,5228.8,3429.3,5446.6,535.0,729.6,1035.6,885.7,3864.3,4707.2,1218.0,1230.3,1991.1,801.1,5224.5,5566.7,143.8
Bunnpris Brattvåg,2628.1,2882.6,7119.0,7137.5,1530.3,2867.6,2894.5,3252.4,2696.7,2734.9,0.0,2999.4,11879.3,10384.7,4650.0,3521.1,3414.2,2708.3,13333.9,11152.8,2278.6,2870.8,2236.8,12625.5,3959.2,10023.9,2874.3,5372.5,3004.9,5088.2,882.3,3164.7,6820.3,6209.3,1403.6,2421.4,4639.9,2630.4,2199.3,3454.1,3195.5,6162.4,2861.3,19.4,3210.7,6402.2,1372.5,2263.3,7795.9,2116.8,13107.4,3256.2,6618.7,6945.3,6954.0,10692.7,3519.4,7781.9,2720.3,12655.4,1073.1,3492.5,11001.2,10096.2,6130.9,6954.5,2775.9,1541.7,6979.8,3489.3,3098.3,2729.6,2198.1,12981.9,2706.0,2667.1,2537.9,2774.4,3174.5,5588.6,10021.9,5371.8,3152.7,2860.8,5915.1,3330.2,2916.8,2105.2,3506.8,10277.8,2660.9,2148.1,6137.8,7188.1,2454.7,5394.0,2703.0,2471.3,2863.4,10014.8,2549.6,1814.4,10002.1,7025.9,8695.5,6416.8,3391.4,13616.2,2199.4,5513.3,5445.0,1176.7,4029.8,5307.0,5120.4,4901.8,6919.1,2393.3,2150.4,3206.8,2358.2,3519.6,6179.7,3389.2,2702.8,869.8,2247.8,5116.1,7039.2,2788.7
BROGATA 1,1430.1,216.5,7501.9,7520.4,2862.0,139.7,143.7,271.4,577.3,407.9,3015.1,0.0,10681.3,9186.7,3452.0,2811.7,2216.2,381.3,12135.9,10114.5,2661.5,204.7,1076.3,11427.5,3249.8,8985.6,141.4,4174.5,984.9,5471.1,2214.0,1966.7,5622.3,5011.3,1776.5,1223.4,3441.9,519.8,989.2,2744.7,1175.5,4964.4,205.5,3004.6,1190.7,5204.2,4093.0,955.7,6597.9,3448.5,11909.4,1236.2,5420.7,6235.9,5756.0,9654.4,3902.3,6583.9,4052.0,11617.1,2404.8,1472.5,9803.2,8898.2,4932.9,5756.5,237.2,2162.3,5781.8,2779.9,117.3,402.6,1037.6,11783.9,595.4,558.5,1339.9,411.3,1976.5,4879.2,8983.6,4173.8,171.7,155.8,4717.1,2132.2,83.7,984.2,4126.0,9079.8,729.9,950.1,4939.8,5990.1,689.1,4196.0,358.8,1273.3,228.7,8816.8,1351.6,1250.9,8804.1,5827.9,7657.2,5218.8,2193.4,12418.2,1029.5,4315.3,4735.6,3308.6,4412.7,4109.0,5503.3,3703.8,5721.1,809.5,1004.1,1186.8,1160.2,4138.8,4981.7,1369.2,1504.8,2231.8,952.3,5499.0,5841.2,444.5
Bunnpris Bryggja,9405.0,10308.0,9179.0,9197.5,11474.5,10293.0,10319.9,10677.8,10089.6,10127.8,11627.6,10424.8,0.0,1985.3,7291.3,9326.8,9924.8,10101.2,1502.0,5788.1,11240.2,10296.2,9527.1,2470.9,8811.7,4659.2,10299.7,6686.5,10864.5,10565.2,10826.5,9675.3,4889.4,5593.8,10355.2,9407.7,7288.1,10023.3,9515.5,9334.8,11055.1,5506.8,10286.7,11617.1,11070.3,5285.8,12705.5,9530.8,6202.9,12061.0,1275.5,11115.8,5298.7,5809.5,4943.5,5328.0,10700.5,6188.9,12664.5,6383.2,11017.3,11352.1,899.9,3089.8,5514.0,5050.0,10201.3,10741.0,5048.9,9345.0,10523.7,10122.5,9504.4,1150.0,10098.9,10055.6,9524.2,10167.3,9685.1,7529.2,4657.2,6685.8,10578.1,10286.2,6058.0,9840.8,10342.2,9608.4,12704.7,2012.9,9996.4,9527.3,5522.4,7331.0,9843.2,6703.9,10095.9,9364.1,10288.8,2126.0,9067.6,11130.5,2113.3,7168.8,4109.7,5300.4,9902.0,1784.3,9478.9,6553.6,7486.2,11921.1,12991.4,6761.9,10597.4,6746.9,5032.2,9727.3,9545.8,11066.4,9344.5,12717.5,5497.5,11248.8,9040.3,10844.3,10831.9,10593.1,7182.1,10181.6
Bunnpris Eid,7555.6,8458.6,7301.6,7320.1,9625.1,8443.6,8470.5,8828.4,8240.2,8278.4,9778.2,8575.4,1993.7,0.0,5589.3,7449.4,8075.4,8251.8,3495.7,3910.7,9390.8,8446.8,7677.7,4464.6,6934.3,2781.8,8450.3,4984.5,9015.1,8687.8,8977.1,7825.9,3040.0,3744.4,8505.8,7558.3,5586.1,8173.9,7666.1,7457.4,9205.7,3657.4,8437.3,9767.7,9220.9,3436.4,10856.1,7681.4,4353.5,10211.6,3269.2,9266.4,5444.4,3932.1,5779.7,3450.6,8823.1,4339.5,10815.1,4494.8,9167.9,9502.7,2893.6,5083.5,3664.6,3200.6,8351.9,8891.6,3199.5,7467.6,8674.3,8273.1,7655.0,3143.7,8249.5,8206.2,7674.8,8317.9,7835.7,5651.8,2779.8,4983.8,8728.7,8436.8,4740.8,7991.4,8492.8,7759.0,10855.3,163.5,8147.0,7677.9,3673.0,6013.8,7993.8,5001.9,8246.5,7514.7,8439.4,4119.7,7218.2,9281.1,4107.0,5851.6,2232.3,3451.0,8052.6,3778.0,7629.5,4851.6,5608.8,10071.7,11142.0,5059.9,8720.0,4897.5,3182.8,7877.9,7696.4,9217.0,7495.1,10868.1,3648.1,9399.4,7190.9,8994.9,8982.5,8715.7,5864.9,8332.2
Bunnpris Hareid,2424.9,3327.9,9100.5,9119.0,4494.4,3312.9,3339.8,3697.7,3109.5,3147.7,4647.5,3444.7,7310.1,6269.2,0.0,4015.9,2683.7,3121.1,8764.7,7197.0,4260.1,3316.1,2547.0,8056.3,4454.0,6068.1,3319.6,803.3,3884.4,7069.7,3846.4,2434.2,2641.4,2761.3,3375.1,2427.6,70.7,3043.2,2535.4,3948.9,4075.0,2674.3,3306.6,4637.0,4090.2,2462.2,5725.4,2550.7,4214.2,5080.9,8538.2,4135.7,2049.5,6123.6,2384.8,6736.9,5500.9,4200.2,5684.4,8699.6,4037.2,4372.0,6432.0,5527.0,2681.5,2775.6,3221.2,3760.9,2800.9,3984.1,3543.6,3142.4,2524.3,8412.7,3118.8,3075.5,2544.1,3187.2,2444.0,6083.4,6066.1,802.6,3598.0,3306.1,1345.9,2599.7,3362.1,2628.3,5724.6,6162.3,3016.3,2547.2,2689.9,2618.9,2863.1,824.8,3115.8,2384.0,3308.7,5445.6,2087.5,4150.4,5432.9,2456.7,4739.7,2476.8,2660.9,9047.0,2498.8,944.1,5939.8,4941.0,6011.3,737.8,7101.9,3914.4,2740.2,2747.2,2565.7,4086.3,2364.4,5737.4,2665.0,4268.7,2221.5,3864.2,3851.8,7097.6,2470.0,3201.5
"Ikornes, 6222 Ikornnes",2027.8,2700.3,7226.3,7244.8,3369.8,2685.3,2712.2,3070.1,2481.9,2520.1,3522.9,2817.1,9324.7,7444.7,4049.7,0.0,2813.9,2493.5,10826.7,7723.7,2737.6,2688.5,1919.4,11669.8,530.1,6594.8,2692.0,4772.2,3256.8,5195.5,2721.8,2564.4,4921.8,4310.8,2250.5,1706.3,4039.6,2415.6,1907.8,64.9,3447.4,4263.9,2679.0,3512.4,3462.6,4503.7,4600.8,1923.1,5897.4,3956.3,10600.2,3508.1,6018.4,3516.2,6353.7,7263.6,3978.4,5883.4,4559.8,9226.3,2912.6,3744.4,10045.5,9495.9,4232.4,5056.0,2593.6,2378.8,5081.3,67.9,2916.0,2514.8,1896.7,10474.7,2491.2,2447.9,1552.2,2559.6,2574.2,2159.5,6592.8,4771.5,2970.4,2678.5,5314.8,2729.9,2734.5,2000.7,4202.1,7394.5,2388.7,1919.6,4239.3,6587.8,2235.5,4793.7,2488.2,1871.0,2681.1,9059.1,1949.3,3195.9,9046.4,6425.6,5266.4,4518.3,2791.1,11109.0,1871.2,4913.0,2015.9,3816.4,4488.8,4706.7,5227.7,3003.3,5020.6,2119.6,1938.1,3458.7,1707.1,4214.9,4281.2,3641.1,2102.5,2739.6,3224.2,5223.4,6438.9,2573.9
Bunnpris Langevåg,1204.4,2107.4,7880.0,7898.5,3273.9,2092.4,2119.3,2477.2,1889.0,1927.2,3427.0,2224.2,9917.6,8682.9,2688.3,2795.4,0.0,1900.6,11372.2,9610.7,3039.6,2095.6,1326.5,10663.8,3233.5,8481.8,2099.1,3410.8,2663.9,5849.2,2625.9,271.7,5118.5,4507.5,2154.6,1207.1,2678.2,1822.7,1314.9,2728.4,2854.5,4460.6,2086.1,3416.5,2869.7,4700.4,4504.9,1330.2,6094.1,3860.4,11145.7,2915.2,4657.0,6219.6,4992.3,9150.6,4280.4,6080.1,4463.9,11113.3,2816.7,3151.5,9039.5,8134.5,4429.1,5252.7,2000.7,2540.4,5278.0,2763.6,2323.1,1921.9,1303.8,11020.2,1898.3,1855.0,1323.6,1966.7,281.5,4862.9,8479.8,3410.1,2377.5,2085.6,3953.4,102.9,2141.6,1407.8,4504.1,8576.0,1795.8,1326.7,4436.0,5226.4,1642.6,3432.3,1895.3,1163.5,2088.2,8053.1,867.0,2929.9,8040.4,5064.2,7153.4,4715.0,84.1,11654.5,1278.3,3551.6,4719.3,3720.5,4790.8,3345.3,5881.4,3200.0,5217.3,1526.7,1345.2,2865.8,1143.9,4516.9,4477.9,3048.2,1001.0,2643.7,2631.3,5877.1,5077.5,1981.0
Bunnpris Nørve,1131.5,253.1,7203.3,7221.8,2597.2,238.1,265.0,622.9,216.5,47.1,2750.3,369.9,10382.7,8888.1,3153.4,2513.1,1917.6,0.0,11837.3,9815.9,2362.9,241.3,777.7,11128.9,2951.2,8687.0,244.8,3875.9,809.6,5172.5,1949.2,1668.1,5323.7,4712.7,1477.9,924.8,3143.3,213.2,690.6,2446.1,1000.2,4665.8,231.8,2739.8,1015.4,4905.6,3828.2,657.1,6299.3,3183.7,11610.8,1060.9,5122.1,5937.3,5457.4,9355.8,3603.7,6285.3,3787.2,11318.5,2140.0,1297.2,9504.6,8599.6,4634.3,5457.9,146.4,1863.7,5483.2,2481.3,468.8,41.8,739.0,11485.3,247.6,259.9,1041.3,105.4,1677.9,4580.6,8685.0,3875.2,523.2,231.3,4418.5,1833.6,287.3,685.6,3827.4,8781.2,431.3,651.5,4641.2,5691.5,390.5,3897.4,34.0,974.7,233.9,8518.2,1053.0,1075.6,8505.5,5529.3,7358.6,4920.2,1894.8,12119.6,730.9,4016.7,4437.0,3043.8,4114.1,3810.4,5204.7,3405.2,5422.5,510.9,705.5,1011.5,861.6,3840.2,4683.1,1193.9,1206.2,1967.0,777.0,5200.4,5542.6,119.7
Bunnpris Oldeide,10906.4,11809.4,10680.4,10698.9,12975.9,11794.4,11821.3,12179.2,11591.0,11629.2,13129.0,11926.2,1501.4,3486.7,8757.1,10828.2,11426.2,11602.6,0.0,7289.5,12741.6,11797.6,11028.5,3936.7,10313.1,6160.6,11801.1,8152.3,12365.9,12066.6,12327.9,11176.7,6390.8,7095.2,11856.6,10909.1,8753.9,11524.7,11016.9,10836.2,12556.5,7008.2,11788.1,13118.5,12571.7,6787.2,14206.9,11032.2,7704.3,13562.4,1166.2,12617.2,6764.5,7310.9,6409.3,6829.4,12201.9,7690.3,14165.9,7884.6,12518.7,12853.5,2365.7,4555.6,7015.4,6551.4,11702.7,12242.4,6550.3,10846.4,12025.1,11623.9,11005.8,404.6,11600.3,11557.0,11025.6,11668.7,11186.5,9030.6,6158.6,8151.6,12079.5,11787.6,7523.8,11342.2,11843.6,11109.8,14206.1,3514.3,11497.8,11028.7,7023.8,8796.8,11344.6,8169.7,11597.3,10865.5,11790.2,3591.8,10569.0,12631.9,3579.1,8634.6,5611.1,6801.8,11403.4,696.7,10980.3,8019.4,8987.6,13422.5,14492.8,8227.7,12098.8,8248.3,6533.6,11228.7,11047.2,12567.8,10845.9,14218.9,6998.9,12750.2,10541.7,12345.7,12333.3,12094.5,8647.9,11683.0
Bunnpris Olden,9078.5,9981.5,5705.2,5723.7,10997.7,9966.5,9993.4,10351.3,9763.1,9801.3,11150.8,10098.3,5792.7,3912.7,7188.8,7715.4,9598.3,9774.7,7294.7,0.0,10365.5,9969.7,9200.6,8263.6,7200.3,1192.7,9973.2,6584.0,10538.0,8203.1,10349.7,9348.8,4575.7,5294.3,9878.4,9081.2,7185.6,9696.8,9189.0,7723.4,10728.6,5185.3,9960.2,11140.3,10743.8,5035.9,12228.7,9204.3,5297.8,11584.2,7068.2,10789.3,7043.9,4198.1,7379.2,490.9,9089.1,5283.8,12187.7,1554.1,10540.5,11025.6,6692.6,8882.5,5214.5,4501.0,9874.8,10006.7,4499.9,7733.6,10197.2,9796.0,9177.9,6942.7,9772.4,9729.1,9180.1,9840.8,9358.6,5917.8,1183.4,6583.3,10251.6,9959.7,6340.3,9514.3,10015.7,9281.9,11627.8,3862.5,9669.9,9200.8,5171.3,7613.3,9516.7,6601.4,9769.4,9037.6,9962.3,7918.7,8741.1,10804.0,7906.0,7451.1,2498.3,5050.5,9575.5,7577.0,9152.4,6451.1,5874.8,11444.3,11647.0,6659.4,8235.3,6420.4,4516.7,9400.8,9219.3,10739.9,9018.0,11640.6,5183.8,10922.3,8713.8,10367.5,10505.4,8231.0,7464.4,9855.1
Bunnpris Sjøholt,2258.0,2545.0,4900.9,4919.4,2134.8,2530.0,2556.9,2914.8,2326.6,2364.8,2287.9,2661.8,11509.2,10014.6,4279.9,2747.7,3044.1,2338.2,12963.8,10378.0,0.0,2533.2,1866.7,12255.4,3185.8,9249.1,2536.7,5002.4,3101.5,2870.1,1486.8,2794.6,6450.2,5839.2,1045.9,2042.7,4269.8,2260.3,1829.2,2680.7,3292.1,5792.3,2523.7,2277.4,3307.3,6032.1,3365.8,1893.2,7425.8,2721.3,12737.3,3352.8,6248.6,6170.5,6583.9,9917.9,1301.3,7411.8,2295.7,11880.6,1677.6,3589.1,10631.1,9726.1,5760.8,6584.4,2438.3,748.8,6609.7,2715.9,2760.7,2359.5,1828.0,12611.8,2335.9,2297.0,1888.6,2404.3,2804.4,4503.8,9247.1,5001.7,2815.1,2523.2,5545.0,2960.1,2579.2,1735.1,1525.0,9907.7,2290.8,1778.0,5767.7,6818.0,2084.6,5023.9,2332.9,2101.2,2525.8,9644.7,2179.5,1960.9,9632.0,6655.8,7920.7,6046.7,3021.3,13246.1,1829.3,5143.2,4671.6,2581.4,1811.7,4936.9,2902.3,4531.7,6549.0,2023.2,1780.3,3303.4,1988.1,1537.8,5809.6,3485.8,2332.7,1504.6,2394.3,2898.0,6669.1,2418.6
SKAREGATA 1,1304.5,39.5,7376.3,7394.8,2736.4,68.8,95.7,453.6,451.7,282.3,2889.5,200.6,10555.7,9061.1,3326.4,2686.1,2090.6,255.7,12010.3,9988.9,2535.9,0.0,950.7,11301.9,3124.2,8860.0,75.5,4048.9,859.3,5345.5,2088.4,1841.1,5496.7,4885.7,1650.9,1097.8,3316.3,394.2,863.6,2619.1,1049.9,4838.8,58.7,2879.0,1065.1,5078.6,3967.4,830.1,6472.3,3322.9,11783.8,1110.6,5295.1,6110.3,5630.4,9528.8,3776.7,6458.3,3926.4,11491.5,2279.2,1346.9,9677.6,8772.6,4807.3,5630.9,89.0,2036.7,5656.2,2654.3,299.5,277.0,912.0,11658.3,469.8,432.9,1214.3,285.7,1850.9,4753.6,8858.0,4048.2,353.9,46.5,4591.5,2006.6,118.0,858.6,4000.4,8954.2,604.3,824.5,4814.2,5864.5,563.5,4070.4,233.2,1147.7,31.5,8691.2,1226.0,1125.3,8678.5,5702.3,7531.6,5093.2,2067.8,12292.6,903.9,4189.7,4610.0,3183.0,4287.1,3983.4,5377.7,3578.2,5595.5,683.9,878.5,1061.2,1034.6,4013.2,4856.1,1243.6,1379.2,2106.2,826.7,5373.4,5715.6,318.9
Bunnpris Spjelkavik,537.8,960.4,6689.9,6708.4,2083.8,945.4,972.3,1330.2,742.0,780.2,2236.9,1077.2,9789.0,8294.4,2559.7,1919.4,1323.9,753.6,11243.6,9222.2,1849.5,948.6,0.0,10535.2,2357.5,8093.3,952.1,3282.2,1516.9,4659.1,1435.8,1074.4,4730.0,4119.0,964.5,331.1,2549.6,675.7,167.9,1852.4,1707.5,4072.1,939.1,2226.4,1722.7,4311.9,3314.8,183.2,5705.6,2670.3,11017.1,1768.2,4528.4,5343.6,4863.7,8762.1,3090.3,5691.6,3273.8,10724.8,1626.6,2004.5,8910.9,8005.9,4040.6,4864.2,853.7,1350.3,4889.5,1887.6,1176.1,774.9,66.7,10891.6,751.3,708.0,447.6,819.7,1084.2,3986.9,8091.3,3281.5,1230.5,938.6,3824.8,1239.9,994.6,200.4,3314.0,8187.5,648.8,156.6,4047.5,5097.8,495.6,3303.7,748.3,381.0,941.2,7924.5,459.3,1782.9,7911.8,4935.6,6764.9,4326.5,1301.1,11525.9,47.5,3423.0,3843.3,2530.4,3600.7,3216.7,4691.3,2811.5,4828.8,379.7,111.9,1718.8,267.9,3326.8,4089.4,1901.2,612.5,1453.6,1484.3,4687.0,4948.9,834.0
Bunnpris Stad,10458.7,11361.7,11658.1,11676.6,12528.2,11346.7,11373.6,11731.5,11143.3,11181.5,12681.3,11478.5,2479.1,4464.4,8060.8,11704.4,10717.5,11154.9,3933.7,8267.2,12293.9,11349.9,10580.8,0.0,11290.8,7138.3,11353.4,7456.0,11918.2,13044.3,11880.2,10468.0,6862.8,7567.2,11408.9,10461.4,8057.6,11077.0,10569.2,11712.4,12108.8,7480.2,11340.4,12670.8,12124.0,7259.2,13759.2,10584.5,8544.4,13114.7,2983.0,12169.5,6068.2,8288.6,5713.0,7807.1,13179.6,8530.4,13718.2,8862.3,12071.0,12405.8,1669.4,3859.3,7487.4,7023.4,11255.0,11794.7,7022.3,11722.6,11577.4,11176.2,10558.1,3581.7,11152.6,11109.3,10577.9,11221.0,10477.8,10008.3,7136.3,7455.3,11631.8,11339.9,6827.5,10633.5,11395.9,10662.1,13758.4,4492.0,11050.1,10581.0,7495.8,8100.5,10896.9,7473.4,11149.6,10417.8,11342.5,2895.5,10121.3,12184.2,2882.8,7938.3,6588.8,7273.8,10694.7,4216.0,10532.6,7323.1,9965.3,12974.8,14045.1,7531.4,13076.5,8720.3,7005.6,10781.0,10599.5,12120.1,10398.2,13771.2,7470.9,12302.5,10255.3,11898.0,11885.6,13072.2,7951.6,11235.3
Bunnpris Straumgjerde,2455.4,3127.9,6720.7,6739.2,3797.4,3112.9,3139.8,3497.7,2909.5,2947.7,3950.5,3244.7,8819.1,6939.1,4477.3,515.1,3241.5,2921.1,10321.1,7218.1,3165.2,3116.1,2347.0,11290.0,0.0,6089.2,3119.6,5199.8,3684.4,4689.9,3149.4,2992.0,5272.8,4661.8,2678.1,2133.9,4467.2,2843.2,2335.4,523.1,3875.0,4614.9,3106.6,3940.0,3890.2,4854.7,5028.4,2350.7,5766.2,4383.9,10094.6,3935.7,6446.0,3010.6,6781.3,6758.0,4406.0,5762.5,4987.4,8720.7,3340.2,4172.0,9719.0,9923.5,4583.4,5407.0,3021.2,2806.4,5432.3,533.3,3343.6,2942.4,2324.3,9969.1,2918.8,2875.5,1979.8,2987.2,3001.8,1653.9,6087.2,5199.1,3398.0,3106.1,5742.4,3157.5,3162.1,2428.3,4629.7,6888.9,2816.3,2347.2,4590.3,7015.4,2663.1,5221.3,2915.8,2298.6,3108.7,9410.1,2376.9,3623.5,9397.4,6853.2,4760.8,4869.3,3218.7,10603.4,2298.8,5340.6,1510.3,4244.0,4916.4,5134.3,4722.1,3354.3,5371.6,2547.2,2365.7,3886.3,2134.7,4642.5,4632.2,4068.7,2530.1,3167.2,3651.8,4717.8,6866.5,3001.5
Bunnpris Stryn,7946.3,8849.3,4534.9,4553.4,9865.5,8834.3,8861.2,9219.1,8630.9,8669.1,10018.6,8966.1,4660.5,2780.5,6056.6,6583.2,8466.1,8642.5,6162.5,1193.1,9233.3,8837.5,8068.4,7131.4,6068.1,0.0,8841.0,5451.8,9405.8,7032.8,9217.5,8216.6,3443.5,4162.1,8746.2,7949.0,6053.4,8564.6,8056.8,6591.2,9596.4,4053.1,8828.0,10008.1,9611.6,3903.7,11096.5,8072.1,4165.6,10452.0,5936.0,9657.1,5911.7,3065.9,6247.0,733.0,7956.9,4151.6,11055.5,2695.7,9408.3,9893.4,5560.4,7750.3,4082.3,3368.8,8742.6,8874.5,3367.7,6601.4,9065.0,8663.8,8045.7,5810.5,8640.2,8596.9,8047.9,8708.6,8226.4,4785.6,28.3,5451.1,9119.4,8827.5,5208.1,8382.1,8883.5,8149.7,10495.6,2730.3,8537.7,8068.6,4039.1,6481.1,8384.5,5469.2,8637.2,7905.4,8830.1,6786.5,7608.9,9671.8,6773.8,6318.9,1366.1,3918.3,8443.3,6444.8,8020.2,5318.9,4742.6,10312.1,10514.8,5527.2,7065.0,5288.2,3384.5,8268.6,8087.1,9607.7,7885.8,10508.4,4051.6,9790.1,7581.6,9235.3,9373.2,7060.7,6332.2,8722.9
NEDRE STRANDGATE 9,1302.0,88.4,7373.8,7392.3,2733.9,45.3,54.1,395.7,449.2,279.8,2887.0,142.7,10553.2,9058.6,3323.9,2683.6,2088.1,253.2,12007.8,9986.4,2533.4,76.6,948.2,11299.4,3121.7,8857.5,0.0,4046.4,856.8,5343.0,2085.9,1838.6,5494.2,4883.2,1648.4,1095.3,3313.8,391.7,861.1,2616.6,1047.4,4836.3,77.4,2876.5,1062.6,5076.1,3964.9,827.6,6469.8,3320.4,11781.3,1108.1,5292.6,6107.8,5627.9,9526.3,3774.2,6455.8,3923.9,11489.0,2276.7,1344.4,9675.1,8770.1,4804.8,5628.4,109.1,2034.2,5653.7,2651.8,241.6,274.5,909.5,11655.8,467.3,430.4,1211.8,283.2,1848.4,4751.1,8855.5,4045.7,296.0,27.7,4589.0,2004.1,60.1,856.1,3997.9,8951.7,601.8,822.0,4811.7,5862.0,561.0,4067.9,230.7,1145.2,100.6,8688.7,1223.5,1122.8,8676.0,5699.8,7529.1,5090.7,2065.3,12290.1,901.4,4187.2,4607.5,3180.5,4284.6,3980.9,5375.2,3575.7,5593.0,681.4,876.0,1058.7,1032.1,4010.7,4853.6,1241.1,1376.7,2103.7,824.2,5370.9,5713.1,316.4
Bunnpris Ulsteinvik,3200.8,4103.8,9876.4,9894.9,5270.3,4088.8,4115.7,4473.6,3885.4,3923.6,5423.4,4220.6,6702.8,5661.9,802.9,4791.8,3459.6,3897.0,8157.4,6589.7,5036.0,4092.0,3322.9,7449.0,5229.9,5460.8,4095.5,0.0,4660.3,7845.6,4622.3,3210.1,2034.1,2154.0,4151.0,3203.5,799.7,3819.1,3311.3,4724.8,4850.9,2067.0,4082.5,5412.9,4866.1,1854.9,6501.3,3326.6,3606.9,5856.8,7930.9,4911.6,1442.2,5516.3,1777.5,6129.6,6276.8,3592.9,6460.3,8092.3,4813.1,5147.9,5824.7,4919.7,2074.2,2168.3,3997.1,4536.8,2193.6,4760.0,4319.5,3918.3,3300.2,7805.4,3894.7,3851.4,3320.0,3963.1,3219.9,6859.3,5458.8,10.4,4373.9,4082.0,738.6,3375.6,4138.0,3404.2,6500.5,5555.0,3792.2,3323.1,2082.6,2011.6,3639.0,83.4,3891.7,3159.9,4084.6,4838.3,2863.4,4926.3,4825.6,1849.4,4132.4,1869.5,3436.8,8439.7,3274.7,336.8,6715.7,5716.9,6787.2,231.9,7877.8,3307.1,2132.9,3523.1,3341.6,4862.2,3140.3,6513.3,2057.7,5044.6,2997.4,4640.1,4627.7,7873.5,1862.7,3977.4
Bunnpris Valderøy,1881.2,865.1,7953.0,7971.5,2859.1,850.1,877.0,1234.9,1028.4,859.0,3012.2,981.9,11132.4,9637.8,3903.1,3262.8,2667.3,832.4,12587.0,10565.6,3112.6,853.3,1527.4,11878.6,3700.9,9436.7,856.8,4625.6,0.0,5922.2,2211.1,2417.8,6073.4,5462.4,2227.6,1674.5,3893.0,970.9,1440.3,3195.8,206.3,5415.5,843.8,3001.7,641.3,5655.3,4090.1,1406.8,7049.0,3445.6,12360.5,686.8,5871.8,6687.0,6207.1,10105.5,4353.4,7035.0,4049.1,12068.2,2401.9,869.5,10254.3,9349.3,5384.0,6207.6,758.4,2400.9,6232.9,3231.0,1080.8,853.7,1488.7,12235.0,1046.5,1009.6,1791.0,862.4,2427.6,5330.3,9434.7,4624.9,1135.2,843.3,5168.2,2583.3,899.3,1435.3,4577.1,9530.9,1181.0,1401.2,5390.9,6441.2,1140.2,4647.1,809.9,1724.4,845.9,9267.9,1802.7,1248.0,9255.2,6279.0,8108.3,5669.9,2644.5,12869.3,1480.6,4766.4,5186.7,3305.7,4863.8,4560.1,5954.4,4154.9,6172.2,1260.6,1455.2,583.8,1611.3,4589.9,5432.8,766.2,1955.9,2228.9,949.4,5950.1,6292.3,895.6
Bunnpris Valldal,5071.6,5358.6,2679.5,2698.0,4948.4,5343.6,5370.5,5728.4,5140.2,5178.4,5101.5,5475.4,10563.1,8683.1,7093.5,5182.3,5857.7,5151.8,12065.1,8309.9,2880.6,5346.8,4680.3,13034.0,4667.2,7139.5,5350.3,7816.0,5915.1,0.0,4300.4,5608.2,8252.6,8652.8,3859.5,4856.3,7083.4,5073.9,4642.8,5190.3,6105.7,8605.9,5337.3,5091.0,6120.9,8712.8,6179.4,4706.8,7510.2,5500.3,11838.6,6166.4,9062.2,4754.6,9397.5,7849.8,1586.1,7506.5,4895.5,9812.5,4491.2,6402.7,11463.0,12539.7,8574.4,8177.9,5251.9,3562.4,8176.8,5200.5,5574.3,5173.1,4641.6,11713.1,5149.5,5110.6,4702.2,5217.9,5618.0,3087.9,7152.5,7815.3,5628.7,5336.8,8358.6,5773.7,5392.8,4548.7,4124.8,8632.9,5104.4,4591.6,8581.3,9631.6,4898.2,7837.5,5146.5,4914.8,5339.4,12458.3,4993.1,4774.5,12445.6,9469.4,6504.8,8727.4,5834.9,12347.4,4642.9,7956.8,3304.8,5395.0,4144.0,7750.5,70.5,7345.3,8193.6,4836.8,4593.9,6117.0,4801.7,4137.6,8623.2,6299.4,5146.3,4318.2,5207.9,66.2,9482.7,5232.2
Bunnpris Vatne,1843.5,2098.0,6334.4,6352.9,719.5,2083.0,2109.9,2467.8,1912.1,1950.3,885.3,2214.8,11094.7,9600.1,3865.4,2736.5,2629.6,1923.7,12549.3,10368.2,1494.0,2086.2,1452.2,11840.9,3174.6,9239.3,2089.7,4587.9,2220.3,4303.6,0.0,2380.1,6035.7,5424.7,619.0,1636.8,3855.3,1845.8,1414.7,2669.5,2410.9,5377.8,2076.7,874.8,2426.1,5617.6,1963.2,1478.7,7011.3,1306.0,12322.8,2471.6,5834.1,6160.7,6169.4,9908.1,2734.8,6997.3,1909.5,11870.8,262.3,2707.9,10216.6,9311.6,5346.3,6169.9,1991.3,757.1,6195.2,2704.7,2313.7,1945.0,1413.5,12197.3,1921.4,1882.5,1753.3,1989.8,2389.9,4804.0,9237.3,4587.2,2368.1,2076.2,5130.5,2545.6,2132.2,1320.6,2696.0,9493.2,1876.3,1363.5,5353.2,6403.5,1670.1,4609.4,1918.4,1686.7,2078.8,9230.2,1765.0,1029.8,9217.5,6241.3,7910.9,5632.2,2606.8,12831.6,1414.8,4728.7,4660.4,1178.8,3245.2,4522.4,4335.8,4117.2,6134.5,1608.7,1365.8,2422.2,1573.6,2708.8,5395.1,2604.6,1918.2,102.0,1463.2,4331.5,6254.6,2004.1
Bunnpris Vedde,961.6,1864.6,7637.2,7655.7,3031.1,1849.6,1876.5,2234.4,1646.2,1684.4,3184.2,1981.4,9674.8,8440.1,2445.5,2552.6,272.5,1657.8,11129.4,9367.9,2796.8,1852.8,1083.7,10421.0,2990.7,8239.0,1856.3,3168.0,2421.1,5606.4,2383.1,0.0,4875.7,4264.7,1911.8,964.3,2435.4,1579.9,1072.1,2485.6,2611.7,4217.8,1843.3,3173.7,2626.9,4457.6,4262.1,1087.4,5851.3,3617.6,10902.9,2672.4,4414.2,5976.8,4749.5,8907.8,4037.6,5837.3,4221.1,10870.5,2573.9,2908.7,8796.7,7891.7,4186.3,5009.9,1757.9,2297.6,5035.2,2520.8,2080.3,1679.1,1061.0,10777.4,1655.5,1612.2,1080.8,1723.9,9.8,4620.1,8237.0,3167.3,2134.7,1842.8,3710.6,188.5,1898.8,1165.0,4261.3,8333.2,1553.0,1083.9,4193.2,4983.6,1399.8,3189.5,1652.5,920.7,1845.4,7810.3,624.2,2687.1,7797.6,4821.4,6910.6,4472.2,249.7,11411.7,1035.5,3308.8,4476.5,3477.7,4548.0,3102.5,5638.6,2957.2,4974.5,1283.9,1102.4,2623.0,901.1,4274.1,4235.1,2805.4,758.2,2400.9,2388.5,5634.3,4834.7,1738.2
Bunnpris Volda,4596.8,5499.8,7967.8,7986.3,6666.3,5484.8,5511.7,5869.6,5281.4,5319.6,6819.4,5616.6,5472.4,3649.1,2630.5,4922.8,5116.6,5293.0,6974.4,4576.9,6432.0,5488.0,4718.9,6841.9,5287.4,3448.0,5491.5,2025.7,6056.3,8259.2,6018.3,4867.1,0.0,785.6,5547.0,4599.5,2627.3,5215.1,4707.3,4930.8,6246.9,698.6,5478.5,6808.9,6262.1,477.6,7897.3,4722.6,1702.9,7252.8,6747.9,6307.6,2485.6,3503.5,2820.9,4116.8,7672.8,1688.9,7856.3,6079.5,6209.1,6543.9,5217.6,5092.1,705.8,181.9,5393.1,5932.8,180.8,4941.0,5715.5,5314.3,4696.2,6622.4,5290.7,5247.4,4716.0,5359.1,4876.9,5223.2,3446.0,2025.0,5769.9,5478.0,1782.0,5032.6,5534.0,4800.2,7896.5,3542.2,5188.2,4719.1,714.2,3055.0,5035.0,2043.1,5287.7,4555.9,5480.6,4231.2,4259.4,6322.3,4218.5,2892.8,2119.6,492.2,5093.8,7256.7,4670.7,1892.8,5180.2,7112.9,8183.2,2101.1,8291.4,1938.7,159.3,4919.1,4737.6,6258.2,4536.3,7909.3,689.3,6440.6,4232.1,6036.1,6023.7,8287.1,2906.1,5373.4
Bunnpris Ørsta,3996.1,4899.1,8693.9,8712.4,6065.6,4884.1,4911.0,5268.9,4680.7,4718.9,6218.7,5015.9,6198.5,4375.2,2742.9,4322.1,4515.9,4692.3,7700.5,5303.0,5831.3,4887.3,4118.2,7537.9,4686.7,4174.1,4890.8,2138.1,5455.6,8640.9,5417.6,4266.4,789.9,0.0,4946.3,3998.8,2739.7,4614.4,4106.6,4330.1,5646.2,132.0,4877.8,6208.2,5661.4,371.8,7296.6,4121.9,1786.4,6652.1,7474.0,5706.9,2598.0,4229.6,2933.3,4842.9,7072.1,1772.4,7255.6,6805.6,5608.4,5943.2,5913.6,5788.1,123.6,924.1,4792.4,5332.1,949.4,4340.3,5114.8,4713.6,4095.5,7348.5,4690.0,4646.7,4115.3,4758.4,4276.2,5949.3,4172.1,2137.4,5169.2,4877.3,1894.4,4431.9,4933.3,4199.5,7295.8,4268.3,4587.5,4118.4,132.0,3167.4,4434.3,2155.5,4687.0,3955.2,4879.9,4927.2,3658.7,5721.6,4914.5,3005.2,2845.7,386.4,4493.1,7982.8,4070.0,2005.2,5906.3,6512.2,7582.5,2213.5,8673.1,1338.0,888.7,4318.4,4136.9,5657.5,3935.6,7308.6,149.3,5839.9,3631.4,5435.4,5423.0,8668.8,3018.5,4772.7
"Digernessundet, 6057 Ellingsøy",1363.4,1650.4,5892.1,5910.6,1253.2,1635.4,1662.3,2020.2,1432.0,1470.2,1406.3,1767.2,10614.6,9120.0,3385.3,2256.4,2149.5,1443.6,12069.2,9888.1,1051.7,1638.6,972.1,11360.8,2694.5,8759.2,1642.1,4107.8,2206.9,3861.3,605.2,1900.0,5555.6,4944.6,0.0,1156.7,3375.2,1365.7,934.6,2189.4,2397.5,4897.7,1629.1,1395.8,2412.7,5137.5,2484.2,998.6,6531.2,1839.7,11842.7,2458.2,5354.0,5680.6,5689.3,9428.0,2292.5,6517.2,2443.2,11390.7,796.0,2694.5,9736.5,8831.5,4866.2,5689.8,1543.7,519.7,5715.1,2224.6,1866.1,1464.9,933.4,11717.2,1441.3,1402.4,1273.2,1509.7,1909.8,4323.9,8757.2,4107.1,1920.5,1628.6,4650.4,2065.5,1684.6,840.5,2516.2,9013.1,1396.2,883.4,4873.1,5923.4,1190.0,4129.3,1438.3,1206.6,1631.2,8750.1,1284.9,1079.3,8737.4,5761.2,7430.8,5152.1,2126.7,12351.5,934.7,4248.6,4180.3,1699.8,2802.9,4042.3,3893.5,3637.1,5654.4,1128.6,885.7,2408.8,1093.5,2529.0,4915.0,2591.2,1438.1,623.0,1512.7,3889.2,5774.5,1524.0
Gamle Blindheimsveg 25,437.4,1109.9,6882.5,6901.0,2276.4,1094.9,1121.8,1479.7,891.5,929.7,2429.5,1226.7,9688.6,8194.0,2459.3,1707.5,1223.5,903.1,11143.2,9121.8,2042.1,1098.1,329.0,10434.8,2145.6,7992.9,1101.6,3181.8,1666.4,4851.7,1628.4,974.0,4629.6,4018.6,1157.1,0.0,2449.2,825.2,317.4,1640.5,1857.0,3971.7,1088.6,2419.0,1872.2,4211.5,3507.4,332.7,5605.2,2862.9,10916.7,1917.7,4428.0,5131.7,4763.3,8661.7,3282.9,5591.2,3466.4,10624.4,1819.2,2154.0,8810.5,7905.5,3940.2,4763.8,1003.2,1542.9,4789.1,1675.7,1325.6,924.4,306.3,10791.2,900.8,857.5,235.7,969.2,983.8,3775.0,7990.9,3181.1,1380.0,1088.1,3724.4,1139.5,1144.1,410.3,3506.6,8087.1,798.3,329.2,3947.1,4997.4,645.1,3203.3,897.8,280.6,1090.7,7824.1,358.9,1932.4,7811.4,4835.2,6664.5,4226.1,1200.7,11425.5,280.8,3322.6,3631.4,2723.0,3793.3,3116.3,4883.9,2711.1,4728.4,529.2,347.7,1868.3,101.0,3519.4,3989.0,2050.7,512.1,1646.2,1633.8,4879.6,4848.5,983.5
Eurospar Hareid,2465.7,3368.7,9141.3,9159.8,4535.2,3353.7,3380.6,3738.5,3150.3,3188.5,4688.3,3485.5,7297.1,6256.2,67.8,4056.7,2724.5,3161.9,8751.7,7184.0,4300.9,3356.9,2587.8,8043.3,4494.8,6055.1,3360.4,790.3,3925.2,7110.5,3887.2,2475.0,2628.4,2748.3,3415.9,2468.4,0.0,3084.0,2576.2,3989.7,4115.8,2661.3,3347.4,4677.8,4131.0,2449.2,5766.2,2591.5,4201.2,5121.7,8525.2,4176.5,2036.5,6110.6,2371.8,6723.9,5541.7,4187.2,5725.2,8686.6,4078.0,4412.8,6419.0,5514.0,2668.5,2762.6,3262.0,3801.7,2787.9,4024.9,3584.4,3183.2,2565.1,8399.7,3159.6,3116.3,2584.9,3228.0,2484.8,6124.2,6053.1,789.6,3638.8,3346.9,1332.9,2640.5,3402.9,2669.1,5765.4,6149.3,3057.1,2588.0,2676.9,2605.9,2903.9,811.8,3156.6,2424.8,3349.5,5432.6,2128.3,4191.2,5419.9,2443.7,4726.7,2463.8,2701.7,9034.0,2539.6,931.1,5980.6,4981.8,6052.1,724.8,7142.7,3901.4,2727.2,2788.0,2606.5,4127.1,2405.2,5778.2,2652.0,4309.5,2262.3,3905.0,3892.6,7138.4,2457.0,3242.3
LARSGÅRDSVEGEN 19,1037.2,385.4,7109.0,7127.5,2502.9,370.4,397.3,755.2,96.2,195.8,2656.0,502.2,10288.4,8793.8,3059.1,2418.8,1823.3,178.6,11743.0,9721.6,2268.6,373.6,683.4,11034.6,2856.9,8592.7,377.1,3781.6,941.9,5078.2,1854.9,1573.8,5229.4,4618.4,1383.6,830.5,3049.0,0.0,596.3,2351.8,1132.5,4571.5,364.1,2645.5,1147.7,4811.3,3733.9,562.8,6205.0,3089.4,11516.5,1193.2,5027.8,5843.0,5363.1,9261.5,3509.4,6191.0,3692.9,11224.2,2045.7,1429.5,9410.3,8505.3,4540.0,5363.6,278.7,1769.4,5388.9,2387.0,601.1,198.8,644.7,11391.0,158.1,135.6,947.0,244.7,1583.6,4486.3,8590.7,3780.9,655.5,363.6,4324.2,1739.3,419.6,591.3,3733.1,8686.9,307.0,557.2,4546.9,5597.2,296.2,3803.1,173.3,880.4,366.2,8423.9,958.7,1207.9,8411.2,5435.0,7264.3,4825.9,1800.5,12025.3,636.6,3922.4,4342.7,2949.5,4019.8,3716.1,5110.4,3310.9,5328.2,416.6,611.2,1143.8,767.3,3745.9,4588.8,1326.2,1111.9,1872.7,909.3,5106.1,5448.3,259.0
Eurospar Moa,519.5,896.0,6669.8,6688.3,2063.7,881.0,907.9,1265.8,677.6,715.8,2216.8,1012.8,9770.7,8276.1,2541.4,1901.1,1305.6,689.2,11225.3,9203.9,1829.4,884.2,167.1,10516.9,2339.2,8075.0,887.7,3263.9,1452.5,4639.0,1415.7,1056.1,4711.7,4100.7,944.4,312.8,2531.3,611.3,0.0,1834.1,1643.1,4053.8,874.7,2206.3,1658.3,4293.6,3294.7,127.5,5687.3,2650.2,10998.8,1703.8,4510.1,5325.3,4845.4,8743.8,3070.2,5673.3,3253.7,10706.5,1606.5,1940.1,8892.6,7987.6,4022.3,4845.9,789.3,1330.2,4871.2,1869.3,1111.7,710.5,134.5,10873.3,686.9,595.3,429.3,755.3,1065.9,3968.6,8073.0,3263.2,1166.1,874.2,3806.5,1221.6,930.2,185.4,3293.9,8169.2,536.1,82.5,4029.2,5079.5,382.9,3285.4,683.9,362.7,876.8,7906.2,441.0,1718.5,7893.5,4917.3,6746.6,4308.2,1282.8,11507.6,118.9,3404.7,3825.0,2510.3,3580.6,3198.4,4671.2,2793.2,4810.5,268.5,101.0,1654.4,249.6,3306.7,4071.1,1836.8,594.2,1433.5,1419.9,4666.9,4930.6,769.6
Eurospar Sykkylven,1962.9,2635.4,7238.4,7256.9,3304.9,2620.4,2647.3,3005.2,2417.0,2455.2,3458.0,2752.2,9336.8,7456.8,3984.8,67.0,2749.0,2428.6,10838.8,7735.8,2672.7,2623.6,1854.5,11681.9,542.2,6606.9,2627.1,4707.3,3191.9,5207.6,2656.9,2499.5,4933.9,4322.9,2185.6,1641.4,3974.7,2350.7,1842.9,0.0,3382.5,4276.0,2614.1,3447.5,3397.7,4515.8,4535.9,1858.2,5909.5,3891.4,10612.3,3443.2,5953.5,3528.3,6288.8,7275.7,3913.5,5895.5,4494.9,9238.4,2847.7,3679.5,10057.6,9431.0,4244.5,5068.1,2528.7,2313.9,5093.4,35.2,2851.1,2449.9,1831.8,10486.8,2426.3,2383.0,1487.3,2494.7,2509.3,2171.6,6604.9,4706.6,2905.5,2613.6,5249.9,2665.0,2669.6,1935.8,4137.2,7406.6,2323.8,1854.7,4251.4,6522.9,2170.6,4728.8,2423.3,1806.1,2616.2,9071.2,1884.4,3131.0,9058.5,6360.7,5278.5,4530.4,2726.2,11121.1,1806.3,4848.1,2028.0,3751.5,4423.9,4641.8,5239.8,3015.4,5032.7,2054.7,1873.2,3393.8,1642.2,4150.0,4293.3,3576.2,2037.6,2674.7,3159.3,5235.5,6374.0,2509.0
Eurospar Valderøy,2070.0,1053.9,8141.8,8160.3,3047.9,1038.9,1065.8,1423.7,1217.2,1047.8,3201.0,1170.7,11321.2,9826.6,4091.9,3451.6,2856.1,1021.2,12775.8,10754.4,3301.4,1042.1,1716.2,12067.4,3889.7,9625.5,1045.6,4814.4,204.1,6111.0,2399.9,2606.6,6262.2,5651.2,2416.4,1863.3,4081.8,1159.7,1629.1,3384.6,0.0,5604.3,1032.6,3190.5,830.1,5844.1,4278.9,1595.6,7237.8,3634.4,12549.3,875.6,6060.6,6875.8,6395.9,10294.3,4542.2,7223.8,4237.9,12257.0,2590.7,820.4,10443.1,9538.1,5572.8,6396.4,947.2,2589.7,6421.7,3419.8,1269.6,1042.5,1677.5,12423.8,1235.3,1198.4,1979.8,1051.2,2616.4,5519.1,9623.5,4813.7,1324.0,1032.1,5357.0,2772.1,1088.1,1624.1,4765.9,9719.7,1369.8,1590.0,5579.7,6630.0,1329.0,4835.9,998.7,1913.2,1034.7,9456.7,1991.5,1436.8,9444.0,6467.8,8297.1,5858.7,2833.3,13058.1,1669.4,4955.2,5375.5,3494.5,5052.6,4748.9,6143.2,4343.7,6361.0,1449.4,1644.0,534.7,1800.1,4778.7,5621.6,717.1,2144.7,2417.7,1138.2,6138.9,6481.1,1084.4
Eurospar Ørsta,3942.9,4845.9,8579.8,8598.3,6012.4,4830.9,4857.8,5215.7,4627.5,4665.7,6165.5,4962.7,6084.4,4261.1,2655.5,4268.9,4462.7,4639.1,7586.4,5188.9,5778.1,4834.1,4065.0,7450.5,4633.5,4060.0,4837.6,2050.7,5402.4,8587.7,5364.4,4213.2,702.5,131.7,4893.1,3945.6,2652.3,4561.2,4053.4,4276.9,5593.0,0.0,4824.6,6155.0,5608.2,284.4,7243.4,4068.7,1672.3,6598.9,7359.9,5653.7,2510.6,4115.5,2845.9,4728.8,7018.9,1658.3,7202.4,6691.5,5555.2,5890.0,5826.2,5700.7,51.9,836.7,4739.2,5278.9,862.0,4287.1,5061.6,4660.4,4042.3,7234.4,4636.8,4593.5,4062.1,4705.2,4223.0,5835.2,4058.0,2050.0,5116.0,4824.1,1807.0,4378.7,4880.1,4146.3,7242.6,4154.2,4534.3,4065.2,60.3,3080.0,4381.1,2068.1,4633.8,3902.0,4826.7,4839.8,3605.5,5668.4,4827.1,2917.8,2731.6,299.0,4439.9,7868.7,4016.8,1917.8,5792.2,6459.0,7529.3,2126.1,8619.9,1284.8,801.3,4265.2,4083.7,5604.3,3882.4,7255.4,33.2,5786.7,3578.2,5382.2,5369.8,8615.6,2931.1,4719.5
Rasmus Rønnebergs gate 21,1298.8,77.9,7370.6,7389.1,2730.7,70.4,97.3,455.2,446.0,276.6,2883.8,202.2,10550.0,9055.4,3320.7,2680.4,2084.9,250.0,12004.6,9983.2,2530.2,58.4,945.0,11296.2,3118.5,8854.3,77.1,4043.2,853.6,5339.8,2082.7,1835.4,5491.0,4880.0,1645.2,1092.1,3310.6,388.5,857.9,2613.4,1044.2,4833.1,0.0,2873.3,1059.4,5072.9,3961.7,824.4,6466.6,3317.2,11778.1,1104.9,5289.4,6104.6,5624.7,9523.1,3771.0,6452.6,3920.7,11485.8,2273.5,1341.2,9671.9,8766.9,4801.6,5625.2,83.3,2031.0,5650.5,2648.6,301.1,271.3,906.3,11652.6,464.1,427.2,1208.6,280.0,1845.2,4747.9,8852.3,4042.5,355.5,48.1,4585.8,2000.9,119.6,852.9,3994.7,8948.5,598.6,818.8,4808.5,5858.8,557.8,4064.7,227.5,1142.0,59.4,8685.5,1220.3,1119.6,8672.8,5696.6,7525.9,5087.5,2062.1,12286.9,898.2,4184.0,4604.3,3177.3,4281.4,3977.7,5372.0,3572.5,5589.8,678.2,872.8,1055.5,1028.9,4007.5,4850.4,1237.9,1373.5,2100.5,821.0,5367.7,5709.9,313.2
"Brattvåg, 6270 Brattvåg",2622.5,2877.0,7113.4,7131.9,1524.7,2862.0,2888.9,3246.8,2691.1,2729.3,19.4,2993.8,11873.7,10379.1,4644.4,3515.5,3408.6,2702.7,13328.3,11147.2,2273.0,2865.2,2231.2,12619.9,3953.6,10018.3,2868.7,5366.9,2999.3,5082.6,876.7,3159.1,6814.7,6203.7,1398.0,2415.8,4634.3,2624.8,2193.7,3448.5,3189.9,6156.8,2855.7,0.0,3205.1,6396.6,1391.9,2257.7,7790.3,2111.2,13101.8,3250.6,6613.1,6939.7,6948.4,10687.1,3513.8,7776.3,2714.7,12649.8,1067.5,3486.9,10995.6,10090.6,6125.3,6948.9,2770.3,1536.1,6974.2,3483.7,3092.7,2724.0,2192.5,12976.3,2700.4,2661.5,2532.3,2768.8,3168.9,5583.0,10016.3,5366.2,3147.1,2855.2,5909.5,3324.6,2911.2,2099.6,3501.2,10272.2,2655.3,2142.5,6132.2,7182.5,2449.1,5388.4,2697.4,2465.7,2857.8,10009.2,2544.0,1808.8,9996.5,7020.3,8689.9,6411.2,3385.8,13610.6,2193.8,5507.7,5439.4,1196.1,4024.2,5301.4,5114.8,4896.2,6913.5,2387.7,2144.8,3201.2,2352.6,3514.0,6174.1,3383.6,2697.2,864.2,2242.2,5110.5,7033.6,2783.1
"Valderhaug, 6050 Valderøya",2092.7,1076.6,8164.5,8183.0,3070.6,1061.6,1088.5,1446.4,1239.9,1070.5,3223.7,1193.4,11343.9,9849.3,4114.6,3474.3,2878.8,1043.9,12798.5,10777.1,3324.1,1064.8,1738.9,12090.1,3912.4,9648.2,1068.3,4837.1,643.7,6133.7,2422.6,2629.3,6284.9,5673.9,2439.1,1886.0,4104.5,1182.4,1651.8,3407.3,834.3,5627.0,1055.3,3213.2,0.0,5866.8,4301.6,1618.3,7260.5,3657.1,12572.0,622.8,6083.3,6898.5,6418.6,10317.0,4564.9,7246.5,4260.6,12279.7,2613.4,1160.4,10465.8,9560.8,5595.5,6419.1,969.9,2612.4,6444.4,3442.5,1292.3,1065.2,1700.2,12446.5,1258.0,1221.1,2002.5,1073.9,2639.1,5541.8,9646.2,4836.4,1346.7,1054.8,5379.7,2794.8,1110.8,1646.8,4788.6,9742.4,1392.5,1612.7,5602.4,6652.7,1351.7,4858.6,1021.4,1935.9,1057.4,9479.4,2014.2,1459.5,9466.7,6490.5,8319.8,5881.4,2856.0,13080.8,1692.1,4977.9,5398.2,3517.2,5075.3,4771.6,6165.9,4366.4,6383.7,1472.1,1666.7,874.7,1822.8,4801.4,5644.3,1057.1,2167.4,2440.4,1160.9,6161.6,6503.8,1107.1
"Hovdebygda, 6160 Hovdebygda",4174.5,5077.5,8432.8,8451.3,6244.0,5062.5,5089.4,5447.3,4859.1,4897.3,6397.1,5194.3,5937.4,4114.1,2451.8,4500.5,4694.3,4870.7,7439.4,5041.9,6009.7,5065.7,4296.6,7234.3,4865.1,3913.0,5069.2,1847.0,5634.0,8724.2,5596.0,4444.8,486.3,363.3,5124.7,4177.2,2448.6,4792.8,4285.0,4508.5,5824.6,276.3,5056.2,6386.6,5839.8,0.0,7475.0,4300.3,1816.2,6830.5,7212.9,5885.3,2306.9,3968.5,2642.2,4581.8,7250.5,1802.2,7434.0,6544.5,5786.8,6121.6,5610.0,5484.5,283.5,620.5,4970.8,5510.5,645.8,4518.7,5293.2,4892.0,4273.9,7087.4,4868.4,4825.1,4293.7,4936.8,4454.6,5688.2,3911.0,1846.3,5347.6,5055.7,1603.3,4610.3,5111.7,4377.9,7474.2,4007.2,4765.9,4296.8,291.9,2876.3,4612.7,1864.4,4865.4,4133.6,5058.3,4623.6,3837.1,5900.0,4610.9,2714.1,2584.6,63.2,4671.5,7721.7,4248.4,1714.1,5645.2,6690.6,7760.9,1922.4,8756.4,1516.4,585.1,4496.8,4315.3,5835.9,4114.0,7487.0,267.0,6018.3,3809.8,5613.8,5601.4,8752.1,2727.4,4951.1
"Haramsøya, 6270 Brattvåg",3698.0,3952.5,8188.9,8207.4,2600.2,3937.5,3964.4,4322.3,3766.6,3804.8,1377.3,4069.3,12949.2,11454.6,5719.9,4591.0,4484.1,3778.2,14403.8,12222.7,3348.5,3940.7,3306.7,13695.4,5029.1,11093.8,3944.2,6442.4,4074.8,6158.1,1952.2,4234.6,7890.2,7279.2,2473.5,3491.3,5709.8,3700.3,3269.2,4524.0,4265.4,7232.3,3931.2,1392.5,4280.6,7472.1,0.0,3333.2,8865.8,3186.7,14177.3,4326.1,7688.6,8015.2,8023.9,11762.6,4589.3,8851.8,3790.2,13725.3,2143.0,4562.4,12071.1,11166.1,7200.8,8024.4,3845.8,2611.6,8049.7,4559.2,4168.2,3799.5,3268.0,14051.8,3775.9,3737.0,3607.8,3844.3,4244.4,6658.5,11091.8,6441.7,4222.6,3930.7,6985.0,4400.1,3986.7,3175.1,4576.7,11347.7,3730.8,3218.0,7207.7,8258.0,3524.6,6463.9,3772.9,3541.2,3933.3,11084.7,3619.5,2884.3,11072.0,8095.8,9765.4,7486.7,4461.3,14686.1,3269.3,6583.2,6514.9,790.8,5099.7,6376.9,6190.3,5971.7,7989.0,3463.2,3220.3,4276.7,3428.1,4589.5,7249.6,4459.1,3772.7,1939.7,3317.7,6186.0,8109.1,3858.6
"Spjelkavik, 6010 Ålesund",525.6,872.3,6726.7,6745.2,2120.6,857.3,884.2,1242.1,653.9,692.1,2273.7,989.1,9776.8,8282.2,2547.5,1907.2,1311.7,665.5,11231.4,9210.0,1886.3,860.5,173.2,10523.0,2345.3,8081.1,864.0,3270.0,1428.8,4695.9,1472.6,1062.2,4717.8,4106.8,1001.3,318.9,2537.4,587.6,131.2,1840.2,1619.4,4059.9,851.0,2263.2,1634.6,4299.7,3351.6,0.0,5693.4,2707.1,11004.9,1680.1,4516.2,5331.4,4851.5,8749.9,3127.1,5679.4,3310.6,10712.6,1663.4,1916.4,8898.7,7993.7,4028.4,4852.0,765.6,1387.1,4877.3,1875.4,1088.0,686.8,150.5,10879.4,663.2,571.6,435.4,731.6,1072.0,3974.7,8079.1,3269.3,1142.4,850.5,3812.6,1227.7,906.5,245.9,3350.8,8175.3,512.4,143.0,4035.3,5085.6,359.2,3291.5,660.2,368.8,853.1,7912.3,447.1,1694.8,7899.6,4923.4,6752.7,4314.3,1288.9,11513.7,125.0,3410.8,3831.1,2567.2,3637.5,3204.5,4728.1,2799.3,4816.6,243.3,161.5,1630.7,255.7,3363.6,4077.2,1813.1,600.3,1490.4,1396.2,4723.8,4936.7,745.9
Joker Bellingen,5570.9,6473.9,8703.5,8722.0,7640.4,6458.9,6485.8,6843.7,6255.5,6293.7,7793.5,6590.7,6208.1,4384.8,4207.2,5896.9,6090.7,6267.1,7710.1,5312.6,7406.1,6462.1,5693.0,8534.4,5753.5,4183.7,6465.6,3602.4,7030.4,7507.0,6992.4,5841.2,1709.9,1786.7,6521.1,5573.6,4204.0,6189.2,5681.4,5904.9,7221.0,1677.7,6452.6,7783.0,7236.2,1836.1,8871.4,5696.7,0.0,8226.9,7483.6,7281.7,4062.3,2751.3,4397.6,4852.5,7642.3,19.0,8830.4,6815.2,7183.2,7518.0,6910.1,6784.6,1706.9,1635.2,6367.2,6906.9,1620.2,5915.1,6689.6,6288.4,5670.3,7358.1,6264.8,6221.5,5690.1,6333.2,5851.0,4471.0,4181.7,3601.7,6744.0,6452.1,3358.7,6006.7,6508.1,5774.3,8870.6,4277.9,6162.3,5693.2,1663.7,4631.7,6009.1,3619.8,6261.8,5530.0,6454.7,5923.7,5233.5,7296.4,5911.0,4469.5,2855.3,1850.7,6067.9,7992.4,5644.8,3469.5,4428.0,8087.0,9157.3,3677.8,7539.2,2912.8,1650.9,5893.2,5711.7,7232.3,5510.4,8883.4,1676.2,7414.7,5206.2,7010.2,6997.8,7534.9,4482.8,6347.5
Joker Fiksdal,3075.4,3329.9,7535.1,7553.6,1479.6,3314.9,3341.8,3699.7,3144.0,3182.2,2117.2,3446.7,12326.6,10832.0,5097.3,3968.4,3861.5,3155.6,13781.2,11600.1,2725.9,3318.1,2684.1,13072.8,4406.5,10471.2,3321.6,5819.8,3452.2,5504.3,1309.9,3612.0,7267.6,6656.6,1850.9,2868.7,5087.2,3077.7,2646.6,3901.4,3642.8,6609.7,3308.6,2106.7,3658.0,6849.5,3195.1,2710.6,8243.2,0.0,13554.7,3703.5,7066.0,7392.6,7401.3,11140.0,3935.5,8229.2,622.2,13102.7,1123.5,3939.8,11448.5,10543.5,6578.2,7401.8,3223.2,1989.0,7427.1,3936.6,3545.6,3176.9,2645.4,13429.2,3153.3,3114.4,2985.2,3221.7,3621.8,6035.9,10469.2,5819.1,3600.0,3308.1,6362.4,3777.5,3364.1,2552.5,1408.7,10725.1,3108.2,2595.4,6585.1,7635.4,2902.0,5841.3,3150.3,2918.6,3310.7,10462.1,2996.9,2261.7,10449.4,7473.2,9142.8,6864.1,3838.7,14063.5,2646.7,5960.6,5892.3,2410.7,2267.7,5754.3,5536.5,5349.1,7366.4,2840.6,2597.7,3654.1,2805.5,1421.5,6627.0,3836.5,3150.1,1333.9,2695.1,5532.2,7486.5,3236.0
Joker Flatraket,10692.7,11595.7,10466.7,10485.2,12762.2,11580.7,11607.6,11965.5,11377.3,11415.5,12915.3,11712.5,1287.7,3273.0,8543.4,10614.5,11212.5,11388.9,1167.8,7075.8,12527.9,11583.9,10814.8,2976.4,10099.4,5946.9,11587.4,7938.6,12152.2,11852.9,12114.2,10963.0,6177.1,6881.5,11642.9,10695.4,8540.2,11311.0,10803.2,10622.5,12342.8,6794.5,11574.4,12904.8,12358.0,6573.5,13993.2,10818.5,7490.6,13348.7,0.0,12403.5,6550.8,7097.2,6195.6,6615.7,11988.2,7476.6,13952.2,7670.9,12305.0,12639.8,2152.0,4341.9,6801.7,6337.7,11489.0,12028.7,6336.6,10632.7,11811.4,11410.2,10792.1,815.8,11386.6,11343.3,10811.9,11455.0,10972.8,8816.9,5944.9,7937.9,11865.8,11573.9,7310.1,11128.5,11629.9,10896.1,13992.4,3300.6,11284.1,10815.0,6810.1,8583.1,11130.9,7956.0,11383.6,10651.8,11576.5,3378.1,10355.3,12418.2,3365.4,8420.9,5397.4,6588.1,11189.7,1450.1,10766.6,7805.7,8773.9,13208.8,14279.1,8014.0,11885.1,8034.6,6319.9,11015.0,10833.5,12354.1,10632.2,14005.2,6785.2,12536.5,10328.0,12132.0,12119.6,11880.8,8434.2,11469.3
Godøya post i butikk,2139.7,1123.6,8211.5,8230.0,3117.6,1108.6,1135.5,1493.4,1286.9,1117.5,3270.7,1240.4,11390.9,9896.3,4161.6,3521.3,2925.8,1090.9,12845.5,10824.1,3371.1,1111.8,1785.9,12137.1,3959.4,9695.2,1115.3,4884.1,690.7,6180.7,2469.6,2676.3,6331.9,5720.9,2486.1,1933.0,4151.5,1229.4,1698.8,3454.3,881.3,5674.0,1102.3,3260.2,629.1,5913.8,4348.6,1665.3,7307.5,3704.1,12619.0,0.0,6130.3,6945.5,6465.6,10364.0,4611.9,7293.5,4307.6,12326.7,2660.4,1207.4,10512.8,9607.8,5642.5,6466.1,1016.9,2659.4,6491.4,3489.5,1339.3,1112.2,1747.2,12493.5,1305.0,1268.1,2049.5,1120.9,2686.1,5588.8,9693.2,4883.4,1393.7,1101.8,5426.7,2841.8,1157.8,1693.8,4835.6,9789.4,1439.5,1659.7,5649.4,6699.7,1398.7,4905.6,1068.4,1982.9,1104.4,9526.4,2061.2,1506.5,9513.7,6537.5,8366.8,5928.4,2903.0,13127.8,1739.1,5024.9,5445.2,3564.2,5122.3,4818.6,6212.9,4413.4,6430.7,1519.1,1713.7,921.7,1869.8,4848.4,5691.3,1104.1,2214.4,2487.4,1207.9,6208.6,6550.8,1154.1
Joker Gursken,4435.6,5338.6,10423.3,10441.8,6505.1,5323.6,5350.5,5708.4,5120.2,5158.4,6658.2,5455.4,5299.2,6104.6,2037.7,6026.6,4694.4,5131.8,6753.8,7032.4,6270.8,5326.8,4557.7,6045.4,6464.7,5903.5,5330.3,1432.9,5895.1,9080.4,5857.1,4444.9,2476.8,2596.7,5385.8,4438.3,2034.5,5053.9,4546.1,5959.6,6085.7,2509.7,5317.3,6647.7,6100.9,2297.6,7736.1,4561.4,4049.6,7091.6,6527.3,6146.4,0.0,5959.0,373.9,6572.3,7511.6,4035.6,7695.1,8535.0,6047.9,6382.7,4421.1,3516.1,2516.9,2611.0,5231.9,5771.6,2636.3,5994.8,5554.3,5153.1,4535.0,6401.8,5129.5,5086.2,4554.8,5197.9,4454.7,7678.7,5901.5,1432.2,5608.7,5316.8,804.4,4610.4,5372.8,4639.0,7735.3,5997.7,5027.0,4557.9,2525.3,2077.4,4873.8,1450.3,5126.5,4394.7,5319.4,3434.7,4098.2,6161.1,3422.0,1915.2,4575.1,2312.2,4671.6,7036.1,4509.5,1300.0,7635.7,6951.7,8022.0,1508.3,9112.6,3749.8,2575.6,4757.9,4576.4,6097.0,4375.1,7748.1,2500.4,6279.4,4232.2,5874.9,5862.5,9108.3,1928.5,5212.2
"Hellesylt, 6218 Hellesylt",5457.6,6130.1,6786.5,6805.0,6799.6,6115.1,6142.0,6499.9,5911.7,5949.9,6952.7,6246.9,5808.5,3928.5,6111.1,3517.3,6243.7,5923.3,7310.5,4207.5,6167.4,6118.3,5349.2,8279.4,3002.2,3078.6,6121.8,5506.3,6686.6,4755.7,6151.6,5994.2,3498.0,4216.6,5680.3,5136.1,6107.9,5845.4,5337.6,3525.3,6877.2,4107.6,6108.8,6942.2,6892.4,3958.2,8030.6,5352.9,2755.6,7386.1,7084.0,6937.9,5966.2,0.0,6301.5,3747.4,4891.0,2751.9,7989.6,5710.1,6342.4,7174.2,6708.4,8572.7,4136.8,3423.3,6023.4,5808.6,3422.2,3535.5,6345.8,5944.6,5326.5,6958.5,5921.0,5877.7,4982.0,5989.4,6004.0,1719.7,3076.6,5505.6,6400.2,6108.3,5262.6,6159.7,6164.3,5430.5,7429.7,3878.3,5818.5,5349.4,4093.6,6535.6,5665.3,5523.7,5918.0,5300.8,6110.9,7711.8,5379.1,6625.7,7699.1,6373.4,1750.2,3972.8,6220.9,7592.8,5301.0,5373.4,1676.7,7246.2,7448.9,5581.7,4787.9,5342.7,3439.0,5549.4,5367.9,6888.5,5136.9,7442.5,4106.1,7070.9,5532.3,6169.4,6654.0,4783.6,6386.7,6003.7
Joker Larsnes,4770.5,5673.5,10758.2,10776.7,6840.0,5658.5,5685.4,6043.3,5455.1,5493.3,6993.1,5790.3,4945.7,6439.5,2372.6,6361.5,5029.3,5466.7,6400.3,7367.3,6605.7,5661.7,4892.6,5691.9,6799.6,6238.4,5665.2,1767.8,6230.0,9415.3,6192.0,4779.8,2811.7,2931.6,5720.7,4773.2,2369.4,5388.8,4881.0,6294.5,6420.6,2844.6,5652.2,6982.6,6435.8,2632.5,8071.0,4896.3,4384.5,7426.5,6173.8,6481.3,380.0,6293.9,0.0,6907.2,7846.5,4370.5,8030.0,8869.9,6382.8,6717.6,4067.6,3162.6,2851.8,2945.9,5566.8,6106.5,2971.2,6329.7,5889.2,5488.0,4869.9,6048.3,5464.4,5421.1,4889.7,5532.8,4789.6,8013.6,6236.4,1767.1,5943.6,5651.7,1139.3,4945.3,5707.7,4973.9,8070.2,6332.6,5361.9,4892.8,2860.2,2412.3,5208.7,1785.2,5461.4,4729.6,5654.3,3081.2,4433.1,6496.0,3068.5,2250.1,4910.0,2647.1,5006.5,6682.6,4844.4,1634.9,7970.6,7286.6,8356.9,1843.2,9447.5,4084.7,2910.5,5092.8,4911.3,6431.9,4710.0,8083.0,2835.3,6614.3,4567.1,6209.8,6197.4,9443.2,2263.4,5547.1
Joker Loen,8621.3,9524.3,5248.0,5266.5,10540.5,9509.3,9536.2,9894.1,9305.9,9344.1,10693.6,9641.1,5335.5,3455.5,6731.6,7258.2,9141.1,9317.5,6837.5,483.1,9908.3,9512.5,8743.4,7806.4,6743.1,735.5,9516.0,6126.8,10080.8,7745.9,9892.5,8891.6,4118.5,4837.1,9421.2,8624.0,6728.4,9239.6,8731.8,7266.2,10271.4,4728.1,9503.0,10683.1,10286.6,4578.7,11771.5,8747.1,4840.6,11127.0,6611.0,10332.1,6586.7,3740.9,6922.0,0.0,8631.9,4826.6,11730.5,1985.7,10083.3,10568.4,6235.4,8425.3,4757.3,4043.8,9417.6,9549.5,4042.7,7276.4,9740.0,9338.8,8720.7,6485.5,9315.2,9271.9,8722.9,9383.6,8901.4,5460.6,726.2,6126.1,9794.4,9502.5,5883.1,9057.1,9558.5,8824.7,11170.6,3405.3,9212.7,8743.6,4714.1,7156.1,9059.5,6144.2,9312.2,8580.4,9505.1,7461.5,8283.9,10346.8,7448.8,6993.9,2041.1,4593.3,9118.3,7119.8,8695.2,5993.9,5417.6,10987.1,11189.8,6202.2,7778.1,5963.2,4059.5,8943.6,8762.1,10282.7,8560.8,11183.4,4726.6,10465.1,8256.6,9910.3,10048.2,7773.8,7007.2,9397.9
Joker Stordal,3500.3,3787.3,3621.0,3639.5,3377.1,3772.3,3799.2,4157.1,3568.9,3607.1,3530.2,3904.1,10699.1,8819.1,5522.2,3990.0,4286.4,3580.5,12201.1,9098.1,1309.3,3775.5,3109.0,13170.0,4428.1,7969.2,3779.0,6244.7,4343.8,1590.2,2729.1,4036.9,7692.5,7081.5,2288.2,3285.0,5512.1,3502.6,3071.5,3923.0,4534.4,7034.6,3766.0,3519.7,4549.6,7274.4,4608.1,3135.5,7646.2,3929.0,11974.6,4595.1,7490.9,4890.6,7826.2,8638.0,0.0,7642.5,3324.2,10600.7,2919.9,4831.4,11599.0,10968.4,7003.1,7826.7,3680.6,1991.1,7852.0,3958.2,4003.0,3601.8,3070.3,11849.1,3578.2,3539.3,3130.9,3646.6,4046.7,3223.9,7967.2,6244.0,4057.4,3765.5,6787.3,4202.4,3821.5,2977.4,2553.5,8768.9,3533.1,3020.3,7010.0,8060.3,3326.9,6266.2,3575.2,3343.5,3768.1,10887.0,3421.8,3203.2,10874.3,7898.1,6640.8,7289.0,4263.6,12483.4,3071.6,6385.5,3440.8,3823.7,2572.7,6179.2,1622.4,5774.0,7791.3,3265.5,3022.6,4545.7,3230.4,2566.3,7051.9,4728.1,3575.0,2746.9,3636.6,1618.1,7911.4,3660.9
Joker Sæbø,5556.6,6459.6,8689.2,8707.7,7626.1,6444.6,6471.5,6829.4,6241.2,6279.4,7779.2,6576.4,6193.8,4370.5,4192.9,5882.6,6076.4,6252.8,7695.8,5298.3,7391.8,6447.8,5678.7,8520.1,5748.7,4169.4,6451.3,3588.1,7016.1,7502.2,6978.1,5826.9,1695.6,1772.4,6506.8,5559.3,4189.7,6174.9,5667.1,5890.6,7206.7,1663.4,6438.3,7768.7,7221.9,1821.8,8857.1,5682.4,26.1,8212.6,7469.3,7267.4,4048.0,2746.5,4383.3,4838.2,7637.5,0.0,8816.1,6800.9,7168.9,7503.7,6895.8,6770.3,1692.6,1620.9,6352.9,6892.6,1605.9,5900.8,6675.3,6274.1,5656.0,7343.8,6250.5,6207.2,5675.8,6318.9,5836.7,4466.2,4167.4,3587.4,6729.7,6437.8,3344.4,5992.4,6493.8,5760.0,8856.3,4263.6,6148.0,5678.9,1649.4,4617.4,5994.8,3605.5,6247.5,5515.7,6440.4,5909.4,5219.2,7282.1,5896.7,4455.2,2841.0,1836.4,6053.6,7978.1,5630.5,3455.2,4423.2,8072.7,9143.0,3663.5,7534.4,2898.5,1636.6,5878.9,5697.4,7218.0,5496.1,8869.1,1661.9,7400.4,5191.9,6995.9,6983.5,7530.1,4468.5,6333.2
Joker Tomrefjord,3687.8,3942.3,6928.7,6947.2,2071.3,3927.3,3954.2,4312.1,3756.4,3794.6,2729.6,4059.1,12939.0,11444.4,5709.7,4580.8,4473.9,3768.0,14393.6,12212.5,2298.9,3930.5,3296.5,13685.2,5018.9,11083.6,3934.0,6432.2,4064.6,4897.9,1922.3,4224.4,7880.0,7269.0,2463.3,3481.1,5699.6,3690.1,3259.0,4513.8,4255.2,7222.1,3921.0,2719.1,4270.4,7461.9,3807.5,3323.0,8855.6,624.7,14167.1,4315.9,7678.4,8005.0,8013.7,11752.4,3329.1,8841.6,0.0,13715.1,1735.9,4552.2,12060.9,11155.9,7190.6,8014.2,3835.6,2601.4,8039.5,4549.0,4158.0,3789.3,3257.8,14041.6,3765.7,3726.8,3597.6,3834.1,4234.2,6531.6,11081.6,6431.5,4212.4,3920.5,6974.8,4389.9,3976.5,3164.9,802.3,11337.5,3720.6,3207.8,7197.5,8247.8,3514.4,6453.7,3762.7,3531.0,3923.1,11074.5,3609.3,2874.1,11061.8,8085.6,9755.2,7476.5,4451.1,14675.9,3259.1,6573.0,6504.7,3023.1,1661.3,6366.7,4930.1,5961.5,7978.8,3453.0,3210.1,4266.5,3417.9,815.1,7239.4,4448.9,3762.5,1946.3,3307.5,4925.8,8098.9,3848.4
Joker,10584.4,11487.4,7211.1,7229.6,12503.6,11472.4,11499.3,11857.2,11269.0,11307.2,12656.7,11604.2,6378.3,4490.1,8694.7,9221.3,11104.2,11280.6,7880.3,1563.9,11871.4,11475.6,10706.5,8849.2,8706.2,2698.6,11479.1,8089.9,12043.9,9709.0,11855.6,10854.7,6081.6,6800.2,11384.3,10587.1,8691.5,11202.7,10694.9,9229.3,12234.5,6691.2,11466.1,12646.2,12249.7,6541.8,13734.6,10710.2,6803.7,13090.1,7653.8,12295.2,8549.8,5704.0,8885.1,1996.8,10595.0,6789.7,13693.6,0.0,12046.4,12531.5,7278.2,9468.1,6720.4,6006.9,11380.7,11512.6,6005.8,9239.5,11703.1,11301.9,10683.8,7528.3,11278.3,11235.0,10686.0,11346.7,10864.5,7423.7,2689.3,8089.2,11757.5,11465.6,7846.2,11020.2,11521.6,10787.8,13133.7,4530.0,11175.8,10706.7,6677.2,9119.2,11022.6,8107.3,11275.3,10543.5,11468.2,8504.3,10247.0,12309.9,8491.6,8957.0,4004.2,6556.4,11081.4,8162.6,10658.3,7957.0,7380.7,12950.2,13152.9,8165.3,9741.2,7926.3,6022.6,10906.7,10725.2,12245.8,10523.9,13146.5,6689.7,12428.2,10219.7,11873.4,12011.3,9736.9,8970.3,11361.0
Joker Vatne,2028.1,2282.6,6519.0,6537.5,516.8,2267.6,2294.5,2652.4,2096.7,2134.9,1069.9,2399.4,11279.3,9784.7,4050.0,2921.1,2814.2,2108.3,12733.9,10552.8,1678.6,2270.8,1636.8,12025.5,3359.2,9423.9,2274.3,4772.5,2404.9,4488.2,262.6,2564.7,6220.3,5609.3,803.6,1821.4,4039.9,2030.4,1599.3,2854.1,2595.5,5562.4,2261.3,1059.4,2610.7,5802.2,2147.8,1663.3,7195.9,1132.8,12507.4,2656.2,6018.7,6345.3,6354.0,10092.7,2919.4,7181.9,1736.3,12055.4,0.0,2892.5,10401.2,9496.2,5530.9,6354.5,2175.9,941.7,6379.8,2889.3,2498.3,2129.6,1598.1,12381.9,2106.0,2067.1,1937.9,2174.4,2574.5,4988.6,9421.9,4771.8,2552.7,2260.8,5315.1,2730.2,2316.8,1505.2,2522.8,9677.8,2060.9,1548.1,5537.8,6588.1,1854.7,4794.0,2103.0,1871.3,2263.4,9414.8,1949.6,1214.4,9402.1,6425.9,8095.5,5816.8,2791.4,13016.2,1599.4,4913.3,4845.0,1363.4,3381.8,4707.0,4520.4,4301.8,6319.1,1793.3,1550.4,2606.8,1758.2,2535.6,5579.7,2789.2,2102.8,286.6,1647.8,4516.1,6439.2,2188.7
Vigra post i butikk,2373.5,1357.4,8445.3,8463.8,3351.4,1342.4,1369.3,1727.2,1520.7,1351.3,3504.5,1474.2,11624.7,10130.1,4395.4,3755.1,3159.6,1324.7,13079.3,11057.9,3604.9,1345.6,2019.7,12370.9,4193.2,9929.0,1349.1,5117.9,870.8,6414.5,2703.4,2910.1,6565.7,5954.7,2719.9,2166.8,4385.3,1463.2,1932.6,3688.1,815.2,5907.8,1336.1,3494.0,1146.6,6147.6,4582.4,1899.1,7541.3,3937.9,12852.8,1192.1,6364.1,7179.3,6699.4,10597.8,4845.7,7527.3,4541.4,12560.5,2894.2,0.0,10746.6,9841.6,5876.3,6699.9,1250.7,2893.2,6725.2,3723.3,1573.1,1346.0,1981.0,12727.3,1538.8,1501.9,2283.3,1354.7,2919.9,5822.6,9927.0,5117.2,1627.5,1335.6,5660.5,3075.6,1391.6,1927.6,5069.4,10023.2,1673.3,1893.5,5883.2,6933.5,1632.5,5139.4,1302.2,2216.7,1338.2,9760.2,2295.0,1740.3,9747.5,6771.3,8600.6,6162.2,3136.8,13361.6,1972.9,5258.7,5679.0,3798.0,5356.1,5052.4,6446.7,4647.2,6664.5,1752.9,1947.5,284.4,2103.6,5082.2,5925.1,271.1,2448.2,2721.2,1441.7,6442.4,6784.6,1387.9
Joker Åheim,8819.3,9722.3,10082.9,10101.4,10888.8,9707.3,9734.2,10092.1,9503.9,9542.1,11041.9,9839.1,903.9,2889.2,6421.4,10065.0,9078.1,9515.5,2358.5,6692.0,10654.5,9710.5,8941.4,1650.1,9715.6,5563.1,9714.0,5816.6,10278.8,11469.1,10240.8,8828.6,5223.4,5927.8,9769.5,8822.0,6418.2,9437.6,8929.8,10073.0,10469.4,5840.8,9701.0,11031.4,10484.6,5619.8,12119.8,8945.1,6905.0,11475.3,2132.0,10530.1,4428.8,6713.4,4073.6,6231.9,11604.4,6891.0,12078.8,7287.1,10431.6,10766.4,0.0,2219.9,5848.0,5384.0,9615.6,10155.3,5382.9,10083.2,9938.0,9536.8,8918.7,2006.5,9513.2,9469.9,8938.5,9581.6,8838.4,8433.1,5561.1,5815.9,9992.4,9700.5,5188.1,8994.1,9756.5,9022.7,12119.0,2916.8,9410.7,8941.6,5856.4,6461.1,9257.5,5834.0,9510.2,8778.4,9703.1,1256.1,8481.9,10544.8,1243.4,6298.9,5013.6,5634.4,9055.3,2640.8,8893.2,5683.7,8390.1,11335.4,12405.7,5892.0,11501.3,7080.9,5366.2,9141.6,8960.1,10480.7,8758.8,12131.8,5831.5,10663.1,8615.9,10258.6,10246.2,11497.0,6312.2,9595.9
Joker Åram,7909.0,8812.0,12273.9,12292.4,9978.5,8797.0,8823.9,9181.8,8593.6,8631.8,10131.6,8928.8,3094.9,5080.2,5511.1,9500.0,8167.8,8605.2,4549.5,8883.0,9744.2,8800.2,8031.1,3841.1,9938.1,7754.1,8803.7,4906.3,9368.5,12553.8,9330.5,7918.3,5095.1,5799.5,8859.2,7911.7,5507.9,8527.3,8019.5,9433.0,9559.1,5712.5,8790.7,10121.1,9574.3,5491.5,11209.5,8034.8,6776.7,10565.0,4323.0,9619.8,3518.5,8577.3,3163.3,8422.9,10985.0,6762.7,11168.5,9478.1,9521.3,9856.1,2216.8,0.0,5719.7,5255.7,8705.3,9245.0,5254.6,9468.2,9027.7,8626.5,8008.4,4197.5,8602.9,8559.6,8028.2,8671.3,7928.1,10297.0,7752.1,4905.6,9082.1,8790.2,4277.8,8083.8,8846.2,8112.4,11208.7,5107.8,8500.4,8031.3,5728.1,5550.8,8347.2,4923.7,8599.9,7868.1,8792.8,1050.2,7571.6,9634.5,1021.4,5388.6,7193.4,5506.1,8145.0,4831.8,7982.9,4773.4,10254.0,10425.1,11495.4,4981.7,12586.0,6952.6,5237.9,8231.3,8049.8,9570.4,7848.5,11221.5,5703.2,9752.8,7705.6,9348.3,9335.9,12581.7,5401.9,8685.6
Kiwi Meieribygget Ørsta,3906.3,4809.3,8610.3,8628.8,5975.8,4794.3,4821.2,5179.1,4590.9,4629.1,6128.9,4926.1,6114.9,4291.6,2661.3,4232.3,4426.1,4602.5,7616.9,5219.4,5741.5,4797.5,4028.4,7456.3,4596.9,4090.5,4801.0,2056.5,5365.8,8551.1,5327.8,4176.6,708.3,112.2,4856.5,3909.0,2658.1,4524.6,4016.8,4240.3,5556.4,50.4,4788.0,6118.4,5571.6,290.2,7206.8,4032.1,1702.8,6562.3,7390.4,5617.1,2516.4,4146.0,2851.7,4759.3,6982.3,1688.8,7165.8,6722.0,5518.6,5853.4,5832.0,5706.5,0.0,842.5,4702.6,5242.3,867.8,4250.5,5025.0,4623.8,4005.7,7264.9,4600.2,4556.9,4025.5,4668.6,4186.4,5865.7,4088.5,2055.8,5079.4,4787.5,1812.8,4342.1,4843.5,4109.7,7206.0,4184.7,4497.7,4028.6,44.7,3085.8,4344.5,2073.9,4597.2,3865.4,4790.1,4845.6,3568.9,5631.8,4832.9,2923.6,2762.1,304.8,4403.3,7899.2,3980.2,1923.6,5822.7,6422.4,7492.7,2131.9,8583.3,1248.2,807.1,4228.6,4047.1,5567.7,3845.8,7218.8,67.7,5750.1,3541.6,5345.6,5333.2,8579.0,2936.9,4682.9
"Volda, 6100 Volda",4732.8,5635.8,7894.6,7913.1,6802.3,5620.8,5647.7,6005.6,5417.4,5455.6,6955.4,5752.6,5399.2,3575.9,2766.5,5058.8,5252.6,5429.0,6901.2,4503.7,6568.0,5624.0,4854.9,7001.1,5423.4,3374.8,5627.5,2161.7,6192.3,8186.0,6154.3,5003.1,176.6,921.6,5683.0,4735.5,2763.3,5351.1,4843.3,5066.8,6382.9,834.6,5614.5,6944.9,6398.1,613.6,8033.3,4858.6,1629.7,7388.8,6674.7,6443.6,2621.6,3430.3,2956.9,4043.6,7808.8,1615.7,7992.3,6006.3,6345.1,6679.9,5376.8,5251.3,841.8,0.0,5529.1,6068.8,107.6,5077.0,5851.5,5450.3,4832.2,6549.2,5426.7,5383.4,4852.0,5495.1,5012.9,5150.0,3372.8,2161.0,5905.9,5614.0,1918.0,5168.6,5670.0,4936.2,8032.5,3469.0,5324.2,4855.1,850.2,3191.0,5171.0,2179.1,5423.7,4691.9,5616.6,4390.4,4395.4,6458.3,4377.7,3028.8,2046.4,628.2,5229.8,7183.5,4806.7,2028.8,5107.0,7248.9,8319.2,2237.1,8218.2,2074.7,86.2,5055.1,4873.6,6394.2,4672.3,8045.3,825.3,6576.6,4368.1,6172.1,6159.7,8213.9,3042.1,5509.4
SUNDGATA 8,1215.5,118.0,7287.3,7305.8,2647.4,103.0,129.9,487.8,362.7,193.3,2800.5,234.8,10466.7,8972.1,3237.4,2597.1,2001.6,166.7,11921.3,9899.9,2446.9,96.7,861.7,11212.9,3035.2,8771.0,109.7,3959.9,770.3,5256.5,1999.4,1752.1,5407.7,4796.7,1561.9,1008.8,3227.3,305.2,774.6,2530.1,960.9,4749.8,95.6,2790.0,976.1,4989.6,3878.4,741.1,6383.3,3233.9,11694.8,1021.6,5206.1,6021.3,5541.4,9439.8,3687.7,6369.3,3837.4,11402.5,2190.2,1257.9,9588.6,8683.6,4718.3,5541.9,0.0,1947.7,5567.2,2565.3,333.7,188.0,823.0,11569.3,380.8,343.9,1125.3,196.7,1761.9,4664.6,8769.0,3959.2,388.1,96.2,4502.5,1917.6,152.2,769.6,3911.4,8865.2,515.3,735.5,4725.2,5775.5,474.5,3981.4,144.2,1058.7,97.7,8602.2,1137.0,1036.3,8589.5,5613.3,7442.6,5004.2,1978.8,12203.6,814.9,4100.7,4521.0,3094.0,4198.1,3894.4,5288.7,3489.2,5506.5,594.9,789.5,972.2,945.6,3924.2,4767.1,1154.6,1290.2,2017.2,737.7,5284.4,5626.6,229.9
Kiwi Skodje,1747.3,2034.3,5591.8,5610.3,1406.3,2019.3,2046.2,2404.1,1815.9,1854.1,1559.4,2151.1,10998.5,9503.9,3769.2,2379.7,2533.4,1827.5,12453.1,10011.4,751.4,2022.5,1356.0,11744.7,2817.8,8882.5,2026.0,4491.7,2422.9,3561.0,758.3,2283.9,5939.5,5328.5,522.8,1540.6,3759.1,1749.6,1318.5,2312.7,2613.5,5281.6,2013.0,1548.9,2628.7,5521.4,2637.3,1382.5,6915.1,1992.8,12226.6,2674.2,5737.9,5803.9,6073.2,9551.3,1992.2,6901.1,2596.3,11514.0,949.1,2910.5,10120.4,9215.4,5250.1,6073.7,1927.6,0.0,6099.0,2347.9,2250.0,1848.8,1317.3,12101.1,1825.2,1786.3,1520.6,1893.6,2293.7,4447.2,8880.5,4491.0,2304.4,2012.5,5034.3,2449.4,2068.5,1224.4,2215.9,9397.0,1780.1,1267.3,5257.0,6307.3,1573.9,4513.2,1822.2,1590.5,2015.1,9134.0,1668.8,1232.4,9121.3,6145.1,7554.1,5536.0,2510.6,12735.4,1318.6,4632.5,4303.6,1852.9,2502.6,4426.2,3593.2,4021.0,6038.3,1512.5,1269.6,2624.8,1477.4,2228.7,5298.9,2807.2,1822.0,776.1,1665.8,3588.9,6158.4,1907.9
Kiwi Volda,4770.3,5673.3,7908.9,7927.4,6839.8,5658.3,5685.2,6043.1,5454.9,5493.1,6992.9,5790.1,5413.5,3590.2,2804.0,5096.3,5290.1,5466.5,6915.5,4518.0,6605.5,5661.5,4892.4,7015.4,5460.9,3389.1,5665.0,2199.2,6229.8,8200.3,6191.8,5040.6,190.9,959.1,5720.5,4773.0,2800.8,5388.6,4880.8,5104.3,6420.4,872.1,5652.0,6982.4,6435.6,651.1,8070.8,4896.1,1616.7,7426.3,6689.0,6481.1,2659.1,3444.6,2994.4,4057.9,7846.3,1602.7,8029.8,6020.6,6382.6,6717.4,5391.1,5265.6,879.3,116.2,5566.6,6106.3,0.0,5114.5,5889.0,5487.8,4869.7,6563.5,5464.2,5420.9,4889.5,5532.6,5050.4,5164.3,3387.1,2198.5,5943.4,5651.5,1955.5,5206.1,5707.5,4973.7,8070.0,3483.3,5361.7,4892.6,887.7,3228.5,5208.5,2216.6,5461.2,4729.4,5654.1,4404.7,4432.9,6495.8,4392.0,3066.3,2060.7,665.7,5267.3,7197.8,4844.2,2066.3,5121.3,7286.4,8356.7,2274.6,8232.5,2112.2,131.9,5092.6,4911.1,6431.7,4709.8,8082.8,862.8,6614.1,4405.6,6209.6,6197.2,8228.2,3079.6,5546.9
Kiwi Sykkylven,1994.8,2667.3,7246.3,7264.8,3336.8,2652.3,2679.2,3037.1,2448.9,2487.1,3489.9,2784.1,9344.7,7464.7,4016.7,73.3,2780.9,2460.5,10846.7,7743.7,2704.6,2655.5,1886.4,11689.8,550.1,6614.8,2659.0,4739.2,3223.8,5215.5,2688.8,2531.4,4941.8,4330.8,2217.5,1673.3,4006.6,2382.6,1874.8,31.9,3414.4,4283.9,2646.0,3479.4,3429.6,4523.7,4567.8,1890.1,5917.4,3923.3,10620.2,3475.1,5985.4,3536.2,6320.7,7283.6,3945.4,5903.4,4526.8,9246.3,2879.6,3711.4,10065.5,9462.9,4252.4,5076.0,2560.6,2345.8,5101.3,0.0,2883.0,2481.8,1863.7,10494.7,2458.2,2414.9,1519.2,2526.6,2541.2,2179.5,6612.8,4738.5,2937.4,2645.5,5281.8,2696.9,2701.5,1967.7,4169.1,7414.5,2355.7,1886.6,4259.3,6554.8,2202.5,4760.7,2455.2,1838.0,2648.1,9079.1,1916.3,3162.9,9066.4,6392.6,5286.4,4538.3,2758.1,11129.0,1838.2,4880.0,2035.9,3783.4,4455.8,4673.7,5247.7,3023.3,5040.6,2086.6,1905.1,3425.7,1674.1,4181.9,4301.2,3608.1,2069.5,2706.6,3191.2,5243.4,6405.9,2540.9
SKARBØVIKGATA 25,1527.2,313.6,7599.0,7617.5,2959.1,236.8,240.8,234.5,674.4,505.0,3112.2,116.3,10778.4,9283.8,3549.1,2908.8,2313.3,478.4,12233.0,10211.6,2758.6,301.8,1173.4,11524.6,3346.9,9082.7,238.5,4271.6,1082.0,5568.2,2311.1,2063.8,5719.4,5108.4,1873.6,1320.5,3539.0,616.9,1086.3,2841.8,1272.6,5061.5,302.6,3101.7,1287.8,5301.3,4190.1,1052.8,6695.0,3545.6,12006.5,1333.3,5517.8,6333.0,5853.1,9751.5,3999.4,6681.0,4149.1,11714.2,2501.9,1569.6,9900.3,8995.3,5030.0,5853.6,334.3,2259.4,5878.9,2877.0,0.0,499.7,1134.7,11881.0,692.5,655.6,1437.0,508.4,2073.6,4976.3,9080.7,4270.9,134.8,252.9,4814.2,2229.3,180.8,1081.3,4223.1,9176.9,827.0,1047.2,5036.9,6087.2,786.2,4293.1,455.9,1370.4,325.8,8913.9,1448.7,1348.0,8901.2,5925.0,7754.3,5315.9,2290.5,12515.3,1126.6,4412.4,4832.7,3405.7,4509.8,4206.1,5600.4,3800.9,5818.2,906.6,1101.2,1283.9,1257.3,4235.9,5078.8,1466.3,1601.9,2328.9,1049.4,5596.1,5938.3,541.6
NØRVEGATA 23,1148.7,270.3,7220.5,7239.0,2614.4,255.3,282.2,640.1,205.4,36.0,2767.5,387.1,10399.9,8905.3,3170.6,2530.3,1934.8,43.6,11854.5,9833.1,2380.1,258.5,794.9,11146.1,2968.4,8704.2,262.0,3893.1,826.8,5189.7,1966.4,1685.3,5340.9,4729.9,1495.1,942.0,3160.5,202.1,707.8,2463.3,1017.4,4683.0,249.0,2757.0,1032.6,4922.8,3845.4,674.3,6316.5,3200.9,11628.0,1078.1,5139.3,5954.5,5474.6,9373.0,3620.9,6302.5,3804.4,11335.7,2157.2,1314.4,9521.8,8616.8,4651.5,5475.1,163.6,1880.9,5500.4,2498.5,486.0,0.0,756.2,11502.5,236.5,274.4,1058.5,122.6,1695.1,4597.8,8702.2,3892.4,540.4,248.5,4435.7,1850.8,304.5,702.8,3844.6,8798.4,445.8,668.7,4658.4,5708.7,407.7,3914.6,51.2,991.9,251.1,8535.4,1070.2,1092.8,8522.7,5546.5,7375.8,4937.4,1912.0,12136.8,748.1,4033.9,4454.2,3061.0,4131.3,3827.6,5221.9,3422.4,5439.7,528.1,722.7,1028.7,878.8,3857.4,4700.3,1211.1,1223.4,1984.2,794.2,5217.6,5559.8,136.9
SPJELKAVIKVEGEN 42,512.7,931.4,6650.0,6668.5,2043.9,916.4,943.3,1301.2,713.0,751.2,2197.0,1048.2,9763.9,8269.3,2534.6,1894.3,1298.8,724.6,11218.5,9197.1,1809.6,919.6,59.8,10510.1,2332.4,8068.2,923.1,3257.1,1487.9,4619.2,1395.9,1049.3,4704.9,4093.9,924.6,306.0,2524.5,646.7,139.2,1827.3,1678.5,4047.0,910.1,2186.5,1693.7,4286.8,3274.9,158.1,5680.5,2630.4,10992.0,1739.2,4503.3,5318.5,4838.6,8737.0,3050.4,5666.5,3233.9,10699.7,1586.7,1975.5,8885.8,7980.8,4015.5,4839.1,824.7,1310.4,4864.4,1862.5,1147.1,745.9,0.0,10866.5,722.3,660.0,422.5,790.7,1059.1,3961.8,8066.2,3256.4,1201.5,909.6,3799.7,1214.8,965.6,160.5,3274.1,8162.4,600.8,116.7,4022.4,5072.7,447.6,3278.6,719.3,355.9,912.2,7899.4,434.2,1753.9,7886.7,4910.5,6739.8,4301.4,1276.0,11500.8,22.4,3397.9,3818.2,2490.5,3560.8,3191.6,4651.4,2786.4,4803.7,354.6,72.0,1689.8,242.8,3286.9,4064.3,1872.2,587.4,1413.7,1455.3,4647.1,4923.8,805.0
Kiwi Deknepollen,10558.5,11461.5,10332.5,10351.0,12628.0,11446.5,11473.4,11831.3,11243.1,11281.3,12781.1,11578.3,1153.5,3138.8,8409.2,10480.3,11078.3,11254.7,402.2,6941.6,12393.7,11449.7,10680.6,3588.8,9965.2,5812.7,11453.2,7804.4,12018.0,11718.7,11980.0,10828.8,6042.9,6747.3,11508.7,10561.2,8406.0,11176.8,10669.0,10488.3,12208.6,6660.3,11440.2,12770.6,12223.8,6439.3,13859.0,10684.3,7356.4,13214.5,818.3,12269.3,6416.6,6963.0,6061.4,6481.5,11854.0,7342.4,13818.0,7536.7,12170.8,12505.6,2017.8,4207.7,6667.5,6203.5,11354.8,11894.5,6202.4,10498.5,11677.2,11276.0,10657.9,0.0,11252.4,11209.1,10677.7,11320.8,10838.6,8682.7,5810.7,7803.7,11731.6,11439.7,7175.9,10994.3,11495.7,10761.9,13858.2,3166.4,11149.9,10680.8,6675.9,8448.9,10996.7,7821.8,11249.4,10517.6,11442.3,3243.9,10221.1,12284.0,3231.2,8286.7,5263.2,6453.9,11055.5,684.5,10632.4,7671.5,8639.7,13074.6,14144.9,7879.8,11750.9,7900.4,6185.7,10880.8,10699.3,12219.9,10498.0,13871.0,6651.0,12402.3,10193.8,11997.8,11985.4,11746.6,8300.0,11335.1
"Eggesbønes, 6008 Ålesund",1120.2,450.4,7192.0,7210.5,2585.9,435.4,462.3,820.2,188.0,229.2,2739.0,567.2,10371.4,8876.8,3142.1,2501.8,1906.3,243.6,11826.0,9804.6,2351.6,438.6,766.4,11117.6,2939.9,8675.7,442.1,3864.6,1006.9,5161.2,1937.9,1656.8,5312.4,4701.4,1466.6,913.5,3132.0,157.0,679.3,2434.8,1197.5,4654.5,429.1,2728.5,1212.7,4894.3,3816.9,645.8,6288.0,3172.4,11599.5,1258.2,5110.8,5926.0,5446.1,9344.5,3592.4,6274.0,3775.9,11307.2,2128.7,1494.5,9493.3,8588.3,4623.0,5446.6,343.7,1852.4,5471.9,2470.0,666.1,232.2,727.7,11474.0,0.0,218.6,1030.0,309.7,1666.6,4569.3,8673.7,3863.9,720.5,428.6,4407.2,1822.3,484.6,674.3,3816.1,8769.9,390.0,640.2,4629.9,5680.2,379.2,3886.1,238.3,963.4,431.2,8506.9,1041.7,1272.9,8494.2,5518.0,7347.3,4908.9,1883.5,12108.3,719.6,4005.4,4425.7,3032.5,4102.8,3799.1,5193.4,3393.9,5411.2,499.6,694.2,1208.8,850.3,3828.9,4671.8,1391.2,1194.9,1955.7,974.3,5189.1,5531.3,324.0
NEDRE KLOKKERSUNDVEGEN 2,1050.8,458.0,7134.9,7153.4,2528.8,443.0,469.9,827.8,204.4,277.2,2681.9,574.8,10302.0,8807.4,3072.7,2432.4,1836.9,251.2,11756.6,9735.2,2294.5,446.2,698.4,11048.2,2870.5,8606.3,449.7,3795.2,1014.5,5104.1,1880.8,1587.4,5243.0,4632.0,1409.5,844.1,3062.6,138.1,599.2,2365.4,1205.1,4585.1,436.7,2671.4,1220.3,4824.9,3759.8,565.7,6218.6,3115.3,11530.1,1265.8,5041.4,5856.6,5376.7,9275.1,3535.3,6204.6,3718.8,11237.8,2071.6,1502.1,9423.9,8518.9,4553.6,5377.2,351.3,1795.3,5402.5,2400.6,673.7,272.5,670.6,11404.6,230.7,0.0,960.6,317.3,1597.2,4499.9,8604.3,3794.5,728.1,436.2,4337.8,1752.9,492.2,617.2,3759.0,8700.5,233.7,583.1,4560.5,5610.8,275.6,3816.7,245.9,894.0,438.8,8437.5,972.3,1280.5,8424.8,5448.6,7277.9,4839.5,1814.1,12038.9,650.2,3936.0,4356.3,2975.4,4045.7,3729.7,5136.3,3324.5,5341.8,419.5,637.1,1216.4,780.9,3771.8,4602.4,1398.8,1125.5,1898.6,981.9,5132.0,5461.9,331.6
FLISNESVEGEN 1,546.9,1219.4,6716.3,6734.8,2385.9,1204.4,1231.3,1589.2,1001.0,1039.2,2539.0,1336.2,9798.1,8303.5,2568.8,1537.6,1333.0,1012.6,11252.7,9169.3,1875.9,1207.6,438.5,10544.3,1975.7,8040.4,1211.1,3291.3,1775.9,4685.5,1737.9,1083.5,4739.1,4128.1,1266.6,225.4,2558.7,934.7,426.9,1470.6,1966.5,4081.2,1198.1,2528.5,1981.7,4321.0,3616.9,442.2,5714.7,2972.4,11026.2,2027.2,4537.5,4961.8,4872.8,8709.2,3116.7,5700.7,3575.9,10671.9,1928.7,2263.5,8920.0,8015.0,4049.7,4873.3,1112.7,1517.1,4898.6,1505.8,1435.1,1033.9,415.8,10900.7,1010.3,967.0,0.0,1078.7,1093.3,3605.1,8038.4,3290.6,1489.5,1197.6,3833.9,1249.0,1253.6,519.8,3340.4,8196.6,907.8,438.7,4056.6,5106.9,754.6,3312.8,1007.3,390.1,1200.2,7933.6,468.4,2041.9,7920.9,4944.7,6712.0,4335.6,1310.2,11535.0,390.3,3432.1,3461.5,2832.5,3627.1,3225.8,4717.7,2820.6,4837.9,638.7,457.2,1977.8,226.2,3353.2,4098.5,2160.2,621.6,1755.7,1743.3,4713.4,4958.0,1093.0
"Kverve, 6008 Ålesund",1158.0,319.6,7229.8,7248.3,2623.7,304.6,331.5,689.4,303.4,134.0,2776.8,436.4,10409.2,8914.6,3179.9,2539.6,1944.1,107.4,11863.8,9842.4,2389.4,307.8,804.2,11155.4,2977.7,8713.5,311.3,3902.4,876.1,5199.0,1975.7,1694.6,5350.2,4739.2,1504.4,951.3,3169.8,247.7,717.1,2472.6,1066.7,4692.3,298.3,2766.3,1081.9,4932.1,3854.7,683.6,6325.8,3210.2,11637.3,1127.4,5148.6,5963.8,5483.9,9382.3,3630.2,6311.8,3813.7,11345.0,2166.5,1363.7,9531.1,8626.1,4660.8,5484.4,212.9,1890.2,5509.7,2507.8,535.3,128.7,765.5,11511.8,323.3,286.4,1067.8,0.0,1704.4,4607.1,8711.5,3901.7,589.7,297.8,4445.0,1860.1,353.8,712.1,3853.9,8807.7,457.8,678.0,4667.7,5718.0,417.0,3923.9,84.9,1001.2,300.4,8544.7,1079.5,1142.1,8532.0,5555.8,7385.1,4946.7,1921.3,12146.1,757.4,4043.2,4463.5,3070.3,4140.6,3836.9,5231.2,3431.7,5449.0,537.4,732.0,1078.0,888.1,3866.7,4709.6,1260.4,1232.7,1993.5,843.5,5226.9,5569.1,170.6
"Fiskarstrand, 6037 Eidsnes",971.4,1874.4,7647.0,7665.5,3040.9,1859.4,1886.3,2244.2,1656.0,1694.2,3194.0,1991.2,9684.6,8449.9,2455.3,2562.4,282.3,1667.6,11139.2,9377.7,2806.6,1862.6,1093.5,10430.8,3000.5,8248.8,1866.1,3177.8,2430.9,5616.2,2392.9,9.8,4885.5,4274.5,1921.6,974.1,2445.2,1589.7,1081.9,2495.4,2621.5,4227.6,1853.1,3183.5,2636.7,4467.4,4271.9,1097.2,5861.1,3627.4,10912.7,2682.2,4424.0,5986.6,4759.3,8917.6,4047.4,5847.1,4230.9,10880.3,2583.7,2918.5,8806.5,7901.5,4196.1,5019.7,1767.7,2307.4,5045.0,2530.6,2090.1,1688.9,1070.8,10787.2,1665.3,1622.0,1090.6,1733.7,0.0,4629.9,8246.8,3177.1,2144.5,1852.6,3720.4,198.3,1908.6,1174.8,4271.1,8343.0,1562.8,1093.7,4203.0,4993.4,1409.6,3199.3,1662.3,930.5,1855.2,7820.1,634.0,2696.9,7807.4,4831.2,6920.4,4482.0,259.5,11421.5,1045.3,3318.6,4486.3,3487.5,4557.8,3112.3,5648.4,2967.0,4984.3,1293.7,1112.2,2632.8,910.9,4283.9,4244.9,2815.2,768.0,2410.7,2398.3,5644.1,4844.5,1748.0
Kiwi Stranda,4100.4,4772.9,5113.8,5132.3,5442.4,4757.9,4784.8,5142.7,4554.5,4592.7,5595.5,4889.7,7540.9,5660.9,6122.3,2160.1,4886.5,4566.1,9042.9,5939.9,4512.8,4761.1,3992.0,10011.8,1645.0,4811.0,4764.6,6844.8,5329.4,3083.0,4794.4,4637.0,5230.4,5949.0,4323.1,3778.9,6112.2,4488.2,3980.4,2168.1,5520.0,5840.0,4751.6,5585.0,5535.2,5690.6,6673.4,3995.7,4488.0,6028.9,8816.4,5580.7,7698.6,1732.4,8033.9,5479.8,3218.3,4484.3,6527.7,7442.5,4985.2,5817.0,8440.8,10305.1,5869.2,5155.7,4666.2,4451.4,5154.6,2178.3,4988.6,4587.4,3969.3,8690.9,4563.8,4520.5,3624.8,4632.2,4646.8,0.0,4809.0,6844.1,5043.0,4751.1,6995.0,4802.5,4807.1,4073.3,5757.0,5610.7,4461.3,3992.2,5826.0,8268.0,4308.1,6866.3,4560.8,3943.6,4753.7,9444.2,4021.9,5268.5,9431.5,8105.8,3482.6,5705.2,4863.7,9325.2,3943.8,6985.6,282.6,5889.0,5776.2,6779.3,3115.2,4999.3,5171.4,4192.2,4010.7,5531.3,3779.7,5769.8,5838.5,5713.7,4175.1,4812.2,5296.8,3110.9,8119.1,4646.5
Kiwi Stryn,7949.9,8852.9,4548.0,4566.5,9869.1,8837.9,8864.8,9222.7,8634.5,8672.7,10022.2,8969.7,4664.1,2784.1,6060.2,6586.8,8469.7,8646.1,6166.1,1190.1,9236.9,8841.1,8072.0,7135.0,6071.7,28.1,8844.6,5455.4,9409.4,7045.9,9221.1,8220.2,3447.1,4165.7,8749.8,7952.6,6057.0,8568.2,8060.4,6594.8,9600.0,4056.7,8831.6,10011.7,9615.2,3907.3,11100.1,8075.7,4169.2,10455.6,5939.6,9660.7,5915.3,3069.5,6250.6,730.0,7960.5,4155.2,11059.1,2692.7,9411.9,9897.0,5564.0,7753.9,4085.9,3372.4,8746.2,8878.1,3371.3,6605.0,9068.6,8667.4,8049.3,5814.1,8643.8,8600.5,8051.5,8712.2,8230.0,4789.2,0.0,5454.7,9123.0,8831.1,5211.7,8385.7,8887.1,8153.3,10499.2,2733.9,8541.3,8072.2,4042.7,6484.7,8388.1,5472.8,8640.8,7909.0,8833.7,6790.1,7612.5,9675.4,6777.4,6322.5,1369.7,3921.9,8446.9,6448.4,8023.8,5322.5,4746.2,10315.7,10518.4,5530.8,7078.1,5291.8,3388.1,8272.2,8090.7,9611.3,7889.4,10512.0,4055.2,9793.7,7585.2,9238.9,9376.8,7073.8,6335.8,8726.5
Kiwi Ulsteinvik,3201.3,4104.3,9876.9,9895.4,5270.8,4089.3,4116.2,4474.1,3885.9,3924.1,5423.9,4221.1,6703.3,5662.4,803.4,4792.3,3460.1,3897.5,8157.9,6590.2,5036.5,4092.5,3323.4,7449.5,5230.4,5461.3,4096.0,10.4,4660.8,7846.1,4622.8,3210.6,2034.6,2154.5,4151.5,3204.0,800.2,3819.6,3311.8,4725.3,4851.4,2067.5,4083.0,5413.4,4866.6,1855.4,6501.8,3327.1,3607.4,5857.3,7931.4,4912.1,1442.7,5516.8,1778.0,6130.1,6277.3,3593.4,6460.8,8092.8,4813.6,5148.4,5825.2,4920.2,2074.7,2168.8,3997.6,4537.3,2194.1,4760.5,4320.0,3918.8,3300.7,7805.9,3895.2,3851.9,3320.5,3963.6,3220.4,6859.8,5459.3,0.0,4374.4,4082.5,739.1,3376.1,4138.5,3404.7,6501.0,5555.5,3792.7,3323.6,2083.1,2012.1,3639.5,83.9,3892.2,3160.4,4085.1,4838.8,2863.9,4926.8,4826.1,1849.9,4132.9,1870.0,3437.3,8440.2,3275.2,337.3,6716.2,5717.4,6787.7,232.4,7878.3,3307.6,2133.4,3523.6,3342.1,4862.7,3140.8,6513.8,2058.2,5045.1,2997.9,4640.6,4628.2,7874.0,1863.2,3977.9
"Valderøy, 6050 Valderøya",1582.1,368.5,7653.9,7672.4,3014.0,291.7,295.7,216.1,729.3,559.9,3167.1,171.2,10833.3,9338.7,3604.0,2963.7,2368.2,533.3,12287.9,10266.5,2813.5,356.7,1228.3,11579.5,3401.8,9137.6,293.4,4326.5,1136.9,5623.1,2366.0,2118.7,5774.3,5163.3,1928.5,1375.4,3593.9,671.8,1141.2,2896.7,1327.5,5116.4,357.5,3156.6,1342.7,5356.2,4245.0,1107.7,6749.9,3600.5,12061.4,1388.2,5572.7,6387.9,5908.0,9806.4,4054.3,6735.9,4204.0,11769.1,2556.8,1624.5,9955.2,9050.2,5084.9,5908.5,389.2,2314.3,5933.8,2931.9,129.2,554.6,1189.6,11935.9,747.4,710.5,1491.9,563.3,2128.5,5031.2,9135.6,4325.8,0.0,307.8,4869.1,2284.2,235.7,1136.2,4278.0,9231.8,881.9,1102.1,5091.8,6142.1,841.1,4348.0,510.8,1425.3,380.7,8968.8,1503.6,1402.9,8956.1,5979.9,7809.2,5370.8,2345.4,12570.2,1181.5,4467.3,4887.6,3460.6,4564.7,4261.0,5655.3,3855.8,5873.1,961.5,1156.1,1338.8,1312.2,4290.8,5133.7,1521.2,1656.8,2383.8,1104.3,5651.0,5993.2,596.5
RASMUS RØNNEBERGS GATE 6,1294.0,60.7,7365.8,7384.3,2725.9,22.3,49.2,407.1,441.2,271.8,2879.0,154.1,10545.2,9050.6,3315.9,2675.6,2080.1,245.2,11999.8,9978.4,2525.4,48.9,940.2,11291.4,3113.7,8849.5,29.0,4038.4,848.8,5335.0,2077.9,1830.6,5486.2,4875.2,1640.4,1087.3,3305.8,383.7,853.1,2608.6,1039.4,4828.3,49.7,2868.5,1054.6,5068.1,3956.9,819.6,6461.8,3312.4,11773.3,1100.1,5284.6,6099.8,5619.9,9518.3,3766.2,6447.8,3915.9,11481.0,2268.7,1336.4,9667.1,8762.1,4796.8,5620.4,96.8,2026.2,5645.7,2643.8,253.0,266.5,901.5,11647.8,459.3,422.4,1203.8,275.2,1840.4,4743.1,8847.5,4037.7,307.4,0.0,4581.0,1996.1,71.5,848.1,3989.9,8943.7,593.8,814.0,4803.7,5854.0,553.0,4059.9,222.7,1137.2,72.9,8680.7,1215.5,1114.8,8668.0,5691.8,7521.1,5082.7,2057.3,12282.1,893.4,4179.2,4599.5,3172.5,4276.6,3972.9,5367.2,3567.7,5585.0,673.4,868.0,1050.7,1024.1,4002.7,4845.6,1233.1,1368.7,2095.7,816.2,5362.9,5705.1,308.4
Kiwi Myrvåg,3735.7,4638.7,9723.4,9741.9,5805.2,4623.7,4650.6,5008.5,4420.3,4458.5,5958.3,4755.5,6061.2,5404.7,1337.8,5326.7,3994.5,4431.9,7515.8,6332.5,5570.9,4626.9,3857.8,6807.4,5764.8,5203.6,4630.4,733.0,5195.2,8380.5,5157.2,3745.0,1776.9,1896.8,4685.9,3738.4,1334.6,4354.0,3846.2,5259.7,5385.8,1809.8,4617.4,5947.8,5401.0,1597.7,7036.2,3861.5,3349.7,6391.7,7289.3,5446.5,800.6,5259.1,1135.9,5872.4,6811.7,3335.7,6995.2,7835.1,5348.0,5682.8,5183.1,4278.1,1817.0,1911.1,4532.0,5071.7,1936.4,5294.9,4854.4,4453.2,3835.1,7163.8,4429.6,4386.3,3854.9,4498.0,3754.8,6978.8,5201.6,732.3,4908.8,4616.9,0.0,3910.5,4672.9,3939.1,7035.4,5297.8,4327.1,3858.0,1825.4,1351.7,4173.9,750.4,4426.6,3694.8,4619.5,4196.7,3398.3,5461.2,4184.0,1189.5,3875.2,1612.3,3971.7,7798.1,3809.6,600.1,6935.8,6251.8,7322.1,808.4,8412.7,3049.9,1875.7,4058.0,3876.5,5397.1,3675.2,7048.2,1800.5,5579.5,3532.3,5175.0,5162.6,8408.4,1202.8,4512.3
Kiwi Langevåg,1126.0,2029.0,7801.6,7820.1,3195.5,2014.0,2040.9,2398.8,1810.6,1848.8,3348.6,2145.8,9839.2,8604.5,2609.9,2717.0,106.3,1822.2,11293.8,9532.3,2961.2,2017.2,1248.1,10585.4,3155.1,8403.4,2020.7,3332.4,2585.5,5770.8,2547.5,193.3,5040.1,4429.1,2076.2,1128.7,2599.8,1744.3,1236.5,2650.0,2776.1,4382.2,2007.7,3338.1,2791.3,4622.0,4426.5,1251.8,6015.7,3782.0,11067.3,2836.8,4578.6,6141.2,4913.9,9072.2,4202.0,6001.7,4385.5,11034.9,2738.3,3073.1,8961.1,8056.1,4350.7,5174.3,1922.3,2462.0,5199.6,2685.2,2244.7,1843.5,1225.4,10941.8,1819.9,1776.6,1245.2,1888.3,203.1,4784.5,8401.4,3331.7,2299.1,2007.2,3875.0,0.0,2063.2,1329.4,4425.7,8497.6,1717.4,1248.3,4357.6,5148.0,1564.2,3353.9,1816.9,1085.1,2009.8,7974.7,788.6,2851.5,7962.0,4985.8,7075.0,4636.6,83.5,11576.1,1199.9,3473.2,4640.9,3642.1,4712.4,3266.9,5803.0,3121.6,5138.9,1448.3,1266.8,2787.4,1065.5,4438.5,4399.5,2969.8,922.6,2565.3,2552.9,5798.7,4999.1,1902.6
NEDRE STRANDGATE 51,1346.4,132.8,7418.2,7436.7,2778.3,66.7,64.7,335.6,493.6,324.2,2931.4,82.6,10597.6,9103.0,3368.3,2728.0,2132.5,297.6,12052.2,10030.8,2577.8,121.0,992.6,11343.8,3166.1,8901.9,57.7,4090.8,901.2,5387.4,2130.3,1883.0,5538.6,4927.6,1692.8,1139.7,3358.2,436.1,905.5,2661.0,1091.8,4880.7,121.8,2920.9,1107.0,5120.5,4009.3,872.0,6514.2,3364.8,11825.7,1152.5,5337.0,6152.2,5672.3,9570.7,3818.6,6500.2,3968.3,11533.4,2321.1,1388.8,9719.5,8814.5,4849.2,5672.8,153.5,2078.6,5698.1,2696.2,181.5,318.9,953.9,11700.2,511.7,474.8,1256.2,327.6,1892.8,4795.5,8899.9,4090.1,235.9,72.1,4633.4,2048.5,0.0,900.5,4042.3,8996.1,646.2,866.4,4856.1,5906.4,605.4,4112.3,275.1,1189.6,145.0,8733.1,1267.9,1167.2,8720.4,5744.2,7573.5,5135.1,2109.7,12334.5,945.8,4231.6,4651.9,3224.9,4329.0,4025.3,5419.6,3620.1,5637.4,725.8,920.4,1103.1,1076.5,4055.1,4898.0,1285.5,1421.1,2148.1,868.6,5415.3,5757.5,360.8
LERSTADVEGEN 545,614.4,872.5,6598.2,6616.7,1992.1,857.5,884.4,1242.3,654.1,692.3,2145.2,989.3,9865.6,8371.0,2636.3,1996.0,1400.5,665.7,11320.2,9298.8,1757.8,860.7,204.3,10611.8,2434.1,8169.9,864.2,3358.8,1429.0,4567.4,1344.1,1151.0,4806.6,4195.6,872.8,407.7,2626.2,587.8,185.6,1929.0,1619.6,4148.7,851.2,2134.7,1634.8,4388.5,3223.1,249.6,5782.2,2578.6,11093.7,1680.3,4605.0,5420.2,4940.3,8838.7,2998.6,5768.2,3182.1,10801.4,1534.9,1916.6,8987.5,8082.5,4117.2,4940.8,765.8,1258.6,4966.1,1964.2,1088.2,687.0,165.6,10968.2,663.4,624.5,524.2,731.8,1160.8,4063.5,8167.9,3358.1,1142.6,850.7,3901.4,1316.5,906.7,0.0,3222.3,8264.1,647.2,134.4,4124.1,5174.4,412.1,3380.3,660.4,457.6,853.3,8001.1,535.9,1695.0,7988.4,5012.2,6841.5,4403.1,1377.7,11602.5,166.9,3499.6,3919.9,2438.7,3509.0,3293.3,4599.6,2888.1,4905.4,379.6,117.9,1630.9,344.5,3235.1,4166.0,1813.3,689.1,1361.9,1396.4,4595.3,5025.5,746.1
Kiwi Vestnes,3724.1,4011.1,6162.9,6181.4,2847.6,3996.1,4023.0,4380.9,3792.7,3830.9,3505.9,4127.9,12975.3,11361.0,5746.0,4213.8,4510.2,3804.3,14429.9,11640.0,1533.1,3999.3,3332.8,13721.5,4651.9,10511.1,4002.8,6468.5,4567.6,4132.1,2698.6,4260.7,7916.3,7305.3,2512.0,3508.8,5735.9,3726.4,3295.3,4146.8,4758.2,7258.4,3989.8,3495.4,4773.4,7498.2,4583.8,3359.3,8891.9,1401.0,14203.4,4818.9,7714.7,7432.5,8050.0,11179.9,2563.3,8877.9,796.2,13142.6,2512.2,5055.2,12097.2,11192.2,7226.9,8050.5,3904.4,2214.9,8075.8,4182.0,4226.8,3825.6,3294.1,14077.9,3802.0,3763.1,3354.7,3870.4,4270.5,5765.8,10509.1,6467.8,4281.2,3989.3,7011.1,4426.2,4045.3,3201.2,0.0,11310.8,3756.9,3244.1,7233.8,8284.1,3550.7,6490.0,3799.0,3567.3,3991.9,11110.8,3645.6,3427.0,11098.1,8121.9,9182.7,7512.8,4487.4,14712.2,3295.4,6609.3,5982.7,3799.4,895.5,6403.0,4164.3,5997.8,8015.1,3489.3,3246.4,4769.5,3454.2,30.4,7275.7,4951.9,3798.8,2722.6,3860.4,4160.0,8135.2,3884.7
Kiwi Nordfjordeid,7472.2,8375.2,7246.2,7264.7,9541.7,8360.2,8387.1,8745.0,8156.8,8195.0,9694.8,8492.0,2016.6,193.8,5505.9,7394.0,7992.0,8168.4,3518.6,3855.3,9307.4,8363.4,7594.3,4487.5,6878.9,2726.4,8366.9,4901.1,8931.7,8632.4,8893.7,7742.5,2956.6,3661.0,8422.4,7474.9,5502.7,8090.5,7582.7,7402.0,9122.3,3574.0,8353.9,9684.3,9137.5,3353.0,10772.7,7598.0,4270.1,10128.2,3292.1,9183.0,5361.0,3876.7,5696.3,3395.2,8767.7,4256.1,10731.7,4535.5,9084.5,9419.3,2916.5,5106.4,3581.2,3117.2,8268.5,8808.2,3116.1,7412.2,8590.9,8189.7,7571.6,3166.6,8166.1,8122.8,7591.4,8234.5,7752.3,5596.4,2724.4,4900.4,8645.3,8353.4,4657.4,7908.0,8409.4,7675.6,10771.9,0.0,8063.6,7594.5,3589.6,5930.4,7910.4,4918.5,8163.1,7431.3,8356.0,4142.6,7134.8,9197.7,4129.9,5768.2,2176.9,3367.6,7969.2,3800.9,7546.1,4768.2,5553.4,9988.3,11058.6,4976.5,8664.6,4814.1,3099.4,7794.5,7613.0,9133.6,7411.7,10784.7,3564.7,9316.0,7107.5,8911.5,8899.1,8660.3,5781.5,8248.8
SMEDGARDEN 1,982.7,622.3,7123.3,7141.8,2517.2,607.3,634.2,992.1,368.7,441.5,2670.3,739.1,10233.9,8739.3,3004.6,2364.3,1768.8,415.5,11688.5,9667.1,2282.9,610.5,630.3,10980.1,2802.4,8538.2,614.0,3727.1,1178.8,5092.5,1869.2,1519.3,5174.9,4563.9,1397.9,776.0,2994.5,302.4,531.1,2297.3,1369.4,4517.0,601.0,2659.8,1384.6,4756.8,3748.2,497.6,6150.5,3103.7,11462.0,1430.1,4973.3,5788.5,5308.6,9207.0,3523.7,6136.5,3707.2,11169.7,2060.0,1666.4,9355.8,8450.8,4485.5,5309.1,515.6,1783.7,5334.4,2332.5,838.0,436.8,607.6,11336.5,395.0,233.1,892.5,481.6,1529.1,4431.8,8536.2,3726.4,892.4,600.5,4269.7,1684.8,656.5,659.6,3747.4,8632.4,0.0,552.4,4492.4,5542.7,346.0,3748.6,410.2,825.9,603.1,8369.4,904.2,1444.8,8356.7,5380.5,7209.8,4771.4,1746.0,11970.8,582.1,3867.9,4288.2,2963.8,4034.1,3661.6,5124.7,3256.4,5273.7,351.4,554.5,1380.7,712.8,3760.2,4534.3,1563.1,1057.4,1887.0,1146.2,5120.4,5393.8,495.9
"Vallekrysset, 6013 Ålesund",531.9,846.1,6618.7,6637.2,2012.6,831.1,858.0,1215.9,627.7,665.9,2165.7,962.9,9783.1,8288.5,2553.8,1913.5,1318.0,639.3,11237.7,9216.3,1778.3,834.3,150.9,10529.3,2351.6,8087.4,837.8,3276.3,1402.6,4587.9,1364.6,1068.5,4724.1,4113.1,893.3,325.2,2543.7,561.4,75.9,1846.5,1593.2,4066.2,824.8,2155.2,1608.4,4306.0,3243.6,139.9,5699.7,2599.1,11011.2,1653.9,4522.5,5337.7,4857.8,8756.2,3019.1,5685.7,3202.6,10718.9,1555.4,1890.2,8905.0,8000.0,4034.7,4858.3,739.4,1279.1,4883.6,1881.7,1061.8,660.6,112.2,10885.7,637.0,598.1,441.7,705.4,1078.3,3981.0,8085.4,3275.6,1116.2,824.3,3818.9,1234.0,880.3,146.5,3242.8,8181.6,537.5,0.0,4041.6,5091.9,385.7,3297.8,634.0,375.1,826.9,7918.6,453.4,1668.6,7905.9,4929.7,6759.0,4320.6,1295.2,11520.0,113.5,3417.1,3837.4,2459.2,3529.5,3210.8,4620.1,2805.6,4822.9,269.9,78.7,1604.5,262.0,3255.6,4083.5,1786.9,606.6,1382.4,1370.0,4615.8,4943.0,719.7
"Ørsta, 6150 Ørsta",3907.2,4810.2,8565.6,8584.1,5976.7,4795.2,4822.1,5180.0,4591.8,4630.0,6129.8,4927.0,6070.2,4246.9,2672.7,4233.2,4427.0,4603.4,7572.2,5174.7,5742.4,4798.4,4029.3,7467.7,4597.8,4045.8,4801.9,2067.9,5366.7,8552.0,5328.7,4177.5,719.7,123.6,4857.4,3909.9,2669.5,4525.5,4017.7,4241.2,5557.3,61.8,4788.9,6119.3,5572.5,301.6,7207.7,4033.0,1658.1,6563.2,7345.7,5618.0,2527.8,4101.3,2863.1,4714.6,6983.2,1644.1,7166.7,6677.3,5519.5,5854.3,5843.4,5717.9,43.8,853.9,4703.5,5243.2,879.2,4251.4,5025.9,4624.7,4006.6,7220.2,4601.1,4557.8,4026.4,4669.5,4187.3,5821.0,4043.8,2067.2,5080.3,4788.4,1824.2,4343.0,4844.4,4110.6,7206.9,4140.0,4498.6,4029.5,0.0,3097.2,4345.4,2085.3,4598.1,3866.3,4791.0,4857.0,3569.8,5632.7,4844.3,2935.0,2717.4,316.2,4404.2,7854.5,3981.1,1935.0,5778.0,6423.3,7493.6,2143.3,8584.2,1249.1,818.5,4229.5,4048.0,5568.6,3846.7,7219.7,79.1,5751.0,3542.5,5346.5,5334.1,8579.9,2948.3,4683.8
Meny Fosnavåg,5012.7,5915.7,11000.4,11018.9,7082.2,5900.7,5927.6,6285.5,5697.3,5735.5,7235.3,6032.5,7338.2,6681.7,2614.8,6603.7,5271.5,5708.9,8792.8,7609.5,6847.9,5903.9,5134.8,8084.4,7041.8,6480.6,5907.4,2010.0,6472.2,9657.5,6434.2,5022.0,3053.9,3173.8,5962.9,5015.4,2611.6,5631.0,5123.2,6536.7,6662.8,3086.8,5894.4,7224.8,6678.0,2874.7,8313.2,5138.5,4626.7,7668.7,8566.3,6723.5,2077.6,6536.1,2412.9,7149.4,8088.7,4612.7,8272.2,9112.1,6625.0,6959.8,6460.1,5555.1,3094.0,3188.1,5809.0,6348.7,3213.4,6571.9,6131.4,5730.2,5112.1,8440.8,5706.6,5663.3,5131.9,5775.0,5031.8,8255.8,6478.6,2009.3,6185.8,5893.9,1362.3,5187.5,5949.9,5216.1,8312.4,6574.8,5604.1,5135.0,3102.4,0.0,5450.9,2027.4,5703.6,4971.8,5896.5,5473.7,4675.3,6738.2,5461.0,195.0,5152.2,2889.3,5248.7,9075.1,5086.6,1877.1,8212.8,7528.8,8599.1,2085.4,9689.7,4326.9,3152.7,5335.0,5153.5,6674.1,4952.2,8325.2,3077.5,6856.5,4809.3,6452.0,6439.6,9685.4,206.7,5789.3
LERSTADVEGEN 291,840.3,609.9,6928.1,6946.6,2322.0,594.9,621.8,979.7,391.5,429.7,2475.1,726.7,10091.5,8596.9,2862.2,2221.9,1626.4,403.1,11546.1,9524.7,2087.7,598.1,487.9,10837.7,2660.0,8395.8,601.6,3584.7,1166.4,4897.3,1674.0,1376.9,5032.5,4421.5,1202.7,633.6,2852.1,325.2,388.7,2154.9,1357.0,4374.6,588.6,2464.6,1372.2,4614.4,3553.0,355.2,6008.1,2908.5,11319.6,1417.7,4830.9,5646.1,5166.2,9064.6,3328.5,5994.1,3512.0,11027.3,1864.8,1654.0,9213.4,8308.4,4343.1,5166.7,503.2,1588.5,5192.0,2190.1,825.6,424.4,463.8,11194.1,400.8,271.2,750.1,469.2,1386.7,4289.4,8393.8,3584.0,880.0,588.1,4127.3,1542.4,644.1,410.4,3552.2,8490.0,352.0,376.3,4350.0,5400.3,0.0,3606.2,397.8,683.5,590.7,8227.0,761.8,1432.4,8214.3,5238.1,7067.4,4629.0,1603.6,11828.4,439.7,3725.5,4145.8,2768.6,3838.9,3519.2,4929.5,3114.0,5131.3,209.0,430.3,1368.3,570.4,3565.0,4391.9,1550.7,915.0,1691.8,1133.8,4925.2,5251.4,483.5
"Ulsteinvik, 6065 Ulsteinvik",3228.0,4131.0,9903.6,9922.1,5297.5,4116.0,4142.9,4500.8,3912.6,3950.8,5450.6,4247.8,6715.7,5674.8,830.1,4819.0,3486.8,3924.2,8170.3,6602.6,5063.2,4119.2,3350.1,7461.9,5257.1,5473.7,4122.7,86.8,4687.5,7872.8,4649.5,3237.3,2047.0,2166.9,4178.2,3230.7,826.9,3846.3,3338.5,4752.0,4878.1,2079.9,4109.7,5440.1,4893.3,1867.8,6528.5,3353.8,3619.8,5884.0,7943.8,4938.8,1455.1,5529.2,1790.4,6142.5,6304.0,3605.8,6487.5,8105.2,4840.3,5175.1,5837.6,4932.6,2087.1,2181.2,4024.3,4564.0,2206.5,4787.2,4346.7,3945.5,3327.4,7818.3,3921.9,3878.6,3347.2,3990.3,3247.1,6886.5,5471.7,86.1,4401.1,4109.2,751.5,3402.8,4165.2,3431.4,6527.7,5567.9,3819.4,3350.3,2095.5,2024.5,3666.2,0.0,3918.9,3187.1,4111.8,4851.2,2890.6,4953.5,4838.5,1862.3,4145.3,1882.4,3464.0,8452.6,3301.9,349.7,6742.9,5744.1,6814.4,173.7,7905.0,3320.0,2145.8,3550.3,3368.8,4889.4,3167.5,6540.5,2070.6,5071.8,3024.6,4667.3,4654.9,7900.7,1875.6,4004.6
"Ålesund, 6008 Ålesund",1106.0,245.3,7177.8,7196.3,2571.7,230.3,257.2,615.1,229.1,59.7,2724.8,362.1,10357.2,8862.6,3127.9,2487.6,1892.1,33.1,11811.8,9790.4,2337.4,233.5,752.2,11103.4,2925.7,8661.5,237.0,3850.4,801.8,5147.0,1923.7,1642.6,5298.2,4687.2,1452.4,899.3,3117.8,195.7,665.1,2420.6,992.4,4640.3,224.0,2714.3,1007.6,4880.1,3802.7,631.6,6273.8,3158.2,11585.3,1053.1,5096.6,5911.8,5431.9,9330.3,3578.2,6259.8,3761.7,11293.0,2114.5,1289.4,9479.1,8574.1,4608.8,5432.4,138.6,1838.2,5457.7,2455.8,461.0,54.4,713.5,11459.8,260.2,234.4,1015.8,79.9,1652.4,4555.1,8659.5,3849.7,515.4,223.5,4393.0,1808.1,279.5,660.1,3801.9,8755.7,405.8,626.0,4615.7,5666.0,365.0,3871.9,0.0,949.2,226.1,8492.7,1027.5,1067.8,8480.0,5503.8,7333.1,4894.7,1869.3,12094.1,705.4,3991.2,4411.5,3018.3,4088.6,3784.9,5179.2,3379.7,5397.0,485.4,680.0,1003.7,836.1,3814.7,4657.6,1186.1,1180.7,1941.5,769.2,5174.9,5517.1,85.7
Rabbevågen barnehage,373.4,1178.9,6951.5,6970.0,2345.4,1163.9,1190.8,1548.7,960.5,998.7,2498.5,1295.7,9624.6,8130.0,2395.3,1866.9,1159.5,972.1,11079.2,9057.8,2111.1,1167.1,398.0,10370.8,2305.0,7928.9,1170.6,3117.8,1735.4,4920.7,1697.4,910.0,4565.6,3954.6,1226.1,278.6,2385.2,894.2,386.4,1799.9,1926.0,3907.7,1157.6,2488.0,1941.2,4147.5,3576.4,401.7,5541.2,2931.9,10852.7,1986.7,4364.0,5291.1,4699.3,8597.7,3351.9,5527.2,3535.4,10560.4,1888.2,2223.0,8746.5,7841.5,3876.2,4699.8,1072.2,1611.9,4725.1,1835.1,1394.6,993.4,375.3,10727.2,969.8,926.5,395.1,1038.2,919.8,3934.4,7926.9,3117.1,1449.0,1157.1,3660.4,1075.5,1213.1,479.3,3575.6,8023.1,867.3,398.2,3883.1,4933.4,714.1,3139.3,966.8,0.0,1159.7,7760.1,294.9,2001.4,7747.4,4771.2,6600.5,4162.1,1136.7,11361.5,349.8,3258.6,3790.8,2792.0,3862.3,3052.3,4952.9,2647.1,4664.4,598.2,416.7,1937.3,215.4,3588.4,3925.0,2119.7,448.1,1715.2,1702.8,4948.6,4784.5,1052.5
"Storgata 16, 6002 Ålesund",1312.1,71.1,7383.9,7402.4,2744.0,94.4,121.3,479.2,459.3,289.9,2897.1,226.2,10563.3,9068.7,3334.0,2693.7,2098.2,263.3,12017.9,9996.5,2543.5,31.6,958.3,11309.5,3131.8,8867.6,101.1,4056.5,866.9,5353.1,2096.0,1848.7,5504.3,4893.3,1658.5,1105.4,3323.9,401.8,871.2,2626.7,1057.5,4846.4,66.3,2886.6,1072.7,5086.2,3975.0,837.7,6479.9,3330.5,11791.4,1118.2,5302.7,6117.9,5638.0,9536.4,3784.3,6465.9,3934.0,11499.1,2286.8,1354.5,9685.2,8780.2,4814.9,5638.5,96.6,2044.3,5663.8,2661.9,325.1,284.6,919.6,11665.9,477.4,440.5,1221.9,293.3,1858.5,4761.2,8865.6,4055.8,379.5,72.1,4599.1,2014.2,143.6,866.2,4008.0,8961.8,611.9,832.1,4821.8,5872.1,571.1,4078.0,240.8,1155.3,0.0,8698.8,1233.6,1132.9,8686.1,5709.9,7539.2,5100.8,2075.4,12300.2,911.5,4197.3,4617.6,3190.6,4294.7,3991.0,5385.3,3585.8,5603.1,691.5,886.1,1068.8,1042.2,4020.8,4863.7,1251.2,1386.8,2113.8,834.3,5381.0,5723.2,326.5
Solsikka barnehage,7842.4,8745.4,11310.3,11328.8,9911.9,8730.4,8757.3,9115.2,8527.0,8565.2,10065.0,8862.2,2131.3,4116.6,5444.5,9088.1,8101.2,8538.6,3585.9,7919.4,9677.6,8733.6,7964.5,2877.5,9452.7,6790.5,8737.1,4839.7,9301.9,12484.4,9263.9,7851.7,4246.5,4950.9,8792.6,7845.1,5441.3,8460.7,7952.9,9096.1,9492.5,4863.9,8724.1,10054.5,9507.7,4642.9,11142.9,7968.2,5928.1,10498.4,3359.4,9553.2,3451.9,7728.7,3096.7,7459.3,10918.4,5914.1,11101.9,8514.5,9454.7,9789.5,1253.2,1043.8,4871.1,4407.1,8638.7,9178.4,4406.0,9106.3,8961.1,8559.9,7941.8,3233.9,8536.3,8493.0,7961.6,8604.7,7861.5,9448.4,6788.5,4839.0,9015.5,8723.6,4211.2,8017.2,8779.6,8045.8,11142.1,4144.2,8433.8,7964.7,4879.5,5484.2,8280.6,4857.1,8533.3,7801.5,8726.2,0.0,7505.0,9567.9,67.3,5322.0,6241.0,4657.5,8078.4,3868.2,7916.3,4706.8,9405.4,10358.5,11428.8,4915.1,12516.6,6104.0,4389.3,8164.7,7983.2,9503.8,7781.9,11154.9,4854.6,9686.2,7639.0,9281.7,9269.3,12512.3,5335.3,8619.0
SOLAVÅGSEIDET 76,337.4,1240.4,7013.0,7031.5,2406.9,1225.4,1252.3,1610.2,1022.0,1060.2,2560.0,1357.2,9329.7,7835.1,2100.4,1928.4,864.6,1033.6,10784.3,8762.9,2172.6,1228.6,459.5,10075.9,2366.5,7634.0,1232.1,2822.9,1796.9,4982.2,1758.9,615.1,4270.7,3659.7,1287.6,340.1,2090.3,955.7,447.9,1861.4,1987.5,3612.8,1219.1,2549.5,2002.7,3852.6,3637.9,463.2,5246.3,2993.4,10557.8,2048.2,4069.1,5352.6,4404.4,8302.8,3413.4,5232.3,3596.9,10265.5,1949.7,2284.5,8451.6,7546.6,3581.3,4404.9,1133.7,1673.4,4430.2,1896.6,1456.1,1054.9,436.8,10432.3,1031.3,988.0,456.6,1099.7,624.9,3995.9,7632.0,2822.2,1510.5,1218.6,3365.5,780.6,1274.6,540.8,3637.1,7728.2,928.8,459.7,3588.2,4638.5,775.6,2844.4,1028.3,296.5,1221.2,7465.2,0.0,2062.9,7452.5,4476.3,6305.6,3867.2,841.8,11066.6,411.3,2963.7,3852.3,2853.5,3923.8,2757.4,5014.4,2352.2,4369.5,659.7,478.2,1998.8,276.9,3649.9,3630.1,2181.2,153.2,1776.7,1764.3,5010.1,4489.6,1114.0
Spar Ellingsøy,2146.1,1130.0,6785.5,6804.0,1666.4,1115.0,1141.9,1499.8,1293.3,1123.9,1819.5,1246.8,11397.3,9902.7,4168.0,3187.6,2932.2,1097.3,12851.9,10819.3,1945.1,1118.2,1792.3,12143.5,3625.7,9690.4,1121.7,4890.5,1252.3,4754.7,1018.4,2682.7,6338.3,5727.3,1070.1,1939.4,4157.9,1235.8,1705.2,3120.6,1442.9,5680.4,1108.7,1809.0,1458.1,5920.2,2897.4,1671.7,7313.9,2252.9,12625.4,1503.6,6136.7,6611.8,6472.0,10359.2,3185.9,7299.9,2856.4,12321.9,1209.2,1739.9,10519.2,9614.2,5648.9,6472.5,1023.3,1208.2,6497.8,3155.8,1345.7,1118.6,1753.6,12499.9,1311.4,1274.5,2055.9,1127.3,2692.5,5255.1,9688.4,4889.8,1400.1,1108.2,5433.1,2848.2,1164.2,1700.2,3409.6,9795.8,1445.9,1666.1,5655.8,6706.1,1405.1,4912.0,1074.8,1989.3,1110.8,9532.8,2067.6,0.0,9520.1,6543.9,8362.0,5934.8,2909.4,13134.2,1745.5,5031.3,5111.5,2113.0,3696.3,4825.0,4786.9,4419.8,6437.1,1525.5,1720.1,1454.2,1876.2,3422.4,5697.7,1636.6,2220.8,1036.2,495.2,4782.6,6557.2,1160.5
Spar Fiskåbygd,7824.6,8727.6,11292.5,11311.0,9894.1,8712.6,8739.5,9097.4,8509.2,8547.4,10047.2,8844.4,2113.5,4098.8,5426.7,9070.3,8083.4,8520.8,3568.1,7901.6,9659.8,8715.8,7946.7,2859.7,9434.9,6772.7,8719.3,4821.9,9284.1,12466.6,9246.1,7833.9,4228.7,4933.1,8774.8,7827.3,5423.5,8442.9,7935.1,9078.3,9474.7,4846.1,8706.3,10036.7,9489.9,4625.1,11125.1,7950.4,5910.3,10480.6,3341.6,9535.4,3434.1,7710.9,3078.9,7441.5,10900.6,5896.3,11084.1,8496.7,9436.9,9771.7,1235.4,1024.3,4853.3,4389.3,8620.9,9160.6,4388.2,9088.5,8943.3,8542.1,7924.0,3216.1,8518.5,8475.2,7943.8,8586.9,7843.7,9430.6,6770.7,4821.2,8997.7,8705.8,4193.4,7999.4,8761.8,8028.0,11124.3,4126.4,8416.0,7946.9,4861.7,5466.4,8262.8,4839.3,8515.5,7783.7,8708.4,68.8,7487.2,9550.1,0.0,5304.2,6223.2,4639.7,8060.6,3850.4,7898.5,4689.0,9387.6,10340.7,11411.0,4897.3,12498.8,6086.2,4371.5,8146.9,7965.4,9486.0,7764.1,11137.1,4836.8,9668.4,7621.2,9263.9,9251.5,12494.5,5317.5,8601.2
Spar Fosnavåg,4846.2,5749.2,10833.9,10852.4,6915.7,5734.2,5761.1,6119.0,5530.8,5569.0,7068.8,5866.0,7171.7,6515.2,2448.3,6437.2,5105.0,5542.4,8626.3,7443.0,6681.4,5737.4,4968.3,7917.9,6875.3,6314.1,5740.9,1843.5,6305.7,9491.0,6267.7,4855.5,2887.4,3007.3,5796.4,4848.9,2445.1,5464.5,4956.7,6370.2,6496.3,2920.3,5727.9,7058.3,6511.5,2708.2,8146.7,4972.0,4460.2,7502.2,8399.8,6557.0,1911.1,6369.6,2246.4,6982.9,7922.2,4446.2,8105.7,8945.6,6458.5,6793.3,6293.6,5388.6,2927.5,3021.6,5642.5,6182.2,3046.9,6405.4,5964.9,5563.7,4945.6,8274.3,5540.1,5496.8,4965.4,5608.5,4865.3,8089.3,6312.1,1842.8,6019.3,5727.4,1195.8,5021.0,5783.4,5049.6,8145.9,6408.3,5437.6,4968.5,2935.9,194.3,5284.4,1860.9,5537.1,4805.3,5730.0,5307.2,4508.8,6571.7,5294.5,0.0,4985.7,2722.8,5082.2,8908.6,4920.1,1710.6,8046.3,7362.3,8432.6,1918.9,9523.2,4160.4,2986.2,5168.5,4987.0,6507.6,4785.7,8158.7,2911.0,6690.0,4642.8,6285.5,6273.1,9518.9,34.3,5622.8
Spar Hornindal,6619.7,7522.7,5894.2,5912.7,8538.9,7507.7,7534.6,7892.5,7304.3,7342.5,8692.0,7639.5,4104.3,2224.3,4730.0,5256.6,7139.5,7315.9,5606.3,2503.3,7906.7,7510.9,6741.8,6575.2,4741.5,1374.4,7514.4,4125.2,8079.2,6495.0,7890.9,6890.0,2116.9,2835.5,7419.6,6622.4,4726.8,7238.0,6730.2,5264.6,8269.8,2726.5,7501.4,8681.5,8285.0,2577.1,9769.9,6745.5,2839.0,9125.4,5379.8,8330.5,4585.1,1739.3,4920.4,2043.2,6630.3,2825.0,9728.9,4005.9,8081.7,8566.8,5004.2,7191.6,2755.7,2042.2,7416.0,7547.9,2041.1,5274.8,7738.4,7337.2,6719.1,5254.3,7313.6,7270.3,6721.3,7382.0,6899.8,3459.0,1372.4,4124.5,7792.8,7500.9,3881.5,7055.5,7556.9,6823.1,9169.0,2174.1,7211.1,6742.0,2712.5,5154.5,7057.9,4142.6,7310.6,6578.8,7503.5,6230.3,6282.3,8345.2,6217.6,4992.3,0.0,2591.7,7116.7,5888.6,6693.6,3992.3,3416.0,8985.5,9188.2,4200.6,6527.2,3961.6,2057.9,6942.0,6760.5,8281.1,6559.2,9181.8,2725.0,8463.5,6255.0,7908.7,8046.6,6522.9,5005.6,7396.3
Spar Hovdebygda,4191.7,5094.7,8450.0,8468.5,6261.2,5079.7,5106.6,5464.5,4876.3,4914.5,6414.3,5211.5,5954.6,4131.3,2469.0,4517.7,4711.5,4887.9,7456.6,5059.1,6026.9,5082.9,4313.8,7251.5,4882.3,3930.2,5086.4,1864.2,5651.2,8741.4,5613.2,4462.0,503.5,380.5,5141.9,4194.4,2465.8,4810.0,4302.2,4525.7,5841.8,293.5,5073.4,6403.8,5857.0,64.8,7492.2,4317.5,1833.4,6847.7,7230.1,5902.5,2324.1,3985.7,2659.4,4599.0,7267.7,1819.4,7451.2,6561.7,5804.0,6138.8,5627.2,5501.7,300.7,637.7,4988.0,5527.7,663.0,4535.9,5310.4,4909.2,4291.1,7104.6,4885.6,4842.3,4310.9,4954.0,4471.8,5705.4,3928.2,1863.5,5364.8,5072.9,1620.5,4627.5,5128.9,4395.1,7491.4,4024.4,4783.1,4314.0,309.1,2893.5,4629.9,1881.6,4882.6,4150.8,5075.5,4640.8,3854.3,5917.2,4628.1,2731.3,2601.8,0.0,4688.7,7738.9,4265.6,1731.3,5662.4,6707.8,7778.1,1939.6,8773.6,1533.6,602.3,4514.0,4332.5,5853.1,4131.2,7504.2,284.2,6035.5,3827.0,5631.0,5618.6,8769.3,2744.6,4968.3
Spar Langevåg,1188.1,2091.1,7863.7,7882.2,3257.6,2076.1,2103.0,2460.9,1872.7,1910.9,3410.7,2207.9,9901.3,8666.6,2672.0,2779.1,85.0,1884.3,11355.9,9594.4,3023.3,2079.3,1310.2,10647.5,3217.2,8465.5,2082.8,3394.5,2647.6,5832.9,2609.6,255.4,5102.2,4491.2,2138.3,1190.8,2661.9,1806.4,1298.6,2712.1,2838.2,4444.3,2069.8,3400.2,2853.4,4684.1,4488.6,1313.9,6077.8,3844.1,11129.4,2898.9,4640.7,6203.3,4976.0,9134.3,4264.1,6063.8,4447.6,11097.0,2800.4,3135.2,9023.2,8118.2,4412.8,5236.4,1984.4,2524.1,5261.7,2747.3,2306.8,1905.6,1287.5,11003.9,1882.0,1838.7,1307.3,1950.4,265.2,4846.6,8463.5,3393.8,2361.2,2069.3,3937.1,86.6,2125.3,1391.5,4487.8,8559.7,1779.5,1310.4,4419.7,5210.1,1626.3,3416.0,1879.0,1147.2,2071.9,8036.8,850.7,2913.6,8024.1,5047.9,7137.1,4698.7,0.0,11638.2,1262.0,3535.3,4703.0,3704.2,4774.5,3329.0,5865.1,3183.7,5201.0,1510.4,1328.9,2849.5,1127.6,4500.6,4461.6,3031.9,984.7,2627.4,2615.0,5860.8,5061.2,1964.7
Spar Raudeberg,11190.5,12093.5,10964.5,10983.0,13260.0,12078.5,12105.4,12463.3,11875.1,11913.3,13413.1,12210.3,1785.5,3770.8,9041.2,11112.3,11710.3,11886.7,692.0,7573.6,13025.7,12081.7,11312.6,4220.8,10597.2,6444.7,12085.2,8436.4,12650.0,12350.7,12612.0,11460.8,6674.9,7379.3,12140.7,11193.2,9038.0,11808.8,11301.0,11120.3,12840.6,7292.3,12072.2,13402.6,12855.8,7071.3,14491.0,11316.3,7988.4,13846.5,1450.3,12901.3,7048.6,7595.0,6693.4,7113.5,12486.0,7974.4,14450.0,8168.7,12802.8,13137.6,2649.8,4839.7,7299.5,6835.5,11986.8,12526.5,6834.4,11130.5,12309.2,11908.0,11289.9,688.7,11884.4,11841.1,11309.7,11952.8,11470.6,9314.7,6442.7,8435.7,12363.6,12071.7,7807.9,11626.3,12127.7,11393.9,14490.2,3798.4,11781.9,11312.8,7307.9,9080.9,11628.7,8453.8,11881.4,11149.6,12074.3,3875.9,10853.1,12916.0,3863.2,8918.7,5895.2,7085.9,11687.5,0.0,11264.4,8303.5,9271.7,13706.6,14776.9,8511.8,12382.9,8532.4,6817.7,11512.8,11331.3,12851.9,11130.0,14503.0,7283.0,13034.3,10825.8,12629.8,12617.4,12378.6,8932.0,11967.1
Spjelkavikvegen 61,490.3,912.9,6648.7,6667.2,2042.6,897.9,924.8,1282.7,694.5,732.7,2195.7,1029.7,9741.5,8246.9,2512.2,1871.9,1276.4,706.1,11196.1,9174.7,1808.3,901.1,48.2,10487.7,2310.0,8045.8,904.6,3234.7,1469.4,4617.9,1394.6,1026.9,4682.5,4071.5,923.3,283.6,2502.1,628.2,120.4,1804.9,1660.0,4024.6,891.6,2185.2,1675.2,4264.4,3273.6,135.7,5658.1,2629.1,10969.6,1720.7,4480.9,5296.1,4816.2,8714.6,3049.1,5644.1,3232.6,10677.3,1585.4,1957.0,8863.4,7958.4,3993.1,4816.7,806.2,1309.1,4842.0,1840.1,1128.6,727.4,25.5,10844.1,703.8,660.5,400.1,772.2,1036.7,3939.4,8043.8,3234.0,1183.0,891.1,3777.3,1192.4,947.1,159.2,3272.8,8140.0,601.3,115.4,4000.0,5050.3,448.1,3256.2,700.8,333.5,893.7,7877.0,411.8,1735.4,7864.3,4888.1,6717.4,4279.0,1253.6,11478.4,0.0,3375.5,3795.8,2489.2,3559.5,3169.2,4650.1,2764.0,4781.3,332.2,70.7,1671.3,220.4,3285.6,4041.9,1853.7,565.0,1412.4,1436.8,4645.8,4901.4,786.5
Spar Straumane,3336.2,4239.2,9837.0,9855.5,5405.7,4224.2,4251.1,4609.0,4020.8,4059.0,5558.8,4356.0,6559.2,5518.3,938.3,4927.2,3595.0,4032.4,8013.8,6446.1,5171.4,4227.4,3458.3,7305.4,5365.3,5317.2,4230.9,333.5,4795.7,7981.0,4757.7,3345.5,1890.5,2010.4,4286.4,3338.9,935.1,3954.5,3446.7,4860.2,4986.3,1923.4,4217.9,5548.3,5001.5,1711.3,6636.7,3462.0,3463.3,5992.2,7787.3,5047.0,1298.6,5372.7,1633.9,5986.0,6412.2,3449.3,6595.7,7948.7,4948.5,5283.3,5681.1,4776.1,1930.6,2024.7,4132.5,4672.2,2050.0,4895.4,4454.9,4053.7,3435.6,7661.8,4030.1,3986.8,3455.4,4098.5,3355.3,6994.7,5315.2,332.8,4509.3,4217.4,595.0,3511.0,4273.4,3539.6,6635.9,5411.4,3927.6,3458.5,1939.0,1868.0,3774.4,350.9,4027.1,3295.3,4220.0,4694.7,2998.8,5061.7,4682.0,1705.8,3988.8,1725.9,3572.2,8296.1,3410.1,0.0,6851.1,5852.3,6922.6,408.9,8013.2,3163.5,1989.3,3658.5,3477.0,4997.6,3275.7,6648.7,1914.1,5180.0,3132.8,4775.5,4763.1,8008.9,1719.1,4112.8
Spar Svingen,3950.5,4623.0,5336.9,5355.4,5292.5,4608.0,4634.9,4992.8,4404.6,4442.8,5445.6,4739.8,7485.1,5605.1,5972.4,2010.2,4736.6,4416.2,8987.1,5884.1,4660.3,4611.2,3842.1,9956.0,1495.1,4755.2,4614.7,6694.9,5179.5,3306.1,4644.5,4487.1,5174.6,5893.2,4173.2,3629.0,5962.3,4338.3,3830.5,2018.2,5370.1,5784.2,4601.7,5435.1,5385.3,5634.8,6523.5,3845.8,4432.2,5879.0,8760.6,5430.8,7642.8,1676.6,7978.1,5424.0,3441.4,4428.5,6482.5,7386.7,4835.3,5667.1,8385.0,10249.3,5813.4,5099.9,4516.3,4301.5,5098.8,2028.4,4838.7,4437.5,3819.4,8635.1,4413.9,4370.6,3474.9,4482.3,4496.9,270.1,4753.2,6694.2,4893.1,4601.2,6939.2,4652.6,4657.2,3923.4,5980.1,5554.9,4311.4,3842.3,5770.2,8212.2,4158.2,6716.4,4410.9,3793.7,4603.8,9388.4,3872.0,5118.6,9375.7,8050.0,3426.8,5649.4,4713.8,9269.4,3793.9,6835.7,0.0,5739.1,5999.3,6629.4,3338.3,4849.4,5115.6,4042.3,3860.8,5381.4,3629.8,5992.9,5782.7,5563.8,4025.2,4662.3,5146.9,3334.0,8063.3,4496.6
Spar Søvik,2918.7,3173.2,7409.6,7428.1,1820.9,3158.2,3185.1,3543.0,2987.3,3025.5,1181.3,3290.0,12169.9,10675.3,4940.6,3811.7,3704.8,2998.9,13624.5,11443.4,2569.2,3161.4,2527.4,12916.1,4249.8,10314.5,3164.9,5663.1,3295.5,5378.8,1172.9,3455.3,7110.9,6499.9,1694.2,2712.0,4930.5,2921.0,2489.9,3744.7,3486.1,6453.0,3151.9,1196.5,3501.3,6692.8,799.2,2553.9,8086.5,2407.4,13398.0,3546.8,6909.3,7235.9,7244.6,10983.3,3810.0,8072.5,3010.9,12946.0,1363.7,3783.1,11291.8,10386.8,6421.5,7245.1,3066.5,1832.3,7270.4,3779.9,3388.9,3020.2,2488.7,13272.5,2996.6,2957.7,2828.5,3065.0,3465.1,5879.2,10312.5,5662.4,3443.3,3151.4,6205.7,3620.8,3207.4,2395.8,3797.4,10568.4,2951.5,2438.7,6428.4,7478.7,2745.3,5684.6,2993.6,2761.9,3154.0,10305.4,2840.2,2105.0,10292.7,7316.5,8986.1,6707.4,3682.0,13906.8,2490.0,5803.9,5735.6,0.0,4320.4,5597.6,5411.0,5192.4,7209.7,2683.9,2441.0,3497.4,2648.8,3810.2,6470.3,3679.8,2993.4,1160.4,2538.4,5406.7,7329.8,3079.3
Spar Tresfjord,4021.3,4308.3,6175.3,6193.8,3721.4,4293.3,4320.2,4678.1,4089.9,4128.1,4051.2,4425.1,13253.4,11373.4,6043.2,4511.0,4807.4,4101.5,14727.1,11652.4,1830.3,4296.5,3630.0,14018.7,4949.1,10523.5,4300.0,6765.7,4864.8,4144.5,3250.1,4557.9,8213.5,7602.5,2809.2,3806.0,6033.1,4023.6,3592.5,4444.0,5055.4,7555.6,4287.0,4040.7,5070.6,7795.4,5129.1,3656.5,9189.1,2274.8,14500.6,5116.1,8011.9,7444.9,8347.2,11192.3,2575.7,9175.1,1670.0,13155.0,3386.0,5352.4,12394.4,11489.4,7524.1,8347.7,4201.6,2512.1,8373.0,4479.2,4524.0,4122.8,3591.3,14375.1,4099.2,4060.3,3651.9,4167.6,4567.7,5778.2,10521.5,6765.0,4578.4,4286.5,7308.3,4723.4,4342.5,3498.4,899.3,11323.2,4054.1,3541.3,7531.0,8581.3,3847.9,6787.2,4096.2,3864.5,4289.1,11408.0,3942.8,3724.2,11395.3,8419.1,9195.1,7810.0,4784.6,15009.4,3592.6,6906.5,5995.1,4344.7,0.0,6700.2,4176.7,6295.0,8312.3,3786.5,3543.6,5066.7,3751.4,912.1,7572.9,5249.1,4096.0,3267.9,4157.6,4172.4,8432.4,4181.9
Spar Ulsteinvik,3133.3,4036.3,9808.9,9827.4,5202.8,4021.3,4048.2,4406.1,3817.9,3856.1,5355.9,4153.1,6782.6,5741.7,735.4,4724.3,3392.1,3829.5,8237.2,6669.5,4968.5,4024.5,3255.4,7528.8,5162.4,5540.6,4028.0,239.8,4592.8,7778.1,4554.8,3142.6,2113.9,2233.8,4083.5,3136.0,732.2,3751.6,3243.8,4657.3,4783.4,2146.8,4015.0,5345.4,4798.6,1934.7,6433.8,3259.1,3686.7,5789.3,8010.7,4844.1,1522.0,5596.1,1857.3,6209.4,6209.3,3672.7,6392.8,8172.1,4745.6,5080.4,5904.5,4999.5,2154.0,2248.1,3929.6,4469.3,2273.4,4692.5,4252.0,3850.8,3232.7,7885.2,3827.2,3783.9,3252.5,3895.6,3152.4,6791.8,5538.6,239.1,4306.4,4014.5,818.4,3308.1,4070.5,3336.7,6433.0,5634.8,3724.7,3255.6,2162.4,2091.4,3571.5,172.3,3824.2,3092.4,4017.1,4918.1,2795.9,4858.8,4905.4,1929.2,4212.2,1949.3,3369.3,8519.5,3207.2,416.6,6648.2,5649.4,6719.7,0.0,7810.3,3386.9,2212.7,3455.6,3274.1,4794.7,3072.8,6445.8,2137.5,4977.1,2929.9,4572.6,4560.2,7806.0,1942.5,3909.9
Spar Valldal,5101.6,5388.6,2709.5,2728.0,4978.4,5373.6,5400.5,5758.4,5170.2,5208.4,5131.5,5505.4,10593.1,8713.1,7123.5,5212.3,5887.7,5181.8,12095.1,8339.9,2910.6,5376.8,4710.3,13064.0,4697.2,7169.5,5380.3,7846.0,5945.1,68.5,4330.4,5638.2,8282.6,8682.8,3889.5,4886.3,7113.4,5103.9,4672.8,5220.3,6135.7,8635.9,5367.3,5121.0,6150.9,8742.8,6209.4,4736.8,7540.2,5530.3,11868.6,6196.4,9092.2,4784.6,9427.5,7879.8,1616.1,7536.5,4925.5,9842.5,4521.2,6432.7,11493.0,12569.7,8604.4,8207.9,5281.9,3592.4,8206.8,5230.5,5604.3,5203.1,4671.6,11743.1,5179.5,5140.6,4732.2,5247.9,5648.0,3117.9,7182.5,7845.3,5658.7,5366.8,8388.6,5803.7,5422.8,4578.7,4154.8,8662.9,5134.4,4621.6,8611.3,9661.6,4928.2,7867.5,5176.5,4944.8,5369.4,12488.3,5023.1,4804.5,12475.6,9499.4,6534.8,8757.4,5864.9,12377.4,4672.9,7986.8,3334.8,5425.0,4174.0,7780.5,0.0,7375.3,8223.6,4866.8,4623.9,6147.0,4831.7,4167.6,8653.2,6329.4,5176.3,4348.2,5237.9,4.3,9512.7,5262.2
Spar Vartdal,2679.5,3582.5,9355.1,9373.6,4749.0,3567.5,3594.4,3952.3,3364.1,3402.3,4902.1,3699.3,7325.4,5502.1,3890.7,3005.5,3199.3,3375.7,8827.4,6429.9,4514.7,3570.7,2801.6,8685.7,3370.1,5301.0,3574.2,3285.9,4139.0,7324.3,4101.0,2949.8,1937.7,1326.7,3629.7,2682.2,3887.5,3297.8,2790.0,3013.5,4329.6,1279.8,3561.2,4891.6,4344.8,1519.6,5980.0,2805.3,2913.3,5335.5,8600.9,4390.3,3745.8,5356.5,4081.1,5969.8,5755.5,2899.3,5939.0,7932.5,4291.8,4626.6,7061.4,6935.9,1248.3,2071.9,3475.8,4015.5,2097.2,3023.7,3798.2,3397.0,2778.9,8475.4,3373.4,3330.1,2798.7,3441.8,2959.6,4999.5,5299.0,3285.2,3852.6,3560.7,3042.2,3115.3,3616.7,2882.9,5979.2,5395.2,3270.9,2801.8,1255.2,4315.2,3117.7,3303.3,3370.4,2638.6,3563.3,6075.0,2342.1,4405.0,6062.3,4153.0,3972.6,1534.2,3176.5,9109.7,2753.4,3153.0,4855.9,5195.6,6265.9,3361.3,7356.5,0.0,2036.5,3001.8,2820.3,4340.9,2619.0,5992.0,1297.1,4523.3,2314.8,4118.8,4106.4,7352.2,4166.3,3456.1
Spar Volda,4694.1,5597.1,7907.4,7925.9,6763.6,5582.1,5609.0,5966.9,5378.7,5416.9,6916.7,5713.9,5412.0,3588.7,2727.8,5020.1,5213.9,5390.3,6914.0,4516.5,6529.3,5585.3,4816.2,6984.4,5384.7,3387.6,5588.8,2123.0,6153.6,8198.8,6115.6,4964.4,161.6,882.9,5644.3,4696.8,2724.6,5312.4,4804.6,5028.1,6344.2,795.9,5575.8,6906.2,6359.4,574.9,7994.6,4819.9,1642.5,7350.1,6687.5,6404.9,2582.9,3443.1,2918.2,4056.4,7770.1,1628.5,7953.6,6019.1,6306.4,6641.2,5360.1,5234.6,803.1,77.0,5490.4,6030.1,120.4,5038.3,5812.8,5411.6,4793.5,6562.0,5388.0,5344.7,4813.3,5456.4,4974.2,5162.8,3385.6,2122.3,5867.2,5575.3,1879.3,5129.9,5631.3,4897.5,7993.8,3481.8,5285.5,4816.4,811.5,3152.3,5132.3,2140.4,5385.0,4653.2,5577.9,4373.7,4356.7,6419.6,4361.0,2990.1,2059.2,589.5,5191.1,7196.3,4768.0,1990.1,5119.8,7210.2,8280.5,2198.4,8231.0,2036.0,0.0,5016.4,4834.9,6355.5,4633.6,8006.6,786.6,6537.9,4329.4,6133.4,6121.0,8226.7,3003.4,5470.7
Øvre Geilegrend 1,731.6,730.6,6859.7,6878.2,2253.6,715.6,742.5,1100.4,512.2,550.4,2406.7,847.4,9982.8,8488.2,2753.5,2113.2,1517.7,523.8,11437.4,9416.0,2019.3,718.8,379.2,10729.0,2551.3,8287.1,722.3,3476.0,1287.1,4828.9,1605.6,1268.2,4923.8,4312.8,1134.3,524.9,2743.4,445.9,267.5,2046.2,1477.7,4265.9,709.3,2396.2,1492.9,4505.7,3484.6,246.5,5899.4,2840.1,11210.9,1538.4,4722.2,5537.4,5057.5,8955.9,3260.1,5885.4,3443.6,10918.6,1796.4,1774.7,9104.7,8199.7,4234.4,5058.0,623.9,1520.1,5083.3,2081.4,946.3,545.1,324.4,11085.4,521.5,429.9,641.4,589.9,1278.0,4180.7,8285.1,3475.3,1000.7,708.8,4018.6,1433.7,764.8,375.3,3483.8,8381.3,370.7,288.8,4241.3,5291.6,217.5,3497.5,518.5,574.8,711.4,8118.3,653.1,1553.1,8105.6,5129.4,6958.7,4520.3,1494.9,11719.7,331.0,3616.8,4037.1,2700.2,3770.5,3410.5,4861.1,3005.3,5022.6,0.0,290.9,1489.0,461.7,3496.6,4283.2,1671.4,806.3,1623.4,1254.5,4856.8,5142.7,604.2
Esso Spjelkavik,555.9,892.1,6600.2,6618.7,1994.1,877.1,904.0,1261.9,673.7,711.9,2147.2,1008.9,9807.1,8312.5,2577.8,1937.5,1342.0,685.3,11261.7,9240.3,1759.8,880.3,110.8,10553.3,2375.6,8111.4,883.8,3300.3,1448.6,4569.4,1346.1,1092.5,4748.1,4137.1,874.8,349.2,2567.7,607.4,99.9,1870.5,1639.2,4090.2,870.8,2136.7,1654.4,4330.0,3225.1,163.9,5723.7,2580.6,11035.2,1699.9,4546.5,5361.7,4881.8,8780.2,3000.6,5709.7,3184.1,10742.9,1536.9,1936.2,8929.0,8024.0,4058.7,4882.3,785.4,1260.6,4907.6,1905.7,1107.8,706.6,72.1,10909.7,683.0,620.7,465.7,751.4,1102.3,4005.0,8109.4,3299.6,1162.2,870.3,3842.9,1258.0,926.3,110.7,3224.3,8205.6,561.5,77.4,4065.6,5115.9,408.3,3321.8,680.0,399.1,872.9,7942.6,477.4,1714.6,7929.9,4953.7,6783.0,4344.6,1319.2,11544.0,73.4,3441.1,3861.4,2440.7,3511.0,3234.8,4601.6,2829.6,4846.9,293.9,0.0,1650.5,286.0,3237.1,4107.5,1832.9,630.6,1363.9,1416.0,4597.3,4967.0,765.7
"Ålesund lufthavn, 6040 Vigra",2089.1,1073.0,8160.9,8179.4,3067.0,1058.0,1084.9,1442.8,1236.3,1066.9,3220.1,1189.8,11340.3,9845.7,4111.0,3470.7,2875.2,1040.3,12794.9,10773.5,3320.5,1061.2,1735.3,12086.5,3908.8,9644.6,1064.7,4833.5,586.4,6130.1,2419.0,2625.7,6281.3,5670.3,2435.5,1882.4,4100.9,1178.8,1648.2,3403.7,530.8,5623.4,1051.7,3209.6,862.2,5863.2,4298.0,1614.7,7256.9,3653.5,12568.4,907.7,6079.7,6894.9,6415.0,10313.4,4561.3,7242.9,4257.0,12276.1,2609.8,285.7,10462.2,9557.2,5591.9,6415.5,966.3,2608.8,6440.8,3438.9,1288.7,1061.6,1696.6,12442.9,1254.4,1217.5,1998.9,1070.3,2635.5,5538.2,9642.6,4832.8,1343.1,1051.2,5376.1,2791.2,1107.2,1643.2,4785.0,9738.8,1388.9,1609.1,5598.8,6649.1,1348.1,4855.0,1017.8,1932.3,1053.8,9475.8,2010.6,1455.9,9463.1,6486.9,8316.2,5877.8,2852.4,13077.2,1688.5,4974.3,5394.6,3513.6,5071.7,4768.0,6162.3,4362.8,6380.1,1468.5,1663.1,0.0,1819.2,4797.8,5640.7,182.4,2163.8,2436.8,1157.3,6158.0,6500.2,1103.5
St1 Vegsund,354.6,1027.1,6799.7,6818.2,2193.6,1012.1,1039.0,1396.9,808.7,846.9,2346.7,1143.9,9605.8,8111.2,2376.5,1692.2,1140.7,820.3,11060.4,9039.0,1959.3,1015.3,246.2,10352.0,2130.3,7910.1,1018.8,3099.0,1583.6,4768.9,1545.6,891.2,4546.8,3935.8,1074.3,97.7,2366.4,742.4,234.6,1625.2,1774.2,3888.9,1005.8,2336.2,1789.4,4128.7,3424.6,249.9,5522.4,2780.1,10833.9,1834.9,4345.2,5116.4,4680.5,8578.9,3200.1,5508.4,3383.6,10541.6,1736.4,2071.2,8727.7,7822.7,3857.4,4681.0,920.4,1460.1,4706.3,1660.4,1242.8,841.6,223.5,10708.4,818.0,774.7,220.4,886.4,901.0,3759.7,7908.1,3098.3,1297.2,1005.3,3641.6,1056.7,1061.3,327.5,3423.8,8004.3,715.5,246.4,3864.3,4914.6,562.3,3120.5,815.0,197.8,1007.9,7741.3,276.1,1849.6,7728.6,4752.4,6581.7,4143.3,1117.9,11342.7,198.0,3239.8,3616.1,2640.2,3710.5,3033.5,4801.1,2628.3,4645.6,446.4,264.9,1785.5,0.0,3436.6,3906.2,1967.9,429.3,1563.4,1551.0,4796.8,4765.7,900.7
St1 Vestnes,3747.0,4034.0,6185.8,6204.3,2870.5,4019.0,4045.9,4403.8,3815.6,3853.8,3528.8,4150.8,12998.2,11383.9,5768.9,4236.7,4533.1,3827.2,14452.8,11662.9,1556.0,4022.2,3355.7,13744.4,4674.8,10534.0,4025.7,6491.4,4590.5,4155.0,2721.5,4283.6,7939.2,7328.2,2534.9,3531.7,5758.8,3749.3,3318.2,4169.7,4781.1,7281.3,4012.7,3518.3,4796.3,7521.1,4606.7,3382.2,8914.8,1423.9,14226.3,4841.8,7737.6,7455.4,8072.9,11202.8,2586.2,8900.8,819.1,13165.5,2535.1,5078.1,12120.1,11215.1,7249.8,8073.4,3927.3,2237.8,8098.7,4204.9,4249.7,3848.5,3317.0,14100.8,3824.9,3786.0,3377.6,3893.3,4293.4,5788.7,10532.0,6490.7,4304.1,4012.2,7034.0,4449.1,4068.2,3224.1,34.8,11333.7,3779.8,3267.0,7256.7,8307.0,3573.6,6512.9,3821.9,3590.2,4014.8,11133.7,3668.5,3449.9,11121.0,8144.8,9205.6,7535.7,4510.3,14735.1,3318.3,6632.2,6005.6,3822.3,918.4,6425.9,4187.2,6020.7,8038.0,3512.2,3269.3,4792.4,3477.1,0.0,7298.6,4974.8,3821.7,2745.5,3883.3,4182.9,8158.1,3907.6
St1 Ørsta,3950.4,4853.4,8577.0,8595.5,6019.9,4838.4,4865.3,5223.2,4635.0,4673.2,6173.0,4970.2,6081.6,4258.3,2643.0,4276.4,4470.2,4646.6,7583.6,5186.1,5785.6,4841.6,4072.5,7438.0,4641.0,4057.2,4845.1,2038.2,5409.9,8595.2,5371.9,4220.7,690.0,139.2,4900.6,3953.1,2639.8,4568.7,4060.9,4284.4,5600.5,32.6,4832.1,6162.5,5615.7,271.9,7250.9,4076.2,1669.5,6606.4,7357.1,5661.2,2498.1,4112.7,2833.4,4726.0,7026.4,1655.5,7209.9,6688.7,5562.7,5897.5,5813.7,5688.2,59.4,824.2,4746.7,5286.4,849.5,4294.6,5069.1,4667.9,4049.8,7231.6,4644.3,4601.0,4069.6,4712.7,4230.5,5832.4,4055.2,2037.5,5123.5,4831.6,1794.5,4386.2,4887.6,4153.8,7250.1,4151.4,4541.8,4072.7,67.8,3067.5,4388.6,2055.6,4641.3,3909.5,4834.2,4827.3,3613.0,5675.9,4814.6,2905.3,2728.8,286.5,4447.4,7865.9,4024.3,1905.3,5789.4,6466.5,7536.8,2113.6,8627.4,1292.3,788.8,4272.7,4091.2,5611.8,3889.9,7262.9,0.0,5794.2,3585.7,5389.7,5377.3,8623.1,2918.6,4727.0
"Vigra, 6040 Vigra",2262.4,1246.3,8334.2,8352.7,3240.3,1231.3,1258.2,1616.1,1409.6,1240.2,3393.4,1363.1,11513.6,10019.0,4284.3,3644.0,3048.5,1213.6,12968.2,10946.8,3493.8,1234.5,1908.6,12259.8,4082.1,9817.9,1238.0,5006.8,759.7,6303.4,2592.3,2799.0,6454.6,5843.6,2608.8,2055.7,4274.2,1352.1,1821.5,3577.0,704.1,5796.7,1225.0,3382.9,1035.5,6036.5,4471.3,1788.0,7430.2,3826.8,12741.7,1081.0,6253.0,7068.2,6588.3,10486.7,4734.6,7416.2,4430.3,12449.4,2783.1,269.9,10635.5,9730.5,5765.2,6588.8,1139.6,2782.1,6614.1,3612.2,1462.0,1234.9,1869.9,12616.2,1427.7,1390.8,2172.2,1243.6,2808.8,5711.5,9815.9,5006.1,1516.4,1224.5,5549.4,2964.5,1280.5,1816.5,4958.3,9912.1,1562.2,1782.4,5772.1,6822.4,1521.4,5028.3,1191.1,2105.6,1227.1,9649.1,2183.9,1629.2,9636.4,6660.2,8489.5,6051.1,3025.7,13250.5,1861.8,5147.6,5567.9,3686.9,5245.0,4941.3,6335.6,4536.1,6553.4,1641.8,1836.4,173.3,1992.5,4971.1,5814.0,0.0,2337.1,2610.1,1330.6,6331.3,6673.5,1276.8
Sunde barnehage,480.2,1383.2,7155.8,7174.3,2549.7,1368.2,1395.1,1753.0,1164.8,1203.0,2702.8,1500.0,9465.1,7803.4,2235.8,2071.2,1000.0,1176.4,10919.7,8731.2,2315.4,1371.4,602.3,10211.3,2509.3,7602.3,1374.9,2958.3,1939.7,5125.0,1901.7,750.5,4239.0,3628.0,1430.4,482.9,2225.7,1098.5,590.7,2004.2,2130.3,3581.1,1361.9,2692.3,2145.5,3820.9,3780.7,606.0,5214.6,3136.2,10693.2,2191.0,4204.5,5495.4,4539.8,8271.1,3556.2,5200.6,3739.7,10233.8,2092.5,2427.3,8587.0,7682.0,3549.6,4373.2,1276.5,1816.2,4398.5,2039.4,1598.9,1197.7,579.6,10567.7,1174.1,1130.8,599.4,1242.5,760.3,4138.7,7600.3,2957.6,1653.3,1361.4,3500.9,916.0,1417.4,683.6,3779.9,7696.5,1071.6,602.5,3556.5,4773.9,918.4,2979.8,1171.1,439.3,1364.0,7600.6,142.8,2205.7,7587.9,4611.7,6273.9,3835.5,977.2,11202.0,554.1,3099.1,3995.1,2996.3,4066.6,2892.8,5157.2,2320.5,4337.8,802.5,621.0,2141.6,419.7,3792.7,3598.4,2324.0,0.0,1919.5,1907.1,5152.9,4625.0,1256.8
Tennfjord barnehage,1839.8,2094.3,6330.7,6349.2,742.0,2079.3,2106.2,2464.1,1908.4,1946.6,870.4,2211.1,11091.0,9596.4,3861.7,2732.8,2625.9,1920.0,12545.6,10364.5,1490.3,2082.5,1448.5,11837.2,3170.9,9235.6,2086.0,4584.2,2216.6,4299.9,94.0,2376.4,6032.0,5421.0,615.3,1633.1,3851.6,1842.1,1411.0,2665.8,2407.2,5374.1,2073.0,859.9,2422.4,5613.9,1948.3,1475.0,7007.6,1328.5,12319.1,2467.9,5830.4,6157.0,6165.7,9904.4,2731.1,6993.6,1932.0,11867.1,284.8,2704.2,10212.9,9307.9,5342.6,6166.2,1987.6,753.4,6191.5,2701.0,2310.0,1941.3,1409.8,12193.6,1917.7,1878.8,1749.6,1986.1,2386.2,4800.3,9233.6,4583.5,2364.4,2072.5,5126.8,2541.9,2128.5,1316.9,2718.5,9489.5,1872.6,1359.8,5349.5,6399.8,1666.4,4605.7,1914.7,1683.0,2075.1,9226.5,1761.3,1026.1,9213.8,6237.6,7907.2,5628.5,2603.1,12827.9,1411.1,4725.0,4656.7,1163.9,3241.5,4518.7,4332.1,4113.5,6130.8,1605.0,1362.1,2418.5,1569.9,2731.3,5391.4,2600.9,1914.5,0.0,1459.5,4327.8,6250.9,2000.4
"Torvmyrane, 6010 Ålesund",1856.9,840.8,7223.8,7242.3,2104.7,825.8,852.7,1210.6,1004.1,834.7,2257.8,957.6,11108.1,9613.5,3878.8,3238.5,2643.0,808.1,12562.7,10541.3,2383.4,829.0,1503.1,11854.3,3676.6,9412.4,832.5,4601.3,963.1,5193.0,1456.7,2393.5,6049.1,5438.1,1508.4,1650.2,3868.7,946.6,1416.0,3171.5,1153.7,5391.2,819.5,2247.3,1168.9,5631.0,3335.7,1382.5,7024.7,2691.2,12336.2,1214.4,5847.5,6662.7,6182.8,10081.2,3624.2,7010.7,3294.7,12043.9,1647.5,1450.7,10230.0,9325.0,5359.7,6183.3,734.1,1646.5,6208.6,3206.7,1056.5,829.4,1464.4,12210.7,1022.2,985.3,1766.7,838.1,2403.3,5306.0,9410.4,4600.6,1110.9,819.0,5143.9,2559.0,875.0,1411.0,3847.9,9506.6,1156.7,1376.9,5366.6,6416.9,1115.9,4622.8,785.6,1700.1,821.6,9243.6,1778.4,493.6,9230.9,6254.7,8084.0,5645.6,2620.2,12845.0,1456.3,4742.1,5162.4,2551.3,4134.6,4535.8,5225.2,4130.6,6147.9,1236.3,1430.9,1165.0,1587.0,3860.7,5408.5,1347.4,1931.6,1474.5,0.0,5220.9,6268.0,871.3
"Valldal, 6210 Valldal",5097.3,5384.3,2705.2,2723.7,4974.1,5369.3,5396.2,5754.1,5165.9,5204.1,5127.2,5501.1,10588.8,8708.8,7119.2,5208.0,5883.4,5177.5,12090.8,8335.6,2906.3,5372.5,4706.0,13059.7,4692.9,7165.2,5376.0,7841.7,5940.8,64.2,4326.1,5633.9,8278.3,8678.5,3885.2,4882.0,7109.1,5099.6,4668.5,5216.0,6131.4,8631.6,5363.0,5116.7,6146.6,8738.5,6205.1,4732.5,7535.9,5526.0,11864.3,6192.1,9087.9,4780.3,9423.2,7875.5,1611.8,7532.2,4921.2,9838.2,4516.9,6428.4,11488.7,12565.4,8600.1,8203.6,5277.6,3588.1,8202.5,5226.2,5600.0,5198.8,4667.3,11738.8,5175.2,5136.3,4727.9,5243.6,5643.7,3113.6,7178.2,7841.0,5654.4,5362.5,8384.3,5799.4,5418.5,4574.4,4150.5,8658.6,5130.1,4617.3,8607.0,9657.3,4923.9,7863.2,5172.2,4940.5,5365.1,12484.0,5018.8,4800.2,12471.3,9495.1,6530.5,8753.1,5860.6,12373.1,4668.6,7982.5,3330.5,5420.7,4169.7,7776.2,4.3,7371.0,8219.3,4862.5,4619.6,6142.7,4827.4,4163.3,8648.9,6325.1,5172.0,4343.9,5233.6,0.0,9508.4,5257.9
"Fosnavåg, 6090 Fosnavåg",4859.0,5762.0,10846.7,10865.2,6928.5,5747.0,5773.9,6131.8,5543.6,5581.8,7081.6,5878.8,7184.5,6528.0,2461.1,6450.0,5117.8,5555.2,8639.1,7455.8,6694.2,5750.2,4981.1,7930.7,6888.1,6326.9,5753.7,1856.3,6318.5,9503.8,6280.5,4868.3,2900.2,3020.1,5809.2,4861.7,2457.9,5477.3,4969.5,6383.0,6509.1,2933.1,5740.7,7071.1,6524.3,2721.0,8159.5,4984.8,4473.0,7515.0,8412.6,6569.8,1923.9,6382.4,2259.2,6995.7,7935.0,4459.0,8118.5,8958.4,6471.3,6806.1,6306.4,5401.4,2940.3,3034.4,5655.3,6195.0,3059.7,6418.2,5977.7,5576.5,4958.4,8287.1,5552.9,5509.6,4978.2,5621.3,4878.1,8102.1,6324.9,1855.6,6032.1,5740.2,1208.6,5033.8,5796.2,5062.4,8158.7,6421.1,5450.4,4981.3,2948.7,208.6,5297.2,1873.7,5549.9,4818.1,5742.8,5320.0,4521.6,6584.5,5307.3,33.4,4998.5,2735.6,5095.0,8921.4,4932.9,1723.4,8059.1,7375.1,8445.4,1931.7,9536.0,4173.2,2999.0,5181.3,4999.8,6520.4,4798.5,8171.5,2923.8,6702.8,4655.6,6298.3,6285.9,9531.7,0.0,5635.6
"Parkvegen 35, 6003 Ålesund",1187.0,326.3,7258.8,7277.3,2652.7,311.3,338.2,696.1,310.1,140.7,2805.8,443.1,10438.2,8943.6,3208.9,2568.6,1973.1,114.1,11892.8,9871.4,2418.4,314.5,833.2,11184.4,3006.7,8742.5,318.0,3931.4,882.8,5228.0,2004.7,1723.6,5379.2,4768.2,1533.4,980.3,3198.8,276.7,746.1,2501.6,1073.4,4721.3,305.0,2795.3,1088.6,4961.1,3883.7,712.6,6354.8,3239.2,11666.3,1134.1,5177.6,5992.8,5512.9,9411.3,3659.2,6340.8,3842.7,11374.0,2195.5,1370.4,9560.1,8655.1,4689.8,5513.4,219.6,1919.2,5538.7,2536.8,542.0,135.4,794.5,11540.8,341.2,315.4,1096.8,160.9,1733.4,4636.1,8740.5,3930.7,596.4,304.5,4474.0,1889.1,360.5,741.1,3882.9,8836.7,486.8,707.0,4696.7,5747.0,446.0,3952.9,81.0,1030.2,307.1,8573.7,1108.5,1148.8,8561.0,5584.8,7414.1,4975.7,1950.3,12175.1,786.4,4072.2,4492.5,3099.3,4169.6,3865.9,5260.2,3460.7,5478.0,566.4,761.0,1084.7,917.1,3895.7,4738.6,1267.1,1261.7,2022.5,850.2,5255.9,5598.1,0.0
