,Depot,"Geiranger, 6216 Geiranger","Storfjordvegen 550, 6260 Skodje","Sæbøvegen 26, 6165 Sæbø","Parkgata 2, 6003 Ålesund","Langsten, 6264 Tennfjord","Ålesund, 6002 Ålesund",Aursnes Kiosk & Bistro,"Blakstad, 6008 Ålesund",Brasserie Posten,"Digernes, 6057 Ellingsøy","Moa, 6010 Ålesund",LORKENESTORGET,Brygga Sportsbar,BROGATA 1,Bunnpris Hareid,"Ikornes, 6222 Ikornnes",Bunnpris Langevåg,Bunnpris Nørve,Bunnpris Olden,Bunnpris Sjøholt,SKAREGATA 1,Bunnpris Spjelkavik,Bunnpris Straumgjerde,NEDRE STRANDGATE 9,Bunnpris Ørsta,"Volda, 6100 Volda",Café Nova,Det Lille Napoli,KIRKEGATA 1 A,Gamle Blindheimsveg 25,Eurospar Hareid,LARSGÅRDSVEGEN 19,Eurospar Moa,Eurospar Sykkylven,Eurospar Ørsta,Rasmus Rønnebergs gate 21,"Ulsteinvik, 6065 Ulsteinvik","Fosnavåg, 6090 Fosnavåg","Sunde, 6030 Sunde",Fiskå Brygge Gjestgiveri,"Hareid, 6060 Hareid","Hatlane, 6008 Ålesund",Herøy omsorgssenter,Hjørundfjordheimen,KONGENS GATE 27,Innvik,Innvik Fjordhotell,"Hovdebygda, 6160 Hovdebygda",Joker Bellingen,Joker Fiksdal,Joker Flatraket,Joker Geiranger,Joker Gursken,Joker Larsnes,Joker Loen,Joker Sæbø,Joker Tomrefjord,Joker,Joker Åram,KaffeBaren AS,Kiwi Meieribygget Ørsta,SUNDGATA 8,Kiwi Skodje,Kiwi Volda,Kiwi Sykkylven,SKARBØVIKGATA 25,NØRVEGATA 23,SPJELKAVIKVEGEN 42,Kiwi Deknepollen,"Eggesbønes, 6008 Ålesund",NEDRE KLOKKERSUNDVEGEN 2,FLISNESVEGEN 1,"Kverve, 6008 Ålesund","Fiskarstrand, 6037 Eidsnes",Kiwi Stranda,Kiwi Stryn,Kiwi Ulsteinvik,"Valderøy, 6050 Valderøya",RASMUS RØNNEBERGS GATE 6,Kiwi Myrvåg,Kiwi Langevåg,NEDRE STRANDGATE 51,LERSTADVEGEN 545,Kiwi Vestnes,Kiwi Nordfjordeid,SMEDGARDEN 1,"Vallekrysset, 6013 Ålesund","Ørsta, 6150 Ørsta",KONGENS GATE 30,"Larsnes, 6098 Nerlandsøy",KEISER WILHELMS GATE 32,"Hjørungavåg, 6092 Fosnavåg",Meny Fosnavåg,LERSTADVEGEN 291,"Giske, 6050 Valderøya","Solavågen, 6240 Ørskog","HIG, 6010 Ålesund",KORSEGATA 4,POSTVEGEN 11,POSTVEGEN 17,POSTVEGEN 15,"Nordfjordeid, 6770 Nordfjordeid",Nærbutikken Norddal,Nærbutikken Rovde,Olebuda,Quality Hotel Waterfront,SORENSKRIVER BULLS GATE 7,RÅDSTUGATA 3B,"Rekkedal, 6210 Valldal",OLE THORESENS GATE 16,RASMUS RØNNEBERGS GATE 4,SOLAVÅGSEIDET 76,Spar Fiskåbygd,Spar Fosnavåg,Spar Hovdebygda,Spar Langevåg,Spar Raudeberg,Spjelkavikvegen 61,Spar Straumane,Spar Svingen,Spar Ulsteinvik,Spar Vartdal,Øvre Geilegrend 1,Esso Spjelkavik,St1 Vegsund,St1 Ørsta,"Ålesund, 6009 Ålesund",Storfjord kulturhus,Stranda Bakeri og Konditori,"Stranda, 6200 Stranda","Stranda, 6200 Stranda",Stranda omsorgssenter,"Sundgata 26, 6030 Sunde","Sykkylven, 6230 Sykkylven",Thon Hotel Baronen,Ulstein Arena,Ulstein sjukeheim,"Rådhuset, 6002 Ålesund","Fiskå, 6139 Fiskå",Volda omsorgssenter sjukeheim,"Ørsta, 6150 Ørsta","Åsehaugen 5, 6017 Ålesund"
Depot,0.0,103462.5,27793.5,51292.9,17338.4,38103.1,17202.0,14942.3,14474.7,103130.3,20458.1,25241.5,16953.2,31023.8,18386.3,20422.4,18590.2,13863.9,14477.3,128074.7,34757.0,17142.8,5821.4,25310.5,17032.6,46526.7,56711.2,30956.5,45808.9,17222.7,3955.1,20282.5,12787.2,5896.0,18032.3,46511.8,16940.9,30718.8,56597.9,4545.4,77786.5,21896.2,14984.0,56019.6,71372.5,17373.6,144931.3,145225.3,49735.2,71518.6,46603.3,129820.7,103410.2,50995.0,56392.2,122006.3,71429.3,54617.5,152405.4,78135.5,30988.3,46216.7,16163.4,26535.5,57212.2,18240.1,19482.9,14620.6,5821.5,126741.7,13285.2,11661.5,6114.0,14852.1,11080.7,51456.1,111582.6,30587.9,19628.7,16979.1,39389.3,12912.6,17560.3,7205.7,60388.6,113024.3,10437.2,6201.5,46309.2,17340.5,58758.7,16669.0,22751.5,58125.9,9340.7,28400.2,22449.9,5985.6,16722.9,6887.3,6729.0,6731.8,114000.3,81917.9,77019.3,103191.9,17255.6,17148.5,16416.7,69135.3,19668.0,16969.2,3404.7,77504.9,56516.5,49721.3,13563.6,135387.7,5655.1,33382.6,50025.2,29516.2,26147.4,8175.0,6264.5,3450.6,46651.2,18000.0,51390.3,51472.8,51468.3,50303.6,50303.6,4548.9,18731.0,5626.0,30788.1,31732.5,17076.8,80392.6,55412.2,46499.5,15345.6
"Geiranger, 6216 Geiranger",103635.4,0.0,73063.4,138807.9,108507.3,98949.4,108370.9,95819.2,105643.6,332.1,84113.8,104652.1,108122.1,131861.3,109555.2,121259.9,76093.3,114701.4,105646.2,92198.4,69081.0,108311.7,98237.3,69025.8,108201.4,141201.3,132257.0,131794.0,141040.7,108391.5,99070.7,121120.1,103956.0,98228.5,76528.5,140599.4,108109.8,131556.4,179346.3,105383.0,186799.1,122733.8,106152.9,178768.1,145372.7,108542.5,109055.0,109349.1,139437.8,145518.9,111746.6,175054.4,61.6,173743.4,179140.7,86130.0,145429.6,103744.7,116529.1,202139.9,131825.8,140855.5,107332.2,78967.3,132081.6,76363.9,110651.7,105789.5,98014.7,171975.5,104454.0,103239.5,96846.2,106021.0,111918.2,43164.7,75405.1,131425.5,110797.6,108148.0,162137.7,113750.1,108729.1,96947.3,91667.1,120822.6,102653.8,97831.6,140466.4,108509.3,181507.1,107837.9,123589.0,180874.4,100918.6,119569.0,81390.6,98919.0,107891.8,98056.2,97897.9,97900.7,121041.7,29292.6,155281.5,270.5,108424.5,108317.4,107585.6,38999.6,110836.8,108138.1,104242.3,186517.5,179265.0,139423.9,114401.1,180621.4,98121.0,163986.2,44978.5,130353.7,126985.0,100304.6,97436.4,100997.4,140595.4,109168.9,43125.4,42961.4,42956.9,44398.8,44398.8,105386.4,76404.6,98150.2,131625.6,132570.1,108245.7,189405.2,133445.4,140689.3,106514.5
"Storfjordvegen 550, 6260 Skodje",28082.0,72976.3,0.0,69352.5,38939.0,50162.3,38802.6,12906.5,36075.2,72644.1,32517.3,46842.0,38553.8,56308.0,39986.9,45706.6,11555.4,39148.1,36077.9,119702.9,39830.7,38743.4,27422.0,18533.5,38633.1,64586.4,74770.8,56240.6,63868.5,38823.2,24230.3,45566.7,34387.7,27496.6,10997.5,64571.4,38541.5,56003.0,81882.1,29829.6,123439.7,47180.4,36584.5,81303.8,87050.7,38974.2,136559.5,136853.5,67794.8,86884.5,58662.5,170644.7,72924.0,76279.2,81676.4,113634.4,86911.1,66676.7,144033.6,103419.7,56272.5,64276.4,37763.9,34346.9,75271.8,11205.3,41083.4,36221.2,27422.1,167565.8,34885.7,33262.1,22005.9,36452.7,36364.9,30189.6,103210.7,55872.1,41229.3,38579.7,64673.5,38196.8,39160.8,28806.2,65462.3,116412.9,32037.8,27802.1,64368.8,38941.0,84042.9,38269.6,48035.6,83410.1,30941.3,50000.7,28452.5,27586.2,38323.5,28487.9,28329.6,28332.4,116632.0,51431.7,95079.0,72705.7,38856.2,38749.0,38017.2,37719.2,41268.5,38569.8,28688.9,123158.1,81800.7,67780.9,38847.7,176211.7,27255.7,58666.8,28758.7,54800.4,44207.1,29775.6,27865.0,24561.1,64710.9,39600.6,30123.8,30206.3,30201.8,29037.1,29037.1,29833.0,11696.2,27226.5,56072.3,57016.7,38677.3,126045.8,73471.8,64559.2,36946.2
"Sæbøvegen 26, 6165 Sæbø",51262.8,139087.1,69220.0,0.0,65722.1,86486.8,65585.7,61246.2,62858.3,138969.5,68841.8,73625.1,65336.9,37345.0,66770.0,46479.5,57904.1,58084.4,62861.0,80338.5,83140.6,65526.5,54205.1,63405.0,65416.2,5718.5,15280.6,37392.6,5557.9,65606.3,52338.8,46417.7,61170.8,54279.7,58339.3,5116.7,65324.6,37373.6,50839.1,47079.3,63985.2,47421.7,63367.6,50260.9,23636.3,65757.3,97195.2,97489.2,8340.4,23782.5,94987.0,119519.9,139034.8,45236.2,50633.5,74270.1,23693.2,103001.2,104669.3,77488.4,37402.3,5372.8,64547.0,74919.2,14912.7,58174.7,67866.5,63004.3,54205.2,116441.0,61668.8,60045.2,54497.7,63235.8,55301.2,92938.5,63846.4,37047.9,68012.4,65362.8,33630.5,57133.1,65943.9,55589.3,108772.3,65288.1,58820.9,54585.2,4983.7,65724.1,52999.9,65052.7,43991.4,52367.2,57724.4,76783.8,70833.5,54369.3,65106.6,55271.0,55112.7,55115.5,66264.1,114180.6,35624.6,138907.9,65639.2,65532.1,64800.3,100468.1,68051.6,65352.9,47814.7,63703.7,50757.8,8326.5,57784.1,125086.9,54038.8,35479.0,92395.9,38053.8,25147.0,56558.7,54648.1,51834.3,5112.7,66383.7,92872.8,92955.2,92950.8,91786.1,91786.1,47082.8,58215.4,54009.6,37575.5,36768.8,65460.4,66591.4,14017.4,5206.6,63729.3
"Parkgata 2, 6003 Ålesund",17325.4,108508.3,39030.3,65820.4,0.0,43446.3,458.3,26179.1,3204.4,108176.2,25503.9,11372.4,438.7,45551.3,1673.9,34949.9,29827.0,28391.4,3402.2,142602.2,39802.8,964.2,12629.0,36547.3,430.1,61054.3,71238.7,45484.0,60336.4,432.9,15192.0,34810.1,5558.4,11728.6,29269.2,61039.3,939.6,45246.4,71125.4,19073.0,92314.0,36423.8,3510.6,70547.2,85900.0,1195.0,159458.9,159752.9,64262.7,86046.1,51946.5,144348.2,108456.0,65522.5,70919.7,136533.8,85956.9,59960.8,166932.9,92663.0,45515.8,60744.3,1255.4,31581.3,71739.7,29477.0,2770.4,3545.5,12406.4,141269.3,6056.4,5980.3,17350.9,3378.7,25608.3,62692.9,126110.1,45115.5,2916.3,513.2,53916.8,27440.1,927.0,11703.5,65434.4,127551.8,7621.3,11521.6,60836.7,1161.8,73286.2,894.8,37279.0,72653.5,8405.0,14531.0,29733.9,11467.2,699.5,11215.7,11057.3,11060.1,128527.8,86963.7,91546.9,108237.8,622.4,1184.1,1031.4,74181.2,2955.5,472.1,17932.3,92032.5,71044.0,64248.8,28091.1,149915.2,12714.5,47910.2,61262.0,44043.7,40675.0,9784.6,11981.0,14687.4,61178.8,1366.8,62627.2,62709.6,62705.2,61540.5,61540.5,19076.4,29967.9,12685.4,45315.6,46260.1,898.1,94920.2,69939.7,61027.1,4075.4
"Langsten, 6264 Tennfjord",38020.9,98840.0,50289.3,86515.9,43348.4,0.0,43212.0,37438.0,40029.1,98507.8,18285.8,32600.8,42963.2,66246.8,44396.3,55645.4,41086.0,49086.9,40031.7,163465.1,30134.4,43152.8,32622.8,47806.2,43042.5,81749.8,91934.2,66179.5,81031.9,43232.6,35887.5,55505.6,38341.5,32614.0,40528.1,81734.8,42950.9,65941.9,91820.9,39768.5,113009.5,57119.3,40538.4,91242.7,106595.5,43383.6,180321.8,180615.8,84958.2,106741.6,22491.8,165043.7,98787.7,86218.0,91615.2,157396.7,106652.4,30432.6,187795.9,113358.5,66211.3,81439.8,42173.3,20046.0,92435.2,40735.9,45492.8,40175.0,32400.2,161964.8,38839.5,37625.0,38046.3,40406.5,46303.8,73951.9,146973.0,65811.0,45638.7,42989.1,74612.3,48135.6,43570.2,31332.8,42737.0,148247.3,37039.3,32217.1,81532.2,43350.4,93981.7,42679.0,57974.5,93349.0,35304.2,47067.3,23009.4,33304.5,42732.9,32441.7,32283.4,32286.2,149223.3,77295.4,112242.4,98569.4,43265.5,43158.4,42426.6,64512.8,45677.9,42979.2,38627.8,112728.0,91739.5,84944.3,48786.6,170610.7,32506.6,68605.7,72521.0,64739.2,61370.5,34690.1,31822.0,35382.9,81874.3,44010.0,73886.1,73968.6,73964.1,72799.4,72799.4,39771.9,41226.8,32535.7,66011.1,66955.6,43086.7,115615.7,90635.2,81722.6,40900.0
"Ålesund, 6002 Ålesund",17294.4,108477.3,38999.4,65789.4,271.1,43415.3,0.0,26148.1,3173.5,108145.2,25473.0,11341.4,407.7,45520.4,1642.9,34919.0,29796.0,28360.4,3371.2,142571.2,39771.8,933.2,12598.0,36516.3,399.1,61023.3,71207.7,45453.0,60305.4,401.9,15161.0,34779.1,5527.4,11697.6,29238.2,61008.3,908.6,45215.4,71094.4,19042.0,92283.0,36392.8,3479.6,70516.2,85869.0,1164.0,159427.9,159721.9,64231.7,86015.2,51915.6,144317.3,108425.1,65491.5,70888.8,136502.8,85925.9,59929.8,166901.9,92632.1,45484.8,60713.3,1224.5,31550.4,71708.7,29446.0,2739.4,3514.5,12375.4,141238.3,6025.4,5949.3,17319.9,3347.7,25577.3,62661.9,126079.1,45084.5,2885.3,482.2,53885.8,27409.1,896.1,11672.5,65403.4,127520.8,7590.3,11490.6,60805.7,1130.8,73255.2,863.8,37248.0,72622.5,8374.0,14500.1,29702.9,11436.2,668.5,11184.7,11026.3,11029.1,128496.8,86932.7,91515.9,108206.8,591.4,1153.1,1000.4,74150.2,2924.5,441.1,17901.3,92001.5,71013.1,64217.8,28060.1,149884.2,12683.5,47879.2,61231.1,44012.8,40644.0,9753.6,11950.0,14656.5,61147.8,1335.8,62596.2,62678.7,62674.2,61509.5,61509.5,19045.4,29936.9,12654.4,45284.6,46229.1,867.1,94889.2,69908.7,60996.1,4044.4
Aursnes Kiosk & Bistro,15623.8,96077.9,12883.3,61219.3,26480.7,37704.0,26344.3,0.0,23617.0,95745.8,20059.1,34383.8,26095.5,43849.7,27528.6,33248.3,3680.0,26689.8,23619.6,126059.1,27372.4,26285.1,14963.7,10400.3,26174.9,56453.1,66637.6,43782.4,55735.3,26365.0,11772.1,33108.5,21929.5,15038.4,3122.1,56438.2,26083.2,43544.8,69423.8,17371.4,90612.4,34722.2,24126.3,68845.6,81298.8,26515.9,142915.8,143209.8,59661.6,81445.0,46204.3,177001.0,96025.7,63820.9,69218.1,119990.7,81355.7,54218.5,150389.9,90961.4,43814.2,56143.1,25305.7,21888.7,67138.6,3329.9,28625.2,23762.9,14963.8,173922.1,22427.5,20803.9,9547.6,23994.4,23906.7,36545.9,109567.0,43413.9,28771.0,26121.4,52215.2,25738.5,26702.6,16348.0,53004.1,122769.2,19579.5,15343.9,56235.5,26482.8,71584.6,25811.3,35577.4,70951.9,18483.0,37542.5,15994.2,15128.0,25865.2,16029.7,15871.3,15874.1,122988.3,74533.3,86945.7,95807.4,26397.9,26290.8,25559.0,61750.8,28810.3,26111.5,16230.7,90330.8,69342.4,59647.6,26389.5,182568.0,14797.4,46208.6,35115.0,42342.1,36073.8,17317.3,15406.8,12102.9,56577.6,27142.3,36480.1,36562.6,36558.1,35393.4,35393.4,17374.8,3820.8,14768.3,43614.0,44558.5,26219.1,93218.6,65338.6,56425.9,24487.9
"Blakstad, 6008 Ålesund",14447.5,105630.4,36152.5,62942.6,3092.0,40271.1,2955.6,23301.2,0.0,105298.3,22626.1,10995.1,2706.8,42673.5,4139.9,32072.1,26949.2,25513.6,295.3,139724.4,36924.9,2896.4,9751.1,33669.4,2786.1,58176.4,68360.9,42606.1,57458.6,2976.2,12314.1,31932.2,2680.6,8850.8,26391.3,58161.5,2694.5,42368.5,68247.5,16195.1,89436.1,33545.9,574.3,67669.3,83022.1,3127.2,156581.0,156875.0,61384.9,83168.3,48771.3,141470.4,105578.2,62644.7,68041.9,133655.9,83079.0,56785.5,164055.1,89785.2,42638.0,57866.4,1916.9,28703.5,68861.9,26599.1,5236.4,438.6,9528.5,138391.4,2369.5,3102.4,14473.0,442.4,22730.4,59815.1,123232.2,42237.6,5382.3,2732.7,51038.9,24562.3,3313.8,8825.7,62556.6,124673.9,4743.5,8643.7,57958.8,3094.0,70408.3,2422.6,34401.1,69775.6,5527.2,14153.7,26856.1,8589.3,2476.5,8337.8,8179.5,8182.3,125649.9,84085.8,88669.0,105359.9,3009.2,2902.1,2170.3,71303.3,5421.5,2722.8,15054.4,89154.6,68166.2,61370.9,25213.2,147037.4,9836.6,45032.3,58384.2,41165.9,37797.1,6906.7,9103.2,11809.6,58300.9,3753.6,59749.3,59831.8,59827.3,58662.6,58662.6,16198.5,27090.0,9807.5,42437.8,43382.2,2830.4,92042.3,67061.9,58149.2,870.9
Brasserie Posten,103303.2,332.1,72731.3,138690.3,108175.2,98617.2,108038.8,95487.1,105311.4,0.0,83781.7,104320.0,107790.0,131529.2,109223.1,120927.8,75761.1,114369.3,105314.1,92080.8,68748.9,107979.6,97905.1,68693.7,107869.3,141083.7,132139.4,131461.8,140923.1,108059.4,98738.5,120787.9,103623.9,97896.4,76196.3,140481.8,107777.7,131224.2,179228.7,105050.8,186681.5,122401.6,105820.7,178650.5,145255.2,108210.4,108937.5,109231.5,139320.2,145401.3,111414.5,174936.9,279.9,173625.9,179023.1,86012.4,145312.0,103412.5,116411.6,202022.3,131493.6,140738.0,107000.1,78635.2,131964.1,76031.8,110319.6,105457.4,97682.5,171857.9,104121.9,102907.3,96514.1,105688.8,111586.1,42832.6,75287.5,131093.3,110465.5,107815.9,162020.1,113418.0,108397.0,96615.2,91335.0,120705.0,102321.6,97499.4,140348.9,108177.2,181389.6,107505.7,123256.8,180756.8,100586.5,119236.9,81058.4,98586.9,107559.6,97724.1,97565.7,97568.6,120924.1,28960.5,155164.0,61.6,108092.3,107985.2,107253.4,38667.5,110504.7,107806.0,103910.1,186400.0,179147.4,139306.3,114068.9,180503.9,97788.9,163868.6,44646.4,130021.6,126652.8,99972.4,97104.3,100665.3,140477.9,108836.8,42793.2,42629.3,42624.8,44066.7,44066.7,105054.2,76072.4,97818.0,131293.5,132237.9,107913.5,189287.7,133327.8,140571.7,106182.3
"Digernes, 6057 Ellingsøy",20455.3,84218.2,32723.7,68950.4,25327.3,18276.5,25190.9,19872.5,22463.5,83886.1,0.0,23979.2,24942.0,48681.3,26375.2,38079.9,23520.4,31521.4,22466.2,145899.6,15512.7,25131.7,15057.2,30240.7,25021.4,64184.2,74368.7,48613.9,63466.4,25211.5,18321.9,37940.0,20776.0,15048.4,22962.5,64169.3,24929.7,48376.3,74255.3,22202.9,95443.9,39553.7,22972.8,73677.1,89029.9,25362.5,162756.2,163050.2,67392.6,89176.1,26776.7,147478.2,84166.0,68652.5,74049.7,139831.2,89086.8,34790.9,170230.3,95793.0,48645.7,63874.2,24152.2,6708.9,74869.6,23170.4,27471.7,22609.4,14834.6,144399.2,21274.0,20059.4,20480.8,22840.9,28738.2,56386.3,129407.5,48245.4,27617.6,24968.0,57046.7,30570.1,25549.1,13767.3,41144.4,130681.7,19473.7,14651.5,63966.6,25329.3,76416.1,24657.8,40408.9,75783.4,17738.6,36389.0,5443.8,15739.0,24711.7,14876.2,14717.8,14720.6,131657.7,62673.6,94676.8,83947.7,25244.4,25137.3,24405.5,49891.1,27656.8,24958.0,21062.2,95162.4,74174.0,67378.7,31221.0,153045.2,14941.0,51040.1,54955.4,47173.7,43804.9,17124.5,14256.4,17817.4,64308.7,25988.9,56320.6,56403.0,56398.6,55233.9,55233.9,22206.3,23661.3,14970.1,48445.6,49390.0,25065.6,98050.1,73069.7,64157.0,23334.4
"Moa, 6010 Ålesund",25226.6,104526.7,46931.6,73721.7,11280.8,32607.2,11144.4,34080.4,11105.7,104194.6,23972.6,0.0,10895.6,53452.6,12328.7,42851.2,37728.3,36292.7,11303.5,150503.5,35821.2,11085.2,20530.2,44448.5,10974.9,68955.5,79140.0,53385.2,68237.7,11165.0,23093.2,42711.3,13459.7,19629.9,37170.4,68940.6,10883.3,53147.6,79026.7,26974.2,100215.2,44325.0,11411.8,78448.4,93801.3,11316.0,167360.1,167654.1,72164.0,93947.4,41107.4,152249.5,104474.5,73423.8,78821.0,144435.1,93858.1,49121.6,174834.2,100564.3,53417.1,68645.5,10105.7,25732.8,79641.0,37378.2,13425.2,11446.7,20307.6,149170.5,13957.7,13881.5,25252.1,11279.9,33509.5,70594.2,134011.4,53016.7,13571.1,10921.5,61818.1,35341.4,11502.6,19604.8,61452.9,135453.1,15522.6,19422.8,68737.9,11282.8,81187.5,10611.3,45180.3,80554.7,16306.3,14999.7,28696.2,19368.4,10665.2,19116.9,18958.6,18961.4,136429.1,82982.1,99448.1,104256.2,11197.9,11090.8,10359.0,70199.6,13610.3,10911.6,25833.5,99933.7,78945.3,72150.0,35992.4,157816.5,20615.7,55811.4,69163.3,51945.0,48576.2,17685.8,19882.3,22588.7,69080.0,11942.4,70528.4,70610.9,70606.4,69441.7,69441.7,26977.7,37869.1,20586.6,53216.9,54161.3,11019.1,102821.4,77841.0,68928.3,11976.6
LORKENESTORGET,16932.0,108114.9,38636.9,65427.0,430.5,43052.9,294.1,25785.7,2811.1,107782.8,25110.5,10979.0,0.0,45158.0,1478.4,34556.6,29433.6,27998.0,3008.8,142208.8,39409.4,570.8,12235.6,36153.9,124.6,60660.9,70845.3,45090.6,59943.0,314.7,14798.6,34416.7,5165.0,11335.2,28875.8,60645.9,546.2,44853.0,70732.0,18679.6,91920.6,36030.4,3117.2,70153.8,85506.6,801.6,159065.5,159359.5,63869.3,85652.7,51553.2,143954.8,108062.6,65129.1,70526.4,136140.4,85563.5,59567.4,166539.5,92269.6,45122.4,60350.9,862.0,31187.9,71346.3,29083.6,2574.9,3152.1,12013.0,140875.9,5663.0,5586.9,16957.5,2985.3,25214.9,62299.5,125716.7,44722.1,2720.8,119.8,53523.4,27046.7,652.3,11310.1,65041.0,127158.4,7227.9,11128.2,60443.3,768.4,72892.8,501.4,36885.6,72260.1,8011.6,14137.6,29340.5,11073.8,306.1,10822.3,10663.9,10666.7,128134.4,86570.3,91153.5,107844.4,347.7,790.7,638.0,73787.8,2760.0,78.7,17538.9,91639.1,70650.6,63855.4,27697.7,149521.8,12321.1,47516.8,60868.6,43650.4,40281.6,9391.2,11587.6,14294.1,60785.4,1092.1,62233.8,62316.2,62311.8,61147.1,61147.1,18683.0,29574.5,12292.0,44922.2,45866.7,504.7,94526.8,69546.3,60633.7,3682.0
Brygga Sportsbar,31401.8,131985.1,56316.2,37331.0,45861.1,66625.7,45724.7,43464.9,42997.3,131653.0,48980.8,53764.1,45475.9,0.0,46909.0,11202.4,47112.8,33818.7,43000.0,107029.6,63279.6,45665.5,34344.1,53833.1,45555.2,32912.1,33693.4,323.8,33026.7,45745.3,32477.8,11140.6,41309.8,34418.7,46555.0,32350.5,45463.6,304.8,27568.2,28880.7,48756.7,12144.6,43506.6,26989.9,56135.3,45896.3,123886.2,124180.2,30535.2,56281.5,75126.0,100791.0,131932.9,21965.3,27362.5,100961.1,56192.2,83140.2,131360.3,49105.8,333.5,32566.4,44686.0,55058.2,34194.3,46762.8,48005.5,43143.3,34344.1,97712.0,41807.8,40184.2,34636.7,43374.8,31035.5,79978.7,90537.4,753.2,48151.4,45501.8,10359.6,32867.4,46082.9,35728.3,88911.3,91979.1,38959.9,34724.2,32662.1,45863.1,29729.0,45191.6,8714.3,29096.2,37863.3,56922.8,50972.5,34508.3,45245.5,35410.0,35251.7,35254.5,92955.1,110440.5,54001.5,131714.6,45778.2,45671.1,44939.3,97658.0,48190.6,45491.9,27953.7,48475.2,27486.8,30521.3,33518.3,106358.0,34177.7,4352.9,78547.8,1616.0,52615.7,36697.6,34787.1,31973.3,32269.5,46522.7,79913.0,79995.4,79991.0,78826.3,78826.3,28884.2,47253.7,34148.6,506.7,1497.8,45599.4,51362.9,32394.4,32382.6,43868.3
BROGATA 1,18346.9,109529.8,40051.8,66841.9,1668.6,44467.8,1394.3,27200.6,4225.9,109197.6,26525.4,12393.9,1460.2,46572.8,0.0,35971.4,30848.5,29412.9,4423.7,143623.7,40824.3,1985.7,13650.5,37568.8,1370.0,62075.8,72260.2,46505.5,61357.9,1297.4,16213.5,35831.6,6579.9,12750.1,30290.6,62060.8,1961.1,46267.9,72146.9,20094.5,93335.5,37445.3,4532.0,71568.7,86921.5,2216.5,160480.4,160774.4,65284.2,87067.6,52968.0,145369.7,109477.5,66544.0,71941.2,137555.3,86978.4,60982.3,167954.4,93684.5,46537.3,61765.8,2276.9,32602.8,72761.2,30498.5,1133.3,4567.0,13427.9,142290.8,7077.9,7001.8,18372.4,4400.2,26629.8,63714.4,127131.6,46137.0,1279.2,1534.6,54938.3,28461.6,807.8,12725.0,66455.9,128573.3,8642.8,12543.1,61858.2,2183.3,74307.7,1916.3,38300.5,73675.0,9426.5,15552.5,30755.4,12488.7,1721.0,12237.2,12078.8,12081.6,129549.3,87985.2,92568.4,109259.3,1112.5,2205.6,2052.9,75202.7,1318.4,1493.6,18953.8,93054.0,72065.5,65270.3,29112.6,150936.7,13736.0,48931.7,62283.5,45065.2,41696.5,10806.1,13002.5,15708.9,62200.3,756.2,63648.7,63731.1,63726.7,62562.0,62562.0,20097.9,30989.4,13706.9,46337.1,47281.6,1919.6,95941.7,70961.2,62048.6,5096.9
Bunnpris Hareid,20320.0,120903.3,45234.4,46594.1,34779.3,55544.0,34642.9,32383.1,31915.5,120571.2,37899.0,42682.3,34394.1,11257.2,35827.2,0.0,36031.1,22736.9,31918.2,116292.6,52197.8,34583.7,23262.3,42751.3,34473.4,42175.2,42956.5,11189.8,42289.7,34663.5,21396.0,515.9,30228.0,23336.9,35473.2,41613.6,34381.8,10952.2,36831.2,17799.0,58019.8,1550.0,32424.8,36253.0,65398.4,34814.5,133149.3,133443.3,39798.3,65544.6,64044.2,110054.1,120851.1,31228.4,36625.6,110224.2,65455.3,72058.4,140623.4,58368.9,11221.7,41829.5,33604.2,43976.4,43457.4,35681.0,36923.7,32061.5,23262.4,106975.1,30726.0,29102.4,23554.9,32293.0,19953.7,68896.9,99800.5,10821.3,37069.6,34420.0,19622.6,21785.6,35001.1,24646.5,77829.5,101242.2,27878.1,23642.4,41925.2,34781.3,38992.1,34109.9,2984.8,38359.3,26781.6,45841.0,39890.7,23426.5,34163.8,24328.2,24169.9,24172.7,102218.2,99358.7,63264.6,120632.8,34696.4,34589.3,33857.5,86576.2,37108.8,34410.1,16871.9,57738.3,36749.9,39784.3,22436.5,115621.1,23096.0,13616.0,67466.1,9749.6,61878.8,25615.9,23705.3,20891.5,41532.6,35440.9,68831.2,68913.7,68909.2,67744.5,67744.5,17802.4,36171.9,23066.8,11021.5,11965.9,34517.6,60626.0,41657.5,41645.7,32786.5
"Ikornes, 6222 Ikornnes",18866.6,76012.0,11554.1,57898.7,29723.6,40946.9,29587.2,3691.1,26859.8,75679.9,23301.9,37626.6,29338.3,47092.6,30771.5,36491.2,0.0,29932.6,26862.5,122738.6,30615.2,29528.0,18206.5,7079.7,29417.7,53132.5,63317.0,47025.2,52414.7,29607.8,15014.9,36351.3,25172.3,18281.2,557.9,53117.6,29326.0,46787.6,72666.6,20614.2,111985.8,37965.0,27369.1,72088.4,77978.3,29758.7,139595.2,139889.2,56341.0,78124.4,49447.1,173680.5,75959.8,67063.7,72461.0,116670.2,78035.1,57461.3,147069.3,94204.2,47057.0,52822.5,28548.5,25131.5,63818.0,563.8,31868.0,27005.7,18206.6,170601.5,25670.3,24046.7,12790.4,27237.2,27149.5,33225.3,106246.5,46656.7,32013.8,29364.3,55458.0,28981.3,29945.4,19590.8,56246.9,119448.6,22822.3,18586.7,52915.0,29725.6,74827.4,29054.1,38820.2,74194.7,21725.8,40785.3,19237.0,18370.8,29108.0,19272.5,19114.1,19116.9,119667.7,54467.4,83625.2,75741.5,29640.7,29533.6,28801.8,40754.9,32053.1,29354.3,19473.5,111704.3,72585.2,56327.1,29632.3,179247.5,18040.2,49451.4,31794.4,45585.0,32753.3,20560.1,18649.6,15345.7,53257.1,30385.2,33159.6,33242.0,33237.6,32072.9,32072.9,20617.6,604.5,18011.1,46856.8,47801.3,29461.9,114592.0,62018.0,53105.3,27730.7
Bunnpris Langevåg,13913.4,114496.7,38827.7,58139.8,28372.7,49137.3,28236.3,25976.5,25508.9,114164.6,31492.3,36275.7,27987.4,33458.4,29420.6,22857.0,29624.4,0.0,25511.6,134921.6,45791.2,28177.1,16855.6,36344.7,28066.8,53373.6,63558.1,33391.1,52655.8,28256.9,14989.4,22717.2,23821.4,16930.3,29066.5,53358.7,27975.1,33153.5,59032.5,11392.3,80221.1,24330.9,26018.2,58454.2,78219.3,28407.8,151778.2,152072.2,56582.1,78365.5,57637.5,132255.3,114444.4,53429.6,58826.8,128853.1,78276.2,65651.7,159252.3,80570.1,33422.9,53063.6,27197.6,37569.7,64059.1,29274.4,30517.1,25654.8,16855.7,129176.4,24319.4,22695.8,17148.2,25886.3,2946.4,62490.3,118429.4,33022.6,30662.9,28013.4,41823.9,964.3,28594.5,18239.9,71422.8,119871.1,21471.4,17235.8,53156.0,28374.7,61193.3,27703.2,25186.1,60560.6,20374.9,39434.4,33484.1,17019.9,27757.1,17921.6,17763.2,17766.0,120847.1,92952.1,83866.2,114226.2,28289.8,28182.7,27450.9,80169.6,30702.2,28003.4,10465.2,79939.5,58951.1,56568.1,702.3,137822.3,16689.3,35817.2,61059.4,31950.8,32994.3,19209.2,17298.7,14484.8,53498.1,29034.3,62424.6,62507.0,62502.6,61337.9,61337.9,11395.7,29765.2,16660.2,33222.7,34167.2,28111.0,82827.3,62259.1,53346.4,26379.8
Bunnpris Nørve,14643.1,105826.0,36348.1,63138.1,3145.5,40466.6,3009.1,23496.8,260.6,105493.9,22821.7,11048.6,2760.3,42869.1,4193.4,32267.7,27144.7,25709.1,0.0,139919.9,37120.5,2949.9,9946.7,33865.0,2839.6,58372.0,68556.4,42801.7,57654.1,3029.7,12509.7,32127.8,2149.7,9046.3,26586.9,58357.1,2748.0,42564.1,68443.1,16390.7,89631.7,33741.5,769.9,67864.9,83217.7,3180.7,156776.6,157070.6,61580.4,83363.9,48966.8,141665.9,105773.8,62840.2,68237.5,133851.5,83274.6,56981.1,164250.6,89980.8,42833.5,58062.0,1970.5,28899.1,69057.4,26794.7,5289.9,293.1,9724.1,138587.0,2224.0,3298.0,14668.6,638.0,22926.0,60010.6,123427.8,42433.2,5435.8,2786.2,51234.5,24757.8,3367.4,9021.2,62752.2,124869.5,4939.0,8839.3,58154.4,3147.5,70603.9,2476.1,34596.7,69971.2,5722.7,14207.2,27051.6,8784.9,2530.0,8533.4,8375.0,8377.8,125845.5,84281.4,88864.6,105555.5,3062.7,2955.6,2223.8,71498.9,5475.1,2776.3,15250.0,89350.2,68361.8,61566.5,25408.8,147232.9,10032.2,45227.9,58579.8,41361.5,37992.7,7102.3,9298.7,12005.2,58496.5,3807.1,59944.9,60027.4,60022.9,58858.2,58858.2,16394.1,27285.6,10003.1,42633.3,43577.8,2883.9,92237.9,67257.4,58344.8,1131.5
Bunnpris Olden,128070.5,92206.1,119707.0,80132.8,142529.7,163334.7,142393.4,126078.9,139666.0,92088.6,145689.7,150432.8,142144.5,107177.2,143577.6,116311.6,122736.8,134892.1,139668.6,0.0,153003.1,142334.1,131012.7,115669.3,142223.9,82526.2,73582.0,107224.8,82365.6,142414.0,129146.5,116249.9,137978.5,131087.4,123172.0,81924.3,142132.2,107205.8,120671.3,123887.0,128124.0,117253.9,140175.3,120093.0,86697.7,142564.9,17015.1,17309.1,80762.7,86843.8,171834.9,116379.4,92153.9,115068.4,120465.6,6225.1,86754.5,179849.1,24489.2,143464.8,107234.5,82180.5,141354.7,147519.3,73406.6,123007.4,144674.2,139811.9,131012.8,113300.4,138476.5,136852.9,135178.3,140043.4,132108.9,94752.1,16965.5,106880.1,144820.0,142170.4,103462.7,133940.8,142751.6,132397.0,155906.7,62147.5,135628.5,131392.9,81791.4,142531.8,122832.1,141860.3,113823.6,122199.3,134532.0,153591.5,141624.9,131177.0,141914.2,132078.7,131920.3,131923.1,62366.6,121049.1,96606.5,92026.9,142446.9,142339.8,141608.0,102281.6,144859.3,142160.5,124622.3,127842.5,120589.9,80748.8,134591.7,121946.4,130846.4,105311.1,94209.4,107886.0,101954.6,133366.3,131455.8,128641.9,81920.4,143191.4,94686.3,94768.8,94764.3,93599.6,93599.6,123890.4,123048.1,130817.3,107407.7,106600.9,142268.1,130730.2,74770.3,82014.2,140536.9
Bunnpris Sjøholt,34816.6,68967.8,39851.7,83311.7,39688.6,30130.6,39552.2,27000.4,36824.8,68635.6,15295.0,35833.4,39303.3,63042.6,40736.5,52441.2,30648.4,45882.7,36827.5,133281.9,0.0,39493.0,29418.5,37368.6,39382.7,78545.5,88730.0,62975.2,77827.7,39572.8,30251.9,52301.3,35137.3,29409.7,30090.5,78530.6,39291.0,62737.6,88616.6,36564.2,109805.2,53915.0,37334.1,88038.4,103391.2,39723.8,150138.5,150432.5,81754.0,103537.4,38630.9,161839.5,68915.5,83013.8,88411.0,127213.5,103448.1,37971.5,157612.6,110154.3,63007.1,78235.5,38513.5,10148.6,89231.0,30298.3,41833.0,36970.7,29195.9,158760.5,35635.3,34420.7,28027.4,37202.2,43099.5,38805.7,116789.8,62606.7,41978.9,39329.3,71408.0,44931.4,39910.4,28128.6,25893.9,145043.0,33835.0,29012.8,78327.9,39690.6,90777.4,39019.1,54770.2,90144.7,32099.9,50750.3,12571.8,30100.3,39073.0,29237.5,29079.1,29081.9,146019.0,47423.2,109038.1,68697.2,39605.7,39498.6,38766.8,34640.6,42018.1,39319.3,35423.5,109523.7,88535.3,81740.0,45582.3,167406.5,29302.3,65401.4,62083.4,61535.0,58166.2,31485.8,28617.7,32178.7,78670.0,40350.2,38766.4,38602.4,38598.0,40039.8,40039.8,36567.6,30789.2,29331.4,62806.9,63751.3,39426.9,112411.4,87431.0,78518.3,37695.7
SKAREGATA 1,16993.1,108176.0,38698.0,65488.1,950.3,43114.0,813.9,25846.8,2872.1,107843.8,25171.6,11040.0,565.1,45219.0,1998.2,34617.6,29494.7,28059.1,3069.9,142269.9,39470.5,0.0,12296.6,36215.0,644.4,60721.9,70906.4,45151.7,60004.1,834.5,14859.7,34477.8,5226.1,11396.3,28936.8,60707.0,478.9,44914.1,70793.1,18740.7,91981.7,36091.5,3178.2,70214.8,85567.7,325.5,159126.5,159420.5,63930.4,85713.8,51614.2,144015.9,108123.7,65190.2,70587.4,136201.5,85624.5,59628.4,166600.6,92330.7,45183.5,60411.9,827.1,31249.0,71407.4,29144.7,3094.7,3213.2,12074.0,140936.9,5724.1,5648.0,17018.5,3046.4,25275.9,62360.6,125777.8,44783.2,3240.6,445.3,53584.5,27107.8,1172.1,11371.2,65102.1,127219.5,7289.0,11189.3,60504.4,292.4,72953.9,553.7,36946.7,72321.2,8072.7,14198.7,29401.6,11134.9,501.5,10883.3,10725.0,10727.8,128195.5,86631.4,91214.6,107905.4,867.5,251.3,610.8,73848.8,3279.8,486.4,17600.0,91700.1,70711.7,63916.5,27758.8,149582.9,12382.2,47577.8,60929.7,43711.4,40342.7,9452.3,11648.7,14355.1,60846.5,1611.9,62294.9,62377.3,62372.9,61208.1,61208.1,18744.1,29635.5,12353.0,44983.3,45927.8,320.6,94587.9,69607.4,60694.7,3743.1
Bunnpris Spjelkavik,5798.6,97894.9,27503.6,54293.7,12779.7,32535.5,12643.3,14652.3,9916.0,97562.8,14890.5,20682.8,12394.5,34024.6,13827.6,23423.2,18300.3,16864.7,9918.6,131075.4,29189.4,12584.1,0.0,25020.5,12473.9,49527.5,59712.0,33957.2,48809.6,12664.0,3665.2,23283.3,8228.5,1337.3,17742.4,49512.6,12382.2,33719.6,59598.6,7546.2,80787.2,24897.0,10425.3,59020.4,74373.2,12814.9,147932.1,148226.1,52735.9,74519.4,41035.7,132821.5,97842.6,53995.8,59393.0,125007.0,74430.1,49049.9,155406.2,81136.3,33989.0,49217.5,11604.7,20967.9,60212.9,17950.2,14924.2,10061.9,282.6,129742.5,8726.5,7102.8,5824.1,10293.4,14081.5,51166.2,114583.3,33588.7,15070.0,12420.4,42390.0,15913.4,13001.6,1720.0,54821.0,116025.0,5878.5,1397.0,49309.9,12781.8,61759.4,12110.3,25752.2,61126.7,4782.0,23841.5,19120.5,1426.9,12164.2,2328.6,2170.3,2173.1,117001.0,76350.3,80020.1,97624.4,12696.9,12589.8,11858.0,63567.8,15109.3,12410.5,6405.5,80505.7,59517.3,52722.0,16564.3,138388.5,166.3,36383.4,49735.3,32517.0,29148.2,3616.3,773.7,3160.7,49652.0,13441.3,51100.4,51182.9,51178.4,50013.7,50013.7,7549.6,18441.1,195.4,33788.9,34733.3,12518.1,83393.4,58413.0,49500.3,10786.9
Bunnpris Straumgjerde,25585.1,68971.8,18383.4,63407.7,36442.1,47665.4,36305.7,10409.6,33578.3,68639.6,30020.4,44345.1,36056.9,53811.1,37490.0,43209.7,7067.4,36651.2,33581.0,115698.4,37333.7,36246.5,24925.1,0.0,36136.2,58641.5,68826.0,53743.7,57923.7,36326.3,21733.4,43069.8,31890.8,24999.7,7502.6,58626.6,36044.6,53506.1,79385.1,27332.7,117494.8,44683.5,34087.6,78806.9,83046.2,36477.3,132555.0,132849.0,61850.0,82880.0,56165.6,166640.2,68919.5,73782.3,79179.5,109629.9,82906.7,64179.8,140029.1,100922.8,53775.5,58331.5,35267.0,31850.0,69327.0,7338.1,38586.5,33724.3,24925.1,163561.3,32388.8,30765.2,19509.0,33955.8,33868.0,26185.1,99206.2,53375.2,38732.4,36082.8,62176.5,35699.9,36663.9,26309.3,62965.4,112408.4,29540.9,25305.2,58424.0,36444.1,81545.9,35772.6,45538.7,80913.2,28444.3,47503.8,25955.5,25089.3,35826.5,25991.0,25832.7,25835.5,112627.5,47427.2,89134.2,68701.2,36359.2,36252.1,35520.3,33714.7,38771.6,36072.9,26192.0,117213.3,79303.8,61836.1,36350.8,172207.2,24758.7,56169.9,24754.2,52303.5,38262.3,27278.6,25368.1,22064.2,58766.1,37103.7,26119.3,26201.8,26197.3,25032.6,25032.6,27336.1,7378.8,24729.6,53575.4,54519.8,36180.4,120101.0,67527.0,58614.3,34449.3
NEDRE STRANDGATE 9,17011.3,108194.2,38716.3,65506.4,595.8,43132.3,372.0,25865.0,2890.4,107862.1,25189.9,11058.3,124.6,45237.3,1388.2,34635.9,29513.0,28077.4,3088.1,142288.1,39488.7,650.1,12314.9,36233.2,0.0,60740.2,70924.7,45169.9,60022.4,224.6,14877.9,34496.0,5244.4,11414.6,28955.1,60725.3,625.5,44932.3,70811.3,18758.9,91999.9,36109.7,3196.5,70233.1,85585.9,880.9,159144.8,159438.8,63948.7,85732.1,51632.5,144034.2,108142.0,65208.5,70605.7,136219.7,85642.8,59646.7,166618.9,92349.0,45201.8,60430.2,941.4,31267.3,71425.7,29162.9,2484.8,3231.4,12092.3,140955.2,5742.4,5666.2,17036.8,3064.6,25294.2,62378.9,125796.0,44801.4,2630.6,199.1,53602.7,27126.1,562.2,11389.5,65120.4,127237.7,7307.3,11207.5,60522.6,847.7,72972.2,580.8,36964.9,72339.4,8091.0,14217.0,29419.9,11153.1,385.4,10901.6,10743.3,10746.1,128213.7,86649.6,91232.8,107923.7,257.5,870.1,717.3,73867.1,2669.9,158.0,17618.2,91718.4,70730.0,63934.7,27777.0,149601.2,12400.4,47596.1,60948.0,43729.7,40360.9,9470.5,11667.0,14373.4,60864.7,1001.9,62313.1,62395.6,62391.1,61226.4,61226.4,18762.3,29653.8,12371.3,45001.6,45946.0,584.1,94606.1,69625.7,60713.0,3761.3
Bunnpris Ørsta,46514.2,141196.9,64471.4,5666.6,60973.5,81738.2,60837.1,56497.7,58109.8,141079.4,64093.2,68876.6,60588.3,32847.8,62021.4,41982.3,53155.5,53335.8,58112.4,82448.4,78392.0,60777.9,49456.5,58656.4,60667.6,0.0,10819.2,32895.4,796.8,60857.7,47590.2,41920.5,56422.2,49531.1,53590.7,619.8,60576.0,32876.4,46341.9,42330.8,59488.0,42924.5,58619.1,45763.7,25746.2,61008.7,99305.0,99599.1,3843.2,25892.3,90238.4,121629.8,141144.7,40739.0,46136.3,76380.0,25803.0,98252.6,106779.1,72991.2,32905.1,630.3,59798.5,70170.6,11320.2,53426.1,63117.9,58255.7,49456.6,118550.8,56920.2,55296.6,49749.1,58487.2,50552.7,95048.4,65956.3,32550.7,63263.8,60614.2,29133.3,52384.5,61195.3,50840.8,104023.7,67398.0,54072.3,49836.6,726.0,60975.5,48502.7,60304.1,39494.2,47870.0,52975.8,72035.2,66084.9,49620.7,60358.0,50522.4,50364.1,50366.9,68374.0,125552.9,31127.4,141017.7,60890.7,60783.6,60051.8,112770.4,63303.0,60604.3,43066.1,59206.5,46260.5,3829.3,53035.5,127196.8,49290.2,30981.8,94505.8,33556.6,20398.4,51810.1,49899.5,47085.7,759.3,61635.1,94982.6,95065.1,95060.6,93895.9,93895.9,42334.2,53466.8,49261.1,33078.3,32271.6,60711.9,62094.2,9520.2,607.5,58980.7
"Volda, 6100 Volda",56829.6,132315.4,74786.8,15094.7,71288.9,92053.5,71152.5,66813.0,68425.1,132197.8,74408.5,79191.9,70903.6,33891.1,72336.8,43025.6,63470.8,63651.2,68427.8,73566.8,88707.4,71093.3,59771.8,68971.8,70983.0,11010.2,0.0,33938.7,11124.7,71173.1,57905.6,42963.8,66737.6,59846.5,63906.0,10448.5,70891.3,33919.7,47385.2,52646.1,52214.2,43967.8,68934.4,46807.0,25674.4,71324.0,90423.5,90717.5,7476.6,25820.5,100553.7,112748.2,132263.1,41782.3,47179.5,67498.4,25731.3,108567.9,97897.6,65717.4,33948.4,10664.4,70113.8,80485.9,731.6,63741.5,73433.3,68571.0,59771.9,109669.3,67235.6,65612.0,60064.4,68802.5,60868.0,86166.8,57074.7,33594.0,73579.1,70929.6,30176.6,62699.9,71510.7,61156.1,114339.0,58516.4,64387.6,60152.0,10760.1,71290.9,49546.0,70619.4,40537.5,48913.3,63291.1,82350.6,76400.3,59936.1,70673.3,60837.8,60679.4,60682.2,59492.4,107408.9,23853.5,132136.2,71206.0,71098.9,70367.1,93696.4,73618.4,70919.6,53381.4,51932.6,47303.8,7462.7,63350.8,118315.3,59605.5,32025.0,85624.2,34599.9,30713.8,62125.4,60214.9,57401.0,10367.5,71950.4,86101.1,86183.5,86179.1,85014.4,85014.4,52649.5,63782.2,59576.4,34121.6,33314.9,71027.2,54820.4,1603.3,10480.6,69296.0
Café Nova,31419.9,132003.2,56334.3,37416.5,45879.2,66643.8,45742.8,43483.0,43015.4,131671.1,48998.9,53782.2,45494.0,286.1,46927.1,11220.5,47130.9,33836.8,43018.1,107115.1,63297.7,45683.6,34362.2,53851.2,45573.3,32997.6,33778.9,0.0,33112.2,45763.4,32495.9,11158.7,41327.9,34436.8,46573.1,32436.0,45481.7,390.3,27653.7,28898.8,48842.2,12162.7,43524.7,27075.4,56220.8,45914.4,123971.7,124265.7,30620.7,56367.0,75144.1,100876.5,131951.0,22050.8,27448.0,101046.6,56277.7,83158.3,131445.8,49191.3,88.8,32651.9,44704.1,55076.3,34279.8,46780.9,48023.6,43161.4,34362.2,97797.5,41825.9,40202.3,34654.8,43392.8,31053.6,79996.8,90622.9,838.7,48169.5,45519.9,10445.1,32885.5,46101.0,35746.4,88929.4,92064.6,38978.0,34742.3,32747.6,45881.2,29814.5,45209.7,8732.4,29181.7,37881.4,56940.9,50990.6,34526.4,45263.6,35428.1,35269.8,35272.6,93040.6,110458.6,54087.0,131732.7,45796.3,45689.2,44957.4,97676.1,48208.7,45510.0,27971.8,48560.7,27572.3,30606.8,33536.4,106443.5,34195.8,4438.4,78565.9,1566.5,52701.2,36715.7,34805.2,31991.4,32355.0,46540.8,79931.1,80013.6,80009.1,78844.4,78844.4,28902.3,47271.8,34166.7,253.7,1583.3,45617.5,51448.4,32479.9,32468.1,43886.3
Det Lille Napoli,45809.7,141095.9,63766.9,5565.5,60269.0,81033.6,60132.6,55793.1,57405.2,140978.3,63388.7,68172.0,59883.8,33012.5,61316.9,42146.9,52451.0,52631.3,57407.9,82347.3,77687.5,60073.4,48752.0,57951.9,59963.1,772.2,10983.9,33060.0,0.0,60153.2,46885.7,42085.2,55717.7,48826.6,52886.2,784.5,59871.5,33041.1,46506.6,41626.2,59652.7,43089.2,57914.5,45928.3,25645.1,60304.2,99204.0,99498.0,4007.8,25791.3,89533.8,121528.7,141043.6,40903.7,46300.9,76278.9,25702.0,97548.1,106678.1,73155.9,33069.8,489.4,59093.9,69466.1,11484.8,52721.6,62413.4,57551.2,48752.0,118449.8,56215.7,54592.1,49044.6,57782.6,49848.1,94947.3,65855.2,32715.4,62559.3,59909.7,29298.0,51680.0,60490.8,50136.2,103319.2,67296.9,53367.8,49132.1,581.8,60271.0,48667.4,59599.5,39658.9,48034.6,52271.2,71330.7,65380.4,48916.2,59653.4,49817.9,49659.5,49662.3,68272.9,124848.4,31292.0,140916.7,60186.1,60079.0,59347.2,112065.9,62598.5,59899.8,42361.5,59371.1,46425.2,3993.9,52331.0,127095.7,48585.6,31146.4,94404.7,33721.3,19693.9,51105.5,49195.0,46381.2,923.9,60930.6,94881.6,94964.0,94959.6,93794.9,93794.9,41629.6,52762.3,48556.5,33243.0,32436.2,60007.3,62258.9,9684.8,772.2,58276.1
KIRKEGATA 1 A,17138.9,108321.9,38843.9,65634.0,432.9,43259.9,209.1,25992.7,3018.0,107989.7,25317.5,11185.9,252.3,45364.9,1302.7,34763.5,29640.6,28205.0,3215.8,142415.8,39616.3,777.7,12442.5,36360.9,185.6,60867.8,71052.3,45297.6,60150.0,0.0,15005.5,34623.6,5372.0,11542.2,29082.7,60852.9,753.1,45059.9,70939.0,18886.5,92127.6,36237.3,3324.1,70360.7,85713.6,1008.5,159272.4,159566.4,64076.3,85859.7,51760.1,144161.8,108269.6,65336.1,70733.3,136347.4,85770.4,59774.3,166746.5,92476.6,45329.4,60557.8,1069.0,31394.9,71553.3,29290.5,2399.2,3359.0,12219.9,141082.8,5870.0,5793.8,17164.4,3192.2,25421.8,62506.5,125923.7,44929.0,2545.1,326.7,53730.4,27253.7,555.8,11517.1,65248.0,127365.4,7434.9,11335.2,60650.3,975.4,73099.8,708.4,37092.6,72467.0,8218.6,14344.6,29547.5,11280.7,513.1,11029.2,10870.9,10873.7,128341.4,86777.3,91360.4,108051.3,251.2,997.7,845.0,73994.7,2584.3,285.7,17745.8,91846.0,70857.6,64062.4,27904.7,149728.8,12528.0,47723.7,61075.6,43857.3,40488.5,9598.1,11794.6,14501.0,60992.3,995.6,62440.7,62523.2,62518.7,61354.0,61354.0,18890.0,29781.4,12498.9,45129.2,46073.6,711.7,94733.7,69753.3,60840.6,3888.9
Gamle Blindheimsveg 25,4180.8,101161.8,24208.3,52675.9,15037.8,35802.5,14901.4,11357.0,12174.0,100829.7,18157.5,22940.8,14652.6,32406.8,16085.7,21805.4,15004.9,15246.9,12176.7,129457.7,32456.3,14842.2,3520.8,21725.2,14731.9,47909.7,58094.2,32339.4,47191.9,14922.0,0.0,21665.5,10486.5,3595.4,14447.1,47894.8,14640.3,32101.8,57980.9,5928.4,79169.4,23279.2,12683.4,57402.6,72755.4,15073.0,146314.3,146608.3,51118.2,72901.6,44302.7,131203.7,101109.6,52378.0,57775.2,123389.2,72812.3,52316.9,153788.4,79518.5,32371.3,47599.7,13862.7,24234.9,58595.2,14654.9,17182.2,12320.0,3520.9,128124.7,10984.5,9360.9,2528.8,12551.5,12463.7,47870.8,112965.5,31970.9,17328.1,14678.5,40772.3,14295.6,15259.6,4905.0,58088.0,114407.2,8136.6,3900.9,47692.1,15039.8,60141.7,14368.4,24134.4,59508.9,7040.1,26099.5,18864.6,3685.0,14422.3,4586.7,4428.4,4431.2,115383.3,79617.2,78402.3,100891.3,14955.0,14847.8,14116.0,66834.7,17367.3,14668.6,4787.7,78887.9,57899.5,51104.2,14946.5,136770.7,3354.5,34765.6,46439.9,30899.2,27530.4,5874.4,3963.8,582.9,48034.2,15699.4,47805.1,47887.5,47883.1,46718.4,46718.4,5931.8,15145.8,3325.3,32171.1,33115.5,14776.2,81775.6,56795.2,47882.5,13045.0
Eurospar Hareid,20682.8,121266.1,45597.2,46421.7,35142.1,55906.7,35005.7,32745.9,32278.3,120934.0,38261.8,43045.1,34756.9,11084.8,36190.0,483.4,36393.8,23099.7,32281.0,116120.2,52560.6,34946.5,23625.1,43114.1,34836.2,42002.8,42784.0,11017.4,42117.3,35026.3,21758.8,0.0,30590.8,23699.7,35836.0,41441.1,34744.6,10779.8,36658.8,18161.7,57847.4,1957.2,32787.6,36080.6,65226.0,35177.3,132976.9,133270.9,39625.8,65372.1,64407.0,109881.6,121213.9,31055.9,36453.2,110051.8,65282.8,72421.2,140450.9,58196.4,11049.2,41657.0,33967.0,44339.2,43285.0,36043.8,37286.5,32424.3,23625.1,106802.7,31088.8,29465.2,23917.7,32655.7,20316.5,69259.7,99628.1,10648.9,37432.4,34782.8,19450.2,22148.4,35363.9,25009.3,78192.3,101069.8,28240.9,24005.2,41752.8,35144.1,38819.6,34472.6,2812.4,38186.9,27144.3,46203.8,40253.5,23789.3,34526.5,24691.0,24532.6,24535.5,102045.8,99721.5,63092.2,120995.6,35059.2,34952.1,34220.3,86939.0,37471.6,34772.9,17234.7,57565.9,36577.4,39611.9,22799.3,115448.6,23458.7,13443.6,67828.8,9577.2,61706.4,25978.6,24068.1,21254.3,41360.1,35803.7,69194.0,69276.4,69272.0,68107.3,68107.3,18165.2,36534.7,23429.6,10849.0,11793.5,34880.4,60453.6,41485.0,41473.2,33149.2
LARSGÅRDSVEGEN 19,12669.6,103852.6,34374.6,61164.7,5271.6,38493.2,5135.2,21523.4,2407.8,103520.4,20848.2,13174.6,4886.4,40895.6,6319.5,30294.2,25171.3,23735.7,2410.5,137946.5,35147.0,5076.0,7973.2,31891.6,4965.7,56398.5,66583.0,40828.2,55680.7,5155.8,10536.2,30154.3,0.0,7072.9,24613.4,56383.6,4874.1,40590.6,66469.7,14417.2,87658.2,31768.0,2917.1,65891.4,81244.3,5306.8,154803.1,155097.1,59607.0,81390.4,46993.4,139692.5,103800.3,60866.8,66264.0,131878.1,81301.1,55007.6,162277.2,88007.3,40860.1,56088.5,4096.5,26925.6,67084.0,24821.2,7416.0,1950.4,7750.6,136613.5,1131.5,1123.6,12695.1,2785.3,20952.5,58037.2,121454.4,40459.7,7561.9,4912.3,49261.1,22784.4,5493.4,7047.8,60778.7,122896.0,2764.6,6865.8,56180.9,5273.6,68630.5,4602.1,32623.3,67997.7,3749.3,16333.3,25078.2,6811.4,4656.0,6559.9,6401.6,6404.4,123872.1,82307.9,86891.1,103582.0,5188.7,5081.6,4349.8,69525.4,7601.1,4902.4,13276.5,87376.7,66388.3,59593.0,23435.4,145259.5,8058.7,43254.4,56606.3,39388.0,36019.2,5128.8,7325.3,10031.7,56523.0,5933.2,57971.4,58053.9,58049.4,56884.7,56884.7,14420.6,25312.1,8029.6,40659.9,41604.3,5009.9,90264.4,65284.0,56371.3,3278.8
Eurospar Moa,5769.8,98116.5,27474.8,54264.8,11956.0,32757.1,11819.6,14623.5,9092.2,97784.3,15112.1,19859.0,11570.7,33995.8,13003.8,23394.4,18271.4,16835.8,9094.9,131046.6,29410.9,11760.4,1325.2,24991.7,11650.1,49498.7,59683.1,33928.4,48780.8,11840.2,3636.4,23254.5,7404.7,0.0,17713.6,49483.7,11558.4,33690.8,59569.8,7517.4,80758.4,24868.2,9601.5,58991.6,74344.4,11991.1,147903.3,148197.3,52707.1,74490.6,41257.3,132792.6,98064.2,53966.9,59364.2,124978.2,74401.3,49271.5,155377.3,81107.4,33960.2,49188.7,10780.9,21189.5,60184.1,17921.4,14100.4,9238.1,1234.5,129713.7,7902.7,6168.6,5795.3,9469.6,14052.7,51137.3,114554.5,33559.9,14246.2,11596.6,42361.2,15884.5,12177.8,1725.9,55042.6,115996.2,4944.3,746.2,49281.1,11958.0,61730.6,11286.5,25723.4,61097.9,3847.8,23017.7,19342.1,1052.0,11340.4,1541.3,1383.0,1385.8,116972.2,76571.9,79991.3,97845.9,11873.1,11766.0,11034.2,63789.3,14285.5,11586.7,6376.7,80476.9,59488.4,52693.2,16535.5,138359.6,1158.9,36354.6,49706.4,32488.2,29119.4,2595.1,809.1,3131.9,49623.2,12617.5,51071.6,51154.0,51149.6,49984.9,49984.9,7520.8,18412.3,1129.8,33760.0,34704.5,11694.3,83364.6,58384.1,49471.5,9963.1
Eurospar Sykkylven,18308.7,76520.7,10996.3,58407.4,29165.7,40389.0,29029.3,3133.2,26301.9,76188.6,22744.0,37068.7,28780.5,46534.7,30213.6,35933.3,557.9,29374.8,26304.6,123247.3,30057.3,28970.1,17648.7,7588.4,28859.8,53641.2,63825.7,46467.3,52923.4,29049.9,14457.0,35793.4,24614.4,17723.3,0.0,53626.3,28768.2,46229.7,72108.7,20056.3,112494.5,37407.1,26811.2,71530.5,78486.9,29200.9,140103.9,140397.9,56849.7,78633.1,48889.2,174189.1,76468.4,66505.9,71903.1,117178.9,78543.8,56903.4,147578.0,93646.4,46499.1,53331.2,27990.6,24573.6,64326.7,207.8,31310.1,26447.9,17648.7,171110.2,25112.4,23488.8,12232.6,26679.4,26591.6,33734.0,106755.1,46098.8,31456.0,28806.4,54900.1,28423.5,29387.5,19032.9,55689.0,119957.3,22264.5,18028.8,53423.7,29167.7,74269.5,28496.2,38262.3,73636.8,21168.0,40227.4,18679.1,17812.9,28550.1,18714.6,18556.3,18559.1,120176.4,54976.1,84133.8,76250.2,29082.8,28975.7,28243.9,41263.6,31495.2,28796.5,18915.6,112213.0,72027.4,56835.7,29074.4,179756.1,17482.3,48893.5,32303.1,45027.1,33261.9,20002.2,18091.7,14787.8,53765.7,29827.3,33668.3,33750.7,33746.3,32581.5,32581.5,20059.7,698.7,17453.2,46299.0,47243.4,28904.0,115100.7,62526.7,53614.0,27172.9
Eurospar Ørsta,46491.2,140634.0,64448.4,5103.7,60950.4,81715.1,60814.1,56474.6,58086.7,140516.4,64070.1,68853.5,60565.2,32364.5,61998.3,41498.9,53132.4,53312.8,58089.4,81885.4,78369.0,60754.8,49433.4,58633.4,60644.6,671.8,10335.9,32412.1,786.3,60834.7,47567.2,41437.2,56399.2,49508.1,53567.6,0.0,60552.9,32393.1,45858.6,42307.7,59004.7,42441.2,58596.0,45280.3,25183.2,60985.6,98742.1,99036.1,3359.9,25329.4,90215.3,121066.9,140581.7,40255.7,45652.9,75817.0,25240.1,98229.5,106216.2,72507.9,32421.8,326.0,59775.4,70147.5,10836.9,53403.1,63094.9,58232.6,49433.5,117987.9,56897.2,55273.6,49726.0,58464.1,50529.6,94485.4,65393.3,32067.4,63240.7,60591.1,28650.0,52361.5,61172.3,50817.7,104000.6,66835.0,54049.2,49813.6,421.7,60952.5,48019.4,60281.0,39010.9,47386.7,52952.7,72012.2,66061.9,49597.7,60334.9,50499.4,50341.0,50343.8,67811.0,125529.9,30644.0,140454.8,60867.6,60760.5,60028.7,112747.4,63280.0,60581.2,43043.0,58723.2,45777.2,3345.9,53012.4,126633.9,49267.1,30498.4,93942.8,33073.3,20375.3,51787.0,49876.5,47062.6,107.9,61612.0,94419.7,94502.1,94497.7,93333.0,93333.0,42311.1,53443.8,49238.0,32595.0,31788.3,60688.8,61610.9,9036.9,115.6,58957.6
Rasmus Rønnebergs gate 21,16951.4,108134.3,38656.4,65446.4,934.9,43072.3,798.5,25805.1,2830.5,107802.2,25129.9,10998.4,549.7,45177.4,1982.8,34576.0,29453.0,28017.4,3028.2,142228.2,39428.8,478.9,12255.0,36173.3,629.0,60680.3,70864.7,45110.0,59962.4,819.1,14818.0,34436.1,5184.4,11354.6,28895.2,60665.3,0.0,44872.4,70751.4,18699.0,91940.0,36049.8,3136.6,70173.2,85526.0,824.4,159084.9,159378.9,63888.7,85672.1,51572.5,143974.2,108082.0,65148.5,70545.8,136159.8,85582.9,59586.8,166558.9,92289.0,45141.8,60370.3,785.4,31207.3,71365.7,29103.0,3079.3,3171.5,12032.4,140895.3,5682.4,5606.3,16976.9,3004.7,25234.3,62318.9,125736.1,44741.5,3225.2,429.9,53542.8,27066.1,1156.7,11329.5,65060.4,127177.8,7247.3,11147.6,60462.7,791.3,72912.2,512.0,36905.0,72279.5,8031.0,14157.0,29359.9,11093.2,486.1,10841.7,10683.3,10686.1,128153.8,86589.7,91172.9,107863.8,852.1,644.8,569.1,73807.2,3264.4,471.0,17558.3,91658.5,70670.0,63874.8,27717.1,149541.2,12340.5,47536.2,60888.0,43669.8,40301.0,9410.6,11607.0,14313.5,60804.8,1596.5,62253.2,62335.6,62331.2,61166.5,61166.5,18702.4,29593.9,12311.4,44941.6,45886.1,527.6,94546.2,69565.7,60653.1,3701.4
"Ulsteinvik, 6065 Ulsteinvik",31097.0,131680.3,56011.3,37435.4,45556.3,66320.9,45419.9,43160.1,42692.5,131348.1,48675.9,53459.3,45171.0,305.0,46604.2,10897.5,46808.0,33513.8,42695.2,107133.9,62974.8,45360.7,34039.2,53528.3,45250.4,33016.5,33797.7,237.6,33131.0,45440.5,32173.0,10835.8,41005.0,34113.9,46250.1,32454.8,45158.7,0.0,27672.5,28575.9,48861.1,11839.8,43201.8,27094.3,56239.7,45591.4,123990.5,124284.6,30639.5,56385.8,74821.1,100895.3,131628.0,22069.6,27466.8,101065.5,56296.5,82835.3,131464.6,49210.1,269.4,32670.7,44381.2,54753.3,34298.7,46458.0,47700.7,42838.4,34039.3,97816.4,41503.0,39879.4,34331.8,43069.9,30730.7,79673.9,90641.8,538.5,47846.5,45197.0,10463.9,32562.5,45778.1,35423.5,88606.4,92083.5,38655.0,34419.4,32766.4,45558.3,29833.3,44886.8,8409.5,29200.6,37558.5,56618.0,50667.7,34203.5,44940.7,35105.2,34946.8,34949.6,93059.5,110135.7,54105.9,131409.8,45473.4,45366.3,44634.5,97353.2,47885.8,45187.0,27648.8,48579.6,27591.1,30625.6,33213.5,106462.3,33872.9,4457.3,78243.0,1311.1,52720.1,36392.8,34482.3,31668.4,32373.8,46217.8,79608.2,79690.6,79686.2,78521.5,78521.5,28579.3,46948.8,33843.8,201.9,1602.1,45294.6,51467.3,32498.7,32486.9,43563.4
"Fosnavåg, 6090 Fosnavåg",56971.2,179234.7,81885.6,50787.7,71430.5,92195.2,71294.1,69034.3,68566.7,179117.2,74550.2,79333.5,71045.3,27637.3,72478.4,36771.8,72682.3,59388.1,68569.4,120486.2,88849.0,71234.9,59913.5,79402.5,71124.6,46368.8,47150.0,27684.9,46483.3,71314.7,58047.2,36710.0,66879.2,59988.1,72124.4,45807.1,71033.0,27665.9,0.0,54450.2,56493.3,37714.1,69076.1,761.9,69592.0,71465.7,137342.9,137636.9,43991.8,69738.1,100695.4,108527.6,179182.5,29701.8,35099.1,114417.8,69648.9,108709.6,144816.9,56842.4,27694.7,46023.0,70255.4,80627.6,47651.0,72332.2,73574.9,68712.7,59913.6,105448.6,67377.2,65753.6,60206.1,68944.2,56604.9,133086.2,103994.1,27340.2,73720.8,71071.2,17760.5,58436.8,71652.3,61297.8,114480.7,105435.8,64529.3,60293.6,46118.8,71432.5,37465.5,70761.1,34283.7,1692.5,63432.8,82492.2,76541.9,60077.7,70815.0,60979.4,60821.1,60823.9,106411.8,136009.9,67458.2,179055.6,71347.7,71240.6,70508.7,123227.4,73760.0,71061.3,53523.1,56211.8,137.1,43977.9,59087.8,114094.6,59747.2,25771.3,132543.6,28346.2,66072.4,62267.1,60356.5,57542.7,45726.2,72092.1,133020.4,133102.9,133098.5,131933.7,131933.7,54453.6,72823.1,59718.1,27867.8,27061.1,71168.9,59099.5,45851.0,45839.3,69437.7
"Sunde, 6030 Sunde",4576.2,105159.6,29490.6,47140.2,19035.5,39800.2,18899.1,16639.4,16171.8,104827.4,22155.2,26938.6,18650.3,28557.8,20083.4,17956.4,20287.3,11397.8,16174.4,123922.0,36454.0,18839.9,7518.5,27007.6,18729.6,42374.0,52558.5,28490.4,41656.2,18919.8,5652.2,17816.5,14484.2,7593.1,19729.4,42359.1,18638.0,28252.8,54131.8,0.0,75320.4,19430.2,16681.1,53553.6,67219.8,19070.7,140778.7,141072.7,45582.5,67365.9,48300.4,127354.7,105107.3,48528.9,53926.2,117853.6,67276.7,56314.6,148252.7,75669.5,28522.2,42064.0,17860.5,28232.6,53059.5,19937.2,21180.0,16317.7,7518.6,124275.7,14982.3,13358.6,7811.1,16549.2,8614.7,53153.2,107429.9,28121.9,21325.8,18676.2,36923.2,10446.5,19257.4,8902.8,62085.7,108871.6,12134.3,7898.6,42156.5,19037.6,56292.6,18366.1,20285.4,55659.9,11037.8,30097.3,24147.0,7682.7,18420.0,8584.4,8426.1,8428.9,109847.6,83615.0,72866.7,104889.0,18952.7,18845.6,18113.8,70832.4,21365.1,18666.3,1128.1,75038.9,54050.5,45568.6,11097.5,132921.7,7352.2,30916.6,51722.3,27050.2,21994.8,9872.1,7961.5,5147.7,42498.6,19697.1,53087.4,53169.9,53165.4,52000.7,52000.7,3.4,20428.1,7323.1,28322.1,29266.5,18773.9,77926.6,51259.5,42346.9,17042.7
Fiskå Brygge Gjestgiveri,78160.0,186818.1,123349.7,63992.0,92619.3,113383.9,92482.9,90223.1,89755.5,186700.5,95739.0,100522.3,92234.1,48826.1,93667.2,57960.6,112033.8,80576.9,89758.2,128069.6,110037.8,92423.7,81102.3,117534.7,92313.4,59573.1,52224.2,48873.7,59687.6,92503.5,79236.0,57898.8,88068.0,81176.9,112469.0,59011.4,92221.8,48854.7,56507.7,75638.9,0.0,58902.8,90264.8,55929.5,76991.6,92654.5,144926.2,145220.2,56039.6,77137.7,121884.2,54973.7,186765.9,26983.7,21488.3,122001.2,77048.5,129898.4,116388.8,16141.2,48883.4,59227.3,91444.2,101816.4,52048.8,112304.4,94763.7,89901.4,81102.3,51894.7,88566.0,86942.4,81394.9,90132.9,77793.7,137484.0,111577.5,48529.0,94909.6,92260.0,39299.1,79625.6,92841.1,82486.5,135669.5,66306.1,85718.1,81482.4,59323.1,92621.3,25170.8,91949.8,55472.5,58035.8,84621.5,103681.0,97730.7,81266.5,92003.7,82168.2,82009.8,82012.7,66627.5,215661.0,28462.8,186638.9,92536.4,92429.3,91697.5,145013.6,94948.8,92250.1,74711.9,413.7,56426.3,56025.6,80276.5,60540.7,80935.9,46960.0,136941.4,49534.9,79276.7,83455.8,81545.3,78731.4,58930.5,93280.9,137418.3,137500.7,137496.3,136331.6,136331.6,75642.4,112345.1,80906.8,49056.6,48249.9,92357.6,3406.6,51312.7,59043.6,90626.4
"Hareid, 6060 Hareid",21793.8,122377.2,46708.2,47464.3,36253.1,57017.8,36116.7,33856.9,33389.4,122045.0,39372.8,44156.2,35867.9,12127.4,37301.0,1550.0,37504.9,24210.7,33392.0,117162.9,53671.6,36057.5,24736.1,44225.1,35947.2,43045.4,43826.7,12060.1,43160.0,36137.3,22869.8,1989.7,31701.8,24810.7,36947.0,42483.8,35855.6,11822.4,37701.5,19272.8,58890.1,0.0,33898.7,37123.2,66268.6,36288.3,134019.5,134313.5,40668.5,66414.8,65518.0,110924.3,122324.9,32098.6,37495.8,111094.5,66325.5,73532.2,141493.6,59239.1,12091.9,42699.7,35078.1,45450.2,44327.7,37154.8,38397.5,33535.3,24736.2,107845.3,32199.8,30576.2,25028.7,33766.8,21427.5,70370.8,100670.8,11691.5,38543.4,35893.8,20492.9,23259.4,36474.9,26120.4,79303.3,102112.4,29351.9,25116.2,42795.4,36255.1,39862.3,35583.7,3855.1,39229.5,28255.4,47314.8,41364.5,24900.3,35637.6,25802.0,25643.7,25646.5,103088.5,100832.6,64134.8,122106.6,36170.3,36063.2,35331.4,88050.0,38582.7,35883.9,18345.7,58608.5,37620.1,40654.6,23910.4,116491.3,24569.8,14486.2,68939.9,10619.8,62749.0,27089.7,25179.1,22365.3,42402.8,36914.7,70305.0,70387.5,70383.0,69218.3,69218.3,19276.2,37645.7,24540.7,11891.7,12836.1,35991.5,61496.2,42527.7,42515.9,34260.3
"Hatlane, 6008 Ålesund",14710.5,105893.4,36415.5,63205.5,3586.9,40534.0,3450.5,23564.2,592.5,105561.3,22889.1,11490.0,3201.7,42936.5,4634.8,32335.1,27212.2,25776.6,790.2,139987.3,37187.9,3391.3,10014.1,33932.4,3281.0,58439.4,68623.9,42869.1,57721.5,3471.2,12577.1,32195.2,2943.5,9113.7,26654.3,58424.5,3189.4,42631.5,68510.5,16458.1,89699.1,33808.9,0.0,67932.3,83285.1,3622.1,156844.0,157138.0,61647.8,83431.3,49034.3,141733.4,105841.2,62907.6,68304.9,133918.9,83342.0,57048.5,164318.1,90048.2,42900.9,58129.4,2411.9,28966.5,69124.8,26862.1,5731.3,933.5,9791.5,138654.4,3441.6,3365.4,14736.0,571.7,22993.4,60078.1,123495.2,42500.6,5877.2,3227.6,51301.9,24825.3,3808.8,9088.6,62819.6,124936.9,5006.4,8906.7,58221.8,3589.0,70671.3,2917.5,34664.1,70038.6,5790.1,14648.6,27119.0,8852.3,2971.4,8600.8,8442.4,8445.2,125912.9,84348.8,88932.0,105622.9,3504.1,3397.0,2665.2,71566.3,5916.5,3217.7,15317.4,89417.6,68429.2,61633.9,25476.2,147300.4,10099.6,45295.3,58647.2,41428.9,38060.1,7169.7,9366.1,12072.6,58563.9,4248.5,60012.3,60094.8,60090.3,58925.6,58925.6,16461.5,27353.0,10070.5,42700.8,43645.2,3325.3,92305.3,67324.8,58412.2,1463.4
Herøy omsorgssenter,56402.5,178666.0,81316.8,50218.9,70861.8,91626.4,70725.4,68465.6,67998.0,178548.4,73981.4,78764.8,70476.5,27068.6,71909.7,36203.0,72113.5,58819.4,68000.7,119917.5,88280.3,70666.2,59344.7,78833.8,70555.9,45800.0,46581.3,27116.2,45914.6,70746.0,57478.5,36141.3,66310.5,59419.4,71555.6,45238.4,70464.2,27097.2,771.0,53881.4,55924.6,37145.3,68507.3,0.0,69023.3,70896.9,136774.1,137068.1,43423.1,69169.4,100126.6,107958.8,178613.8,29133.1,34530.3,113849.1,69080.1,108140.9,144248.2,56273.6,27125.9,45454.3,69686.7,80058.8,47082.3,71763.5,73006.2,68143.9,59344.8,104879.9,66808.5,65184.9,59637.3,68375.4,56036.2,132517.5,103425.4,26771.5,73152.1,70502.5,17191.8,57868.0,71083.6,60729.0,113911.9,104867.0,63960.5,59724.9,45550.0,70863.8,36896.8,70192.3,33715.0,2299.1,62864.0,81923.5,75973.2,59509.0,70246.2,60410.7,60252.3,60255.1,105843.1,135441.2,66889.4,178486.8,70778.9,70671.8,69940.0,122658.7,73191.3,70492.5,52954.3,55643.0,689.7,43409.2,58519.0,113525.8,59178.4,25202.5,131974.8,27777.4,65503.6,61698.3,59787.8,56973.9,45157.4,71523.4,132451.7,132534.2,132529.7,131365.0,131365.0,53884.8,72254.4,59149.3,27299.1,26492.4,70600.1,58530.8,45282.3,45270.5,68868.9
Hjørundfjordheimen,71342.4,145420.3,87034.7,23404.7,85801.7,106566.3,85665.3,81325.8,82937.9,145302.8,88921.3,93704.7,85416.4,56165.2,86849.6,65299.7,77983.6,78164.0,82940.6,86671.8,103220.2,85606.1,74284.6,82997.0,85495.8,25798.1,25628.7,56212.8,25637.5,85685.9,72418.4,65237.9,81250.4,74359.3,78418.8,25196.2,85404.1,56193.9,69659.3,67158.9,77013.9,66242.0,83447.2,69081.1,0.0,85836.8,103528.4,103822.4,27160.6,257.1,115066.5,125853.2,145368.1,64056.5,69453.7,80603.4,167.8,123080.7,111002.5,90517.1,56222.6,25452.4,84626.6,94998.7,25260.8,78254.3,87946.1,83083.8,74284.7,122774.2,81748.4,80124.8,74577.2,83315.3,75380.8,62079.8,70179.7,55868.1,88091.9,85442.4,52450.7,77212.7,86023.5,75668.9,128851.8,71621.4,78900.4,74664.8,25063.3,85803.7,71820.1,85132.2,62811.7,71187.4,77803.9,96863.4,90913.1,74448.9,85186.1,75350.6,75192.2,75195.0,72597.4,83321.9,48653.2,145241.1,85718.8,85611.7,84879.9,69609.3,88131.2,85432.4,67894.2,76732.4,69578.0,27146.7,77863.6,131420.2,74118.3,54299.2,61537.1,56874.1,45226.6,76638.2,74727.7,71913.8,25192.3,86463.3,62014.0,62096.5,62092.0,60927.3,60927.3,67162.3,78295.0,74089.2,56395.8,55589.0,85540.0,79620.1,26817.1,25286.2,83808.8
KONGENS GATE 27,17125.9,108308.8,38830.8,65620.9,1168.6,43246.8,1032.2,25979.6,3005.0,107976.7,25304.4,11172.9,783.4,45351.9,2216.5,34750.5,29627.5,28191.9,3202.7,142402.7,39603.3,218.3,12429.5,36347.8,862.7,60854.8,71039.2,45284.5,60136.9,1052.8,14992.5,34610.6,5358.9,11529.1,29069.7,60839.8,611.7,45046.9,70925.9,18873.5,92114.5,36224.3,3311.1,70347.7,85700.5,0.0,159259.4,159553.4,64063.2,85846.6,51747.0,144148.7,108256.5,65323.0,70720.3,136334.3,85757.4,59761.3,166733.4,92463.5,45316.3,60544.8,959.9,31381.8,71540.2,29277.5,3313.0,3346.0,12206.9,141069.8,5856.9,5780.8,17151.4,3179.2,25408.8,62493.4,125910.6,44916.0,3458.9,663.6,53717.3,27240.6,1390.4,11504.0,65234.9,127352.3,7421.8,11322.1,60637.2,214.5,73086.7,686.5,37079.5,72454.0,8205.5,14331.5,29534.4,11267.7,719.8,11016.2,10857.8,10860.6,128328.3,86764.2,91347.4,108038.3,1085.7,62.2,743.6,73981.7,3498.1,704.7,17732.8,91833.0,70844.5,64049.3,27891.6,149715.7,12515.0,47710.7,61062.5,43844.3,40475.5,9585.1,11781.5,14488.0,60979.3,1830.2,62427.7,62510.1,62505.7,61341.0,61341.0,18876.9,29768.4,12485.9,45116.1,46060.6,538.9,94720.7,69740.2,60827.6,3875.9
Innvik,144927.1,109062.8,136563.6,96989.4,159386.4,180191.4,159250.0,142935.6,156522.6,108945.2,162546.4,167289.4,159001.2,124033.8,160434.3,133168.3,139593.4,151748.7,156525.3,17015.1,169859.7,159190.8,147869.4,132526.0,159080.5,99382.8,90438.6,124081.4,99222.2,159270.6,146003.1,133106.5,154835.1,147944.0,140028.6,98781.0,158988.9,124062.4,137527.9,140743.6,144980.6,134110.5,157031.9,136949.7,103554.3,159421.6,0.0,360.3,97619.3,103700.5,188691.6,133236.0,109010.5,131925.0,137322.3,23081.8,103611.2,196705.8,7540.3,160321.5,124091.1,99037.1,158211.3,164376.0,90263.2,139864.1,161530.8,156668.6,147869.5,130157.1,155333.1,153709.5,152034.9,156900.1,148965.5,111608.7,33822.1,123736.7,161676.7,159027.1,120319.3,150797.4,159608.2,149253.6,172763.3,79004.2,152485.2,148249.5,98648.0,159388.4,139688.7,158716.9,130680.2,139056.0,151388.7,170448.1,158481.5,148033.6,158770.9,148935.3,148777.0,148779.8,79223.3,137905.7,113463.1,108883.6,159303.5,159196.4,158464.6,119138.3,161715.9,159017.2,141479.0,144699.1,137446.5,97605.4,151448.4,138803.0,147703.1,122167.8,111066.1,124742.6,118811.3,150223.0,148312.4,145498.6,98777.0,160048.0,111543.0,111625.4,111621.0,110456.2,110456.2,140747.1,139904.7,147673.9,124264.3,123457.6,159124.7,147586.8,91627.0,98870.9,157393.6
Innvik Fjordhotell,145221.1,109356.8,136857.6,97283.4,159680.4,180485.4,159544.0,143229.6,156816.6,109239.2,162840.4,167583.4,159295.2,124327.8,160728.3,133462.3,139887.4,152042.7,156819.3,17309.1,170153.7,159484.8,148163.4,132820.0,159374.5,99676.9,90732.6,124375.4,99516.2,159564.6,146297.1,133400.5,155129.1,148238.0,140322.6,99075.0,159282.9,124356.4,137821.9,141037.7,145274.6,134404.6,157325.9,137243.7,103848.3,159715.6,360.3,0.0,97913.4,103994.5,188985.6,133530.0,109304.5,132219.0,137616.3,23375.8,103905.2,196999.8,7240.0,160615.5,124385.1,99331.1,158505.3,164670.0,90557.2,140158.1,161824.8,156962.6,148163.5,130451.1,155627.1,154003.5,152328.9,157194.1,149259.6,111902.7,34116.1,124030.7,161970.7,159321.1,120613.3,151091.4,159902.2,149547.6,173057.3,79298.2,152779.2,148543.5,98942.0,159682.4,139982.7,159011.0,130974.3,139350.0,151682.7,170742.1,158775.5,148327.6,159064.9,149229.3,149071.0,149073.8,57118.8,138199.7,113757.1,109177.6,159597.6,159490.4,158758.6,119432.3,162009.9,159311.2,141773.0,144993.1,137740.6,97899.4,151742.4,139097.0,147997.1,122461.8,111360.1,125036.7,119105.3,150517.0,148606.4,145792.6,99071.0,160342.0,111837.0,111919.4,111915.0,110750.3,110750.3,141041.1,140198.7,147967.9,124558.4,123751.6,159418.8,147880.8,91921.0,99164.9,157687.6
"Hovdebygda, 6160 Hovdebygda",49719.5,139481.4,67676.7,8318.9,64178.8,84943.4,64042.4,59702.9,61315.0,139363.8,67298.4,72081.8,63793.5,30521.2,65226.7,39655.7,56360.7,56541.1,61317.7,80732.8,81597.3,63983.2,52661.7,61861.7,63872.9,3900.1,7396.6,30568.8,4014.6,64063.0,50795.5,39593.9,59627.5,52736.4,56795.9,3338.4,63781.2,30549.8,44015.3,45536.0,56065.4,40597.9,61824.3,43437.1,27123.3,64213.9,97589.5,97883.5,0.0,27269.4,93443.6,119914.2,139429.1,38412.4,43809.7,74664.4,27180.1,101457.8,105063.6,69568.7,30578.5,3554.3,63003.7,73375.8,7897.6,56631.4,66323.2,61460.9,52661.8,116835.3,60125.5,58501.9,52954.3,61692.4,53757.9,93332.8,64240.7,30224.1,66469.1,63819.5,26806.7,55589.8,64400.6,54046.0,107228.9,65682.4,57277.5,53041.9,3650.0,64180.8,46176.1,63509.3,37167.6,45543.4,56181.0,75240.5,69290.2,52826.0,63563.2,53727.7,53569.3,53572.1,66658.4,114574.9,27704.8,139302.2,64095.9,63988.8,63257.0,100862.4,66508.3,63809.5,46271.3,55783.9,43934.0,313.2,56240.7,125481.2,52495.4,28655.2,92790.2,31230.0,23603.7,55015.3,53104.8,50290.9,3257.4,64840.4,93267.0,93349.5,93345.1,92180.3,92180.3,45539.4,56672.1,52466.3,30751.7,29945.0,63917.1,58671.6,6097.6,3370.5,62185.9
Joker Bellingen,71509.2,145587.1,86868.5,23571.5,85968.4,106733.1,85832.1,81492.6,83104.7,145469.5,89088.1,93871.5,85583.2,56332.0,87016.3,65466.5,78150.4,78330.8,83107.3,86838.6,103387.0,85772.8,74451.4,82830.9,85662.6,25964.9,25795.5,56379.6,25804.3,85852.7,72585.2,65404.7,81417.2,74526.1,78585.6,25363.0,85570.9,56360.6,69826.1,67325.7,77180.7,66408.8,83614.0,69247.9,277.7,86003.6,103695.2,103989.2,27327.4,0.0,115233.3,126020.0,145534.9,64223.2,69620.5,80770.2,70.5,123247.5,111169.3,90683.9,56389.3,25619.2,84793.4,95165.5,25427.5,78421.1,88112.9,83250.6,74451.5,122941.0,81915.2,80291.6,74744.0,83482.1,75547.6,61913.6,70346.5,56034.9,88258.7,85609.1,52617.5,77379.5,86190.3,75835.7,129018.6,71788.2,79067.2,74831.6,25230.1,85970.5,71986.9,85299.0,62978.4,71354.2,77970.7,97030.2,91079.9,74615.7,85352.9,75517.4,75359.0,75361.8,72764.2,83155.7,48820.0,145407.9,85885.6,85778.5,85046.7,69443.2,88298.0,85599.2,68061.0,76899.2,69744.8,27313.5,78030.4,131587.0,74285.1,54466.0,61371.0,57040.9,45393.3,76805.0,74894.5,72080.6,25359.1,86630.0,61847.8,61930.3,61925.8,60761.1,60761.1,67329.1,78461.8,74256.0,56562.5,55755.8,85706.8,79786.9,26983.8,25452.9,83975.6
Joker Fiksdal,46531.3,111627.0,58799.7,95026.4,51858.8,22491.8,51722.4,45948.5,48539.5,111294.9,26796.3,41111.3,51473.6,74757.3,52906.7,64155.9,49596.4,57597.4,48542.2,171975.6,38644.9,51663.2,41133.2,56316.7,51553.0,90260.2,100444.7,74689.9,89542.4,51743.1,44397.9,64016.0,46852.0,41124.5,49038.6,90245.3,51461.3,74452.3,100331.3,48278.9,121519.9,65629.7,49048.8,99753.1,115105.9,51894.0,188832.2,189126.2,93468.7,115252.1,0.0,173554.2,111574.8,94728.5,100125.7,165907.2,115162.8,8047.8,196306.3,121869.0,74721.8,89950.2,50683.8,28556.5,100945.7,49246.4,54003.3,48685.4,40910.6,170475.2,47350.0,46135.4,46556.8,48916.9,54814.2,82462.3,155483.5,74321.4,54149.1,51499.5,83122.8,56646.1,52080.7,39843.3,20352.1,156757.7,45549.7,40727.5,90042.6,51860.9,102492.2,51189.4,66484.9,101859.4,43814.6,55577.8,31519.9,41815.0,51243.3,40952.2,40793.8,40796.7,157733.8,90082.4,120752.8,111356.5,51776.0,51668.9,50937.1,77299.9,54188.4,51489.6,47138.2,121238.4,100250.0,93454.7,57297.0,179121.2,41017.0,77116.1,81031.4,73249.7,69880.9,43200.5,40332.4,43893.4,90384.7,52520.4,82396.6,82479.0,82474.6,81309.9,81309.9,48282.3,49737.3,41046.1,74521.6,75466.0,51597.2,124126.1,99145.7,90233.0,49410.4
Joker Flatraket,147979.3,175083.2,170648.5,119298.1,162438.5,183203.2,162302.1,177020.5,159574.8,174965.6,165558.2,170341.6,162053.3,100872.4,163486.4,110006.8,173678.4,154800.9,159577.4,116334.7,179857.1,162242.9,150921.5,166610.9,162132.7,102159.8,94811.0,100919.9,102274.4,162322.8,149055.3,109945.0,157887.3,150996.1,174113.6,101598.2,162041.0,100901.0,108554.0,143795.8,55010.2,110949.1,160084.1,107975.7,125863.0,162473.7,133191.3,133485.3,98626.3,126009.2,191703.4,0.0,175030.9,79029.9,73534.6,110266.2,125919.9,199717.6,104653.9,70351.0,100929.7,101814.1,161263.5,171635.6,94635.6,173949.0,164583.0,159720.7,150921.6,12419.6,158385.3,156761.6,151214.1,159952.2,152017.7,145693.7,99842.5,100575.2,164728.8,162079.2,91345.4,153849.6,162660.4,152305.8,205488.7,54571.2,155537.3,151301.6,101909.8,162440.6,77217.0,161769.1,107518.8,110082.0,154440.8,173500.3,167550.0,151085.8,161823.0,151987.4,151829.1,151831.9,54892.6,203926.1,80509.0,174904.0,162355.7,162248.6,161516.8,153223.2,164768.1,162069.3,144531.1,54728.7,108472.6,98612.4,154500.5,21065.5,150755.2,99006.3,145151.0,101581.2,121863.4,153275.1,151364.6,148550.7,101517.2,163100.1,145627.9,145710.4,145705.9,144541.2,144541.2,143799.2,173989.7,150726.1,101102.9,100296.1,162176.9,57616.4,93899.4,101630.3,160445.7
Joker Geiranger,103583.1,61.6,73011.2,138755.6,108455.1,98897.1,108318.7,95766.9,105591.3,279.9,84061.5,104599.9,108069.8,131809.1,109503.0,121207.7,76041.0,114649.2,105594.0,92146.2,69028.8,108259.5,98185.0,68973.6,108149.2,141149.0,132204.8,131741.7,140988.4,108339.3,99018.4,121067.8,103903.8,98176.2,76476.2,140547.1,108057.5,131504.1,179294.1,105330.7,186746.8,122681.5,106100.6,178715.9,145320.5,108490.3,109002.8,109296.8,139385.5,145466.6,111694.4,175002.2,0.0,173691.2,179088.4,86077.7,145377.3,103692.4,116476.9,202087.6,131773.5,140803.3,107280.0,78915.1,132029.4,76311.7,110599.5,105737.2,97962.4,171923.2,104401.8,103187.2,96793.9,105968.7,111866.0,43112.5,75352.8,131373.2,110745.4,108095.8,162085.5,113697.9,108676.9,96895.1,91614.9,120770.4,102601.5,97779.3,140414.2,108457.1,181454.9,107785.6,123536.7,180822.2,100866.4,119516.8,81338.3,98866.8,107839.5,98004.0,97845.6,97848.4,120989.4,29240.4,155229.3,218.3,108372.2,108265.1,107533.3,38947.4,110784.6,108085.8,104190.0,186465.3,179212.7,139371.6,114348.8,180569.2,98068.8,163933.9,44926.2,130301.5,126932.7,100252.3,97384.2,100945.2,140543.2,109116.7,43073.1,42909.1,42904.7,44346.6,44346.6,105334.1,76352.3,98097.9,131573.4,132517.8,108193.4,189353.0,133393.1,140637.1,106462.2
Joker Gursken,51357.4,173620.9,76271.8,45173.9,65816.7,86581.4,65680.3,63420.5,62952.9,173503.4,68936.4,73719.7,65431.5,22023.5,66864.6,31158.0,67068.5,53774.3,62955.6,114872.4,83235.2,65621.1,54299.7,73788.7,65510.8,40755.0,41536.2,22071.1,40869.5,65700.9,52433.4,31096.2,61265.4,54374.3,66510.6,40193.3,65419.2,22052.1,29705.1,48836.4,26972.6,32100.2,63462.2,29126.9,63978.2,65851.9,131729.0,132023.1,38378.0,64124.3,95081.6,79006.8,173568.7,0.0,5578.3,108804.0,64035.0,103095.8,139203.1,27321.6,22080.8,40409.2,64641.6,75013.8,42037.2,66718.4,67961.1,63098.9,54299.8,75927.8,61763.4,60139.8,54592.3,63330.4,50991.1,127472.4,98380.3,21726.4,68107.0,65457.4,12496.5,52823.0,66038.5,55683.9,108866.9,99822.0,58915.5,54679.8,40504.9,65818.7,7944.8,65147.3,28669.9,31233.2,57819.0,76878.4,70928.1,54463.9,65201.2,55365.6,55207.3,55210.1,100798.0,130396.1,40495.1,173441.8,65733.8,65626.7,64894.9,117613.6,68146.2,65447.5,47909.3,26691.0,29623.8,38364.1,53473.9,84573.8,54133.4,20157.5,126929.8,22732.3,60458.6,56653.3,54742.7,51928.9,40112.3,66478.3,127406.6,127489.1,127484.6,126319.9,126319.9,48839.8,67209.3,54104.2,22254.0,21447.3,65555.0,29578.7,40237.2,40225.4,63823.9
Joker Larsnes,56754.6,179018.2,81669.0,50571.1,71213.9,91978.6,71077.5,68817.8,68350.2,178900.6,74333.6,79117.0,70828.7,27420.8,72261.8,36555.2,72465.7,59171.5,68352.8,120269.6,88632.4,71018.3,59696.9,79185.9,70908.0,46152.2,46933.4,27468.3,46266.7,71098.1,57830.6,36493.4,66662.6,59771.5,71907.8,45590.6,70816.4,27449.4,35102.4,54233.6,21477.2,37497.5,68859.5,34524.1,69375.4,71249.1,137126.3,137420.3,43775.3,69521.6,100478.8,73511.5,178965.9,5578.3,0.0,114201.2,69432.3,108493.0,144600.4,21826.3,27478.1,45806.5,70038.9,80411.0,47434.4,72115.6,73358.3,68496.1,59697.0,70432.5,67160.6,65537.0,59989.5,68727.6,56388.3,132869.6,103777.5,27123.6,73504.2,70854.6,17893.8,58220.2,71435.7,61081.2,114264.1,105219.2,64312.7,60077.0,45902.2,71215.9,3765.4,70544.5,34067.2,36630.4,63216.2,82275.6,76325.3,59861.1,70598.4,60762.8,60604.5,60607.3,106195.2,135793.4,34999.8,178839.0,71131.1,71024.0,70292.2,123010.8,73543.4,70844.7,53306.5,21195.7,35021.0,43761.3,58871.2,79078.5,59530.6,25554.7,132327.0,28129.6,65855.8,62050.5,60139.9,57326.1,45509.6,71875.5,132803.9,132886.3,132881.9,131717.2,131717.2,54237.0,72606.5,59501.5,27651.3,26844.5,70952.3,24083.4,45634.4,45622.7,69221.1
Joker Loen,121991.3,86127.0,113627.8,74053.7,136450.6,157255.6,136314.2,119999.8,133586.9,86009.4,139610.6,144353.7,136065.4,101098.1,137498.5,110232.5,116657.6,128812.9,133589.5,6214.4,146923.9,136255.0,124933.6,109590.2,136144.7,76447.1,67502.8,101145.6,76286.5,136334.9,123067.3,110170.7,131899.3,125008.2,117092.8,75845.2,136053.1,101126.7,114592.1,117807.9,122044.9,111174.8,134096.2,114013.9,80618.5,136485.8,23071.0,23365.1,74683.6,80764.7,165755.8,110300.2,86074.7,108989.3,114386.5,0.0,80675.4,173770.0,30545.1,137385.7,101155.4,76101.3,135275.6,141440.2,67327.4,116928.3,138595.0,133732.8,124933.7,107221.3,132397.4,130773.7,129099.1,133964.3,126029.8,88672.9,10886.3,100800.9,138740.9,136091.3,97383.5,127861.6,136672.4,126317.9,149827.5,56068.4,129549.4,125313.7,75712.3,136452.6,116752.9,135781.2,107744.5,116120.2,128452.9,147512.3,135545.7,125097.8,135835.1,125999.5,125841.2,125844.0,56287.5,114969.9,90527.3,85947.8,136367.8,136260.7,135528.9,96202.5,138780.1,136081.4,118543.2,121763.3,114510.8,74669.7,128512.6,115867.2,124767.3,99232.0,88130.3,101806.9,95875.5,127287.2,125376.6,122562.8,75841.2,137112.2,88607.2,88689.6,88685.2,87520.5,87520.5,117811.3,116969.0,124738.2,101328.6,100521.8,136189.0,124651.0,68691.2,75935.1,134457.8
Joker Sæbø,71399.2,145477.2,86895.1,23461.6,85858.5,106623.2,85722.1,81382.7,82994.8,145359.6,88978.2,93761.6,85473.3,56222.1,86906.4,65356.6,78040.5,78220.8,82997.4,86728.7,103277.1,85662.9,74341.5,82857.5,85552.6,25855.0,25685.6,56269.7,25694.4,85742.8,72475.2,65294.8,81307.2,74416.1,78475.7,25253.1,85461.0,56250.7,69716.2,67215.8,77070.8,66298.8,83504.1,69138.0,167.8,85893.7,103585.3,103879.3,27217.5,117.6,115123.4,125910.1,145424.9,64113.3,69510.6,80660.3,0.0,123137.6,111059.4,90574.0,56279.4,25509.2,84683.5,95055.6,25317.6,78311.2,88002.9,83140.7,74341.6,122831.1,81805.3,80181.6,74634.1,83372.2,75437.7,61940.2,70236.6,55925.0,88148.8,85499.2,52507.6,77269.5,86080.4,75725.8,128908.7,71678.2,78957.3,74721.6,25120.2,85860.6,71877.0,85189.1,62868.5,71244.3,77860.8,96920.2,90969.9,74505.7,85243.0,75407.4,75249.1,75251.9,72654.3,83182.3,48710.1,145298.0,85775.7,85668.6,84936.8,69469.8,88188.1,85489.3,67951.1,76789.2,69634.8,27203.6,77920.5,131477.1,74175.2,54356.1,61397.6,56930.9,45283.4,76695.1,74784.5,71970.7,25249.2,86520.1,61874.5,61956.9,61952.5,60787.8,60787.8,67219.2,78351.8,74146.1,56452.6,55645.9,85596.9,79677.0,26873.9,25343.0,83865.7
Joker Tomrefjord,54545.5,103625.1,66814.0,103040.6,59873.1,30432.6,59736.7,53962.7,56553.7,103292.9,34810.5,49125.5,59487.8,82771.5,60920.9,72170.1,57610.6,65611.6,56556.4,179989.8,37951.7,59677.5,49147.5,64330.9,59567.2,98274.4,108458.9,82704.1,97556.6,59757.3,52412.1,72030.2,54866.2,49138.7,57052.8,98259.5,59475.5,82466.5,108345.6,56293.1,129534.1,73643.9,57063.0,107767.3,123120.2,59908.2,196846.4,197140.4,101482.9,123266.3,8047.8,181568.4,103572.8,102742.7,108139.9,173921.4,123177.0,0.0,204320.5,129883.2,82736.0,97964.4,58698.0,36570.7,108959.9,57260.6,62017.5,56699.7,48924.9,178489.4,55364.2,54149.7,54571.0,56931.2,62828.4,73463.0,163497.7,82335.6,62163.3,59513.7,91137.0,64660.3,60094.9,47857.5,12350.2,164771.9,53563.9,48741.7,98056.8,59875.1,110506.4,59203.6,74499.2,109873.6,51828.8,63592.0,39534.1,49829.2,59257.5,48966.4,48808.1,48810.9,165748.0,82080.4,128767.0,103354.5,59790.2,59683.1,58951.3,69297.9,62202.6,59503.8,55152.4,129252.6,108264.2,101468.9,65311.3,187135.4,49031.2,85130.3,89045.6,81263.9,77895.1,51214.7,48346.6,51907.6,98398.9,60534.6,73423.7,73259.7,73255.2,89324.1,89324.1,56296.6,57751.5,49060.3,82535.8,83480.2,59611.4,132140.3,107159.9,98247.2,57424.7
Joker,152401.2,116536.8,144037.7,104463.5,166860.5,187665.4,166724.1,150409.7,163996.7,116419.3,170020.5,174763.5,166475.3,131507.9,167908.4,140642.4,147067.5,159222.8,163999.4,24489.2,177333.8,166664.9,155343.5,140000.1,166554.6,106856.9,97912.7,131555.5,106696.3,166744.7,153477.2,140580.6,162309.2,155418.1,147502.7,106255.0,166463.0,131536.5,145002.0,148217.7,116404.6,141584.6,164506.0,144423.8,111028.4,166895.7,7540.3,7240.0,105093.4,111174.5,196165.6,104660.0,116484.6,139399.1,144796.3,30555.9,111085.3,204179.9,0.0,131745.5,131565.2,106511.2,165685.4,171850.1,97737.3,147338.1,169004.9,164142.6,155343.5,101581.1,162807.2,161183.6,159509.0,164374.1,156439.6,119082.8,41296.2,131210.8,169150.8,166501.2,127793.4,158271.5,167082.3,156727.7,180237.4,50963.6,159959.3,155723.6,106122.1,166862.5,147162.8,166191.0,138154.3,146530.1,158862.7,177922.2,165955.6,155507.7,166244.9,156409.4,156251.1,156253.9,50181.6,145379.8,120937.2,116357.7,166777.6,166670.5,165938.7,126612.4,169190.0,166491.3,148953.1,116123.1,144920.6,105079.5,158922.5,110227.0,155177.1,129641.8,118540.2,132216.7,126285.4,157697.0,155786.5,152972.6,106251.1,167522.1,119017.0,119099.5,119095.1,117930.3,117930.3,148221.1,147378.8,155148.0,131738.4,130931.7,166598.8,119010.8,99101.0,106345.0,164867.6
Joker Åram,78497.9,202172.8,103412.3,77484.1,92957.2,113721.9,92820.8,90561.0,90093.4,202055.2,96076.9,100860.2,92572.0,49164.0,94005.1,58298.5,94209.0,80914.8,90096.1,143424.2,110375.7,92761.6,81440.2,100929.2,92651.3,73065.2,65716.3,49211.6,73179.7,92841.4,79573.9,58236.7,88405.9,81514.8,93651.1,72503.6,92559.7,49192.7,56845.6,75976.9,16124.3,59240.8,90602.8,56267.4,90483.7,92992.4,160280.9,160574.9,69531.7,90629.8,122222.1,70328.3,202120.5,27321.6,21826.3,137355.8,90540.6,130236.3,131743.5,0.0,49221.4,72719.4,91782.1,102154.3,65540.9,93858.9,95101.6,90239.4,81440.3,67249.3,88903.9,87280.3,81732.8,90470.9,78131.6,150976.1,126932.1,48866.9,95247.5,92597.9,39637.0,79963.5,93179.0,82824.5,136007.4,81660.8,86056.0,81820.3,72815.2,92959.2,25508.7,92287.8,55810.4,58373.7,84959.5,104018.9,98068.6,81604.4,92341.7,82506.1,82347.8,82350.6,81982.2,157536.6,41954.9,201993.6,92874.4,92767.3,92035.4,144754.1,95286.7,92588.0,75049.8,15842.8,56764.3,69517.7,80614.5,75895.3,81273.9,47298.0,150433.5,49872.9,92768.8,83793.8,81883.2,79069.4,72422.6,93618.8,150910.4,150992.8,150988.4,149823.7,149823.7,75980.3,94349.8,81244.8,49394.5,48587.8,92695.6,12933.3,64804.8,72535.7,90964.4
KaffeBaren AS,31372.1,131955.4,56286.4,37426.2,45831.3,66596.0,45694.9,43435.2,42967.6,131623.2,48951.0,53734.4,45446.1,295.9,46879.2,11172.6,47083.1,33788.9,42970.2,107124.8,63249.9,45635.7,34314.3,53803.4,45525.5,33007.4,33788.6,88.8,33121.9,45715.6,32448.0,11110.9,41280.1,34388.9,46525.2,32445.7,45433.8,275.1,27663.4,28851.0,48852.0,12114.9,43476.9,27085.2,56230.6,45866.5,123981.4,124275.4,30630.4,56376.7,75096.2,100886.2,131903.1,22060.5,27457.7,101056.4,56287.4,83110.4,131455.5,49201.0,0.0,32661.6,44656.3,55028.4,34289.6,46733.0,47975.8,43113.5,34314.4,97807.3,41778.1,40154.4,34606.9,43345.0,31005.8,79949.0,90632.7,723.5,48121.6,45472.0,10454.8,32837.6,46053.2,35698.6,88881.5,92074.4,38930.1,34694.4,32757.3,45833.4,29824.2,45161.9,8684.6,29191.5,37833.6,56893.1,50942.8,34478.5,45215.8,35380.2,35221.9,35224.7,93050.4,110410.8,54096.7,131684.8,45748.5,45641.4,44909.6,97628.2,48160.9,45462.1,27923.9,48570.5,27582.0,30616.5,33488.6,106453.2,34148.0,4448.2,78518.1,1655.3,52710.9,36667.9,34757.3,31943.5,32364.7,46492.9,79883.2,79965.7,79961.2,78796.5,78796.5,28854.4,47223.9,34118.9,342.4,1593.0,45569.7,51458.2,32489.6,32477.8,43838.5
Kiwi Meieribygget Ørsta,46204.2,140907.9,64161.4,5377.6,60663.5,81428.2,60527.1,56187.7,57799.8,140790.4,63783.2,68566.6,60278.3,32562.2,61711.4,41696.6,52845.5,53025.8,57802.4,82159.4,78082.0,60467.9,49146.5,58346.4,60357.6,585.0,10533.6,32609.7,499.3,60547.7,47280.2,41634.8,56112.2,49221.1,53280.7,334.1,60266.0,32590.8,46056.2,42020.8,59202.4,42638.9,58309.1,45478.0,25457.2,60698.7,99016.1,99310.1,3557.5,25603.3,89928.4,121340.8,140855.7,40453.4,45850.6,76091.0,25514.1,97942.6,106490.1,72705.6,32619.5,0.0,59488.5,69860.6,11034.5,53116.1,62807.9,57945.7,49146.6,118261.9,56610.2,54986.6,49439.1,58177.2,50242.7,94759.4,65667.3,32265.1,62953.8,60304.2,28847.7,52074.5,60885.3,50530.8,103713.7,67109.0,53762.3,49526.6,393.9,60665.5,48217.1,59994.1,39208.6,47584.3,52665.8,71725.2,65774.9,49310.7,60048.0,50212.4,50054.1,50056.9,68085.0,125242.9,30841.7,140728.8,60580.7,60473.6,59741.8,112460.4,62993.0,60294.3,42756.1,58920.8,45974.9,3543.6,52725.5,126907.8,48980.2,30696.1,94216.8,33271.0,20088.4,51500.1,49589.5,46775.7,473.6,61325.1,94693.6,94776.1,94771.7,93606.9,93606.9,42024.2,53156.8,48951.1,32792.7,31985.9,60401.9,61808.5,9234.5,321.9,58670.7
SUNDGATA 8,16166.0,107348.9,37871.0,64661.0,1227.0,42286.9,1090.6,25019.7,2045.1,107016.8,24344.5,10213.0,841.8,44392.0,2274.9,33790.6,28667.6,27232.0,2242.8,141442.8,38643.4,839.5,11469.6,35387.9,921.2,59894.9,70079.3,44324.6,59177.0,1111.3,14032.6,33650.7,4399.0,10569.2,28109.8,59879.9,797.9,44087.0,69966.0,17913.6,91154.6,35264.4,2351.2,69387.8,84740.6,1262.2,158299.5,158593.5,63103.3,84886.8,50787.2,143188.9,107296.6,64363.1,69760.4,135374.4,84797.5,58801.4,165773.5,91503.6,44356.4,59584.9,0.0,30422.0,70580.3,28317.6,3371.5,2386.1,11247.0,140109.9,4897.0,4820.9,16191.5,2219.3,24448.9,61533.5,124950.7,43956.1,3517.3,867.7,52757.4,26280.7,1448.9,10544.1,64275.0,126392.4,6461.9,10362.2,59677.3,1229.1,72126.8,557.6,36119.6,71494.1,7245.6,13371.7,28574.5,10307.8,611.5,10056.3,9897.9,9900.7,127368.4,85804.3,90387.5,107078.4,1144.2,1005.4,273.6,73021.8,3556.6,857.8,16772.9,90873.1,69884.6,63089.4,26931.7,148755.8,11555.1,46750.8,60102.6,42884.4,39515.6,8625.2,10821.6,13528.1,60019.4,1888.6,61467.8,61550.2,61545.8,60381.1,60381.1,17917.0,28808.5,11526.0,44156.2,45100.7,965.4,93760.8,68780.3,59867.7,2916.0
Kiwi Skodje,26433.6,78864.0,34351.1,74928.6,31305.5,20052.2,31169.1,21499.9,28441.7,78531.9,6698.5,25754.9,30920.3,54659.5,32353.4,44058.1,25147.8,37499.6,28444.4,147527.0,10158.5,31109.9,21035.5,31868.1,30999.6,70162.4,80346.9,54592.2,69444.6,31189.7,24300.2,43918.3,26754.2,21026.7,24589.9,70147.5,30908.0,54354.6,80233.6,28181.2,101422.2,45532.0,28951.1,79655.3,95008.2,31340.7,164383.6,164677.6,73370.9,95154.3,28552.4,153456.4,78811.8,74630.7,80027.9,141458.6,95065.0,36566.6,171857.7,101771.2,54624.0,69852.4,30130.4,0.0,80847.9,24797.8,33449.9,28587.7,20812.9,150377.4,27252.2,26037.7,22526.9,28819.2,34716.4,58013.7,131034.9,54223.7,33595.8,30946.2,63025.0,36548.3,31527.3,19745.5,35790.2,136660.0,25452.0,20629.8,69944.9,31307.5,82394.4,30636.1,46387.2,81761.7,23716.8,40221.5,7071.2,21717.2,30690.0,20854.4,20696.1,20698.9,137636.0,57319.4,100655.1,78593.5,31222.7,31115.6,30383.7,44536.9,33635.0,30936.3,27040.5,101140.6,80152.2,73357.0,37199.3,159023.4,20919.2,57018.3,56582.8,53151.9,49783.2,23102.8,20234.6,23795.6,70287.0,31967.1,57948.0,58030.4,58026.0,56861.2,56861.2,28184.6,25288.6,20948.4,54423.8,55368.3,31043.9,104028.3,79047.9,70135.2,29312.7
Kiwi Volda,57219.6,132172.3,75176.8,14681.1,71678.9,92443.6,71542.5,67203.1,68815.2,132054.8,74798.6,79582.0,71293.7,34281.2,72726.8,43415.6,63860.9,64041.2,68817.8,73423.8,89097.4,71483.3,60161.9,69361.9,71373.1,11400.2,685.9,34328.7,11514.8,71563.2,58295.6,43353.9,67127.6,60236.5,64296.1,10838.6,71281.4,34309.8,47775.3,53036.2,52071.1,44357.9,69324.5,47197.0,25260.8,71714.1,90280.5,90574.5,7866.7,25406.9,100943.8,112605.2,132120.1,42172.4,47569.6,67355.4,25317.6,108958.0,97754.5,65574.4,34338.5,11054.5,70503.9,80876.0,0.0,64131.6,73823.3,68961.1,60162.0,109526.3,67625.7,66002.0,60454.5,69192.6,61258.1,86023.8,56931.7,33984.1,73969.2,71319.6,30566.7,63089.9,71900.8,61546.2,114729.1,58373.4,64777.7,60542.0,11150.2,71680.9,49936.1,71009.5,40927.6,49303.3,63681.2,82740.7,76790.3,60326.1,71063.4,61227.8,61069.5,61072.3,59349.4,107265.9,23710.5,131993.2,71596.1,71489.0,70757.2,93553.4,74008.5,71309.7,53771.5,51789.6,47693.9,7852.8,63740.9,118172.2,59995.6,32415.1,85481.2,34990.0,31103.8,62515.5,60604.9,57791.1,10757.6,72340.5,85958.0,86040.5,86036.1,84871.3,84871.3,53039.6,64172.2,59966.5,34511.7,33704.9,71417.3,54677.3,1874.3,10870.7,69686.1
Kiwi Sykkylven,18516.5,76282.7,11204.1,58169.3,29373.5,40596.8,29237.1,3341.0,26509.7,75950.5,22951.8,37276.5,28988.3,46742.5,30421.4,36141.1,563.8,29582.6,26512.4,123009.2,30265.2,29177.9,17856.5,7350.3,29067.6,53403.2,63587.7,46675.1,52685.3,29257.7,14664.9,36001.2,24822.2,17931.1,207.8,53388.3,28976.0,46437.5,72316.6,20264.1,112256.5,37614.9,27019.1,71738.3,78248.9,29408.7,139865.9,140159.9,56611.6,78395.1,49097.0,173951.1,76230.4,66713.7,72110.9,116940.8,78305.8,57111.2,147339.9,93854.2,46707.0,53093.2,28198.4,24781.4,64088.6,0.0,31517.9,26655.7,17856.6,170872.1,25320.2,23696.6,12440.4,26887.2,26799.4,33496.0,106517.1,46306.6,31663.8,29014.2,55108.0,28631.3,29595.3,19240.7,55896.8,119719.3,22472.3,18236.6,53185.6,29375.5,74477.4,28704.1,38470.2,73844.6,21375.8,40435.2,18887.0,18020.7,28758.0,18922.4,18764.1,18766.9,119938.3,54738.1,83895.8,76012.1,29290.7,29183.6,28451.7,41025.5,31703.0,29004.3,19123.4,111974.9,72235.2,56597.7,29282.2,179518.1,17690.2,49101.3,32065.1,45234.9,33023.9,20210.1,18299.5,14995.6,53527.7,30035.1,33430.2,33512.7,33508.2,32343.5,32343.5,20267.5,704.7,17661.0,46506.8,47451.2,29111.9,114862.6,62288.6,53376.0,27380.7
SKARBØVIKGATA 25,19459.8,110642.7,41164.7,67954.8,2781.5,45580.7,2507.2,28313.5,5338.8,110310.6,27638.3,13506.8,2573.1,47685.7,1133.3,37084.3,31961.4,30525.8,5536.6,144736.6,41937.2,3098.6,14763.4,38681.7,2482.9,63188.7,73373.1,47618.4,62470.8,2410.3,17326.4,36944.5,7692.8,13863.0,31403.6,63173.7,3074.0,47380.8,73259.8,21207.4,94448.4,38558.2,5645.0,72681.6,88034.4,3329.4,161593.3,161887.3,66397.1,88180.5,54080.9,146482.6,110590.4,67656.9,73054.1,138668.2,88091.3,62095.2,169067.3,94797.4,47650.2,62878.7,3389.8,33715.7,73874.1,31611.4,0.0,5679.9,14540.8,143403.7,8190.8,8114.7,19485.3,5513.1,27742.7,64827.3,128244.5,47249.9,800.8,2647.5,56051.2,29574.5,1920.7,13837.9,67568.8,129686.2,9755.7,13656.0,62971.1,3296.2,75420.6,3029.2,39413.4,74787.9,10539.4,16665.4,31868.3,13601.6,2833.9,13350.1,13191.7,13194.5,130662.2,89098.1,93681.3,110372.2,2225.4,3318.5,3165.8,76315.6,495.1,2606.5,20066.7,94166.9,73178.4,66383.2,30225.5,152049.6,14848.9,50044.6,63396.4,46178.1,42809.4,11919.0,14115.4,16821.8,63313.2,1869.1,64761.6,64844.0,64839.6,63674.9,63674.9,21210.8,32102.3,14819.8,47450.0,48394.5,3032.5,97054.6,72074.1,63161.5,6209.8
NØRVEGATA 23,14806.5,105989.4,36511.5,63301.6,3308.9,40630.1,3172.6,23660.2,424.0,105657.3,22985.1,11212.0,2923.7,43032.5,4356.8,32431.1,27308.2,25872.6,285.7,140083.4,37283.9,3113.3,10110.1,34028.4,3003.1,58535.4,68719.9,42965.1,57817.6,3193.2,12673.1,32291.2,1892.1,9209.8,26750.3,58520.5,2911.4,42727.5,68606.5,16554.1,89795.1,33904.9,933.3,68028.3,83381.1,3344.1,156940.0,157234.0,61743.9,83527.3,49130.3,141829.4,105937.2,63003.7,68400.9,134014.9,83438.0,57144.5,164414.1,90144.2,42997.0,58225.4,2133.9,29062.5,69220.9,26958.1,5453.4,0.0,9887.5,138750.4,1966.4,2685.9,14832.0,801.4,23089.4,60174.1,123591.2,42596.6,5599.2,2949.6,51397.9,24921.3,3530.8,9184.7,62915.6,125032.9,4327.0,9002.7,58317.8,3311.0,70767.3,2639.5,34760.1,70134.6,5886.2,14370.7,27215.1,8948.3,2693.4,8696.8,8538.5,8541.3,126008.9,84444.8,89028.0,105718.9,3226.1,3119.0,2387.2,71662.3,5638.5,2939.7,15413.4,89513.6,68525.2,61729.9,25572.2,147396.4,10195.6,45391.3,58743.2,41524.9,38156.1,7265.7,9462.2,12168.6,58659.9,3970.5,60108.3,60190.8,60186.3,59021.6,59021.6,16557.5,27449.0,10166.5,42796.8,43741.2,3047.3,92401.3,67420.9,58508.2,1294.9
SPJELKAVIKVEGEN 42,5798.7,97672.3,27503.7,54293.7,12420.6,32312.9,12284.2,14652.4,9556.8,97340.2,14667.9,20323.6,12035.4,34024.7,13468.5,23423.3,18300.3,16864.7,9559.5,131075.5,28966.8,12225.0,282.6,25020.6,12114.7,49527.6,59712.1,33957.3,48809.7,12304.8,3665.3,23283.4,7869.3,1252.7,17742.5,49512.7,12023.1,33719.7,59598.7,7546.3,80787.3,24897.1,10066.1,59020.5,74373.3,12455.8,147932.2,148226.2,52736.0,74519.5,40813.1,132821.6,97620.0,53995.8,59393.1,125007.1,74430.2,48827.3,155406.2,81136.4,33989.1,49217.6,11245.5,20745.3,60213.0,17950.3,14565.0,9702.8,0.0,129742.6,8367.3,6902.2,5824.2,9934.3,14081.6,51166.2,114583.4,33588.8,14710.9,12061.3,42390.1,15913.4,12642.4,1497.4,54598.4,116025.1,5677.9,1174.4,49310.0,12422.6,61759.5,11751.2,25752.3,61126.8,4581.4,23482.3,18897.9,1427.0,11805.1,1969.5,1811.2,1814.0,117001.1,76127.7,80020.2,97401.8,12337.7,12230.6,11498.8,63345.2,14750.1,12051.4,6405.6,80505.8,59517.4,52722.1,16564.4,138388.5,166.4,36383.5,49735.3,32517.1,29148.3,3616.4,551.1,3160.8,49652.1,13082.2,51100.5,51183.0,51178.5,50013.8,50013.8,7549.7,18441.2,195.5,33788.9,34733.4,12158.9,83393.5,58413.0,49500.4,10427.8
Kiwi Deknepollen,144886.0,171989.9,167555.3,116204.9,159345.3,180109.9,159208.9,173927.3,156481.5,171872.4,162465.0,167248.3,158960.1,97779.1,160393.2,106913.5,170585.1,151707.6,156484.2,113241.4,176763.8,159149.7,147828.3,163517.7,159039.4,99066.6,91717.7,97826.7,99181.1,159229.5,145962.0,106851.8,154794.0,147902.9,171020.3,98504.9,158947.8,97807.7,105460.7,140702.5,51916.9,107855.8,156990.8,104882.5,122769.8,159380.5,130098.0,130392.0,95533.1,122915.9,188610.2,12441.1,171937.7,75936.7,70441.3,107173.0,122826.6,196624.4,101560.6,67257.8,97836.4,98720.8,158170.2,168542.4,91542.3,170855.7,161489.7,156627.5,147828.3,0.0,155292.0,153668.4,148120.9,156858.9,148924.4,142600.4,96749.3,97482.0,161635.6,158986.0,88252.1,150756.3,159567.1,149212.5,202395.5,51478.0,152444.1,148208.4,98816.6,159347.3,74123.7,158675.8,104425.5,106988.8,151347.5,170407.0,164456.7,147992.5,158729.7,148894.2,148735.9,148738.6,51799.4,200832.9,77415.7,171810.7,159262.4,159155.3,158423.5,150130.0,161674.8,158976.1,141437.9,51635.4,105379.3,95519.1,151407.3,8836.7,147661.9,95913.0,142057.8,98487.9,118770.2,150181.8,148271.3,145457.5,98423.9,160006.9,142534.6,142617.1,142612.6,141447.9,141447.9,140705.9,170896.4,147632.8,98009.6,97202.9,159083.6,54523.1,90806.2,98537.1,157352.4
"Eggesbønes, 6008 Ålesund",13340.4,104523.3,35045.3,61835.4,5725.9,39163.9,5589.5,22194.1,2862.1,104191.2,21518.9,13628.9,5340.7,41566.4,6773.8,30965.0,25842.0,24406.4,2864.8,138617.2,35817.8,5530.3,8644.0,32562.3,5420.0,57069.3,67253.7,41499.0,56351.4,5610.1,11207.0,30825.1,1116.4,7743.6,25284.2,57054.3,5328.4,41261.4,67140.4,15088.0,88329.0,32438.8,3371.4,66562.2,81915.0,5761.1,155473.9,155767.9,60277.7,82061.1,47664.1,140363.2,104471.0,61537.5,66934.8,132548.8,81971.9,55678.3,162947.9,88678.0,41530.8,56759.3,4550.8,27596.3,67754.7,25492.0,7870.3,2044.2,8421.4,137284.3,0.0,1794.3,13365.9,3239.6,21623.3,58707.9,122125.1,41130.5,8016.2,5366.6,49931.8,23455.1,5947.7,7718.5,61449.4,123566.8,3435.3,7536.6,56851.7,5727.9,69301.2,5056.5,33294.0,68668.5,4420.0,16787.6,25748.9,7482.2,5110.4,7230.7,7072.3,7075.1,124542.8,82978.7,87561.9,104252.8,5643.1,5535.9,4804.1,70196.2,8055.4,5356.7,13947.3,88047.5,67059.0,60263.8,24106.1,145930.2,8729.5,43925.2,57277.0,40058.8,36690.0,5799.6,7996.0,10702.4,57193.8,6387.5,58642.2,58724.6,58720.2,57555.5,57555.5,15091.4,25982.9,8700.4,41330.6,42275.1,5464.3,90935.2,65954.7,57042.1,3733.1
NEDRE KLOKKERSUNDVEGEN 2,11556.3,104104.7,33261.3,60051.4,5960.3,38745.3,5823.9,20410.0,3096.5,103772.5,21100.3,13863.3,5575.0,39782.3,7008.1,29180.9,24058.0,22622.4,3099.2,136833.1,35399.2,5764.7,7111.7,30778.2,5654.4,55285.2,65469.7,39714.9,54567.4,5844.5,9422.9,29041.0,1106.6,6139.0,23500.1,55270.3,5562.7,39477.3,65356.3,13303.9,86544.9,30654.7,3605.8,64778.1,80130.9,5995.4,153689.8,153983.8,58493.7,80277.1,47245.5,138579.2,104052.4,59753.5,65150.7,130764.7,80187.8,55259.7,161163.9,86894.0,39746.7,54975.2,4785.2,27177.7,65970.7,23707.9,8104.7,3242.4,8002.7,135500.2,1820.2,0.0,11581.8,3473.9,19839.2,56923.9,120341.0,39346.4,8250.5,5601.0,48147.7,21671.1,6182.1,7299.9,61030.8,121782.7,1895.6,7118.0,55067.6,5962.3,67517.1,5290.8,31509.9,66884.4,2552.5,17022.0,25330.3,5877.5,5344.7,6812.0,6653.7,6656.5,122758.7,82560.1,85777.8,103834.1,5877.4,5770.3,5038.5,69777.5,8289.8,5591.0,12163.2,86263.4,65275.0,58479.7,22322.0,144146.2,6945.4,42141.1,55493.0,38274.7,34905.9,4194.9,7577.4,8918.4,55409.7,6621.9,56858.1,56940.6,56936.1,55771.4,55771.4,13307.3,24198.8,6916.3,39546.6,40491.0,5698.6,89151.1,64170.7,55258.0,3967.4
FLISNESVEGEN 1,6422.6,96678.3,21938.3,54917.7,17279.6,38044.3,17143.2,9087.0,14415.8,96346.2,20399.3,25182.6,16894.4,34648.6,18327.5,24047.2,12735.0,17488.7,14418.5,135114.1,27972.8,17084.0,5762.6,19455.2,16973.7,50151.5,60336.0,34581.2,49433.7,17163.8,2570.9,23907.3,12728.3,5837.2,12177.1,50136.6,16882.1,34343.6,60222.6,8170.2,81411.2,25521.0,14925.1,59644.4,74997.2,17314.8,151970.8,152264.8,53360.0,75143.4,46544.5,133445.5,96626.1,54619.8,60017.0,129045.7,75054.1,54558.7,159444.8,81760.3,34613.1,49841.5,16104.5,22489.1,60837.0,12384.9,19424.0,14561.8,5762.7,130366.5,13226.3,11602.7,0.0,14793.3,14705.5,45600.9,118622.0,34212.7,19569.9,16920.3,43014.0,16537.4,17501.4,7146.8,53604.5,116649.0,10378.4,6142.7,49933.9,17281.6,62383.5,16610.2,26376.2,61750.7,9281.9,28341.3,16594.6,5926.8,16664.1,6828.5,6670.2,6673.0,117625.1,75133.7,80644.1,96407.8,17196.7,17089.6,16357.8,62351.2,19609.1,16910.4,7029.5,81129.7,60141.3,53346.0,17188.3,139012.5,5596.3,37007.4,44170.0,33141.0,29772.2,8116.2,6205.6,2901.7,50276.0,17941.2,45535.1,45617.6,45613.1,44448.4,44448.4,8173.6,12875.8,5567.1,34412.9,35357.3,17017.9,84017.4,59037.0,50124.3,15286.8
"Kverve, 6008 Ålesund",14578.6,105761.5,36283.6,63073.7,3455.0,40402.2,3318.7,23432.3,460.6,105429.4,22757.2,11358.1,3069.8,42804.6,4502.9,32203.2,27080.3,25644.7,658.3,139855.5,37056.0,3259.4,9882.2,33800.5,3149.2,58307.5,68492.0,42737.2,57589.7,3339.3,12445.2,32063.3,2811.7,8981.9,26522.4,58292.6,3057.5,42499.6,68378.6,16326.2,89567.2,33677.0,571.7,67800.4,83153.2,3490.2,156712.1,157006.1,61516.0,83299.4,48902.4,141601.5,105709.3,62775.8,68173.0,133787.0,83210.1,56916.6,164186.2,89916.3,42769.1,57997.5,2280.0,28834.6,68993.0,26730.2,5599.5,801.6,9659.6,138522.5,3309.7,3233.5,14604.1,0.0,22861.5,59946.2,123363.3,42368.7,5745.3,3095.7,51170.0,24693.4,3676.9,8956.8,62687.7,124805.0,4874.6,8774.8,58089.9,3457.1,70539.5,2785.6,34532.2,69906.7,5658.3,14516.8,26987.2,8720.4,2839.5,8468.9,8310.6,8313.4,125781.1,84216.9,88800.1,105491.0,3372.2,3265.1,2533.3,71434.4,5784.6,3085.8,15185.5,89285.7,68297.3,61502.0,25344.3,147168.5,9967.7,45163.4,58515.3,41297.0,37928.2,7037.8,9234.3,11940.7,58432.0,4116.6,59880.4,59962.9,59958.4,58793.7,58793.7,16329.6,27221.1,9938.6,42568.9,43513.3,3193.4,92173.4,67193.0,58280.3,1331.5
"Fiskarstrand, 6037 Eidsnes",11130.2,111713.5,36044.6,55356.6,25589.5,46354.2,25453.1,23193.3,22725.7,111381.4,28709.2,33492.5,25204.3,30675.3,26637.4,20073.9,26841.3,2946.4,22728.4,132138.4,43008.0,25393.9,14072.5,33561.5,25283.6,50590.4,60774.9,30607.9,49872.6,25473.7,12206.2,19934.0,21038.2,14147.1,26283.4,50575.5,25192.0,30370.3,56249.3,8609.2,77437.9,21547.7,23235.1,55671.1,75436.2,25624.7,148995.1,149289.1,53798.9,75582.3,54854.4,129472.2,111661.3,50646.5,56043.7,126070.0,75493.1,62868.6,156469.1,77787.0,30639.7,50280.4,24414.4,34786.6,61275.9,26491.2,27733.9,22871.7,14072.6,126393.2,21536.2,19912.6,14365.1,23103.2,0.0,59707.2,115646.3,30239.4,27879.8,25230.2,39040.7,1995.1,25811.3,15456.8,68639.7,117088.0,18688.3,14452.6,50372.9,25591.5,58410.1,24920.1,22402.9,57777.4,17591.8,36651.2,30700.9,14236.7,24974.0,15138.4,14980.1,14982.9,118064.0,90168.9,81083.1,111443.0,25506.7,25399.6,24667.7,77386.4,27919.0,25220.3,7682.1,77156.4,56168.0,53785.0,2646.1,135039.2,13906.2,33034.1,58276.3,29167.7,30211.2,16426.1,14515.5,11701.7,50715.0,26251.1,59641.4,59723.9,59719.4,58554.7,58554.7,8612.6,26982.1,13877.1,30439.6,31384.0,25327.9,80044.1,59475.9,50563.3,23596.7
Kiwi Stranda,51722.4,43058.5,30174.9,92692.0,62579.4,73802.7,62443.0,36546.9,59715.6,42726.3,56157.7,70482.4,62194.1,79948.4,63627.3,69347.0,33204.7,62788.4,59718.3,94752.3,38840.3,62383.8,51062.3,26137.3,62273.5,95085.4,86141.2,79881.0,94924.8,62463.6,47870.7,69207.1,58028.1,51137.0,33639.9,94483.6,62181.8,79643.4,133230.5,53470.0,137526.4,70820.8,60224.9,132652.3,62100.2,62614.6,111609.0,111903.0,93321.9,61934.0,82302.9,145694.2,43006.2,127627.6,133024.9,88683.9,61960.6,73504.0,119083.1,151029.6,79912.8,94739.7,61404.3,57987.3,85965.8,33475.4,64723.8,59861.5,51062.4,142615.2,58526.1,56902.5,45646.2,60093.0,60005.3,0.0,78260.2,79512.5,64869.7,62220.1,116021.9,61837.1,62801.2,52446.6,61426.4,91462.4,55678.2,51442.5,94350.6,62581.4,135391.3,61909.9,71676.0,134758.6,54581.6,73641.1,52092.8,51226.6,61963.8,52128.3,51969.9,51972.7,91681.4,21513.9,109165.7,42787.9,62496.5,62389.4,61657.6,7801.4,64908.9,62210.1,52329.3,137244.9,133149.1,93308.0,62488.1,151261.2,50896.0,82307.2,2090.0,78440.8,64399.5,53415.9,51505.4,48201.5,94479.6,63241.0,89.0,288.5,284.0,1510.3,1510.3,53473.4,33516.0,50866.9,79712.6,80657.1,62317.7,140132.6,87329.5,94573.5,60586.5
Kiwi Stryn,111517.4,75417.6,103153.9,63579.7,125976.7,146781.6,125840.3,109525.9,123112.9,75300.1,129136.7,133879.7,125591.5,90624.1,127024.6,99758.6,106183.7,118339.0,123115.6,16970.3,136450.0,125781.1,114459.7,99116.3,125670.8,65973.2,57028.9,90671.7,65812.5,125860.9,112593.4,99696.8,121425.4,114534.3,106618.9,65371.3,125579.2,90652.7,104118.2,107334.0,111570.9,100700.8,123622.2,103540.0,70144.6,126011.9,33826.9,34120.9,64209.7,70290.8,155281.9,99826.3,75365.4,98515.3,103912.6,10901.9,70201.5,163296.1,41301.0,126911.8,90681.4,65627.4,124801.6,130966.3,56853.5,106454.4,128121.1,123258.9,114459.8,96747.4,121923.4,120299.8,118625.2,123490.4,115555.9,78199.0,0.0,90327.0,128267.0,125617.4,86909.6,117387.7,126198.5,115843.9,139353.6,45594.5,119075.5,114839.8,65238.3,125978.7,106279.0,125307.3,97270.5,105646.3,117979.0,137038.4,125071.8,114623.9,125361.2,115525.6,115367.3,115370.1,45813.6,104260.6,80053.4,75238.4,125893.9,125786.7,125054.9,85728.6,128306.2,125607.5,108069.3,111289.4,104036.8,64195.7,118038.7,105393.3,114293.4,88758.1,77656.4,91332.9,85401.6,116813.3,114902.7,112088.9,65367.3,126638.3,78133.3,78215.7,78211.3,77046.6,77046.6,107337.4,106495.0,114264.2,90854.6,90047.9,125715.0,114177.1,58217.3,65461.2,123983.9
Kiwi Ulsteinvik,30935.5,131518.8,55849.9,37147.9,45394.8,66159.4,45258.4,42998.6,42531.0,131186.7,48514.5,53297.8,45009.6,757.3,46442.7,10736.1,46646.5,33352.4,42533.7,106846.4,62813.3,45199.2,33877.8,53366.8,45088.9,32729.0,33510.2,689.9,32843.5,45279.0,32011.5,10674.3,40843.5,33952.4,46088.7,32167.3,44997.3,542.4,27385.0,28414.4,48573.6,11678.3,43040.3,26806.8,55952.2,45430.0,123703.1,123997.1,30352.1,56098.3,74659.7,100607.9,131466.6,21782.1,27179.4,100778.0,56009.1,82673.9,131177.1,48922.7,721.8,32383.2,44219.7,54591.9,34011.2,46296.5,47539.2,42677.0,33877.8,97528.9,41341.5,39717.9,34170.4,42908.5,30569.2,79512.4,90354.3,0.0,47685.1,45035.5,10176.4,32401.1,45616.6,35262.0,88445.0,91796.0,38493.6,34257.9,32479.0,45396.8,29545.8,44725.3,8248.0,28913.1,37397.0,56456.5,50506.2,34042.0,44779.2,34943.7,34785.4,34788.2,92772.0,109974.2,53818.4,131248.3,45311.9,45204.8,44473.0,97191.7,47724.3,45025.6,27487.4,48292.1,27303.7,30338.1,33052.0,106174.9,33711.4,4169.8,78081.6,1689.0,52432.6,36231.3,34320.8,31507.0,32086.3,46056.4,79446.7,79529.1,79524.7,78360.0,78360.0,28417.9,46787.4,33682.3,744.3,1314.6,45133.1,51179.8,32211.2,32199.5,43402.0
"Valderøy, 6050 Valderøya",19605.6,110788.6,41310.6,68100.7,2927.4,45726.6,2653.0,28459.4,5484.7,110456.4,27784.2,13652.6,2718.9,47831.6,1279.2,37230.2,32107.3,30671.7,5682.5,144882.5,42083.0,3244.4,14909.2,38827.6,2628.8,63334.5,73519.0,47764.3,62616.7,2556.2,17472.2,37090.3,7838.7,14008.9,31549.4,63319.6,3219.8,47526.6,73405.7,21353.2,94594.3,38704.0,5790.8,72827.4,88180.3,3475.2,161739.1,162033.1,66543.0,88326.4,54226.8,146628.5,110736.3,67802.8,73200.0,138814.1,88237.1,62241.0,169213.2,94943.3,47796.1,63024.5,3535.7,33861.6,74020.0,31757.2,800.8,5825.7,14686.6,143549.5,8336.7,8260.5,19631.1,5658.9,27888.5,64973.2,128390.4,47395.7,0.0,2793.4,56197.1,29720.4,2066.6,13983.8,67714.7,129832.1,9901.6,13801.9,63117.0,3442.1,75566.5,3175.1,39559.3,74933.7,10685.3,16811.3,32014.2,13747.4,2979.8,13495.9,13337.6,13340.4,130808.1,89244.0,93827.1,110518.0,2371.3,3464.4,3311.6,76461.4,887.4,2752.4,20212.5,94312.7,73324.3,66529.1,30371.4,152195.5,14994.7,50190.4,63542.3,46324.0,42955.2,12064.8,14261.3,16967.7,63459.0,2015.0,64907.4,64989.9,64985.4,63820.7,63820.7,21356.7,32248.1,14965.6,47595.9,48540.3,3178.4,97200.4,72220.0,63307.3,6355.6
RASMUS RØNNEBERGS GATE 6,16952.7,108135.6,38657.7,65447.7,505.0,43073.7,368.6,25806.4,2831.8,107803.5,25131.3,10999.7,119.8,45178.7,1552.9,34577.3,29454.4,28018.8,3029.5,142229.5,39430.1,451.0,12256.3,36174.6,199.1,60681.6,70866.1,45111.3,59963.7,389.2,14819.3,34437.4,5185.7,11355.9,28896.5,60666.7,426.4,44873.7,70752.7,18700.3,91941.3,36051.1,3137.9,70174.5,85527.3,681.8,159086.2,159380.2,63890.0,85673.5,51573.9,143975.6,108083.4,65149.8,70547.1,136161.1,85584.2,59588.1,166560.3,92290.4,45143.1,60371.6,924.6,31208.7,71367.0,29104.3,2649.4,3172.8,12033.7,140896.6,5683.8,5607.6,16978.2,3006.0,25235.6,62320.3,125737.4,44742.8,2795.3,0.0,53544.1,27067.5,726.8,11330.8,65061.8,127179.1,7248.6,11148.9,60464.0,648.7,72913.5,522.1,36906.3,72280.8,8032.3,14158.4,29361.2,11094.5,317.2,10843.0,10684.6,10687.5,128155.1,86591.0,91174.2,107865.1,422.1,671.0,708.4,73808.5,2834.5,41.1,17559.6,91659.8,70671.4,63876.1,27718.4,149542.6,12341.8,47537.5,60889.4,43671.1,40302.3,9411.9,11608.3,14314.8,60806.1,1166.6,62254.5,62337.0,62332.5,61167.8,61167.8,18703.7,29595.2,12312.7,44943.0,45887.4,385.0,94547.5,69567.1,60654.4,3702.7
Kiwi Myrvåg,39759.4,162022.9,64673.7,33575.8,54218.6,74983.3,54082.2,51822.5,51354.9,161905.3,57338.3,62121.7,53833.4,10425.5,55266.5,19559.9,55470.4,42176.2,51357.5,103274.3,71637.2,54023.0,42701.6,62190.7,53912.8,29156.9,29938.2,10473.0,29271.5,54102.9,40835.4,19498.2,49667.4,42776.3,54912.5,28595.3,53821.1,10454.1,17757.2,37238.3,39281.5,20502.2,51864.2,17179.0,52380.1,54253.8,120131.0,120425.0,26780.0,52526.3,83483.5,91315.7,161970.6,12490.0,17887.2,97205.9,52437.0,91497.7,127605.1,39630.5,10482.8,28811.2,53043.6,63415.7,30439.2,55120.3,56363.1,51500.8,42701.7,88236.7,50165.4,48541.8,42994.2,51732.3,39393.1,115874.3,86782.2,10128.4,56508.9,53859.3,0.0,41224.9,54440.5,44085.9,97268.8,88223.9,47317.4,43081.8,28906.9,54220.7,20253.7,53549.2,17071.9,19285.3,46220.9,65280.4,59330.1,42865.8,53603.1,43767.6,43609.2,43612.0,89199.9,118798.1,50246.3,161843.7,54135.8,54028.7,53296.9,106015.5,56548.2,53849.4,36311.2,38999.9,17675.9,26766.1,41875.9,96882.7,42535.3,8559.4,115331.7,11134.3,48860.5,45055.2,43144.7,40330.8,28514.3,54880.2,115808.6,115891.1,115886.6,114721.9,114721.9,37241.7,55611.2,42506.2,10656.0,9849.2,53957.0,41887.6,28639.2,28627.4,52225.8
Kiwi Langevåg,12962.1,113545.4,37876.5,57188.5,27421.4,48186.0,27285.0,25025.2,24557.6,113213.3,30541.1,35324.4,27036.2,32507.1,28469.3,21905.7,28673.1,964.4,24560.3,133970.3,44839.9,27225.8,15904.4,35393.4,27115.5,52422.3,62606.8,32439.8,51704.5,27305.6,14038.1,21765.9,22870.1,15979.0,28115.3,52407.4,27023.9,32202.2,58081.2,10441.0,79269.8,23379.6,25066.9,57503.0,77268.1,27456.6,150826.9,151120.9,55630.8,77414.2,56686.3,131304.0,113493.2,52478.3,57875.6,127901.9,77324.9,64700.5,158301.0,79618.8,32471.6,52112.3,26246.3,36618.5,63107.8,28323.1,29565.8,24703.6,15904.4,128225.1,23368.1,21744.5,16197.0,24935.0,1995.1,61539.0,117478.2,32071.3,29711.7,27062.1,40872.6,0.0,27643.2,17288.6,70471.6,118919.8,20520.2,16284.5,52204.8,27423.4,60242.0,26751.9,24234.8,59609.3,19423.6,38483.1,32532.8,16068.6,26805.8,16970.3,16812.0,16814.8,119895.9,92000.8,82914.9,113274.9,27338.5,27231.4,26499.6,79218.3,29750.9,27052.2,9514.0,78988.3,57999.8,55616.8,664.0,136871.0,15738.0,34866.0,60108.1,30999.5,32043.0,18257.9,16347.4,13533.6,52546.8,28083.0,61473.3,61555.7,61551.3,60386.6,60386.6,10444.5,28814.0,15708.9,32271.4,33215.9,27159.7,81876.0,61307.8,52395.1,25428.5
NEDRE STRANDGATE 51,17539.0,108721.9,39244.0,66034.1,927.0,43660.0,661.2,26392.8,3418.1,108389.8,25717.6,11586.0,652.3,45765.0,826.1,35163.6,30040.7,28605.1,3615.9,142815.9,40016.4,1177.8,12842.6,36760.9,562.2,61267.9,71452.4,45697.6,60550.1,555.8,15405.6,35023.7,5772.1,11942.3,29482.8,61253.0,1153.2,45460.0,71339.1,19286.6,92527.6,36637.4,3724.2,70760.8,86113.7,1408.6,159672.5,159966.5,64476.4,86259.8,52160.2,144561.9,108669.7,65736.2,71133.4,136747.4,86170.5,60174.4,167146.6,92876.7,45729.5,60957.9,1469.1,31795.0,71953.4,29690.6,1922.6,3759.1,12620.0,141482.9,6270.1,6193.9,17564.5,3592.3,25821.9,62906.6,126323.7,45329.1,2068.5,726.8,54130.5,27653.8,0.0,11917.2,65648.1,127765.4,7835.0,11735.2,61050.3,1375.5,73499.9,1108.5,37492.7,72867.1,8618.7,14744.7,29947.6,11680.8,913.1,11429.3,11271.0,11273.8,128741.5,87177.3,91760.5,108451.4,304.7,1397.8,1245.0,74394.8,2107.7,685.8,18145.9,92246.1,71257.7,64462.4,28304.7,150128.9,12928.1,48123.8,61475.7,44257.4,40888.6,9998.2,12194.7,14901.1,61392.4,439.8,62840.8,62923.3,62918.8,61754.1,61754.1,19290.0,30181.5,12899.0,45529.3,46473.7,1111.8,95133.8,70153.4,61240.7,4289.0
LERSTADVEGEN 545,7396.8,96972.9,29101.8,55891.9,11662.7,31613.5,11526.3,16250.5,8798.9,96640.7,13968.5,19565.7,11277.5,35622.8,12710.6,25021.4,19898.5,18462.9,8801.6,132673.6,28267.4,11467.1,1706.6,26618.7,11356.8,51125.7,61310.2,35555.4,50407.8,11546.9,5263.4,24881.5,7111.4,1989.9,19340.6,51110.8,11265.2,35317.8,61196.8,9144.4,82385.4,26495.2,9308.2,60618.6,75971.4,11697.9,149530.3,149824.3,54334.1,76117.6,40113.7,134419.7,96920.6,55594.0,60991.2,126605.2,76028.3,48127.9,157004.4,82734.5,35587.2,50815.7,10487.6,20045.9,61811.1,19548.4,13807.1,8944.8,1484.0,131340.7,7609.4,6394.9,7422.3,9176.3,15679.7,52764.4,116181.5,35186.9,13953.0,11303.4,43988.2,17511.6,11884.5,0.0,53899.0,117623.2,6415.2,1593.0,50908.1,11664.7,63357.6,10993.2,27350.4,62724.9,4074.0,22724.4,18198.5,2680.5,11047.1,1211.6,1053.2,1056.0,118599.2,75428.3,81618.3,96702.3,11579.8,11472.7,10740.9,62645.7,13992.2,11293.5,8003.7,82103.9,61115.5,54320.2,18162.5,139986.7,1590.3,37981.6,51333.5,34115.2,30746.4,4066.0,905.7,4758.9,51250.2,12324.3,52698.6,52781.1,52776.6,51611.9,51611.9,9147.8,20039.3,1619.5,35387.1,36331.5,11401.0,84991.6,60011.2,51098.5,9669.8
Kiwi Vestnes,60486.3,91605.3,65521.4,108981.4,65358.3,42681.9,65221.9,52670.2,62494.5,91273.1,40964.8,61503.1,64973.1,88712.3,66406.2,78110.9,56318.1,71552.4,62497.2,155919.4,25932.0,65162.7,55088.3,63038.4,65052.4,104215.2,114399.7,88644.9,103497.4,65242.5,55921.6,77971.0,60807.0,55079.5,55760.2,104200.3,64960.8,88407.3,114286.4,62233.9,135475.0,79584.7,63003.8,113708.1,129061.0,65393.5,172776.0,173070.0,107423.7,129207.1,20297.1,187509.2,91553.0,108683.5,114080.7,149851.0,129117.8,12295.1,180250.1,135824.0,88676.8,103905.2,64183.2,35818.3,114900.7,55968.0,67502.7,62640.5,54865.7,184430.2,61305.0,60090.5,53697.2,62872.0,68769.2,61443.2,139427.3,88276.4,67648.6,64999.0,97077.8,70601.1,65580.1,53798.3,0.0,152629.4,59504.7,54682.6,103997.7,65360.3,116447.2,64688.8,80440.0,115814.4,57769.6,76420.0,38241.5,55770.0,64742.7,54907.2,54748.9,54751.7,152848.5,70060.7,134707.8,91334.7,65275.4,65168.3,64436.5,57278.1,67687.8,64989.1,61093.2,135193.4,114205.0,107409.8,71252.1,193076.2,54972.0,91071.1,63257.0,87204.7,83835.9,57155.5,54287.4,57848.4,104339.7,66019.9,61403.9,61239.9,61235.5,62677.3,62677.3,62237.4,56458.9,55001.1,88476.6,89421.0,65096.6,138081.1,113100.7,104188.0,63365.5
Kiwi Nordfjordeid,93721.1,120825.0,116390.4,65040.0,108180.4,128945.0,108044.0,122762.3,105316.6,120707.4,111300.0,116083.4,107795.1,70782.6,109228.2,79917.1,119420.2,100542.7,105319.3,62076.5,125598.9,107984.8,96663.3,112352.7,107874.5,47901.7,40552.8,70830.2,48016.2,108064.6,94797.1,79855.3,103629.1,96738.0,119855.4,47340.0,107782.8,70811.2,84276.7,89537.6,66320.7,80859.3,105825.9,83698.5,71604.8,108215.5,78933.1,79227.1,44368.1,71751.0,137445.2,54576.1,120772.7,78673.8,84071.0,56008.1,71661.7,145459.4,50961.5,81661.5,70839.9,47555.9,107005.3,117377.4,40377.4,119690.8,110324.8,105462.5,96663.4,51497.1,104127.1,102503.5,96955.9,105694.0,97759.5,91435.5,45584.4,70485.5,110470.6,107821.1,67068.1,99591.4,108402.2,98047.6,151230.5,0.0,101279.1,97043.5,47651.6,108182.4,86437.5,107510.9,77429.0,85804.8,100182.6,119242.1,113291.8,96827.6,107564.8,97729.3,97570.9,97573.7,1200.2,149667.9,59734.8,120645.8,108097.5,107990.4,107258.6,98965.0,110509.9,107811.1,90272.9,66039.2,84195.3,44354.2,100242.3,60143.1,96497.0,68916.5,90892.8,71491.4,67605.2,99016.9,97106.4,94292.5,47259.0,108842.0,91369.7,91452.2,91447.7,90283.0,90283.0,89541.0,119731.5,96467.9,71013.1,70206.4,107918.7,68926.9,39641.2,47372.1,106187.5
SMEDGARDEN 1,10313.7,102530.6,32018.7,58808.8,7601.8,37171.2,7465.4,19167.5,4738.0,102198.5,19526.3,15504.8,7216.5,38539.7,8649.7,27938.3,22815.4,21379.8,4740.7,135590.6,33825.1,7406.2,5869.1,29535.7,7295.9,54042.6,64227.1,38472.3,53324.8,7486.0,8180.3,27798.4,2748.1,4896.4,22257.5,54027.7,7204.2,38234.7,64113.8,12061.3,85302.3,29412.1,5247.3,63535.5,78888.4,7637.0,152447.2,152741.2,57251.1,79034.5,45671.4,137336.6,102478.3,58510.9,63908.1,129522.2,78945.2,53685.7,159921.3,85651.4,38504.2,53732.6,6426.7,25603.7,64728.1,22465.3,9746.2,4883.9,5869.2,134257.6,3461.7,1896.1,10339.2,5115.4,18596.6,55681.3,119098.5,38103.8,9892.1,7242.5,46905.2,20428.5,7823.6,6389.9,59456.8,120540.1,0.0,5303.9,53825.1,7603.8,66274.6,6932.3,30267.4,65641.8,2838.9,18663.5,23756.2,4635.0,6986.2,5902.0,5743.7,5746.5,121516.2,80986.0,84535.2,102260.1,7518.9,7411.8,6680.0,68203.5,9931.3,7232.5,10920.6,85020.8,64032.4,57237.1,21079.5,142903.6,5702.8,40898.5,54250.4,37032.1,33663.3,2952.4,5223.3,7675.8,54167.1,8263.4,55615.5,55698.0,55693.5,54528.8,54528.8,12064.8,22956.2,5673.7,38304.0,39248.4,7340.1,87908.5,62928.1,54015.4,5608.9
"Vallekrysset, 6013 Ålesund",6077.6,97717.0,27782.6,54572.7,11593.0,32357.6,11456.6,14931.4,8729.2,97384.9,14712.6,19496.0,11207.7,34303.6,12640.9,23702.2,18579.3,17143.7,8731.9,131354.5,29011.5,11397.4,1379.7,25299.6,11287.1,49806.5,59991.0,34236.3,49088.7,11477.2,3944.2,23562.3,7041.7,669.3,18021.4,49791.6,11195.4,33998.6,59877.7,7825.2,81066.3,25176.0,9238.5,59299.4,74652.3,11628.2,148211.1,148505.1,53015.0,74798.4,40857.8,133100.5,97664.7,54274.8,59672.0,125286.1,74709.1,48872.1,155685.2,81415.3,34268.1,49496.5,10417.9,20790.0,60492.0,18229.2,13737.4,8875.1,1157.1,130021.5,7539.7,6325.1,6103.1,9106.6,14360.5,51445.2,114862.4,33867.7,13883.3,11233.7,42669.1,16192.4,11814.8,1460.2,54643.1,116304.1,5094.6,0.0,49589.0,11595.0,62038.5,10923.5,26031.3,61405.7,4004.3,22654.7,18942.6,1359.8,10977.4,1141.9,983.5,986.3,117280.1,76172.4,80299.1,97446.5,11510.1,11403.0,10671.2,63389.9,13922.5,11223.7,6684.5,80784.7,59796.3,53001.1,16843.4,138667.5,1263.5,36662.4,50014.3,32796.0,29427.2,2745.4,731.8,3439.7,49931.0,12254.6,51379.4,51461.9,51457.4,50292.7,50292.7,7828.7,18720.1,1292.6,34067.9,35012.3,11331.3,83672.4,58692.0,49779.3,9600.1
"Ørsta, 6150 Ørsta",46279.1,140514.0,64236.3,4983.7,60738.4,81503.0,60602.0,56262.5,57874.6,140396.5,63858.1,68641.4,60353.1,32687.1,61786.3,41821.6,52920.3,53100.7,57877.3,81765.5,78156.9,60542.8,49221.3,58421.3,60432.5,710.0,10658.5,32734.7,574.2,60622.6,47355.1,41759.8,56187.1,49296.0,53355.6,459.1,60340.8,32715.7,46181.2,42095.6,59327.3,42763.8,58383.9,45603.0,25063.3,60773.6,98622.2,98916.2,3682.5,25209.4,90003.2,120946.9,140461.8,40578.3,45975.5,75697.1,25120.2,98017.5,106096.2,72830.5,32744.4,364.2,59563.3,69935.4,11159.5,53191.0,62882.8,58020.5,49221.4,117868.0,56685.1,55061.5,49513.9,58252.0,50317.5,94365.5,65273.4,32390.0,63028.7,60379.1,28972.6,52149.4,60960.2,50605.6,103788.6,66715.1,53837.1,49601.5,0.0,60740.4,48342.0,60068.9,39333.5,47709.3,52740.6,71800.1,65849.8,49385.6,60122.8,50287.3,50128.9,50131.7,67691.1,125317.8,30966.6,140334.9,60655.5,60548.4,59816.6,112535.3,63067.9,60369.1,42830.9,59045.8,46099.8,3668.5,52800.3,126513.9,49055.0,30821.0,93822.9,33395.9,20163.3,51574.9,49664.4,46850.5,598.5,61400.0,94299.7,94382.2,94377.8,93213.0,93213.0,42099.0,53231.7,49025.9,32917.6,32110.9,60476.7,61933.5,9359.5,446.8,58745.5
KONGENS GATE 30,17159.0,108342.0,38864.0,65654.1,1201.8,43280.0,1065.4,26012.8,3038.1,108009.8,25337.6,11206.0,816.5,45385.0,2249.6,34783.6,29660.7,28225.1,3235.9,142435.9,39636.4,251.4,12462.6,36381.0,895.9,60887.9,71072.4,45317.7,60170.1,1086.0,15025.7,34643.7,5392.1,11562.3,29102.8,60873.0,644.9,45080.0,70959.1,18906.6,92147.7,36257.4,3344.2,70380.8,85733.7,33.2,159292.5,159586.5,64096.4,85879.8,51780.2,144181.9,108289.7,65356.2,70753.4,136367.5,85790.5,59794.4,166766.6,92496.7,45349.5,60577.9,993.1,31415.0,71573.4,29310.6,3346.2,3379.1,12240.0,141102.9,5890.1,5813.9,17184.5,3212.3,25441.9,62526.6,125943.8,44949.1,3492.0,696.8,53750.5,27273.8,1423.6,11537.2,65268.1,127385.5,7455.0,11355.3,60670.4,0.0,73119.9,719.6,37112.7,72487.1,8238.7,14364.7,29567.6,11300.8,752.9,11049.3,10891.0,10893.8,128361.5,86797.4,91380.6,108071.4,1118.9,95.4,776.8,74014.8,3531.3,737.8,17765.9,91866.1,70877.7,64082.5,27924.8,149748.9,12548.1,47743.8,61095.7,43877.4,40508.6,9618.3,11814.7,14521.1,61012.4,1863.3,62460.8,62543.3,62538.8,61374.1,61374.1,18910.1,29801.5,12519.0,45149.3,46093.7,572.0,94753.8,69773.4,60860.7,3909.0
"Larsnes, 6098 Nerlandsøy",59121.1,181384.6,84035.4,52937.5,73580.4,94345.0,73444.0,71184.2,70716.6,181267.0,76700.1,81483.4,73195.2,29787.2,74628.3,38921.7,74832.1,61538.0,70719.3,122636.1,90998.9,73384.8,62063.4,81552.4,73274.5,48518.7,49299.9,29834.8,48633.2,73464.6,60197.1,38859.9,69029.1,62138.0,74274.3,47957.0,73182.9,29815.8,37468.8,56600.0,25159.6,39863.9,71225.9,36890.6,71741.9,73615.6,139492.7,139786.7,46141.7,71888.0,102845.3,77193.9,181332.4,7944.8,3765.4,116567.7,71798.7,110859.5,146966.8,25508.7,29844.5,48172.9,72405.3,82777.5,49800.9,74482.1,75724.8,70862.6,62063.4,74114.9,69527.1,67903.5,62356.0,71094.1,58754.8,135236.1,106144.0,29490.1,75870.7,73221.1,20260.2,60586.7,73802.2,63447.6,116630.6,107585.7,66679.2,62443.5,48268.6,73582.4,0.0,72910.9,36433.6,38996.9,65582.6,84642.1,78691.8,62227.6,72964.8,63129.3,62971.0,62973.8,108561.7,138159.8,38682.2,181205.4,73497.5,73390.4,72658.6,125377.3,75909.9,73211.2,55673.0,24878.1,37387.4,46127.8,61237.6,82760.9,61897.0,27921.1,134693.4,30496.0,68222.2,64416.9,62506.4,59692.6,47876.0,74242.0,135170.3,135252.8,135248.3,134083.6,134083.6,56603.5,74973.0,61867.9,30017.7,29211.0,73318.7,27765.8,48000.9,47989.1,71587.6
KEISER WILHELMS GATE 32,16595.9,107778.8,38300.8,65090.9,1085.6,42716.8,949.2,25449.6,2474.9,107446.6,24774.4,10642.8,700.4,44821.8,2133.5,34220.4,29097.5,27661.9,2672.7,141872.7,39073.3,479.6,11899.4,35817.8,779.7,60324.7,70509.2,44754.5,59606.9,969.8,14462.5,34080.6,4828.9,10999.1,28539.6,60309.8,437.9,44516.8,70395.9,18343.5,91584.5,35694.3,2781.0,69817.6,85170.5,805.1,158729.3,159023.4,63533.2,85316.6,51217.0,143618.7,107726.5,64793.0,70190.2,135804.3,85227.3,59231.2,166203.4,91933.5,44786.3,60014.7,440.4,30851.8,71010.2,28747.5,3230.0,2816.0,11676.8,140539.7,5326.9,5250.8,16621.3,2649.2,24878.7,61963.4,125380.6,44386.0,3375.9,580.6,53187.3,26710.6,1307.4,10974.0,64704.9,126822.3,6891.8,10792.1,60107.2,772.0,72556.7,0.0,36549.5,71924.0,7675.5,13801.5,29004.4,10737.7,557.6,10486.1,10327.8,10330.6,127798.3,86234.2,90817.3,107508.2,1002.8,645.5,219.8,73451.6,3415.1,621.7,17202.8,91302.9,70314.5,63519.3,27361.6,149185.7,11984.9,47180.6,60532.5,43314.2,39945.5,9055.1,11251.5,13957.9,60449.3,1747.2,61897.6,61980.1,61975.7,60810.9,60810.9,18346.9,29238.3,11955.8,44586.1,45530.6,678.3,94190.6,69210.2,60297.5,3345.9
"Hjørungavåg, 6092 Fosnavåg",23112.2,123695.6,48026.6,44034.0,37571.5,58336.2,37435.1,35175.3,34707.8,123363.4,40691.2,45474.6,37186.3,8697.1,38619.4,2912.8,38823.3,25529.1,34710.4,113732.6,54990.0,37375.9,26054.5,45543.5,37265.6,39615.1,40396.4,8629.7,39729.7,37455.7,24188.2,2851.0,33020.2,26129.1,38265.4,39053.5,37174.0,8392.1,34271.2,20591.2,55459.7,3855.1,35217.1,33692.9,62838.3,37606.7,130589.2,130883.2,37238.2,62984.5,66836.4,107494.0,123643.3,28668.3,34065.5,107664.2,62895.2,74850.6,138063.3,55808.8,8661.6,39269.4,36396.5,46768.6,40897.4,38473.2,39715.9,34853.7,26054.6,104415.0,33518.2,31894.6,26347.1,35085.2,22745.9,71689.2,97240.4,8261.2,39861.8,37212.2,17062.6,24577.8,37793.3,27438.8,80621.7,98682.1,30670.3,26434.6,39365.1,37573.5,36432.0,36902.1,0.0,35799.2,29573.8,48633.2,42682.9,26218.7,36956.0,27120.4,26962.1,26964.9,99658.1,102150.9,60704.5,123425.0,37488.7,37381.6,36649.8,89368.4,39901.0,37202.3,19664.1,55178.2,34189.8,37224.3,25228.8,113061.0,25888.2,11055.9,70258.3,7189.5,59318.7,28408.1,26497.5,23683.7,38972.5,38233.1,71623.4,71705.9,71701.4,70536.7,70536.7,20594.6,38964.1,25859.1,8461.4,9405.8,37309.9,58065.9,39097.4,39085.6,35578.7
Meny Fosnavåg,58499.3,180762.8,83413.7,52315.8,72958.6,93723.2,72822.2,70562.4,70094.8,180645.3,76078.3,80861.6,72573.4,29165.4,74006.5,38299.9,74210.3,60916.2,70097.5,122014.3,90377.1,72763.0,61441.6,80930.6,72652.7,47896.9,48678.1,29213.0,48011.4,72842.8,59575.3,38238.1,68407.3,61516.2,73652.5,47335.2,72561.1,29194.0,1692.5,55978.3,58021.4,39242.1,70604.1,2290.0,71120.1,72993.8,138870.9,139164.9,45519.9,71266.2,102223.5,110055.6,180710.6,31229.9,36627.2,115945.9,71176.9,110237.7,146345.0,58370.4,29222.7,47551.1,71783.5,82155.7,49179.1,73860.3,75103.0,70240.8,61441.7,106976.7,68905.3,67281.7,61734.2,70472.3,58133.0,134614.3,105522.2,28868.3,75248.9,72599.3,19288.6,59964.9,73180.4,62825.8,116008.8,106963.9,66057.4,61821.7,47646.8,72960.6,38993.6,72289.1,35811.8,0.0,64960.9,84020.3,78070.0,61605.8,72343.0,62507.5,62349.2,62352.0,107939.9,137538.0,68986.2,180583.6,72875.7,72768.6,72036.8,124755.5,75288.1,72589.4,55051.2,57739.9,1642.5,45506.0,60615.8,115622.6,61275.2,27299.3,134071.7,29874.2,67600.4,63795.1,61884.6,59070.8,47254.2,73620.2,134548.5,134631.0,134626.5,133461.8,133461.8,55981.7,74351.2,61246.1,29395.9,28589.2,72696.9,60627.6,47379.1,47367.3,70965.8
LERSTADVEGEN 291,9234.5,100878.2,30939.4,57729.5,8630.6,35518.8,8494.2,18088.2,5766.8,100546.0,17873.8,16533.6,8245.4,37460.4,9678.5,26859.0,21736.1,20300.5,5769.5,134511.3,32172.7,8435.0,4789.9,28456.4,8324.7,52963.3,63147.8,37393.1,52245.5,8514.8,7101.1,26719.2,4079.3,3817.1,21178.2,52948.4,8233.1,37155.5,63034.5,10982.1,84223.1,28332.9,6276.1,62456.2,77809.1,8665.8,151367.9,151661.9,56171.8,77955.2,44019.0,136257.3,100825.9,57431.6,62828.8,128442.9,77865.9,52033.2,158842.0,84572.1,37424.9,52653.3,7455.5,23951.2,63648.8,21386.1,10775.0,5912.8,4776.2,133178.4,4577.3,2551.5,9259.9,6144.3,17517.4,54602.0,118019.2,37024.6,10920.9,8271.3,45825.9,19349.2,8852.4,4073.4,57804.3,119460.9,2806.4,3891.5,52745.8,8632.6,65195.3,7961.1,29188.1,64562.6,0.0,19692.3,22103.8,3555.7,8015.0,3585.5,3427.2,3430.0,120436.9,79333.6,83456.0,100607.6,8547.7,8440.6,7708.8,66551.0,10960.1,8261.4,9841.4,83941.5,62953.1,56157.9,20000.2,141824.3,4623.6,39819.2,53171.1,35952.8,32584.1,1873.1,4350.9,6596.5,53087.9,9292.2,54536.3,54618.7,54614.3,53449.6,53449.6,10985.5,21876.9,4594.4,37224.7,38169.2,8368.9,86829.3,61848.8,52936.1,6637.8
"Giske, 6050 Valderøya",28466.0,119648.9,50171.0,76961.1,14520.2,47049.3,14383.8,37319.7,14345.1,119316.8,36644.6,14975.4,14134.9,56692.0,15568.1,46090.6,40967.7,39532.1,14542.8,153742.9,50943.4,14324.6,23769.6,47687.9,14214.3,72194.9,82379.4,56624.6,71477.1,14404.4,26332.6,45950.7,16699.1,22869.3,40409.8,72180.0,14122.6,56387.0,82266.0,30213.6,103454.6,47564.4,14651.2,81687.8,97040.6,14555.3,170599.5,170893.5,75403.3,97186.8,55549.6,155488.9,119596.7,76663.2,82060.4,147674.4,97097.5,63563.8,178073.6,103803.7,56656.4,71884.9,13345.1,40175.0,82880.3,40617.6,16664.6,14686.1,23547.0,152409.9,17197.1,17120.9,28491.5,14519.3,36748.9,73833.6,137250.7,56256.1,16810.4,14160.9,65057.4,38580.8,14742.0,22844.1,76575.1,138692.4,18761.9,22662.2,71977.3,14522.2,84426.8,13850.7,48419.6,83794.1,19545.7,0.0,40874.5,22607.8,13904.6,22356.3,22198.0,22200.8,139668.4,98104.3,102687.5,119378.4,14437.3,14330.2,13598.4,85321.8,16849.7,14150.9,29072.9,103173.1,82184.7,75389.4,39231.7,161055.9,23855.1,59050.8,72402.7,55184.4,51815.6,20925.2,23121.6,25828.1,72319.4,15181.8,73767.8,73850.3,73845.8,72681.1,72681.1,30217.0,41108.5,23826.0,56456.3,57400.7,14258.5,106060.8,81080.4,72167.7,15216.0
"Solavågen, 6240 Ørskog",22713.3,81265.2,28461.4,71208.3,29639.9,22891.3,29503.5,15610.1,26776.1,80933.1,5246.3,28594.0,29254.6,50939.2,30687.8,40337.8,19258.0,33779.3,26778.8,141637.2,12559.7,29444.3,19369.8,25978.3,29334.0,66442.1,76626.6,50871.9,65724.3,29524.1,18861.6,40198.0,25088.6,19361.0,18700.2,66427.2,29242.3,50634.3,76513.3,24460.9,97701.9,41811.7,27285.4,75935.1,91287.9,29675.0,158493.8,158787.9,69650.6,91434.0,31391.5,149736.1,81212.9,70910.4,76307.6,135568.8,91344.7,39405.7,165967.9,98050.9,50903.7,66132.1,28464.8,7075.9,77127.6,18908.0,31784.3,26922.0,19147.2,146657.1,25586.6,24372.0,16637.1,27153.5,30996.2,52123.9,125145.1,50503.4,31930.1,29280.6,59304.7,32828.0,29861.7,18079.9,38191.3,132939.7,23786.3,18964.1,66224.6,29641.9,78674.1,28970.4,42666.9,78041.4,22051.2,40701.6,0.0,20051.6,29024.3,19188.8,19030.4,19033.2,138566.3,59720.6,96934.8,80994.7,29557.0,29449.9,28718.1,46938.1,31969.4,29270.6,23320.2,97420.3,76431.9,69636.7,33479.0,155303.1,19253.6,53298.0,50693.0,49431.6,46062.9,21437.1,18569.0,19192.4,66566.7,30301.5,52058.2,52140.7,52136.2,50971.5,50971.5,24464.3,19398.9,19282.7,50703.5,51648.0,29378.2,100308.1,75327.6,66414.9,27647.0
"HIG, 6010 Ålesund",5885.0,99081.5,27590.0,54380.1,11669.5,33722.1,11533.1,14738.8,8805.8,98749.4,16077.2,19572.6,11284.3,34111.0,12717.4,23509.6,18386.7,16951.1,8808.4,131161.9,30376.0,11473.9,1440.5,25107.0,11363.6,49613.9,59798.4,34043.7,48896.1,11553.7,3751.7,23369.8,7118.2,1103.6,17828.8,49599.0,11272.0,33806.0,59685.1,7632.7,80873.7,24983.4,9315.1,59106.8,74459.7,11704.7,148018.5,148312.5,52822.4,74605.8,42222.4,132907.9,99029.3,54082.2,59479.4,125093.5,74516.5,50236.6,155492.6,81222.7,34075.5,49303.9,10494.4,22154.6,60299.4,18036.6,13813.9,8951.7,1440.5,129828.9,7616.2,5882.2,5910.5,9183.2,14167.9,51252.6,114669.8,33675.2,13959.8,11310.2,42476.5,15999.8,11891.3,2388.8,56007.7,116111.5,4657.9,1409.1,49396.4,11671.5,61845.9,11000.1,25838.7,61213.2,3561.3,22731.2,20307.1,0.0,11054.0,2506.4,2348.1,2350.9,117087.5,77536.9,80106.6,98811.0,11586.7,11479.6,10747.8,64754.4,13999.0,11300.3,6492.0,80592.1,59603.7,52808.5,16650.8,138474.9,1274.1,36469.8,49821.7,32603.4,29234.7,2395.6,1472.1,3247.1,49738.5,12331.1,51186.8,51269.3,51264.9,50100.1,50100.1,7636.1,18527.5,1245.0,33875.3,34819.8,11407.9,83479.8,58499.4,49586.7,9676.7
KORSEGATA 4,16949.9,108132.8,38654.8,65444.9,763.2,43070.8,626.8,25803.6,2828.9,107800.6,25128.4,10996.8,378.0,45175.8,1811.1,34574.4,29451.5,28015.9,3026.7,142226.7,39427.3,421.9,12253.4,36171.8,457.3,60678.7,70863.2,45108.5,59960.9,647.4,14816.5,34434.6,5182.9,11353.1,28893.6,60663.8,397.3,44870.8,70749.9,18697.5,91938.5,36048.3,3135.0,70171.6,85524.5,652.7,159083.3,159377.4,63887.2,85670.6,51571.0,143972.7,108080.5,65147.0,70544.2,136158.3,85581.3,59585.2,166557.4,92287.5,45140.3,60368.7,895.5,31205.8,71364.2,29101.5,2907.6,3170.0,12030.8,140893.7,5680.9,5604.8,16975.3,3003.2,25232.7,62317.4,125734.6,44740.0,3053.5,258.2,53541.3,27064.6,985.0,11328.0,65058.9,127176.3,7245.8,11146.1,60461.2,619.5,72910.7,622.1,36903.5,72278.0,8029.5,14155.5,29358.4,11091.7,0.0,10840.1,10681.8,10684.6,128152.3,86588.2,91171.3,107862.2,680.3,641.9,679.3,73805.6,3092.7,299.3,17556.8,91656.9,70668.5,63873.3,27715.6,149539.7,12338.9,47534.6,60886.5,43668.2,40299.5,9409.1,11605.5,14311.9,60803.3,1424.8,62251.6,62334.1,62329.7,61164.9,61164.9,18700.9,29592.3,12309.8,44940.1,45884.6,355.9,94544.6,69564.2,60651.5,3699.9
POSTVEGEN 11,6833.5,98016.4,28538.5,55328.6,11174.9,32657.1,11038.5,15687.2,8311.1,97684.3,15012.1,19077.9,10789.7,35059.5,12222.8,24458.1,19335.2,17899.6,8313.8,132110.4,29310.9,10979.3,2137.1,26055.4,10869.0,50562.4,60746.9,34992.1,49844.6,11059.1,4700.1,24318.2,6623.6,1426.7,18777.3,50547.5,10777.4,34754.5,60633.5,8581.1,81822.1,25931.9,8820.4,60055.3,75408.1,11210.1,148967.0,149261.0,53770.9,75554.3,41157.3,133856.4,97964.2,55030.7,60427.9,126041.9,75465.0,49171.5,156441.1,82171.2,35024.0,50252.4,9999.8,21089.5,61247.9,18985.1,13319.3,8457.1,1914.5,130777.4,7121.6,5907.1,6859.0,8688.6,15116.4,52201.1,115618.2,34623.6,13465.2,10815.6,43424.9,16948.3,11396.7,1211.7,54942.6,117059.9,5899.1,1029.7,50344.8,11176.9,62794.4,10505.5,26787.1,62161.6,3586.2,22236.6,19242.1,2117.2,10559.4,0.0,222.2,194.5,118036.0,76471.8,81055.0,97745.9,11092.0,10984.9,10253.1,63689.3,13504.4,10805.7,7440.4,81540.6,60552.2,53756.9,17599.2,139423.4,2222.6,37418.3,50770.2,33551.9,30183.1,3502.7,1489.2,4195.6,50686.9,11836.5,52135.3,52217.8,52213.3,51048.6,51048.6,8584.5,19476.0,2193.5,34823.8,35768.2,10913.2,84428.3,59447.9,50535.2,9182.1
POSTVEGEN 17,6675.2,97858.1,28380.2,55170.2,11016.6,32498.7,10880.2,15528.9,8152.8,97526.0,14853.8,18919.6,10631.3,34901.2,12064.5,24299.8,19176.8,17741.2,8155.5,131952.0,29152.6,10821.0,1978.8,25897.1,10710.7,50404.1,60588.5,34833.8,49686.2,10900.8,4541.8,24159.9,6465.3,1268.3,18619.0,50389.1,10619.0,34596.2,60475.2,8422.8,81663.8,25773.6,8662.1,59897.0,75249.8,11051.7,148808.7,149102.7,53612.5,75395.9,40998.9,133698.1,97805.8,54872.3,60269.6,125883.6,75306.7,49013.2,156282.7,82012.8,34865.6,50094.1,9841.5,20931.2,61089.5,18826.8,13161.0,8298.7,1756.2,130619.1,6963.3,5748.7,6700.7,8530.2,14958.1,52042.7,115459.9,34465.3,13306.8,10657.3,43266.6,16789.9,11238.4,1053.3,54784.2,116901.6,5740.7,871.4,50186.5,11018.6,62636.0,10347.1,26628.8,62003.3,3427.9,22078.3,19083.7,1958.9,10401.0,222.2,0.0,48.6,117877.6,76313.5,80896.7,97587.6,10933.7,10826.6,10094.8,63531.0,13346.1,10647.3,7282.1,81382.3,60393.9,53598.6,17440.9,139265.0,2064.3,37260.0,50611.8,33393.6,30024.8,3344.4,1330.8,4037.3,50528.6,11678.2,51977.0,52059.4,52055.0,50890.3,50890.3,8426.2,19317.7,2035.2,34665.4,35609.9,10754.9,84270.0,59289.5,50376.9,9023.7
POSTVEGEN 15,6678.0,97860.9,28383.0,55173.0,11019.4,32501.5,10883.0,15531.7,8155.6,97528.8,14856.6,18922.4,10634.1,34904.0,12067.3,24302.6,19179.6,17744.0,8158.3,131954.8,29155.4,10823.8,1981.6,25899.9,10713.5,50406.9,60591.3,34836.6,49689.0,10903.6,4544.6,24162.7,6468.1,1271.1,18621.8,50391.9,10621.8,34599.0,60478.0,8425.6,81666.6,25776.4,8664.9,59899.8,75252.6,11054.6,148811.5,149105.5,53615.3,75398.8,41001.7,133700.9,97808.6,54875.1,60272.4,125886.4,75309.5,49016.0,156285.5,82015.7,34868.4,50096.9,9844.3,20934.0,61092.3,18829.6,13163.8,8301.5,1759.0,130621.9,6966.1,5751.5,6703.5,8533.0,14960.9,52045.5,115462.7,34468.1,13309.7,10660.1,43269.4,16792.7,11241.2,1056.1,54787.1,116904.4,5743.5,874.2,50189.3,11021.4,62638.8,10349.9,26631.6,62006.1,3430.7,22081.1,19086.5,1961.7,10403.8,194.5,48.6,0.0,117880.4,76316.3,80899.5,97590.4,10936.5,10829.4,10097.6,63533.8,13348.9,10650.1,7284.9,81385.1,60396.7,53601.4,17443.7,139267.8,2067.1,37262.8,50614.6,33396.4,30027.6,3347.2,1333.6,4040.1,50531.4,11681.0,51979.8,52062.2,52057.8,50893.1,50893.1,8429.0,19320.5,2038.0,34668.2,35612.7,10757.7,84272.8,59292.3,50379.7,9026.5
"Nordfjordeid, 6770 Nordfjordeid",94096.1,121047.0,116612.4,65990.3,108555.3,129320.0,108419.0,122984.3,105691.6,120929.4,111675.0,116458.4,108170.1,71157.6,109603.2,80292.0,119642.2,100917.7,105694.2,62298.5,125973.9,108359.7,97038.3,112574.7,108249.5,48276.6,40927.8,71205.2,48391.2,108439.6,95172.1,80230.3,104004.1,97113.0,120077.4,47715.0,108157.8,71186.2,84651.7,89912.6,66703.6,81234.3,106200.9,84073.4,72555.2,108590.5,79155.1,79449.1,44743.1,72701.3,137820.2,54958.9,120994.7,79048.8,84446.0,56230.1,72612.1,145834.4,50163.4,82044.4,71214.9,47930.9,107380.3,117752.4,40752.4,119912.8,110699.8,105837.5,97038.4,51880.0,104502.1,102878.5,97330.9,106069.0,98134.5,91657.5,45806.4,70860.5,110845.6,108196.0,67443.1,99966.4,108777.2,98422.6,151605.5,1262.5,101654.1,97418.4,48026.6,108557.4,86812.5,107885.9,77804.0,86179.8,100557.6,119617.1,113666.8,97202.6,107939.8,98104.3,97945.9,97948.7,0.0,149889.9,60109.8,120867.8,108472.5,108365.4,107633.6,99187.0,110884.9,108186.1,90647.9,66422.0,84570.3,44729.2,100617.3,60526.0,96872.0,69291.5,91114.8,71866.4,67980.2,99391.9,97481.4,94667.5,47634.0,109216.9,91591.7,91674.2,91669.7,90505.0,90505.0,89916.0,119953.5,96842.9,71388.1,70581.4,108293.7,69309.8,40016.2,47747.1,106562.5
Nærbutikken Norddal,81988.3,29292.6,51416.4,113933.5,86860.2,77302.3,86723.8,74172.1,83996.5,28960.5,62466.7,83005.0,86475.0,110214.2,87908.1,99612.8,54446.2,93054.3,83999.1,121041.3,47433.9,86664.6,76590.2,47378.7,86554.3,125717.1,107382.6,110146.9,124999.3,86744.4,77423.6,99473.0,82308.9,76581.4,54881.4,125702.2,86462.7,109909.3,135788.3,83735.9,215642.0,101086.7,84505.8,135210.1,83341.6,86895.4,137898.0,138192.0,114563.4,83175.4,90099.5,203897.4,29240.4,130185.4,135582.6,114972.9,83202.1,82097.6,145372.1,157325.9,110178.7,125407.1,85685.2,57320.2,107207.2,54716.8,89004.6,84142.4,76367.6,200818.4,82806.9,81592.4,75199.1,84373.9,90271.2,21517.6,104248.0,109778.4,89150.5,86500.9,118579.7,92103.0,87082.1,75300.2,70020.0,149665.5,81006.7,76184.5,125499.6,86862.2,137949.1,86190.8,101941.9,137316.4,79271.6,97921.9,59743.4,77271.9,86244.7,76409.1,76250.8,76253.6,149884.6,0.0,130407.2,29022.1,86777.4,86670.3,85938.5,17352.5,89189.7,86491.0,82595.2,215360.5,135706.9,114549.5,92754.0,209464.4,76473.9,112573.1,23331.4,108706.6,105337.9,78657.5,75789.4,79350.3,125841.7,87521.8,21478.3,21314.3,21309.8,22751.7,22751.7,83739.3,54757.5,76503.1,109978.5,110923.0,86598.6,218248.2,108571.0,125689.9,84867.4
Nærbutikken Rovde,77020.7,155260.8,94977.9,35620.2,91480.0,112244.7,91343.6,87004.2,88616.2,155143.2,94599.7,99383.0,91094.8,54082.2,92527.9,63216.7,83662.0,83842.3,88618.9,96512.3,108898.5,91284.4,79963.0,89162.9,91174.1,31201.3,23852.5,54129.8,31315.8,91364.2,78096.7,63154.9,86928.7,80037.6,84097.2,30639.7,91082.5,54110.9,67576.3,72837.2,28451.6,64159.0,89125.6,66998.1,48619.8,91515.2,113368.9,113662.9,27667.8,48766.0,120744.9,80485.9,155208.5,40495.1,34999.8,90443.8,48676.7,128759.1,120843.0,41954.9,54139.6,30855.6,90304.9,100677.1,23677.1,83932.6,93624.4,88762.2,79963.1,77406.9,87426.7,85803.1,80255.6,88993.7,81059.2,109112.2,80020.1,53785.1,93770.3,91120.7,50367.7,82891.0,91701.8,81347.2,134530.2,91818.4,84578.8,80343.1,30951.3,91482.0,38682.2,90810.6,60728.7,69104.4,83482.3,102541.7,96591.4,80127.2,90864.5,81028.9,80870.6,80873.4,92139.8,130354.3,0.0,155081.6,91397.2,91290.1,90558.2,116641.8,93809.5,91110.8,73572.6,28170.1,67495.0,27653.8,83542.0,86052.9,79796.7,52216.2,108569.6,54791.1,50904.9,82316.6,80406.0,77592.2,30558.7,92141.6,109046.5,109129.0,109124.5,107959.8,107959.8,72840.7,83973.3,79767.5,54312.8,53506.0,91218.3,31057.8,22940.9,30671.8,89487.2
Olebuda,103364.8,270.5,72792.9,138628.7,108236.8,98678.8,108100.4,95548.7,105373.0,61.6,83843.3,104381.6,107851.6,131590.8,109284.7,120989.4,75822.7,114430.9,105375.7,92019.2,68810.5,108041.2,97966.7,68755.3,107930.9,141022.1,132077.9,131523.4,140861.5,108121.0,98800.1,120849.5,103685.5,97958.0,76257.9,140420.2,107839.3,131285.8,179167.1,105112.4,186619.9,122463.2,105882.3,178588.9,145193.6,108272.0,108875.9,109169.9,139258.6,145339.7,111476.1,174875.3,218.3,173564.3,178961.5,85950.8,145250.4,103474.1,116350.0,201960.7,131555.3,140676.4,107061.7,78696.8,131902.5,76093.4,110381.2,105519.0,97744.1,171796.3,104183.5,102969.0,96575.7,105750.4,111647.7,42894.2,75225.9,131154.9,110527.1,107877.5,161958.6,113479.6,108458.6,96676.8,91396.6,120643.4,102383.2,97561.0,140287.3,108238.8,181328.0,107567.3,123318.4,180695.2,100648.1,119298.5,81120.0,98648.5,107621.2,97785.7,97627.3,97630.2,120862.5,29022.1,155102.4,0.0,108153.9,108046.8,107315.0,38729.1,110566.3,107867.6,103971.7,186338.4,179085.8,139244.7,114130.5,180442.3,97850.5,163807.0,44708.0,130083.2,126714.4,100034.0,97165.9,100726.9,140416.3,108898.4,42854.8,42690.9,42686.4,44128.3,44128.3,105115.9,76134.1,97879.6,131355.1,132299.5,107975.1,189226.1,133266.2,140510.1,106243.9
Quality Hotel Waterfront,17234.4,108417.3,38939.3,65729.4,622.4,43355.3,356.5,26088.1,3113.4,108085.1,25412.9,11281.3,347.7,45460.3,1130.7,34858.9,29736.0,28300.4,3311.2,142511.2,39711.8,873.2,12537.9,36456.3,257.5,60963.2,71147.7,45393.0,60245.4,251.2,15101.0,34719.1,5467.4,11637.6,29178.1,60948.3,848.6,45155.3,71034.4,18982.0,92223.0,36332.8,3419.5,70456.1,85809.0,1103.9,159367.8,159661.9,64171.7,85955.1,51855.5,144257.2,108365.0,65431.5,70828.7,136442.8,85865.8,59869.7,166841.9,92572.0,45424.8,60653.2,1164.4,31490.3,71648.7,29386.0,2227.3,3454.5,12315.3,141178.2,5965.4,5889.3,17259.8,3287.7,25517.2,62601.9,126019.1,45024.5,2373.1,422.1,53825.8,27349.1,304.7,11612.5,65343.4,127460.8,7530.3,11430.6,60745.7,1070.8,73195.2,803.8,37188.0,72562.5,8314.0,14440.0,29642.9,11376.2,608.5,11124.6,10966.3,10969.1,128436.8,86872.7,91455.8,108146.7,0.0,1093.1,940.4,74090.1,2412.4,381.1,17841.3,91941.4,70953.0,64157.8,28000.1,149824.2,12623.4,47819.1,61171.0,43952.7,40584.0,9693.6,11890.0,14596.4,61087.8,744.4,62536.1,62618.6,62614.2,61449.4,61449.4,18985.4,29876.8,12594.3,45224.6,46169.1,807.1,94829.1,69848.7,60936.0,3984.4
SORENSKRIVER BULLS GATE 7,17158.9,108341.9,38863.9,65654.0,1170.2,43279.9,1033.9,26012.7,3038.0,108009.7,25337.5,11205.9,785.0,45384.9,2218.1,34783.5,29660.6,28225.0,3235.8,142435.8,39636.3,251.3,12462.5,36380.9,864.4,60887.8,71072.3,45317.6,60170.0,1054.5,15025.6,34643.7,5392.0,11562.2,29102.7,60872.9,644.8,45079.9,70959.0,18906.6,92147.6,36257.3,3344.1,70380.7,85733.6,185.5,159292.4,159586.4,64096.3,85879.7,51780.1,144181.8,108289.6,65356.1,70753.3,136367.4,85790.4,59794.3,166766.5,92496.6,45349.4,60577.8,993.0,31414.9,71573.3,29310.5,3314.7,3379.0,12239.9,141102.8,5890.0,5813.9,17184.4,3212.2,25441.8,62526.5,125943.7,44949.0,3460.5,665.3,53750.4,27273.7,1392.1,11537.1,65268.0,127385.4,7454.9,11355.2,60670.3,152.3,73119.8,719.5,37112.6,72487.1,8238.6,14364.6,29567.5,11300.7,721.4,11049.2,10890.9,10893.7,128361.4,86797.3,91380.4,108071.3,1087.4,0.0,776.7,74014.7,3499.8,706.3,17765.9,91866.0,70877.6,64082.4,27924.7,149748.8,12548.0,47743.7,61095.6,43877.3,40508.5,9618.2,11814.6,14521.0,61012.4,1831.8,62460.7,62543.2,62538.8,61374.0,61374.0,18910.0,29801.4,12518.9,45149.2,46093.7,540.5,94753.7,69773.3,60860.6,3909.0
RÅDSTUGATA 3B,16439.6,107622.5,38144.6,64934.7,1003.0,42560.6,866.6,25293.3,2318.7,107290.4,24618.2,10486.6,617.8,44665.6,2050.9,34064.2,28941.3,27505.7,2516.4,141716.4,38917.0,615.5,11743.2,35661.5,697.1,60168.5,70353.0,44598.2,59450.7,887.2,14306.2,33924.3,4672.7,10842.9,28383.4,60153.6,573.8,44360.6,70239.6,18187.2,91428.2,35538.0,2624.8,69661.4,85014.2,1038.2,158573.1,158867.1,63377.0,85160.4,51060.8,143462.5,107570.3,64636.8,70034.0,135648.0,85071.1,59075.0,166047.2,91777.3,44630.0,59858.5,273.6,30695.6,70854.0,28591.2,3147.4,2659.7,11520.6,140383.5,5170.7,5094.5,16465.1,2492.9,24722.5,61807.2,125224.3,44229.7,3293.3,643.7,53031.0,26554.4,1224.8,10817.8,64548.7,126666.0,6735.6,10635.8,59950.9,1005.0,72400.4,333.5,36393.2,71767.7,7519.3,13645.3,28848.2,10581.4,387.4,10329.9,10171.6,10174.4,127642.0,86077.9,90661.1,107352.0,920.1,781.4,0.0,73295.4,3332.5,633.8,17046.5,91146.7,70158.3,63363.0,27205.3,149029.5,11828.7,47024.4,60376.3,43158.0,39789.2,8898.8,11095.3,13801.7,60293.0,1664.6,61741.4,61823.9,61819.4,60654.7,60654.7,18190.6,29082.1,11799.6,44429.9,45374.3,741.3,94034.4,69054.0,60141.3,3189.6
"Rekkedal, 6210 Valldal",69229.6,38893.4,37700.1,100217.2,74101.5,64543.6,73965.1,61413.4,71237.8,38561.3,49708.0,70246.3,73716.3,97455.5,75149.4,86854.1,40729.9,80295.6,71240.4,102277.5,34675.2,73905.9,63831.5,33662.5,73795.6,112958.5,93666.4,97388.2,112240.6,73985.7,64664.9,86714.3,69550.2,63822.7,41165.1,112943.5,73704.0,97150.6,123029.6,70977.2,145051.6,88328.0,71747.1,122451.4,69625.4,74136.7,119134.2,119428.2,100847.1,69459.2,77340.8,153219.4,38841.1,117426.7,122823.9,96209.1,69485.8,69338.9,126608.3,144567.2,97420.0,112648.5,72926.5,44561.5,93491.0,41000.6,76245.9,71383.7,63608.9,150140.4,70048.3,68833.7,62440.4,71615.2,77512.5,7801.4,85785.4,97019.7,76391.8,73742.2,105821.0,79344.3,74323.4,62541.5,57261.3,98987.6,68248.0,63425.8,112740.9,74103.6,125190.4,73432.1,89183.2,124557.7,66512.9,85163.2,46984.8,64513.2,73486.0,63650.4,63492.1,63494.9,99206.7,17348.8,116690.9,38622.9,74018.7,73911.6,73179.8,0.0,76431.1,73732.3,69836.5,144770.1,122948.2,100833.2,79995.3,158786.4,63715.3,99814.4,9615.2,95947.9,92579.2,65898.8,63030.7,66591.6,113083.0,74763.1,7762.0,7598.0,7593.6,9035.5,9035.5,70980.6,41041.2,63744.4,97219.8,98164.3,73839.9,147657.8,94854.7,112931.3,72108.7
OLE THORESENS GATE 16,19644.9,110827.8,41349.9,68139.9,2966.6,45765.8,2692.3,28498.6,5524.0,110495.7,27823.4,13691.9,2758.2,47870.9,1318.4,37269.5,32146.5,30710.9,5721.7,144921.7,42122.3,3283.7,14948.5,38866.8,2668.0,63373.8,73558.2,47803.5,62655.9,2595.4,17511.5,37129.6,7877.9,14048.1,31588.7,63358.8,3259.1,47565.9,73444.9,21392.5,94633.5,38743.3,5830.1,72866.7,88219.5,3514.5,161778.4,162072.4,66582.2,88365.6,54266.1,146667.7,110775.6,67842.0,73239.3,138853.3,88276.4,62280.3,169252.4,94982.5,47835.3,63063.8,3574.9,33900.8,74059.2,31796.5,495.1,5865.0,14725.9,143588.8,8375.9,8299.8,19670.4,5698.2,27927.8,65012.4,128429.6,47435.0,887.4,2832.7,56236.3,29759.6,2105.9,14023.0,67753.9,129871.3,9940.8,13841.1,63156.2,3481.3,75605.7,3214.3,39598.5,74973.0,10724.5,16850.5,32053.4,13786.7,3019.0,13535.2,13376.8,13379.6,130847.3,89283.2,93866.4,110557.3,2410.5,3503.6,3350.9,76500.7,0.0,2791.6,20251.8,94352.0,73363.5,66568.3,30410.6,152234.7,15034.0,50229.7,63581.5,46363.3,42994.5,12104.1,14300.5,17007.0,63498.3,2054.2,64946.7,65029.1,65024.7,63860.0,63860.0,21395.9,32287.4,15004.9,47635.1,48579.6,3217.6,97239.7,72259.2,63346.6,6394.9
RASMUS RØNNEBERGS GATE 4,16948.0,108130.9,38652.9,65443.0,463.9,43068.9,327.5,25801.7,2827.0,107798.8,25126.5,10995.0,78.7,45174.0,1511.8,34572.6,29449.6,28014.0,3024.8,142224.8,39425.4,492.1,12251.6,36169.9,158.0,60676.9,70861.3,45106.6,59959.0,348.1,14814.6,34432.7,5181.0,11351.2,28891.8,60661.9,467.5,44869.0,70748.0,18695.6,91936.6,36046.4,3133.2,70169.8,85522.6,722.9,159081.5,159375.5,63885.3,85668.7,51569.1,143970.8,108078.6,65145.1,70542.3,136156.4,85579.5,59583.4,166555.5,92285.6,45138.4,60366.9,965.7,31203.9,71362.3,29099.6,2608.3,3168.1,12029.0,140891.9,5679.0,5602.9,16973.5,3001.3,25230.9,62315.5,125732.7,44738.1,2754.2,41.0,53539.4,27062.7,685.8,11326.1,65057.0,127174.4,7243.9,11144.2,60459.3,689.7,72908.8,517.4,36901.6,72276.1,8027.6,14153.6,29356.5,11089.8,322.1,10838.3,10679.9,10682.7,128150.4,86586.3,91169.5,107860.4,381.1,712.0,749.4,73803.8,2793.5,0.0,17554.9,91655.1,70666.6,63871.4,27713.7,149537.8,12337.1,47532.8,60884.6,43666.4,40297.6,9407.2,11603.6,14310.0,60801.4,1125.5,62249.8,62332.2,62327.8,61163.1,61163.1,18699.0,29590.5,12308.0,44938.2,45882.7,426.0,94542.8,69562.3,60649.7,3698.0
SOLAVÅGSEIDET 76,3448.1,104031.5,28362.5,47888.1,17907.4,38672.1,17771.0,15511.3,15043.7,103699.3,21027.1,25810.5,17522.2,27619.1,18955.3,17017.7,19159.2,10459.2,15046.3,124669.9,35325.9,17711.8,6390.4,25879.4,17601.5,43122.0,53306.4,27551.7,42404.1,17791.6,4524.1,16877.8,13356.1,6465.0,18601.3,43107.0,17509.9,27314.1,53193.1,1140.7,74381.7,18491.5,15553.0,52614.9,67967.7,17942.6,141526.6,141820.6,46330.4,68113.9,47172.3,126416.0,103979.2,47590.2,52987.5,118601.5,68024.6,55186.5,149000.7,74730.8,27583.5,42812.0,16732.4,27104.5,53807.4,18809.1,20051.8,15189.6,6390.5,123337.0,13854.2,12230.5,6683.0,15421.1,7676.0,52025.1,108177.8,27183.2,20197.7,17548.1,35984.5,9507.9,18129.3,7774.7,60957.6,109619.5,11006.2,6770.5,42904.4,17909.4,55353.9,17238.0,19346.7,54721.2,9909.7,28969.1,23018.8,6554.6,17291.9,7456.3,7298.0,7300.8,110595.5,82486.9,73614.6,103760.9,17824.6,17717.5,16985.7,69704.3,20237.0,17538.2,0.0,74100.2,53111.8,46316.5,10158.8,131983.0,6224.1,29977.9,50594.2,26111.5,22742.7,8744.0,6833.4,4019.6,43246.5,18569.0,51959.3,52041.8,52037.3,50872.6,50872.6,1144.1,19300.0,6195.0,27383.4,28327.8,17645.8,76987.9,52007.4,43094.8,15914.6
Spar Fiskåbygd,77878.5,186536.6,123068.2,63710.5,92337.7,113102.4,92201.3,89941.6,89474.0,186419.0,95457.4,100240.8,91952.5,48544.6,93385.6,57679.0,111752.2,80295.3,89476.6,127788.0,109756.3,92142.1,80820.7,117253.2,92031.9,59291.6,51942.7,48592.2,59406.1,92222.0,78954.5,57617.3,87786.5,80895.4,112187.5,58729.9,91940.2,48573.2,56226.2,75357.4,413.7,58621.3,89983.3,55647.9,76710.1,92372.9,144644.7,144938.7,55758.0,76856.2,121602.6,54692.1,186484.3,26702.1,21206.8,121719.6,76766.9,129616.8,116107.3,15789.8,48601.9,58945.8,91162.7,101534.8,51767.3,112022.9,94482.2,89619.9,80820.8,51613.2,88284.5,86660.9,81113.3,89851.4,77512.2,137202.5,111295.9,48247.5,94628.0,91978.4,39017.6,79344.0,92559.6,82205.0,135387.9,66024.6,85436.5,81200.8,59041.5,92339.8,24889.2,91668.3,55191.0,57754.3,84340.0,103399.5,97449.2,80984.9,91722.2,81886.7,81728.3,81731.1,66346.0,215379.5,28181.2,186357.4,92254.9,92147.8,91416.0,144732.1,94667.3,91968.5,74430.3,0.0,56144.8,55744.1,79995.0,60259.1,80654.4,46678.5,136659.9,49253.4,78995.2,83174.3,81263.8,78449.9,58648.9,92999.3,137136.7,137219.2,137214.8,136050.0,136050.0,75360.8,112063.6,80625.3,48775.1,47968.3,92076.1,3055.2,51031.1,58762.0,90344.9
Spar Fosnavåg,56889.9,179153.4,81804.2,50706.3,71349.1,92113.8,71212.7,68953.0,68485.4,179035.8,74468.8,79252.2,70963.9,27556.0,72397.0,36690.4,72600.9,59306.7,68488.0,120404.9,88767.7,71153.5,59832.1,79321.2,71043.3,46287.4,47068.7,27603.5,46402.0,71233.4,57965.9,36628.7,66797.9,59906.8,72043.0,45725.8,70951.6,27584.6,137.1,54368.8,56411.9,37632.7,68994.7,680.6,69510.6,71384.3,137261.5,137555.5,43910.5,69656.8,100614.0,108446.2,179101.1,29620.5,35017.7,114336.4,69567.5,108628.2,144735.6,56761.0,27613.3,45941.7,70174.1,80546.2,47569.6,72250.8,73493.6,68631.3,59832.2,105367.2,67295.9,65672.3,60124.7,68862.8,56523.6,133004.8,103912.7,27258.9,73639.4,70989.8,17679.1,58355.4,71571.0,61216.4,114399.3,105354.4,64447.9,60212.2,46037.4,71351.2,37384.2,70679.7,34202.4,1642.5,63351.4,82410.9,76460.6,59996.3,70733.6,60898.1,60739.7,60742.5,106330.4,135928.6,67376.8,178974.2,71266.3,71159.2,70427.4,123146.0,73678.7,70979.9,53441.7,56130.4,0.0,43896.6,59006.4,114013.2,59665.8,25689.9,132462.2,28264.8,65991.0,62185.7,60275.2,57461.3,45644.8,72010.7,132939.1,133021.6,133017.1,131852.4,131852.4,54372.2,72741.7,59636.7,27786.5,26979.7,71087.5,59018.1,45769.7,45757.9,69356.3
Spar Hovdebygda,49705.5,139467.4,67662.7,8305.0,64164.8,84929.5,64028.4,59689.0,61301.1,139349.9,67284.5,72067.9,63779.6,30507.3,65212.7,39641.8,56346.8,56527.1,61303.7,80718.9,81583.4,63969.2,52647.8,61847.8,63859.0,3886.1,7382.7,30554.9,4000.7,64049.1,50781.5,39580.0,59613.6,52722.4,56782.0,3324.5,63767.3,30535.9,44001.4,45522.1,56051.5,40584.0,61810.4,43423.2,27109.3,64200.0,97575.5,97869.6,267.3,27255.5,93429.7,119900.3,139415.2,38398.5,43795.7,74650.5,27166.2,101443.9,105049.6,69554.7,30564.6,3540.4,62989.8,73361.9,7883.7,56617.5,66309.3,61447.0,52647.9,116821.3,60111.6,58487.9,52940.4,61678.5,53744.0,93318.9,64226.8,30210.2,66455.1,63805.5,26792.8,55575.8,64386.7,54032.1,107215.0,65668.5,57263.6,53027.9,3636.1,64166.9,46162.2,63495.4,37153.7,45529.5,56167.1,75226.6,69276.3,52812.0,63549.3,53713.7,53555.4,53558.2,66644.5,114561.0,27690.9,139288.2,64082.0,63974.9,63243.1,100848.4,66494.4,63795.6,46257.4,55770.0,43920.0,0.0,56226.8,125467.3,52481.5,28641.2,92776.2,31216.1,23589.7,55001.4,53090.8,50277.0,3243.5,64826.4,93253.1,93335.6,93331.1,92166.4,92166.4,45525.5,56658.1,52452.4,30737.8,29931.1,63903.2,58657.7,6083.7,3356.6,62172.0
Spar Langevåg,13613.0,114196.4,38527.4,57839.4,28072.3,48837.0,27935.9,25676.1,25208.6,113864.2,31192.0,35975.4,27687.1,33158.1,29120.2,22556.7,29324.1,702.3,25211.2,134621.2,45490.8,27876.7,16555.3,36044.3,27766.4,53073.3,63257.7,33090.7,52355.4,27956.5,14689.0,22416.8,23521.0,16629.9,28766.2,53058.3,27674.8,32853.1,58732.1,11092.0,79920.7,24030.5,25717.9,58153.9,77919.0,28107.5,151477.9,151771.9,56281.7,78065.1,57337.2,131955.0,114144.1,53129.3,58526.5,128552.8,77975.9,65351.4,158951.9,80269.8,33122.5,52763.3,26897.3,37269.4,63758.7,28974.0,30216.7,25354.5,16555.4,128876.0,24019.0,22395.4,16847.9,25586.0,2646.1,62190.0,118129.1,32722.2,30362.6,27713.0,41523.5,664.0,28294.1,17939.6,71122.5,119570.8,21171.1,16935.4,52855.7,28074.3,60893.0,27402.9,24885.7,60260.2,20074.6,39134.0,33183.7,16719.5,27456.8,17621.2,17462.9,17465.7,120546.8,92651.8,83565.9,113925.8,27989.5,27882.4,27150.6,79869.2,30401.8,27703.1,10164.9,79639.2,58650.8,56267.8,0.0,137522.0,16389.0,35516.9,60759.1,31650.5,32694.0,18908.9,16998.3,14184.5,53197.8,28733.9,62124.2,62206.7,62202.2,61037.5,61037.5,11095.4,29464.9,16359.9,32922.4,33866.8,27810.7,82526.9,61958.7,53046.1,26079.5
Spar Raudeberg,153528.2,180632.2,176197.5,124847.1,167987.5,188752.2,167851.1,182569.5,165123.8,180514.6,171107.2,175890.6,167602.3,106421.4,169035.4,115555.8,179227.4,160349.9,165126.4,121883.6,185406.1,167791.9,156470.5,172159.9,167681.6,107708.8,100360.0,106468.9,107823.4,167871.8,154604.2,115494.0,163436.2,156545.1,179662.6,107147.2,167590.0,106450.0,114103.0,149344.8,60559.2,116498.1,165633.1,113524.7,131412.0,168022.7,138740.3,139034.3,104175.3,131558.2,197252.4,21083.3,180579.9,84578.9,79083.6,115815.2,131468.9,205266.6,110202.9,75900.0,106478.7,107363.1,166812.5,177184.6,100184.6,179498.0,170131.9,165269.7,156470.6,8833.0,163934.3,162310.6,156763.1,165501.2,157566.7,151242.6,105391.5,106124.2,170277.8,167628.2,96894.3,159398.6,168209.4,157854.8,211037.7,60120.2,161086.3,156850.6,107458.8,167989.6,82766.0,167318.1,113067.8,115631.0,159989.8,179049.3,173098.9,156634.7,167372.0,157536.4,157378.1,157380.9,60441.6,209475.1,86058.0,180453.0,167904.7,167797.6,167065.8,158772.2,170317.1,167618.3,150080.1,60277.7,114021.6,104161.4,160049.5,0.0,156304.2,104555.3,150700.0,107130.2,127412.4,158824.1,156913.5,154099.7,107066.2,168649.1,151176.9,151259.4,151254.9,150090.2,150090.2,149348.2,179538.7,156275.1,106651.9,105845.1,167725.9,63165.4,99448.4,107179.3,165994.7
Spjelkavikvegen 61,5632.3,97778.7,27337.3,54127.3,12613.4,32419.3,12477.0,14486.0,9749.7,97446.5,14774.3,20516.5,12228.2,33858.3,13661.3,23256.9,18133.9,16698.3,9752.3,130909.1,29073.1,12417.8,166.3,24854.2,12307.5,49361.2,59545.6,33790.9,48643.3,12497.6,3498.9,23117.0,8062.1,1171.0,17576.1,49346.2,12215.9,33553.3,59432.3,7379.9,80620.9,24730.7,10259.0,58854.1,74206.9,12648.6,147765.8,148059.8,52569.6,74353.1,40919.5,132655.1,97726.4,53829.4,59226.7,124840.7,74263.8,48933.7,155239.9,80969.9,33822.7,49051.2,11438.4,20851.7,60046.6,17783.9,14757.8,9895.6,166.4,129576.2,8560.1,6936.5,5657.8,10127.1,13915.2,50999.8,114417.0,33422.4,14903.7,12254.1,42223.7,15747.0,12835.2,1603.8,54704.8,115858.7,5712.2,1280.7,49143.6,12615.4,61593.1,11944.0,25585.9,60960.4,4615.7,23675.1,19004.3,1260.6,11997.9,2162.3,2004.0,2006.8,116834.7,76234.1,79853.8,97508.1,12530.6,12423.5,11691.7,63451.5,14942.9,12244.2,6239.2,80339.4,59350.9,52555.7,16398.0,138222.1,0.0,36217.1,49568.9,32350.7,28981.9,3450.0,657.5,2994.4,49485.7,13275.0,50934.1,51016.5,51012.1,49847.4,49847.4,7383.3,18274.8,29.1,33622.5,34567.0,12351.8,83227.1,58246.6,49334.0,10620.6
Spar Straumane,33739.9,163944.3,58654.3,35497.2,48199.2,68963.9,48062.8,45803.0,45335.4,163826.7,51318.9,56102.3,47814.0,4406.0,49247.1,13540.5,49451.0,36156.8,45338.1,105195.8,65617.7,48003.6,36682.2,56171.2,47893.3,31078.4,31859.6,4453.6,31192.9,48083.4,34815.9,13478.7,43647.9,36756.8,48893.1,30516.7,47801.7,4434.7,25734.4,31218.9,46923.0,14482.8,45844.8,25156.2,54301.6,48234.4,122052.4,122346.4,28701.4,54447.7,77464.1,98957.2,163892.1,20131.5,25528.7,99127.4,54358.4,85478.3,129526.5,47272.0,4463.4,30732.6,47024.1,57396.3,32360.6,49100.9,50343.6,45481.4,36682.3,95878.3,44145.9,42522.3,36974.8,45712.9,33373.6,82316.9,88703.7,4108.9,50489.5,47839.9,8525.8,35205.5,48421.0,38066.5,91249.4,90145.4,41298.0,37062.3,30828.3,48201.2,27895.2,47529.8,11052.5,27262.5,40201.5,59260.9,53310.6,36846.4,47583.7,37748.1,37589.8,37592.6,91121.4,112778.6,52167.7,163765.1,48116.4,48009.3,47277.4,99996.1,50528.7,47830.0,30291.8,46641.4,25653.0,28687.5,35856.5,104524.2,36515.9,0.0,80886.0,5114.9,50781.9,39035.8,37125.2,34311.4,30435.7,48860.8,82251.1,82333.6,82329.1,81164.4,81164.4,31222.3,49591.8,36486.8,4636.5,3829.8,47937.6,49529.2,30560.6,30548.8,46206.4
Spar Svingen,50306.2,44872.3,28758.7,92145.0,61163.2,72386.5,61026.8,35130.7,58299.4,44540.1,54741.5,69066.2,60777.9,78532.2,62211.1,67930.8,31788.5,61372.2,58302.1,94205.3,62054.8,60967.6,49646.1,24721.1,60857.3,94538.4,85594.2,78464.8,94377.8,61047.4,46454.5,67790.9,56611.9,49720.8,32223.7,93936.6,60765.6,78227.2,132683.5,52053.8,136979.4,69404.6,58808.7,132105.3,61553.2,61198.4,111062.0,111356.0,92774.9,61387.0,80886.7,145147.2,44820.0,127080.6,132477.9,88136.9,61413.6,88900.9,118536.1,150482.6,78496.6,94192.7,59988.1,56571.1,85418.8,32059.2,63307.6,58445.3,49646.2,142068.3,57109.9,55486.3,44230.0,58676.8,58589.1,2085.6,77713.2,78096.3,63453.5,60803.9,115474.9,60420.9,61385.0,51030.4,63240.2,90915.4,54261.9,50026.3,93803.6,61165.2,134844.3,60493.7,70259.8,134211.6,53165.4,72224.9,50676.6,49810.4,60547.6,50712.1,50553.7,50556.5,91134.5,23327.7,108618.7,44601.7,61080.3,60973.2,60241.4,9615.2,63492.7,60793.9,50913.1,136697.9,132602.1,92761.0,61071.9,150714.2,49479.8,80891.0,0.0,77024.6,62983.3,51999.7,50089.2,46785.3,93932.6,61824.8,2019.8,2102.3,2097.8,895.3,895.3,52057.2,32099.8,49450.7,78296.4,79240.9,60901.5,139585.6,86782.5,94026.5,59170.3
Spar Ulsteinvik,29893.5,130476.8,54807.8,38080.3,44352.8,65117.4,44216.4,41956.6,41489.0,130144.7,47472.5,52255.8,43967.5,1596.5,45400.7,9694.1,45604.5,32310.4,41491.7,107778.8,61771.3,44157.2,32835.7,52324.8,44046.9,33661.4,34442.6,1529.1,33775.9,44237.0,30969.5,9632.3,39801.5,32910.4,45046.7,33099.7,43955.3,1291.5,28317.4,27372.4,49506.0,10636.3,41998.3,27739.2,56884.6,44388.0,124635.5,124929.5,31284.4,57030.7,73617.6,101540.2,130424.6,22714.5,28111.8,101710.4,56941.5,81631.9,132109.5,49855.1,1560.9,33315.6,43177.7,53549.9,34943.6,45254.5,46497.2,41634.9,32835.8,98461.3,40299.5,38675.9,33128.4,41866.4,29527.2,78470.4,91286.7,1719.6,46643.1,43993.5,11108.8,31359.1,44574.6,34220.0,87403.0,92728.4,37451.6,33215.9,33411.4,44354.8,30478.2,43683.3,7206.0,29845.5,36355.0,55414.5,49464.2,33000.0,43737.2,33901.7,33743.3,33746.1,93704.4,108932.2,54750.8,130206.3,44269.9,44162.8,43431.0,96149.7,46682.3,43983.5,26445.3,49224.5,28236.1,31270.5,32010.0,107107.2,32669.4,5102.2,77039.5,0.0,53365.0,35189.3,33278.8,30464.9,33018.7,45014.4,78404.7,78487.1,78482.7,77318.0,77318.0,27375.8,45745.4,32640.3,1360.7,2733.6,44091.1,52112.2,33143.6,33131.8,42359.9
Spar Vartdal,26135.7,126719.0,44092.9,25165.3,40595.0,61359.7,40458.6,36119.1,37731.2,126386.9,43714.7,48498.0,40209.8,52612.3,41642.9,61746.7,32777.0,32957.3,37733.9,101947.1,58013.5,40399.4,29078.0,38277.9,40289.1,20399.2,30583.6,52659.8,19681.3,40479.2,27211.7,61684.9,36043.7,29152.6,33212.2,20384.2,40197.5,52640.9,66106.3,21952.2,79252.5,62689.0,38240.5,65528.1,45244.9,40630.2,118803.8,119097.8,23607.6,45391.0,69859.9,141128.5,126666.8,60503.5,65900.7,95878.7,45301.8,77874.1,126277.9,92755.7,52669.6,20089.2,39419.9,49792.1,31084.6,33047.6,42739.4,37877.2,29078.1,138049.6,36541.7,34918.1,29370.6,38108.7,30174.1,64423.6,85455.0,52315.1,42885.3,40235.7,48897.7,32006.0,40816.8,30462.2,83645.2,86896.7,33693.8,29458.1,20181.6,40597.0,68267.2,39925.6,59258.7,67634.4,32597.3,51656.7,45706.4,29242.2,39979.5,30143.9,29985.6,29988.4,87872.7,105174.4,50891.8,126448.5,40512.1,40405.0,39673.2,92391.9,42924.5,40225.8,22687.6,78970.9,66025.0,23593.7,32657.0,146695.5,28911.7,50746.2,62992.7,53321.1,0.0,31431.6,29521.0,26707.2,20523.7,41256.6,64357.8,64440.3,64435.8,63271.1,63271.1,21955.6,33088.3,28882.5,52842.8,52036.0,40333.3,81858.6,29284.6,20372.0,38602.2
Øvre Geilegrend 1,8074.4,100174.1,29779.4,56569.5,9986.6,34814.7,9850.2,16928.1,7122.8,99841.9,17169.7,17889.6,9601.4,36300.4,11034.5,25699.0,20576.1,19140.5,7125.5,133351.2,31468.6,9791.0,3629.8,27296.3,9680.7,51803.3,61987.8,36233.0,51085.4,9870.8,5941.0,25559.1,5435.3,2539.9,20018.2,51788.4,9589.1,35995.4,61874.4,9822.0,83063.0,27172.8,7632.1,61296.2,76649.0,10021.8,150207.9,150501.9,55011.7,76795.2,43314.9,135097.3,100121.8,56271.6,61668.8,127282.8,76705.9,51329.1,157682.0,83412.1,36264.8,51493.3,8811.5,23247.1,62488.7,20226.0,12131.0,7268.8,3292.1,132018.3,5933.3,4199.3,8099.9,7500.3,16357.3,53442.0,116859.1,35864.5,12276.9,9627.3,44665.8,18189.2,10208.4,3783.5,57100.2,118300.8,2974.9,2947.4,51585.7,9988.6,64035.2,9317.2,28028.0,63402.5,1878.4,21048.3,21399.7,2395.6,9371.1,3598.9,3440.6,3443.4,119276.8,78629.5,82295.9,99903.5,9903.7,9796.6,9064.8,65846.9,12316.1,9617.4,8681.3,82781.5,61793.1,54997.8,18840.1,140664.3,3463.5,38659.2,52011.1,34792.8,31424.0,0.0,2866.7,5436.5,51927.8,10648.2,53376.2,53458.7,53454.2,52289.5,52289.5,9825.4,20716.9,3434.4,36064.7,37009.1,9724.9,85669.2,60688.8,51776.1,7993.8
Esso Spjelkavik,6207.9,97149.5,27912.9,54703.0,11967.5,31790.2,11831.1,15061.7,9103.8,96817.4,14145.2,19870.6,11582.3,34433.9,13015.4,23832.5,18709.6,17274.0,9106.4,131484.8,28444.0,11771.9,773.7,25429.9,11661.6,49936.8,60121.3,34366.6,49219.0,11851.7,4074.5,23692.6,7416.2,799.6,18151.7,49921.9,11570.0,34128.9,60008.0,7955.5,81196.6,25306.3,9613.1,59429.7,74782.6,12002.7,148341.4,148635.4,53145.3,74928.7,40290.4,133230.8,97097.3,54405.1,59802.3,125416.4,74839.4,48304.6,155815.5,81545.6,34398.4,49626.8,10792.5,20222.6,60622.3,18359.5,14111.9,9249.7,551.1,130151.8,7914.2,6449.2,6233.4,9481.2,14490.8,51575.5,114992.7,33998.0,14257.8,11608.2,42799.4,16322.7,12189.4,974.7,54075.7,116434.4,5224.8,721.3,49719.3,11969.5,62168.8,11298.1,26161.6,61536.0,4128.3,23029.2,18375.2,1490.1,11352.0,1516.4,1358.1,1360.9,117410.4,75604.9,80429.4,96879.0,11884.7,11777.6,11045.8,62822.4,14297.1,11598.3,6814.8,80915.0,59926.6,53131.4,16973.7,138797.8,657.5,36792.7,50144.6,32926.3,29557.5,2875.6,0.0,3570.0,50061.3,12629.1,51509.7,51592.2,51587.7,50423.0,50423.0,7959.0,18850.4,686.6,34198.2,35142.6,11705.9,83802.7,58822.3,49909.6,9974.7
St1 Vegsund,3630.9,100611.9,24525.0,52126.0,14487.9,35252.6,14351.5,11673.8,11624.1,100279.8,17607.6,22390.9,14102.7,31856.9,15535.8,21255.5,15321.7,14697.0,11626.8,128907.8,31906.4,14292.3,2970.9,22042.0,14182.0,47359.8,57544.3,31789.5,46642.0,14372.1,567.6,21115.6,9936.6,3045.5,14763.8,47344.9,14090.4,31551.9,57430.9,5378.5,78619.5,22729.3,12133.4,56852.7,72205.5,14523.1,145764.4,146058.4,50568.3,72351.7,43752.8,130653.8,100559.7,51828.1,57225.3,122839.3,72262.4,51767.0,153238.5,78968.6,31821.4,47049.8,13312.8,23685.0,58045.3,14971.7,16632.3,11770.1,2971.0,127574.8,10434.6,8811.0,2845.5,12001.6,11913.8,48187.6,112415.6,31421.0,16778.2,14128.6,40222.3,13745.7,14709.7,4355.1,57538.1,113857.3,7586.7,3351.0,47142.2,14489.9,59591.8,13818.5,23584.5,58959.0,6490.2,25549.6,19181.4,3135.1,13872.4,4036.8,3878.5,3881.3,114833.4,79067.3,77852.4,100341.4,14405.0,14297.9,13566.1,66284.8,16817.4,14118.7,4237.8,78338.0,57349.6,50554.3,14396.6,136220.8,2804.6,34215.7,46756.7,30349.3,26980.5,5324.5,3413.9,0.0,47484.3,15149.5,48121.9,48204.3,48199.9,47035.2,47035.2,5381.9,15462.5,2775.4,31621.2,32565.6,14226.2,81225.7,56245.3,47332.6,12495.1
St1 Ørsta,46657.0,140643.0,64614.2,5112.7,61116.3,81880.9,60979.9,56640.4,58252.5,140525.5,64236.0,69019.3,60731.1,32283.5,62164.2,41418.0,53298.3,53478.6,58255.2,81894.5,78534.8,60920.7,49599.2,58799.2,60810.4,837.6,10254.9,32331.1,952.1,61000.5,47733.0,41356.2,56565.0,49673.9,53733.5,107.9,60718.7,32312.1,45777.6,42473.5,58923.7,42360.2,58761.8,45199.4,25192.3,61151.5,98751.2,99045.2,3278.9,25338.4,90381.1,121075.9,140590.8,40174.7,45571.9,75826.1,25249.2,98395.4,106225.2,72426.9,32340.8,491.8,59941.2,70313.4,10755.9,53568.9,63260.7,58398.4,49599.3,117996.9,57063.0,55439.4,49891.9,58629.9,50695.4,94494.5,65402.4,31986.4,63406.6,60757.0,28569.0,52527.3,61338.1,50983.5,104166.5,66844.1,54215.1,49979.4,587.6,61118.3,47938.4,60446.8,38929.9,47305.7,53118.5,72178.0,66227.7,49763.5,60500.7,50665.2,50506.8,50509.6,67820.1,125695.7,30563.0,140463.9,61033.4,60926.3,60194.5,112913.2,63445.8,60747.1,43208.8,58642.2,45696.2,3264.9,53178.2,126642.9,49432.9,30417.4,93951.9,32992.3,20541.2,51952.8,50042.3,47228.4,0.0,61777.9,94428.7,94511.2,94506.7,93342.0,93342.0,42476.9,53609.6,49403.8,32514.0,31707.3,60854.6,61529.9,8955.9,113.1,59123.4
"Ålesund, 6009 Ålesund",17978.8,109161.7,39683.8,66473.8,1366.8,44099.7,1101.0,26832.5,3857.9,108829.6,26157.4,12025.8,1092.1,46204.8,774.4,35603.4,30480.4,29044.9,4055.6,143255.6,40456.2,1617.6,13282.4,37200.7,1001.9,61707.7,71892.2,46137.4,60989.8,995.6,15845.4,35463.5,6211.8,12382.0,29922.6,61692.8,1593.0,45899.8,71778.8,19726.4,92967.4,37077.2,4164.0,71200.6,86553.4,1848.4,160112.3,160406.3,64916.1,86699.6,52600.0,145001.7,109109.5,66175.9,71573.2,137187.2,86610.3,60614.2,167586.4,93316.5,46169.2,61397.7,1908.9,32234.8,72393.1,30130.4,1870.9,4198.9,13059.8,141922.7,6709.9,6633.7,18004.3,4032.1,26261.7,63346.3,126763.5,45768.9,2016.8,1166.6,54570.2,28093.6,439.8,12356.9,66087.9,128205.2,8274.7,12175.0,61490.1,1815.2,73939.6,1548.2,37932.4,73306.9,9058.4,15184.5,30387.3,12120.6,1352.9,11869.1,11710.7,11713.5,129181.2,87617.1,92200.3,108891.2,744.4,1837.5,1684.8,74834.6,2056.0,1125.5,18585.7,92685.9,71697.5,64902.2,28744.5,150568.6,13367.9,48563.6,61915.5,44697.2,41328.4,10438.0,12634.4,15340.9,61832.2,0.0,63280.6,63363.1,63358.6,62193.9,62193.9,19729.8,30621.3,13338.8,45969.1,46913.5,1551.5,95573.6,70593.1,61680.5,4728.8
Storfjord kulturhus,51656.6,43019.1,30109.2,92626.3,62513.6,73736.9,62377.2,36481.1,59649.8,42687.0,56091.9,70416.6,62128.4,79882.6,63561.5,69281.2,33139.0,62722.7,59652.5,94686.6,38800.9,62318.0,50996.6,26071.5,62207.7,95019.7,86075.4,79815.2,94859.1,62397.8,47805.0,69141.3,57962.3,51071.2,33574.2,94417.8,62116.1,79577.6,133164.8,53404.2,137460.6,70755.0,60159.2,132586.5,62034.4,62548.8,111543.2,111837.2,93256.2,61868.2,82237.1,145628.5,42966.9,127561.9,132959.1,88618.2,61894.9,73464.6,119017.3,150963.9,79847.1,94673.9,61338.5,57921.5,85900.0,33409.6,64658.0,59795.8,50996.7,142549.5,58460.3,56836.7,45580.5,60027.3,59939.5,89.0,78194.5,79446.7,64803.9,62154.3,115956.2,61771.4,62735.4,52380.9,61387.0,91396.6,55612.4,51376.7,94284.9,62515.6,135325.6,61844.2,71610.3,134692.8,54515.9,73575.3,52027.1,51160.8,61898.1,52062.5,51904.2,51907.0,91615.7,21474.5,109100.0,42748.6,62430.8,62323.7,61591.8,7762.0,64843.1,62144.4,52263.5,137179.1,133083.4,93242.3,62422.3,151195.5,50830.3,82241.4,2024.2,78375.0,64333.8,53350.2,51439.6,48135.8,94413.9,63175.2,0.0,249.2,244.7,1444.5,1444.5,53407.6,33450.3,50801.2,79646.9,80591.3,62252.0,140066.8,87263.8,94507.7,60520.8
Stranda Bakeri og Konditori,51734.7,42855.2,30187.2,92704.4,62591.7,73815.0,62455.3,36559.2,59727.9,42523.0,56170.0,70494.7,62206.5,79960.7,63639.6,69359.3,33217.1,62800.8,59730.6,94764.7,38637.0,62396.1,51074.7,26149.6,62285.8,95097.8,86153.5,79893.3,94937.2,62475.9,47883.0,69219.4,58040.4,51149.3,33652.3,94495.9,62194.2,79655.7,133242.9,53482.3,137538.7,70833.1,60237.2,132664.6,62112.5,62626.9,111621.3,111915.3,93334.3,61946.3,82315.2,145706.6,42802.9,127640.0,133037.2,88696.3,61973.0,73300.7,119095.4,151041.9,79925.2,94752.0,61416.6,57999.6,85978.1,33487.7,64736.1,59873.9,51074.8,142627.6,58538.4,56914.8,45658.6,60105.4,60017.6,288.5,78272.6,79524.8,64882.0,62232.4,116034.2,61849.5,62813.5,52458.9,61223.1,91474.7,55690.5,51454.8,94363.0,62593.7,135403.7,61922.3,71688.3,134770.9,54594.0,73653.4,52105.2,51238.9,61976.2,52140.6,51982.3,51985.1,91693.8,21310.6,109178.1,42584.6,62508.9,62401.7,61669.9,7598.0,64921.2,62222.5,52341.6,137257.2,133161.5,93320.4,62500.4,151273.6,50908.4,82319.5,2102.3,78453.1,64411.9,53428.3,51517.7,48213.8,94491.9,63253.3,249.2,0.0,4.5,1522.6,1522.6,53485.7,33528.4,50879.2,79725.0,80669.4,62330.1,140144.9,87341.9,94585.8,60598.9
"Stranda, 6200 Stranda",51730.3,42850.7,30182.8,92699.9,62587.2,73810.5,62450.9,36554.8,59723.5,42518.6,56165.6,70490.3,62202.0,79956.2,63635.1,69354.8,33212.6,62796.3,59726.1,94760.2,38632.5,62391.6,51070.2,26145.2,62281.4,95093.3,86149.1,79888.9,94932.7,62471.5,47878.6,69215.0,58036.0,51144.9,33647.8,94491.4,62189.7,79651.3,133238.4,53477.9,137534.3,70828.7,60232.8,132660.1,62108.0,62622.4,111616.9,111910.9,93329.8,61941.9,82310.8,145702.1,42798.5,127635.5,133032.7,88691.8,61968.5,73296.2,119090.9,151037.5,79920.7,94747.6,61412.2,57995.2,85973.7,33483.2,64731.7,59869.4,51070.3,142623.1,58534.0,56910.4,45654.1,60100.9,60013.2,284.0,78268.1,79520.4,64877.5,62227.9,116029.8,61845.0,62809.1,52454.5,61218.6,91470.3,55686.0,51450.4,94358.5,62589.3,135399.2,61917.8,71683.9,134766.5,54589.5,73649.0,52100.7,51234.5,61971.7,52136.2,51977.8,51980.6,91689.3,21306.1,109173.6,42580.2,62504.4,62397.3,61665.5,7593.6,64916.8,62218.0,52337.2,137252.7,133157.0,93315.9,62496.0,151269.1,50903.9,82315.1,2097.8,78448.6,64407.4,53423.8,51513.3,48209.4,94487.5,63248.8,244.7,4.5,0.0,1518.1,1518.1,53481.3,33523.9,50874.8,79720.5,80665.0,62325.6,140140.4,87337.4,94581.4,60594.4
"Stranda, 6200 Stranda",50565.6,44292.6,29018.1,91535.2,61422.5,72645.8,61286.1,35390.1,58558.8,43960.4,55000.9,69325.6,61037.3,78791.5,62470.4,68190.1,32047.9,61631.6,58561.4,93595.5,40074.4,61226.9,49905.5,24980.5,61116.7,93928.6,84984.4,78724.2,93768.0,61306.8,46713.9,68050.3,56871.3,49980.1,32483.1,93326.7,61025.0,78486.6,132073.7,52313.2,136369.6,69664.0,59068.1,131495.4,60943.3,61457.7,110452.1,110746.2,92165.1,60777.2,81146.1,144537.4,44240.3,126470.8,131868.0,87527.1,60803.8,89160.3,117926.2,149872.8,78756.0,93582.9,60247.5,56830.5,84809.0,32318.5,63567.0,58704.7,49905.6,141458.4,57369.3,55745.6,44489.4,58936.2,58848.4,1505.9,77103.4,78355.7,63712.8,61063.2,114865.1,60680.3,61644.4,51289.8,62660.5,90305.6,54521.3,50285.6,93193.8,61424.6,134234.5,60753.1,70519.2,133601.8,53424.8,72484.3,50936.0,50069.7,60807.0,50971.4,50813.1,50815.9,90524.6,22748.0,108008.9,44022.0,61339.7,61232.6,60500.8,9035.5,63752.1,61053.3,51172.5,136088.0,131992.3,92151.2,61331.3,150104.4,49739.2,81150.3,895.3,77283.9,63242.7,52259.1,50348.5,47044.7,93322.8,62084.1,1440.1,1522.6,1518.1,0.0,0.0,52316.6,32359.2,49710.1,78555.8,79500.3,61160.9,138975.7,86172.7,93416.7,59429.7
Stranda omsorgssenter,50565.6,44292.6,29018.1,91535.2,61422.5,72645.8,61286.1,35390.1,58558.8,43960.4,55000.9,69325.6,61037.3,78791.5,62470.4,68190.1,32047.9,61631.6,58561.4,93595.5,40074.4,61226.9,49905.5,24980.5,61116.7,93928.6,84984.4,78724.2,93768.0,61306.8,46713.9,68050.3,56871.3,49980.1,32483.1,93326.7,61025.0,78486.6,132073.7,52313.2,136369.6,69664.0,59068.1,131495.4,60943.3,61457.7,110452.1,110746.2,92165.1,60777.2,81146.1,144537.4,44240.3,126470.8,131868.0,87527.1,60803.8,89160.3,117926.2,149872.8,78756.0,93582.9,60247.5,56830.5,84809.0,32318.5,63567.0,58704.7,49905.6,141458.4,57369.3,55745.6,44489.4,58936.2,58848.4,1505.9,77103.4,78355.7,63712.8,61063.2,114865.1,60680.3,61644.4,51289.8,62660.5,90305.6,54521.3,50285.6,93193.8,61424.6,134234.5,60753.1,70519.2,133601.8,53424.8,72484.3,50936.0,50069.7,60807.0,50971.4,50813.1,50815.9,90524.6,22748.0,108008.9,44022.0,61339.7,61232.6,60500.8,9035.5,63752.1,61053.3,51172.5,136088.0,131992.3,92151.2,61331.3,150104.4,49739.2,81150.3,895.3,77283.9,63242.7,52259.1,50348.5,47044.7,93322.8,62084.1,1440.1,1522.6,1518.1,0.0,0.0,52316.6,32359.2,49710.1,78555.8,79500.3,61160.9,138975.7,86172.7,93416.7,59429.7
"Sundgata 26, 6030 Sunde",4579.7,105163.0,29494.0,47143.6,19038.9,39803.6,18902.5,16642.8,16175.2,104830.8,22158.6,26942.0,18653.7,28561.2,20086.8,17959.8,20290.7,11401.3,16177.8,123925.4,36457.5,18843.3,7521.9,27011.0,18733.1,42377.5,52561.9,28493.8,41659.6,18923.2,5655.7,17819.9,14487.7,7596.5,19732.8,42362.5,18641.4,28256.2,54135.2,3.4,75323.8,19433.6,16684.5,53557.0,67223.2,19074.1,140782.1,141076.1,45585.9,67369.3,48303.8,127358.1,105110.7,48532.3,53929.6,117857.0,67280.1,56318.0,148256.1,75672.9,28525.6,42067.5,17863.9,28236.0,53062.9,19940.6,21183.4,16321.1,7522.0,124279.1,14985.7,13362.0,7814.5,16552.6,8618.1,53156.6,107433.3,28125.3,21329.2,18679.6,36926.6,10450.0,19260.8,8906.2,62089.1,108875.0,12137.7,7902.0,42159.9,19041.0,56296.0,18369.5,20288.8,55663.3,11041.2,30100.7,24150.4,7686.1,18423.4,8587.8,8429.5,8432.3,109851.0,83618.4,72870.1,104892.4,18956.1,18849.0,18117.2,70835.8,21368.5,18669.7,1131.5,75042.3,54053.9,45572.0,11100.9,132925.1,7355.6,30920.0,51725.7,27053.6,21998.2,9875.5,7965.0,5151.1,42502.0,19700.5,53090.8,53173.3,53168.8,52004.1,52004.1,0.0,20431.5,7326.5,28325.5,29269.9,18777.3,77930.0,51262.9,42350.3,17046.1
"Sykkylven, 6230 Sykkylven",19007.4,76323.3,11695.0,58210.0,29864.4,41087.7,29728.0,3831.9,27000.6,75991.2,23442.7,37767.4,29479.2,47233.4,30912.3,36632.0,604.5,30073.5,27003.3,123049.9,30756.1,29668.8,18347.4,7391.0,29558.5,53443.9,63628.3,47166.0,52726.0,29748.6,15155.7,36492.1,25313.1,18422.0,698.7,53428.9,29466.9,46928.4,72807.4,20755.0,112297.1,38105.8,27509.9,72229.2,78289.6,29899.6,139906.5,140200.6,56652.3,78435.7,49587.9,173991.8,76271.1,67204.6,72601.8,116981.5,78346.5,57602.1,147380.6,94345.1,47197.8,53133.9,28689.3,25272.3,64129.3,704.7,32008.8,27146.6,18347.5,170912.8,25811.1,24187.5,12931.3,27378.1,27290.3,33536.7,106557.8,46797.5,32154.7,29505.1,55598.8,29122.2,30086.2,19731.6,56387.7,119760.0,22963.2,18727.5,53226.3,29866.4,74968.3,29195.0,38961.0,74335.5,21866.7,40926.1,19377.9,18511.6,29248.9,19413.3,19255.0,19257.8,119979.0,54778.7,83936.5,76052.8,29781.5,29674.4,28942.6,41066.2,32193.9,29495.2,19614.3,112015.6,72726.1,56638.4,29773.1,179558.8,18181.1,49592.2,32105.8,45725.8,33064.6,20701.0,18790.4,15486.5,53568.4,30526.0,33470.9,33553.4,33548.9,32384.2,32384.2,20758.4,0.0,18151.9,46997.7,47942.1,29602.7,114903.3,62329.3,53416.7,27871.6
Thon Hotel Baronen,5603.2,97807.8,27308.1,54098.2,12584.3,32448.4,12447.9,14456.9,9720.5,97475.6,14803.4,20487.3,12199.1,33829.1,13632.2,23227.7,18104.8,16669.2,9723.2,130880.0,29102.3,12388.7,195.4,24825.1,12278.4,49332.0,59516.5,33761.8,48614.2,12468.5,3469.8,23087.9,8033.0,1141.9,17546.9,49317.1,12186.8,33524.2,59403.2,7350.8,80591.8,24701.6,10229.8,58825.0,74177.8,12619.5,147736.6,148030.7,52540.5,74323.9,40948.6,132626.0,97755.5,53800.3,59197.5,124811.6,74234.7,48962.8,155210.7,80940.8,33793.6,49022.0,11409.2,20880.8,60017.5,17754.8,14728.7,9866.5,195.5,129547.1,8531.0,6907.4,5628.6,10098.0,13886.1,50970.7,114387.9,33393.3,14874.6,12225.0,42194.6,15717.9,12806.1,1632.9,54733.9,115829.6,5683.1,1309.9,49114.5,12586.3,61564.0,11914.9,25556.8,60931.3,4586.6,23646.0,19033.4,1231.5,11968.8,2133.2,1974.9,1977.7,116805.6,76263.2,79824.7,97537.2,12501.5,12394.3,11662.5,63480.6,14913.8,12215.1,6210.1,80310.3,59321.8,52526.6,16368.9,138193.0,29.1,36188.0,49539.8,32321.5,28952.8,3420.9,686.6,2965.2,49456.6,13245.9,50905.0,50987.4,50983.0,49818.3,49818.3,7354.2,18245.7,0.0,33593.4,34537.9,12322.7,83198.0,58217.5,49304.8,10591.5
Ulstein Arena,31166.2,131749.6,56080.6,37637.3,45625.5,66390.2,45489.1,43229.3,42761.8,131417.4,48745.2,53528.6,45240.3,506.9,46673.4,10966.8,46877.3,33583.1,42764.4,107335.8,63044.0,45429.9,34108.5,53597.5,45319.6,33218.4,33999.6,253.7,33332.9,45509.7,32242.2,10905.0,41074.2,34183.1,46319.4,32656.7,45228.0,201.9,27874.4,28645.2,49063.0,11909.1,43271.1,27296.2,56441.6,45660.7,124192.4,124486.4,30841.4,56587.7,74890.4,101097.2,131697.3,22271.5,27668.7,101267.4,56498.4,82904.6,131666.5,49412.0,342.4,32872.6,44450.5,54822.6,34500.6,46527.2,47769.9,42907.7,34108.6,98018.3,41572.2,39948.6,34401.1,43139.2,30799.9,79743.2,90843.7,740.4,47915.8,45266.2,10665.8,32631.8,45847.3,35492.8,88675.7,92285.4,38724.3,34488.6,32968.3,45627.5,30035.2,44956.1,8478.8,29402.5,37627.8,56687.2,50736.9,34272.7,45010.0,35174.4,35016.1,35018.9,93261.4,110205.0,54307.8,131479.0,45542.7,45435.6,44703.8,97422.4,47955.0,45256.3,27718.1,48781.5,27793.0,30827.5,33282.8,106664.2,33942.2,4659.2,78312.3,1380.4,52922.0,36462.1,34551.5,31737.7,32575.7,46287.1,79677.4,79759.9,79755.4,78590.7,78590.7,28648.6,47018.1,33913.1,0.0,1804.0,45363.9,51669.2,32700.6,32688.8,43632.7
Ulstein sjukeheim,32129.4,132712.7,57043.7,36793.3,46588.6,67353.3,46452.2,44192.5,43724.9,132380.5,49708.3,54491.7,46203.4,1536.3,47636.5,11929.9,47840.4,34546.2,43727.5,106491.9,64007.2,46393.0,35071.6,54560.7,46282.8,32374.4,33155.7,1583.9,32489.0,46472.9,33205.3,11868.2,42037.4,35146.2,47282.5,31812.8,46191.1,1565.0,27030.5,29608.3,48219.1,12872.2,44234.2,26452.2,55597.7,46623.8,123348.5,123642.5,29997.5,55743.8,75853.5,100253.3,132660.4,21427.6,26824.8,100423.5,55654.5,83867.7,130822.6,48568.1,1593.7,32028.7,45413.6,55785.7,33656.7,47490.3,48733.1,43870.8,35071.7,97174.3,42535.4,40911.7,35364.2,44102.3,31763.1,80706.3,89999.8,1239.2,48878.9,46229.3,9821.9,33594.9,46810.5,36455.9,89638.8,91441.4,39687.4,35451.7,32124.4,46590.7,29191.3,45919.2,9441.9,28558.6,38590.9,57650.4,51700.1,35235.8,45973.1,36137.5,35979.2,35982.0,92417.5,111168.1,53463.8,132442.1,46505.8,46398.7,45666.9,98385.5,48918.2,46219.4,28681.2,47937.5,26949.1,29983.6,34245.9,105820.3,34905.3,3815.2,79275.4,2693.4,52078.0,37425.2,35514.7,32700.8,31731.8,47250.2,80640.5,80723.0,80718.5,79553.8,79553.8,29611.7,47981.2,34876.2,1766.8,0.0,46327.0,50825.2,31856.7,31844.9,44595.8
"Rådhuset, 6002 Ålesund",16916.6,108099.5,38621.6,65411.7,729.9,43037.6,593.5,25770.3,2795.7,107767.4,25095.2,10963.6,344.7,45142.6,1777.8,34541.2,29418.3,27982.7,2993.4,142193.4,39394.0,414.9,12220.2,36138.5,424.1,60645.5,70830.0,45075.2,59927.6,614.2,14783.2,34401.3,5149.6,11319.8,28860.4,60630.6,390.3,44837.6,70716.6,18664.2,91905.2,36015.0,3101.8,70138.4,85491.2,645.7,159050.1,159344.1,63853.9,85637.4,51537.8,143939.5,108047.3,65113.7,70511.0,136125.0,85548.1,59552.0,166524.2,92254.3,45107.0,60335.5,846.7,31172.6,71330.9,29068.2,2874.4,3136.7,11997.6,140860.5,5647.7,5571.5,16942.1,2969.9,25199.5,62284.2,125701.3,44706.7,3020.2,225.0,53508.0,27031.4,951.8,11294.7,65025.7,127143.0,7212.5,11112.8,60427.9,612.6,72877.4,486.0,36870.2,72244.7,7996.2,14122.3,29325.1,11058.4,281.1,10806.9,10648.5,10651.4,128119.0,86554.9,91138.1,107829.0,647.1,634.9,622.6,73772.4,3059.5,266.0,17523.5,91623.7,70635.3,63840.0,27682.3,149506.5,12305.7,47501.4,60853.3,43635.0,40266.2,9375.8,11572.2,14278.7,60770.0,1391.5,62218.4,62300.9,62296.4,61131.7,61131.7,18667.6,29559.1,12276.6,44906.9,45851.3,0.0,94511.4,69530.9,60618.3,3666.6
"Fiskå, 6139 Fiskå",80780.0,189438.1,125969.7,66612.0,95239.3,116003.9,95102.9,92843.1,92375.5,189320.5,98359.0,103142.3,94854.1,51446.1,96287.2,60580.6,114653.8,83196.9,92378.2,130689.6,112657.8,95043.7,83722.3,120154.7,94933.4,62193.1,54844.2,51493.7,62307.6,95123.5,81856.0,60518.8,90688.0,83796.9,115089.0,61631.5,94841.8,51474.7,59127.7,78258.9,3389.7,61522.8,92884.8,58549.5,79611.6,95274.5,147546.2,147840.2,58659.6,79757.8,124504.2,57593.7,189385.9,29603.7,24108.3,124621.2,79668.5,132518.4,119008.8,12933.3,51503.4,61847.4,94064.2,104436.4,54668.9,114924.4,97383.7,92521.4,83722.3,54514.7,91186.0,89562.4,84014.9,92752.9,80413.7,140104.0,114197.5,51149.0,97529.6,94880.0,41919.1,82245.6,95461.1,85106.5,138289.5,68926.1,88338.1,84102.4,61943.1,95241.3,27790.8,94569.8,58092.5,60655.8,87241.5,106301.0,100350.7,83886.5,94623.7,84788.2,84629.8,84632.7,69247.5,218281.0,31082.8,189258.9,95156.4,95049.3,94317.5,147633.6,97568.8,94870.1,77331.9,3108.2,59046.4,58645.6,82896.5,63160.7,83555.9,49580.0,139561.4,52154.9,81896.7,86075.8,84165.3,81351.4,61550.5,95900.9,140038.3,140120.8,140116.3,138951.6,138951.6,78262.4,114965.1,83526.8,51676.6,50869.9,94977.6,0.0,53932.7,61663.6,93246.4
Volda omsorgssenter sjukeheim,55416.9,133503.7,73374.1,14016.4,69876.2,90640.9,69739.8,65400.4,67012.5,133386.2,72995.9,77779.3,69491.0,32478.5,70924.1,41612.9,62058.2,62238.5,67015.1,74755.2,87294.7,69680.6,58359.2,67559.2,69570.3,9597.5,1489.6,32526.0,9712.1,69760.4,56492.9,41551.2,65324.9,58433.8,62493.4,9035.9,69478.7,32507.1,45972.6,51233.5,51284.9,42555.2,67521.8,45394.3,26862.8,69911.4,91611.8,91905.8,6064.0,27008.9,99141.1,113936.6,133451.5,40369.7,45766.9,68686.8,26919.6,107155.3,99085.9,64788.1,32535.8,9251.8,68701.2,79073.3,1920.0,62328.8,72020.6,67158.4,58359.3,110857.6,65822.9,64199.3,58651.8,67389.9,59455.4,87355.2,58263.1,32181.4,72166.5,69516.9,28764.0,61287.2,70098.1,59743.5,112926.4,59704.8,62975.0,58739.3,9347.5,69878.2,48133.4,69206.8,39124.9,47500.6,61878.5,80937.9,74987.6,58523.4,69260.7,59425.1,59266.8,59269.6,60680.8,108597.3,22924.2,133324.6,69793.4,69686.3,68954.5,94884.7,72205.8,69507.0,51968.8,51003.3,45891.2,6050.1,61938.2,119503.6,58192.9,30612.4,86812.6,33187.3,29301.1,60712.8,58802.2,55988.4,8954.9,70537.8,87289.4,87371.9,87367.4,86202.7,86202.7,51236.9,62369.5,58163.8,32709.0,31902.2,69614.6,53891.1,0.0,9068.0,67883.4
"Ørsta, 6150 Ørsta",46478.9,140736.9,64436.1,5206.6,60938.2,81702.8,60801.8,56462.3,58074.4,140619.3,64057.9,68841.2,60553.0,32396.6,61986.1,41531.1,53120.2,53300.5,58077.1,81988.4,78356.7,60742.6,49421.2,58621.1,60632.3,659.5,10368.0,32444.2,774.0,60822.4,47554.9,41469.3,56386.9,49495.8,53555.4,115.6,60540.7,32425.2,45890.7,42295.4,59036.8,42473.3,58583.7,45312.5,25286.2,60973.4,98845.0,99139.0,3392.0,25432.3,90203.1,121169.8,140684.6,40287.8,45685.0,75920.0,25343.0,98217.3,106319.1,72540.0,32453.9,313.7,59763.1,70135.3,10869.0,53390.8,63082.6,58220.4,49421.2,118090.8,56884.9,55261.3,49713.8,58451.8,50517.3,94588.4,65496.3,32099.5,63228.5,60578.9,28682.1,52349.2,61160.0,50805.4,103988.4,66937.9,54037.0,49801.3,409.5,60940.2,48051.5,60268.7,39043.0,47418.8,52940.4,71999.9,66049.6,49585.4,60322.6,50487.1,50328.8,50331.6,67914.0,125517.6,30676.1,140557.7,60855.3,60748.2,60016.4,112735.1,63267.7,60569.0,43030.7,58755.3,45809.3,3378.1,53000.2,126736.8,49254.8,30530.5,94045.7,33105.4,20363.1,51774.7,49864.2,47050.4,113.1,61599.8,94522.6,94605.1,94600.6,93435.9,93435.9,42298.8,53431.5,49225.7,32627.1,31820.4,60676.5,61643.0,9069.0,0.0,58945.3
"Åsehaugen 5, 6017 Ålesund",15297.3,106480.2,37002.3,63792.3,3941.8,41120.8,3805.4,24151.0,849.8,106148.1,23475.9,11844.8,3556.6,43523.3,4989.7,32921.9,27799.0,26363.4,1145.1,140574.1,37774.7,3746.2,10600.9,34519.2,3635.9,59026.2,69210.7,43455.9,58308.3,3826.0,13163.9,32782.0,3530.3,9700.5,27241.1,59011.3,3544.3,43218.3,69097.3,17044.9,90285.9,34395.7,1424.1,68519.1,83871.9,3977.0,157430.8,157724.8,62234.6,84018.1,49621.1,142320.2,106428.0,63494.4,68891.7,134505.7,83928.8,57635.3,164904.9,90635.0,43487.7,58716.2,2766.7,29553.3,69711.6,27448.9,6086.2,1288.4,10378.3,139241.2,3219.3,3952.2,15322.8,1292.2,23580.2,60664.9,124082.0,43087.4,6232.1,3582.5,51888.7,25412.1,4163.6,9675.4,63406.4,125523.7,5593.2,9493.5,58808.6,3943.8,71258.1,3272.4,35250.9,70625.4,6376.9,15003.5,27705.8,9439.1,3326.3,9187.6,9029.3,9032.1,126499.7,84935.6,89518.8,106209.7,3858.9,3751.8,3020.0,72153.1,6271.3,3572.6,15904.2,90004.4,69016.0,62220.7,26063.0,147887.1,10686.4,45882.1,59234.0,42015.7,38646.9,7756.5,9952.9,12659.4,59150.7,4603.4,60599.1,60681.6,60677.1,59512.4,59512.4,17048.3,27939.8,10657.3,43287.6,44232.0,3680.1,92892.1,67911.7,58999.0,0.0
