,Depot,"Geiranger, 6216 Geiranger","Storfjordvegen 550, 6260 Skodje","Sæbøvegen 26, 6165 Sæbø","Parkgata 2, 6003 Ålesund","Langsten, 6264 Tennfjord","Ålesund, 6002 Ålesund",Aursnes Kiosk & Bistro,"Blakstad, 6008 Ålesund",Brasserie Posten,"Digernes, 6057 Ellingsøy","Moa, 6010 Ålesund",LORKENESTORGET,Brygga Sportsbar,BROGATA 1,Bunnpris Hareid,"Ikornes, 6222 Ikornnes",Bunnpris Langevåg,Bunnpris Nørve,Bunnpris Olden,Bunnpris Sjøholt,SKAREGATA 1,Bunnpris Spjelkavik,Bunnpris Straumgjerde,NEDRE STRANDGATE 9,Bunnpris Ørsta,"Volda, 6100 Volda",Café Nova,Det Lille Napoli,KIRKEGATA 1 A,Gamle Blindheimsveg 25,Eurospar Hareid,LARSGÅRDSVEGEN 19,Eurospar Moa,Eurospar Sykkylven,Eurospar Ørsta,Rasmus Rønnebergs gate 21,"Ulsteinvik, 6065 Ulsteinvik","Fosnavåg, 6090 Fosnavåg","Sunde, 6030 Sunde",Fiskå Brygge Gjestgiveri,"Hareid, 6060 Hareid","Hatlane, 6008 Ålesund",Herøy omsorgssenter,Hjørundfjordheimen,KONGENS GATE 27,Innvik,Innvik Fjordhotell,"Hovdebygda, 6160 Hovdebygda",Joker Bellingen,Joker Fiksdal,Joker Flatraket,Joker Geiranger,Joker Gursken,Joker Larsnes,Joker Loen,Joker Sæbø,Joker Tomrefjord,Joker,Joker Åram,KaffeBaren AS,Kiwi Meieribygget Ørsta,SUNDGATA 8,Kiwi Skodje,Kiwi Volda,Kiwi Sykkylven,SKARBØVIKGATA 25,NØRVEGATA 23,SPJELKAVIKVEGEN 42,Kiwi Deknepollen,"Eggesbønes, 6008 Ålesund",NEDRE KLOKKERSUNDVEGEN 2,FLISNESVEGEN 1,"Kverve, 6008 Ålesund","Fiskarstrand, 6037 Eidsnes",Kiwi Stranda,Kiwi Stryn,Kiwi Ulsteinvik,"Valderøy, 6050 Valderøya",RASMUS RØNNEBERGS GATE 6,Kiwi Myrvåg,Kiwi Langevåg,NEDRE STRANDGATE 51,LERSTADVEGEN 545,Kiwi Vestnes,Kiwi Nordfjordeid,SMEDGARDEN 1,"Vallekrysset, 6013 Ålesund","Ørsta, 6150 Ørsta",KONGENS GATE 30,"Larsnes, 6098 Nerlandsøy",KEISER WILHELMS GATE 32,"Hjørungavåg, 6092 Fosnavåg",Meny Fosnavåg,LERSTADVEGEN 291,"Giske, 6050 Valderøya","Solavågen, 6240 Ørskog","HIG, 6010 Ålesund",KORSEGATA 4,POSTVEGEN 11,POSTVEGEN 17,POSTVEGEN 15,"Nordfjordeid, 6770 Nordfjordeid",Nærbutikken Norddal,Nærbutikken Rovde,Olebuda,Quality Hotel Waterfront,SORENSKRIVER BULLS GATE 7,RÅDSTUGATA 3B,"Rekkedal, 6210 Valldal",OLE THORESENS GATE 16,RASMUS RØNNEBERGS GATE 4,SOLAVÅGSEIDET 76,Spar Fiskåbygd,Spar Fosnavåg,Spar Hovdebygda,Spar Langevåg,Spar Raudeberg,Spjelkavikvegen 61,Spar Straumane,Spar Svingen,Spar Ulsteinvik,Spar Vartdal,Øvre Geilegrend 1,Esso Spjelkavik,St1 Vegsund,St1 Ørsta,"Ålesund, 6009 Ålesund",Storfjord kulturhus,Stranda Bakeri og Konditori,"Stranda, 6200 Stranda","Stranda, 6200 Stranda",Stranda omsorgssenter,"Sundgata 26, 6030 Sunde","Sykkylven, 6230 Sykkylven",Thon Hotel Baronen,Ulstein Arena,Ulstein sjukeheim,"Rådhuset, 6002 Ålesund","Fiskå, 6139 Fiskå",Volda omsorgssenter sjukeheim,"Ørsta, 6150 Ørsta","Åsehaugen 5, 6017 Ålesund"
Depot,0.0,7109.4,2563.3,4676.5,1342.1,2484.8,1330.2,1747.2,1106.2,7048.6,1365.5,1842.2,1299.9,3211.9,1435.1,2432.1,2006.3,1196.3,1111.5,9094.6,2250.5,1306.5,537.4,2444.4,1310.0,3991.4,4736.6,3209.0,3868.0,1328.2,418.0,2422.0,1033.6,525.8,1939.3,3944.5,1297.0,3176.1,4821.3,450.1,7841.9,2626.5,1158.3,4768.2,5567.2,1334.4,10087.3,10119.3,4184.3,5578.0,3071.3,10889.5,7090.9,4400.8,4736.1,8634.5,5564.0,3674.8,10597.2,7878.3,3221.2,3913.0,1211.6,1751.3,4761.9,1974.5,1534.0,1132.8,514.7,10764.0,1109.2,1065.9,534.5,1177.6,956.6,4073.8,7963.7,3153.9,1588.4,1296.5,3697.2,1112.3,1352.5,618.7,3715.0,8059.9,1006.7,537.6,3919.9,1329.6,4960.8,1261.5,2655.6,4970.2,853.5,2080.6,1653.7,541.1,1265.6,605.4,572.8,577.0,8087.9,5847.7,7015.0,7054.0,1324.9,1311.7,1242.7,4623.8,1583.5,1297.7,331.7,7784.2,4808.0,4198.9,1173.5,11398.3,489.2,3295.4,3930.2,3089.1,2683.9,737.6,556.1,354.8,3961.8,1398.2,4069.8,4076.8,4076.2,3972.5,3972.5,450.9,2038.3,486.6,3184.0,3201.0,1318.3,7976.6,4604.2,3947.0,1195.0
"Geiranger, 6216 Geiranger",7146.7,0.0,7376.6,8694.8,7457.5,7023.5,7445.6,7377.3,7221.6,64.5,5934.6,7283.0,7415.3,9948.4,7550.5,9168.6,7257.4,7932.8,7226.9,5716.4,4955.7,7421.9,6755.4,6742.3,7425.4,8692.0,7898.7,9945.5,8628.0,7443.6,6931.4,9158.5,7149.0,6717.9,7265.4,8583.0,7412.4,9912.6,10862.1,7186.6,11361.4,9363.0,7273.7,10809.0,8684.7,7449.8,6709.1,6741.1,8433.6,8695.5,7575.4,10465.9,20.7,10441.6,10776.9,5256.3,8681.5,6970.6,7219.0,12280.2,9957.7,8612.2,7327.0,5637.5,7897.6,7275.6,7649.4,7248.2,6716.7,10340.4,7224.6,7185.7,6777.3,7293.0,7693.1,5163.0,4559.0,9890.4,7703.8,7411.9,9738.0,7848.8,7467.9,6623.8,6199.9,7260.2,7179.5,6666.7,8569.0,7445.0,11001.6,7376.9,9392.1,11011.0,6973.3,8196.0,5876.2,6781.9,7381.0,6720.8,6688.2,6692.4,7231.5,1764.2,10462.5,59.1,7440.3,7427.1,7358.1,3093.0,7698.9,7413.1,7068.2,11303.7,10848.8,8448.2,7910.0,10974.7,6718.0,9848.8,5379.9,9825.6,9420.4,6911.9,6669.0,6876.8,8581.5,7513.6,5156.9,5128.1,5127.5,5289.8,5289.8,7187.4,7302.0,6720.6,9920.5,9937.5,7433.7,11496.1,7997.4,8603.7,7310.4
"Storfjordvegen 550, 6260 Skodje",2579.6,7358.8,0.0,5709.4,3275.9,3921.6,3264.0,858.6,3040.0,7298.0,2802.3,3776.0,3233.7,5381.3,3368.9,4601.5,795.1,3365.7,3045.3,7837.7,3289.4,3240.3,2471.2,1243.6,3243.8,5024.3,5769.5,5378.4,4900.9,3262.0,2258.1,4591.4,2967.4,2459.6,728.1,4977.4,3230.8,5345.5,6990.7,2619.5,9817.6,4795.9,3092.1,6937.6,6402.0,3268.2,8830.4,8862.4,5217.2,6385.8,4508.1,10714.2,7340.3,6570.2,6905.5,7377.6,6382.1,5111.6,9340.3,10047.7,5390.6,4945.9,3145.4,2930.6,5794.8,763.3,3467.8,3066.6,2448.5,10588.7,3043.0,2999.7,2104.0,3111.4,3126.0,2273.5,6706.8,5323.3,3522.2,3230.3,5866.6,3281.7,3286.3,2552.5,4753.9,7508.5,2940.5,2471.4,4952.8,3263.4,7130.2,3195.3,4825.0,7139.6,2787.3,4014.4,2598.5,2474.9,3199.4,2539.2,2506.6,2510.8,7479.8,6097.1,8047.9,7303.4,3258.7,3245.5,3176.5,4820.9,3517.3,3231.5,2501.1,9759.9,6977.4,5231.8,3342.9,11223.0,2423.0,5464.8,2129.9,5258.5,3716.8,2671.4,2489.9,2258.9,4994.7,3332.0,2269.5,2276.5,2275.9,2172.2,2172.2,2620.3,827.1,2420.4,5353.4,5370.4,3252.1,9952.3,5637.1,4979.9,3128.8
"Sæbøvegen 26, 6165 Sæbø",4656.2,8715.8,5695.9,0.0,5583.0,6725.7,5571.1,5201.5,5347.1,8669.6,5606.4,6083.1,5540.8,2793.0,5676.0,3381.9,4982.2,5176.0,5352.4,5306.4,6491.4,5547.4,4778.3,5346.8,5550.9,872.0,1395.9,2799.4,808.0,5569.1,4658.9,3378.7,5274.5,4766.7,4990.2,763.0,5537.9,2794.5,3657.5,4308.8,5611.2,3512.6,5399.2,3604.4,1779.0,5575.3,6299.1,6331.1,1010.8,1789.8,7312.2,7477.4,8697.3,3237.0,3572.3,4846.3,1775.8,7915.7,6809.0,6427.1,2804.6,792.2,5452.5,5992.2,1380.9,5000.4,5774.9,5373.7,4755.6,7351.9,5350.1,5306.8,4775.4,5418.5,4936.3,5952.7,4175.5,2776.4,5829.3,5537.4,2533.4,5092.0,5593.4,4859.6,7955.9,4271.7,5247.6,4778.5,749.0,5570.5,3797.0,5502.4,3227.5,3806.4,5094.4,6321.5,5894.6,4782.0,5506.5,4846.3,4813.7,4817.9,4299.7,9776.3,3841.5,8664.2,5565.8,5552.6,5483.6,8500.1,5824.4,5538.6,4318.8,5553.5,3644.2,1025.4,5153.2,7986.2,4730.1,2644.2,5909.7,2852.5,1998.1,4978.5,4797.0,4595.7,761.5,5639.1,5948.7,5955.7,5955.1,5851.4,5851.4,4309.6,5026.8,4727.5,2824.1,2745.8,5559.2,5745.9,1430.7,783.7,5435.9
"Parkgata 2, 6003 Ålesund",1346.8,7437.1,3285.4,5613.1,0.0,2778.7,59.5,2469.3,275.5,7376.3,1693.2,869.0,70.4,4148.5,172.8,3368.7,2728.4,2132.9,298.0,10031.2,2578.2,121.4,993.0,3166.5,61.1,4928.0,5673.2,4145.6,4804.6,57.6,1140.1,3358.6,436.5,905.9,2661.4,4881.1,122.2,4112.7,5757.9,1386.7,8778.5,3563.1,308.7,5704.8,6503.8,149.3,11023.9,11055.9,5120.9,6514.6,3365.2,11826.1,7418.6,5337.4,5672.7,9571.1,6500.6,3968.7,11533.8,8814.9,4157.8,4849.6,153.9,2079.0,5698.5,2696.6,271.7,319.3,954.3,11700.6,512.1,475.2,1256.6,328.0,1893.2,4795.9,8900.3,4090.5,326.1,72.5,4633.8,2048.9,100.7,900.9,4042.7,8996.5,646.6,866.8,4856.5,144.5,5897.4,118.5,3592.2,5906.8,605.8,1107.4,2022.7,872.4,101.9,876.2,843.6,847.8,9024.5,6175.4,7951.6,7381.7,73.1,143.8,139.9,4951.5,321.2,68.7,1268.3,8720.8,5744.6,5135.5,2110.1,12334.9,946.2,4232.0,4652.3,4025.7,3620.5,726.2,920.8,1076.9,4898.4,146.4,4791.9,4798.9,4798.3,4694.6,4694.6,1387.5,2760.4,943.6,4120.6,4137.6,133.2,8913.2,5540.8,4883.6,364.3
"Langsten, 6264 Tennfjord",2483.2,6992.6,3933.2,6749.5,2761.5,0.0,2749.6,3117.1,2558.1,6931.8,1258.7,2102.9,2719.3,5284.9,2854.5,4505.1,3376.2,3269.3,2563.4,11007.9,2133.7,2725.9,2091.9,3814.3,2729.4,6064.4,6809.6,5282.0,5941.0,2747.6,2276.5,4495.0,2485.5,2054.4,3309.2,6017.5,2716.4,5249.1,6894.3,2523.1,9914.9,4699.5,2610.2,6841.2,7640.2,2753.8,12000.6,12032.6,6257.3,7651.0,1477.5,12962.5,6974.1,6473.8,6809.1,10547.8,7637.0,2073.1,12510.5,9951.3,5294.2,5986.0,2631.0,1396.8,6834.9,3344.4,2953.4,2584.7,2053.2,12837.0,2561.1,2522.2,2393.0,2629.5,3029.6,5443.7,9877.0,5226.9,3007.8,2715.9,5770.2,3185.3,2771.9,1960.3,2859.6,10132.9,2516.0,2003.2,5992.9,2749.0,7033.8,2680.9,4728.6,7043.2,2309.8,3065.8,1616.0,2118.4,2685.0,2057.3,2024.7,2028.9,10160.9,5730.9,9088.0,6937.2,2744.3,2731.1,2662.1,4507.0,3002.9,2717.1,2404.7,9857.2,6881.0,6271.9,3246.5,13471.3,2054.5,5368.4,5300.1,5162.1,4756.9,2248.4,2005.5,2213.3,6034.8,2817.6,5439.7,5446.7,5446.1,5342.4,5342.4,2523.9,3408.2,2057.1,5257.0,5274.0,2737.7,10049.6,6677.2,6020.0,2646.9
"Ålesund, 6002 Ålesund",1333.6,7423.9,3272.2,5599.9,39.5,2765.5,0.0,2456.1,262.3,7363.1,1680.0,855.8,57.2,4135.3,159.6,3355.5,2715.2,2119.7,284.8,10018.0,2565.0,108.2,979.8,3153.3,47.9,4914.8,5660.0,4132.4,4791.4,44.4,1126.9,3345.4,423.3,892.7,2648.2,4867.9,109.0,4099.5,5744.7,1373.5,8765.3,3549.9,295.5,5691.6,6490.6,136.1,11010.7,11042.7,5107.7,6501.4,3352.0,11812.9,7405.4,5324.2,5659.5,9557.9,6487.4,3955.5,11520.6,8801.7,4144.6,4836.4,140.7,2065.8,5685.3,2683.4,258.5,306.1,941.1,11687.4,498.9,462.0,1243.4,314.8,1880.0,4782.7,8887.1,4077.3,312.9,59.3,4620.6,2035.7,87.5,887.7,4029.5,8983.3,633.4,853.6,4843.3,131.3,5884.2,105.3,3579.0,5893.6,592.6,1094.2,2009.5,859.2,88.7,863.0,830.4,834.6,9011.3,6162.2,7938.4,7368.5,59.9,130.6,126.7,4938.3,308.0,55.5,1255.1,8707.6,5731.4,5122.3,2096.9,12321.7,933.0,4218.8,4639.1,4012.5,3607.3,713.0,907.6,1063.7,4885.2,133.2,4778.7,4785.7,4785.1,4681.4,4681.4,1374.3,2747.2,930.4,4107.4,4124.4,120.0,8900.0,5527.6,4870.4,351.1
Aursnes Kiosk & Bistro,1793.4,7362.1,830.4,5177.3,2489.7,3135.4,2477.8,0.0,2253.8,7301.3,2016.1,2989.8,2447.5,4595.1,2582.7,3815.3,273.4,2579.5,2259.1,7905.1,2503.2,2454.1,1685.0,711.5,2457.6,4492.2,5237.4,4592.2,4368.8,2475.8,1471.9,3805.2,2181.2,1673.4,206.4,4445.3,2444.6,4559.3,6204.5,1833.3,9225.1,4009.7,2305.9,6151.4,6068.0,2482.0,8897.8,8929.8,4685.1,6078.8,3721.9,10781.6,7343.6,5784.0,6119.3,7445.0,6064.8,4325.4,9407.7,9261.5,4604.4,4413.8,2359.2,2144.4,5262.7,241.6,2681.6,2280.4,1662.3,10656.1,2256.8,2213.5,1317.8,2325.2,2339.8,2340.9,6774.2,4537.1,2736.0,2444.1,5080.4,2495.5,2500.1,1766.3,3967.7,7575.9,2154.3,1685.2,4420.7,2477.2,6344.0,2409.1,4038.8,6353.4,2001.1,3228.2,1812.3,1688.7,2413.2,1753.0,1720.4,1724.6,7547.2,6100.4,7515.8,7306.7,2472.5,2459.3,2390.3,4876.5,2731.1,2445.3,1714.9,9167.4,6191.2,4699.7,2556.7,11290.4,1636.8,4678.6,2197.3,4472.3,3184.7,1885.2,1703.7,1472.7,4462.6,2545.8,2336.9,2343.9,2343.3,2239.6,2239.6,1834.1,305.4,1634.2,4567.2,4584.2,2465.9,9359.8,5105.0,4447.8,2342.6
"Blakstad, 6008 Ålesund",1106.0,7196.3,3044.6,5372.3,269.1,2571.7,257.2,2228.5,0.0,7135.5,1452.4,769.2,226.9,3907.7,362.1,3127.9,2487.6,1892.1,33.1,9790.4,2337.4,233.5,752.2,2925.7,237.0,4687.2,5432.4,3904.8,4563.8,255.2,899.3,3117.8,195.7,665.1,2420.6,4640.3,224.0,3871.9,5517.1,1145.9,8537.7,3322.3,60.6,5464.0,6263.0,261.4,10783.1,10815.1,4880.1,6273.8,3158.2,11585.3,7177.8,5096.6,5431.9,9330.3,6259.8,3761.7,11293.0,8574.1,3917.0,4608.8,138.6,1838.2,5457.7,2455.8,461.0,54.4,713.5,11459.8,260.2,234.4,1015.8,79.9,1652.4,4555.1,8659.5,3849.7,515.4,223.5,4393.0,1808.1,279.5,660.1,3801.9,8755.7,405.8,626.0,4615.7,256.6,5656.6,188.5,3351.4,5666.0,365.0,1007.6,1781.9,631.6,192.6,635.4,602.8,607.0,8783.7,5934.6,7710.8,7140.9,251.9,238.7,169.7,4710.7,510.5,224.7,1027.5,8480.0,5503.8,4894.7,1869.3,12094.1,705.4,3991.2,4411.5,3784.9,3379.7,485.4,680.0,836.1,4657.6,325.2,4551.1,4558.1,4557.5,4453.8,4453.8,1146.7,2519.6,702.8,3879.8,3896.8,245.3,8672.4,5300.0,4642.8,88.8
Brasserie Posten,7082.2,60.8,7312.1,8651.1,7393.0,6959.0,7381.1,7312.8,7157.1,0.0,5870.1,7218.5,7350.8,9883.9,7486.0,9104.1,7192.9,7868.3,7162.4,5672.7,4891.2,7357.4,6690.9,6677.8,7360.9,8648.3,7855.0,9881.0,8584.3,7379.1,6866.9,9094.0,7084.5,6653.4,7200.9,8539.3,7347.9,9848.1,10818.4,7122.1,11317.7,9298.5,7209.2,10765.3,8641.0,7385.3,6665.4,6697.4,8389.9,8651.8,7510.9,10422.2,42.3,10397.9,10733.2,5212.6,8637.8,6906.1,7175.3,12236.5,9893.2,8568.5,7262.5,5573.0,7853.9,7211.1,7584.9,7183.7,6652.2,10296.7,7160.1,7121.2,6712.8,7228.5,7628.6,5098.5,4515.3,9825.9,7639.3,7347.4,9694.3,7784.3,7403.4,6559.3,6135.4,7216.5,7115.0,6602.2,8525.3,7380.5,10957.9,7312.4,9327.6,10967.3,6908.8,8131.5,5811.7,6717.4,7316.5,6656.3,6623.7,6627.9,7187.8,1699.7,10418.8,5.4,7375.8,7362.6,7293.6,3028.5,7634.4,7348.6,7003.7,11260.0,10805.1,8404.5,7845.5,10931.0,6653.5,9805.1,5315.4,9761.1,9355.9,6847.4,6604.5,6812.3,8537.8,7449.1,5092.4,5063.6,5063.0,5225.3,5225.3,7122.9,7237.5,6656.1,9856.0,9873.0,7369.2,11452.4,7953.7,8560.0,7245.9
"Digernes, 6057 Ellingsøy",1363.4,5910.6,2813.4,5629.7,1674.2,1253.2,1662.3,1997.3,1438.3,5849.8,0.0,1512.7,1632.0,4165.1,1767.2,3385.3,2256.4,2149.5,1443.6,9888.1,1051.7,1638.6,972.1,2694.5,1642.1,4944.6,5689.8,4162.2,4821.2,1660.3,1156.7,3375.2,1365.7,934.6,2189.4,4897.7,1629.1,4129.3,5774.5,1403.3,8795.1,3579.7,1490.4,5721.4,6520.4,1666.5,10880.8,10912.8,5137.5,6531.2,1839.7,11842.7,5892.1,5354.0,5689.3,9428.0,6517.2,2443.2,11390.7,8831.5,4174.4,4866.2,1543.7,519.7,5715.1,2224.6,1866.1,1464.9,933.4,11717.2,1441.3,1402.4,1273.2,1509.7,1909.8,4323.9,8757.2,4107.1,1920.5,1628.6,4650.4,2065.5,1684.6,840.5,2516.2,9013.1,1396.2,883.4,4873.1,1661.7,5914.0,1593.6,3608.8,5923.4,1190.0,2412.7,496.2,998.6,1597.7,937.5,904.9,909.1,9041.1,4648.9,7968.2,5855.2,1657.0,1643.8,1574.8,3425.0,1915.6,1629.8,1284.9,8737.4,5761.2,5152.1,2126.7,12351.5,934.7,4248.6,4180.3,4042.3,3637.1,1128.6,885.7,1093.5,4915.0,1730.3,4319.9,4326.9,4326.3,4222.6,4222.6,1404.1,2288.4,937.3,4137.2,4154.2,1650.4,8929.8,5557.4,4900.2,1527.1
"Moa, 6010 Ålesund",1856.9,7242.3,3795.5,6123.2,864.6,2104.7,852.7,2979.4,785.6,7181.5,1508.4,0.0,822.4,4658.6,957.6,3878.8,3238.5,2643.0,808.1,10541.3,2383.4,829.0,1503.1,3676.6,832.5,5438.1,6183.3,4655.7,5314.7,850.7,1650.2,3868.7,946.6,1416.0,3171.5,5391.2,819.5,4622.8,6268.0,1896.8,9288.6,4073.2,818.8,6214.9,7013.9,856.9,11534.0,11566.0,5631.0,7024.7,2691.2,12336.2,7223.8,5847.5,6182.8,10081.2,7010.7,3294.7,12043.9,9325.0,4667.9,5359.7,734.1,1646.5,6208.6,3206.7,1056.5,829.4,1464.4,12210.7,1022.2,985.3,1766.7,838.1,2403.3,5306.0,9410.4,4600.6,1110.9,819.0,5143.9,2559.0,875.0,1411.0,3847.9,9506.6,1156.7,1376.9,5366.6,852.1,6407.5,784.0,4102.3,6416.9,1115.9,1168.9,1865.7,1382.5,788.1,1386.3,1353.7,1357.9,9534.6,5980.6,8461.7,7186.9,847.4,834.2,765.2,4756.7,1106.0,820.2,1778.4,9230.9,6254.7,5645.6,2620.2,12845.0,1456.3,4742.1,5162.4,4535.8,4130.6,1236.3,1430.9,1587.0,5408.5,920.7,5302.0,5309.0,5308.4,5204.7,5204.7,1897.6,3270.5,1453.7,4630.7,4647.7,840.8,9423.3,6050.9,5393.7,874.4
LORKENESTORGET,1297.0,7387.3,3235.6,5563.3,56.9,2728.9,45.0,2419.5,225.7,7326.5,1643.4,819.2,0.0,4098.7,149.9,3318.9,2678.6,2083.1,248.2,9981.4,2528.4,71.6,943.2,3116.7,24.8,4878.2,5623.4,4095.8,4754.8,43.0,1090.3,3308.8,386.7,856.1,2611.6,4831.3,72.4,4062.9,5708.1,1336.9,8728.7,3513.3,258.9,5655.0,6454.0,99.5,10974.1,11006.1,5071.1,6464.8,3315.4,11776.3,7368.8,5287.6,5622.9,9521.3,6450.8,3918.9,11484.0,8765.1,4108.0,4799.8,104.1,2029.2,5648.7,2646.8,248.8,269.5,904.5,11650.8,462.3,425.4,1206.8,278.2,1843.4,4746.1,8850.5,4040.7,303.2,22.7,4584.0,1999.1,67.3,851.1,3992.9,8946.7,596.8,817.0,4806.7,94.7,5847.6,68.7,3542.4,5857.0,556.0,1057.6,1972.9,822.6,52.1,826.4,793.8,798.0,8974.7,6125.6,7901.8,7331.9,39.7,94.0,90.1,4901.7,298.3,18.9,1218.5,8671.0,5694.8,5085.7,2060.3,12285.1,896.4,4182.2,4602.5,3975.9,3570.7,676.4,871.0,1027.1,4848.6,113.0,4742.1,4749.1,4748.5,4644.8,4644.8,1337.7,2710.6,893.8,4070.8,4087.8,83.4,8863.4,5491.0,4833.8,314.5
Brygga Sportsbar,3264.0,9958.1,5412.0,2799.6,4190.8,5333.5,4178.9,4595.9,3954.9,9897.3,4214.2,4690.9,4148.6,0.0,4283.8,866.1,4855.0,3522.8,3960.2,6592.8,5099.2,4155.2,3386.1,5293.1,4158.7,2157.1,2171.4,40.9,2120.1,4176.9,3266.7,862.9,3882.3,3374.5,4788.0,2070.1,4145.7,36.0,1865.8,3025.8,4886.4,996.8,4007.0,1812.7,3599.2,4183.1,7585.5,7617.5,1858.0,3610.0,5920.0,7934.0,9939.6,1445.3,1780.6,6132.7,3596.0,6523.5,8095.4,4922.8,46.1,2077.3,4060.3,4600.0,2196.7,4823.2,4382.7,3981.5,3363.4,7808.5,3957.9,3914.6,3383.2,4026.3,3283.1,6922.5,5461.9,105.8,4437.1,4145.2,741.7,3438.8,4201.2,3467.4,6563.7,5558.1,3855.4,3386.3,2085.7,4178.3,2005.3,4110.2,711.7,2014.7,3702.2,4929.3,4502.4,3389.8,4114.3,3454.1,3421.5,3425.7,5586.1,8696.4,4449.8,9902.7,4173.6,4160.4,4091.4,7472.5,4432.2,4146.4,2926.6,4828.7,1852.5,1872.6,3500.0,8442.8,3337.9,339.9,6778.9,209.7,3310.2,3586.3,3404.8,3203.5,2060.8,4246.9,6918.5,6925.5,6924.9,6821.2,6821.2,3026.6,4887.0,3335.3,65.6,158.4,4167.0,5021.1,2039.0,2087.8,4043.7
BROGATA 1,1430.1,7520.4,3368.7,5696.4,172.6,2862.0,143.7,2552.6,358.8,7459.6,1776.5,952.3,153.7,4231.8,0.0,3452.0,2811.7,2216.2,381.3,10114.5,2661.5,204.7,1076.3,3249.8,141.4,5011.3,5756.5,4228.9,4887.9,130.2,1223.4,3441.9,519.8,989.2,2744.7,4964.4,205.5,4196.0,5841.2,1470.0,8861.8,3646.4,392.0,5788.1,6587.1,232.6,11107.2,11139.2,5204.2,6597.9,3448.5,11909.4,7501.9,5420.7,5756.0,9654.4,6583.9,4052.0,11617.1,8898.2,4241.1,4932.9,237.2,2162.3,5781.8,2779.9,117.3,402.6,1037.6,11783.9,595.4,558.5,1339.9,411.3,1976.5,4879.2,8983.6,4173.8,171.7,155.8,4717.1,2132.2,83.7,984.2,4126.0,9079.8,729.9,950.1,4939.8,227.8,5980.7,201.8,3675.5,5990.1,689.1,1190.7,2106.0,955.7,185.2,959.5,926.9,931.1,9107.8,6258.7,8034.9,7465.0,111.3,227.1,223.2,5034.8,166.8,152.0,1351.6,8804.1,5827.9,5218.8,2193.4,12418.2,1029.5,4315.3,4735.6,4109.0,3703.8,809.5,1004.1,1160.2,4981.7,88.9,4875.2,4882.2,4881.6,4777.9,4777.9,1470.8,2843.7,1026.9,4203.9,4220.9,216.5,8996.5,5624.1,4966.9,447.6
Bunnpris Hareid,2424.9,9119.0,4572.9,3403.8,3351.7,4494.4,3339.8,3756.8,3115.8,9058.2,3375.1,3851.8,3309.5,860.6,3444.7,0.0,4015.9,2683.7,3121.1,7197.0,4260.1,3316.1,2547.0,4454.0,3319.6,2761.3,2775.6,857.7,2724.3,3337.8,2427.6,70.7,3043.2,2535.4,3948.9,2674.3,3306.6,824.8,2470.0,2186.7,5490.6,223.7,3167.9,2416.9,4203.4,3344.0,8189.7,8221.7,2462.2,4214.2,5080.9,8538.2,9100.5,2049.5,2384.8,6736.9,4200.2,5684.4,8699.6,5527.0,869.9,2681.5,3221.2,3760.9,2800.9,3984.1,3543.6,3142.4,2524.3,8412.7,3118.8,3075.5,2544.1,3187.2,2444.0,6083.4,6066.1,802.6,3598.0,3306.1,1345.9,2599.7,3362.1,2628.3,5724.6,6162.3,3016.3,2547.2,2689.9,3339.2,2609.5,3271.1,304.3,2618.9,2863.1,4090.2,3663.3,2550.7,3275.2,2615.0,2582.4,2586.6,6190.3,7857.3,5054.0,9063.6,3334.5,3321.3,3252.3,6633.4,3593.1,3307.3,2087.5,5432.9,2456.7,2476.8,2660.9,9047.0,2498.8,944.1,5939.8,737.8,3914.4,2747.2,2565.7,2364.4,2665.0,3407.8,6079.4,6086.4,6085.8,5982.1,5982.1,2187.5,4047.9,2496.2,832.7,849.7,3327.9,5625.3,2643.2,2692.0,3204.6
"Ikornes, 6222 Ikornnes",2027.8,7244.8,790.2,4995.9,2724.1,3369.8,2712.2,306.8,2488.2,7184.0,2250.5,3224.2,2681.9,4829.5,2817.1,4049.7,0.0,2813.9,2493.5,7723.7,2737.6,2688.5,1919.4,530.1,2692.0,4310.8,5056.0,4826.6,4187.4,2710.2,1706.3,4039.6,2415.6,1907.8,64.9,4263.9,2679.0,4793.7,6438.9,2067.7,9104.1,4244.1,2540.3,6385.8,5886.6,2716.4,8716.4,8748.4,4503.7,5897.4,3956.3,10600.2,7226.3,6018.4,6353.7,7263.6,5883.4,4559.8,9226.3,9495.9,4838.8,4232.4,2593.6,2378.8,5081.3,67.9,2916.0,2514.8,1896.7,10474.7,2491.2,2447.9,1552.2,2559.6,2574.2,2159.5,6592.8,4771.5,2970.4,2678.5,5314.8,2729.9,2734.5,2000.7,4202.1,7394.5,2388.7,1919.6,4239.3,2711.6,6578.4,2643.5,4273.2,6587.8,2235.5,3462.6,2046.7,1923.1,2647.6,1987.4,1954.8,1959.0,7365.8,5983.1,7334.4,7189.4,2706.9,2693.7,2624.7,4706.9,2965.5,2679.7,1949.3,9046.4,6425.6,4518.3,2791.1,11109.0,1871.2,4913.0,2015.9,4706.7,3003.3,2119.6,1938.1,1707.1,4281.2,2780.2,2155.5,2162.5,2161.9,2058.2,2058.2,2068.5,94.3,1868.6,4801.6,4818.6,2700.3,9238.8,4923.6,4266.4,2577.0
Bunnpris Langevåg,1204.4,7898.5,3352.4,5192.6,2131.2,3273.9,2119.3,2536.3,1895.3,7837.7,2154.6,2631.3,2089.0,3468.1,2224.2,2688.3,2795.4,0.0,1900.6,9610.7,3039.6,2095.6,1326.5,3233.5,2099.1,4507.5,5252.7,3465.2,4384.1,2117.3,1207.1,2678.2,1822.7,1314.9,2728.4,4460.6,2086.1,3432.3,5077.5,966.2,8098.1,2882.7,1947.4,5024.4,6083.3,2123.5,10603.4,10635.4,4700.4,6094.1,3860.4,11145.7,7880.0,4657.0,4992.3,9150.6,6080.1,4463.9,11113.3,8134.5,3477.4,4429.1,2000.7,2540.4,5278.0,2763.6,2323.1,1921.9,1303.8,11020.2,1898.3,1855.0,1323.6,1966.7,281.5,4862.9,8479.8,3410.1,2377.5,2085.6,3953.4,102.9,2141.6,1407.8,4504.1,8576.0,1795.8,1326.7,4436.0,2118.7,5217.0,2050.6,2911.8,5226.4,1642.6,2869.7,2442.8,1330.2,2054.7,1394.5,1361.9,1366.1,8604.0,6636.8,7531.1,7843.1,2114.0,2100.8,2031.8,5412.9,2372.6,2086.8,867.0,8040.4,5064.2,4715.0,84.1,11654.5,1278.3,3551.6,4719.3,3345.3,3200.0,1526.7,1345.2,1143.9,4477.9,2187.3,4858.9,4865.9,4865.3,4761.6,4761.6,967.0,2827.4,1275.7,3440.2,3457.2,2107.4,8232.8,5120.3,4463.1,1984.1
Bunnpris Nørve,1131.5,7221.8,3070.1,5397.8,276.9,2597.2,265.0,2254.0,34.0,7161.0,1477.9,777.0,234.7,3933.2,369.9,3153.4,2513.1,1917.6,0.0,9815.9,2362.9,241.3,777.7,2951.2,244.8,4712.7,5457.9,3930.3,4589.3,263.0,924.8,3143.3,213.2,690.6,2446.1,4665.8,231.8,3897.4,5542.6,1171.4,8563.2,3347.8,86.1,5489.5,6288.5,269.2,10808.6,10840.6,4905.6,6299.3,3183.7,11610.8,7203.3,5122.1,5457.4,9355.8,6285.3,3787.2,11318.5,8599.6,3942.5,4634.3,146.4,1863.7,5483.2,2481.3,468.8,41.8,739.0,11485.3,247.6,259.9,1041.3,105.4,1677.9,4580.6,8685.0,3875.2,523.2,231.3,4418.5,1833.6,287.3,685.6,3827.4,8781.2,431.3,651.5,4641.2,264.4,5682.1,196.3,3376.9,5691.5,390.5,1015.4,1807.4,657.1,200.4,660.9,628.3,632.5,8809.2,5960.1,7736.3,7166.4,259.7,246.5,177.5,4736.2,518.3,232.5,1053.0,8505.5,5529.3,4920.2,1894.8,12119.6,730.9,4016.7,4437.0,3810.4,3405.2,510.9,705.5,861.6,4683.1,333.0,4576.6,4583.6,4583.0,4479.3,4479.3,1172.2,2545.1,728.3,3905.3,3922.3,253.1,8697.9,5325.5,4668.3,122.8
Bunnpris Olden,9078.5,5723.7,7834.6,5297.1,10005.3,10997.7,9993.4,7934.7,9769.4,5677.5,9878.4,10505.4,9963.1,6599.9,10098.3,7188.8,7715.4,9598.3,9774.7,0.0,10365.5,9969.7,9200.6,7200.3,9973.2,5294.3,4501.0,6606.3,5230.3,9991.4,9081.2,7185.6,9696.8,9189.0,7723.4,5185.3,9960.2,6601.4,7464.4,8731.1,7963.7,7319.5,9821.5,7411.3,5287.0,9997.6,1044.2,1076.2,5035.9,5297.8,11584.2,7068.2,5705.2,7043.9,7379.2,490.9,5283.8,12187.7,1554.1,8882.5,6611.5,5214.5,9874.8,10006.7,4499.9,7733.6,10197.2,9796.0,9177.9,6942.7,9772.4,9729.1,9180.1,9840.8,9358.6,5917.8,1183.4,6583.3,10251.6,9959.7,6340.3,9514.3,10015.7,9281.9,11627.8,3862.5,9669.9,9200.8,5171.3,9992.8,7603.9,9924.7,7034.4,7613.3,9516.7,10743.8,9674.6,9204.3,9928.8,9268.6,9236.0,9240.2,3833.8,7377.2,7064.8,5672.1,9988.1,9974.9,9905.9,8465.2,10246.7,9960.9,8741.1,7906.0,7451.1,5050.5,9575.5,7577.0,9152.4,6451.1,5874.8,6659.4,6420.4,9400.8,9219.3,9018.0,5183.8,10061.4,5913.8,5920.8,5920.2,5816.5,5816.5,8731.9,7760.0,9149.8,6631.0,6552.7,9981.5,8098.4,4599.7,5206.0,9858.2
Bunnpris Sjøholt,2258.0,4919.4,3304.7,6524.3,2568.8,2134.8,2556.9,2488.6,2332.9,4858.6,1045.9,2394.3,2526.6,5059.7,2661.8,4279.9,2747.7,3044.1,2338.2,10378.0,0.0,2533.2,1866.7,3185.8,2536.7,5839.2,6584.4,5056.8,5715.8,2554.9,2042.7,4269.8,2260.3,1829.2,2680.7,5792.3,2523.7,5023.9,6669.1,2297.9,9689.7,4474.3,2385.0,6616.0,7415.0,2561.1,11370.7,11402.7,6032.1,7425.8,2721.3,12737.3,4900.9,6248.6,6583.9,9917.9,7411.8,2295.7,11880.6,9726.1,5069.0,5760.8,2438.3,748.8,6609.7,2715.9,2760.7,2359.5,1828.0,12611.8,2335.9,2297.0,1888.6,2404.3,2804.4,4503.8,9247.1,5001.7,2815.1,2523.2,5545.0,2960.1,2579.2,1735.1,1525.0,9907.7,2290.8,1778.0,5767.7,2556.3,6808.6,2488.2,4503.4,6818.0,2084.6,3307.3,987.5,1893.2,2492.3,1832.1,1799.5,1803.7,9935.7,3657.7,8862.8,4864.0,2551.6,2538.4,2469.4,2433.8,2810.2,2524.4,2179.5,9632.0,6655.8,6046.7,3021.3,13246.1,1829.3,5143.2,4671.6,4936.9,4531.7,2023.2,1780.3,1988.1,5809.6,2624.9,4497.7,4468.9,4468.3,4630.6,4630.6,2298.7,2779.7,1831.9,5031.8,5048.8,2545.0,9824.4,6452.0,5794.8,2421.7
SKAREGATA 1,1304.5,7394.8,3243.1,5570.8,107.6,2736.4,95.7,2427.0,233.2,7334.0,1650.9,826.7,65.4,4106.2,200.6,3326.4,2686.1,2090.6,255.7,9988.9,2535.9,0.0,950.7,3124.2,75.5,4885.7,5630.9,4103.3,4762.3,93.7,1097.8,3316.3,394.2,863.6,2619.1,4838.8,58.7,4070.4,5715.6,1344.4,8736.2,3520.8,266.4,5662.5,6461.5,38.4,10981.6,11013.6,5078.6,6472.3,3322.9,11783.8,7376.3,5295.1,5630.4,9528.8,6458.3,3926.4,11491.5,8772.6,4115.5,4807.3,89.0,2036.7,5656.2,2654.3,299.5,277.0,912.0,11658.3,469.8,432.9,1214.3,285.7,1850.9,4753.6,8858.0,4048.2,353.9,46.5,4591.5,2006.6,118.0,858.6,4000.4,8954.2,604.3,824.5,4814.2,33.6,5855.1,64.3,3549.9,5864.5,563.5,1065.1,1980.4,830.1,68.8,833.9,801.3,805.5,8982.2,6133.1,7909.3,7339.4,90.4,32.1,73.4,4909.2,349.0,50.3,1226.0,8678.5,5702.3,5093.2,2067.8,12292.6,903.9,4189.7,4610.0,3983.4,3578.2,683.9,878.5,1034.6,4856.1,163.7,4749.6,4756.6,4756.0,4652.3,4652.3,1345.2,2718.1,901.3,4078.3,4095.3,39.5,8870.9,5498.5,4841.3,322.0
Bunnpris Spjelkavik,537.8,6708.4,2476.4,4804.1,984.2,2083.8,972.3,1660.3,748.3,6647.6,964.5,1484.3,942.0,3339.5,1077.2,2559.7,1919.4,1323.9,753.6,9222.2,1849.5,948.6,0.0,2357.5,952.1,4119.0,4864.2,3336.6,3995.6,970.3,331.1,2549.6,675.7,167.9,1852.4,4072.1,939.1,3303.7,4948.9,577.7,7969.5,2754.1,800.4,4895.8,5694.8,976.5,10214.9,10246.9,4311.9,5705.6,2670.3,11017.1,6689.9,4528.4,4863.7,8762.1,5691.6,3273.8,10724.8,8005.9,3348.8,4040.6,853.7,1350.3,4889.5,1887.6,1176.1,774.9,66.7,10891.6,751.3,708.0,447.6,819.7,1084.2,3986.9,8091.3,3281.5,1230.5,938.6,3824.8,1239.9,994.6,200.4,3314.0,8187.5,648.8,156.6,4047.5,971.7,5088.4,903.6,2783.2,5097.8,495.6,1722.7,1294.0,183.2,907.7,247.5,214.9,219.1,8215.5,5446.7,7142.6,6653.0,967.0,953.8,884.8,4222.8,1225.6,939.8,459.3,7911.8,4935.6,4326.5,1301.1,11525.9,47.5,3423.0,3843.3,3216.7,2811.5,379.7,111.9,267.9,4089.4,1040.3,3982.9,3989.9,3989.3,3885.6,3885.6,578.5,1951.4,50.1,3311.6,3328.6,960.4,8104.2,4731.8,4074.6,837.1
Bunnpris Straumgjerde,2455.4,6739.2,1228.8,5346.9,3151.7,3797.4,3139.8,734.4,2915.8,6678.4,2678.1,3651.8,3109.5,5257.1,3244.7,4477.3,515.1,3241.5,2921.1,7218.1,3165.2,3116.1,2347.0,0.0,3119.6,4661.8,5407.0,5254.2,4538.4,3137.8,2133.9,4467.2,2843.2,2335.4,523.1,4614.9,3106.6,5221.3,6866.5,2495.3,9455.1,4671.7,2967.9,6813.4,5782.4,3144.0,8210.8,8242.8,4854.7,5766.2,4383.9,10094.6,6720.7,6446.0,6781.3,6758.0,5762.5,4987.4,8720.7,9923.5,5266.4,4583.4,3021.2,2806.4,5432.3,533.3,3343.6,2942.4,2324.3,9969.1,2918.8,2875.5,1979.8,2987.2,3001.8,1653.9,6087.2,5199.1,3398.0,3106.1,5742.4,3157.5,3162.1,2428.3,4629.7,6888.9,2816.3,2347.2,4590.3,3139.2,7006.0,3071.1,4700.8,7015.4,2663.1,3890.2,2474.3,2350.7,3075.2,2415.0,2382.4,2386.6,6860.2,5477.5,7685.4,6683.8,3134.5,3121.3,3052.3,4201.3,3393.1,3107.3,2376.9,9397.4,6853.2,4869.3,3218.7,10603.4,2298.8,5340.6,1510.3,5134.3,3354.3,2547.2,2365.7,2134.7,4632.2,3207.8,1649.9,1656.9,1656.3,1552.6,1552.6,2496.1,559.7,2296.2,5229.2,5246.2,3127.9,9589.8,5274.6,4617.4,3004.6
NEDRE STRANDGATE 9,1302.0,7392.3,3240.6,5568.3,78.2,2733.9,54.1,2424.5,230.7,7331.5,1648.4,824.2,25.6,4103.7,142.7,3323.9,2683.6,2088.1,253.2,9986.4,2533.4,76.6,948.2,3121.7,0.0,4883.2,5628.4,4100.8,4759.8,35.8,1095.3,3313.8,391.7,861.1,2616.6,4836.3,77.4,4067.9,5713.1,1341.9,8733.7,3518.3,263.9,5660.0,6459.0,104.5,10979.1,11011.1,5076.1,6469.8,3320.4,11781.3,7373.8,5292.6,5627.9,9526.3,6455.8,3923.9,11489.0,8770.1,4113.0,4804.8,109.1,2034.2,5653.7,2651.8,241.6,274.5,909.5,11655.8,467.3,430.4,1211.8,283.2,1848.4,4751.1,8855.5,4045.7,296.0,27.7,4589.0,2004.1,60.1,856.1,3997.9,8951.7,601.8,822.0,4811.7,99.7,5852.6,73.7,3547.4,5862.0,561.0,1062.6,1977.9,827.6,57.1,831.4,798.8,803.0,8979.7,6130.6,7906.8,7336.9,32.5,99.0,95.1,4906.7,291.1,23.9,1223.5,8676.0,5699.8,5090.7,2065.3,12290.1,901.4,4187.2,4607.5,3980.9,3575.7,681.4,876.0,1032.1,4853.6,105.8,4747.1,4754.1,4753.5,4649.8,4649.8,1342.7,2715.6,898.8,4075.8,4092.8,88.4,8868.4,5496.0,4838.8,319.5
Bunnpris Ørsta,3996.1,8712.4,5035.8,884.9,4922.9,6065.6,4911.0,4541.4,4687.0,8666.2,4946.3,5423.0,4880.7,2154.0,5015.9,2742.9,4322.1,4515.9,4692.3,5303.0,5831.3,4887.3,4118.2,4686.7,4890.8,0.0,924.1,2160.4,140.9,4909.0,3998.8,2739.7,4614.4,4106.6,4330.1,132.0,4877.8,2155.5,3018.5,3648.7,4972.2,2873.6,4739.1,2965.4,1775.6,4915.2,6295.7,6327.7,371.8,1786.4,6652.1,7474.0,8693.9,2598.0,2933.3,4842.9,1772.4,7255.6,6805.6,5788.1,2165.6,123.6,4792.4,5332.1,949.4,4340.3,5114.8,4713.6,4095.5,7348.5,4690.0,4646.7,4115.3,4758.4,4276.2,5949.3,4172.1,2137.4,5169.2,4877.3,1894.4,4431.9,4933.3,4199.5,7295.8,4268.3,4587.5,4118.4,132.0,4910.4,3158.0,4842.3,2588.5,3167.4,4434.3,5661.4,5234.5,4121.9,4846.4,4186.2,4153.6,4157.8,4296.3,9428.5,3202.5,8660.8,4905.7,4892.5,4823.5,8204.6,5164.3,4878.5,3658.7,4914.5,3005.2,386.4,4493.1,7982.8,4070.0,2005.2,5906.3,2213.5,1338.0,4318.4,4136.9,3935.6,149.3,4979.0,5945.3,5952.3,5951.7,5848.0,5848.0,3649.5,4366.7,4067.4,2185.1,2106.8,4899.1,5106.9,791.7,134.5,4775.8
"Volda, 6100 Volda",4732.8,7913.1,5772.5,1396.6,5659.6,6802.3,5647.7,5278.1,5423.7,7866.9,5683.0,6159.7,5617.4,2177.6,5752.6,2766.5,5058.8,5252.6,5429.0,4503.7,6568.0,5624.0,4854.9,5423.4,5627.5,921.6,0.0,2184.0,884.6,5645.7,4735.5,2763.3,5351.1,4843.3,5066.8,834.6,5614.5,2179.1,3042.1,4385.4,4435.4,2897.2,5475.8,2989.0,1618.9,5651.9,5496.4,5528.4,613.6,1629.7,7388.8,6674.7,7894.6,2621.6,2956.9,4043.6,1615.7,7992.3,6006.3,5251.3,2189.2,841.8,5529.1,6068.8,107.6,5077.0,5851.5,5450.3,4832.2,6549.2,5426.7,5383.4,4852.0,5495.1,5012.9,5150.0,3372.8,2161.0,5905.9,5614.0,1918.0,5168.6,5670.0,4936.2,8032.5,3469.0,5324.2,4855.1,850.2,5647.1,3181.6,5579.0,2612.1,3191.0,5171.0,6398.1,5971.2,4858.6,5583.1,4922.9,4890.3,4894.5,3497.0,8973.6,2665.7,7861.5,5642.4,5629.2,5560.2,7697.4,5901.0,5615.2,4395.4,4377.7,3028.8,628.2,5229.8,7183.5,4806.7,2028.8,5107.0,2237.1,2074.7,5055.1,4873.6,4672.3,825.3,5715.7,5146.0,5153.0,5152.4,5048.7,5048.7,4386.2,5103.4,4804.1,2208.7,2130.4,5635.8,4570.1,169.2,852.3,5512.5
Café Nova,3273.4,9967.5,5421.4,2813.4,4200.2,5342.9,4188.3,4605.3,3964.3,9906.7,4223.6,4700.3,4158.0,39.8,4293.2,875.5,4864.4,3532.2,3969.6,6606.6,5108.6,4164.6,3395.5,5302.5,4168.1,2170.9,2185.2,0.0,2133.9,4186.3,3276.1,872.3,3891.7,3383.9,4797.4,2083.9,4155.1,49.8,1879.6,3035.2,4900.2,1006.2,4016.4,1826.5,3613.0,4192.5,7599.3,7631.3,1871.8,3623.8,5929.4,7947.8,9949.0,1459.1,1794.4,6146.5,3609.8,6532.9,8109.2,4936.6,20.1,2091.1,4069.7,4609.4,2210.5,4832.6,4392.1,3990.9,3372.8,7822.3,3967.3,3924.0,3392.6,4035.7,3292.5,6931.9,5475.7,119.6,4446.5,4154.6,755.5,3448.2,4210.6,3476.8,6573.1,5571.9,3864.8,3395.7,2099.5,4187.7,2019.1,4119.6,721.1,2028.5,3711.6,4938.7,4511.8,3399.2,4123.7,3463.5,3430.9,3435.1,5599.9,8705.8,4463.6,9912.1,4183.0,4169.8,4100.8,7481.9,4441.6,4155.8,2936.0,4842.5,1866.3,1886.4,3509.4,8456.6,3347.3,353.7,6788.3,202.3,3324.0,3595.7,3414.2,3212.9,2074.6,4256.3,6927.9,6934.9,6934.3,6830.6,6830.6,3036.0,4896.4,3344.7,36.7,172.2,4176.4,5034.9,2052.8,2101.6,4053.1
Det Lille Napoli,3870.6,8645.0,4910.3,817.5,4797.4,5940.1,4785.5,4415.9,4561.5,8598.8,4820.8,5297.5,4755.2,2107.5,4890.4,2696.4,4196.6,4390.4,4566.8,5235.6,5705.8,4761.8,3992.7,4561.2,4765.3,131.0,877.6,2113.9,0.0,4783.5,3873.3,2693.2,4488.9,3981.1,4204.6,85.5,4752.3,2109.0,2972.0,3523.2,4925.7,2827.1,4613.6,2918.9,1708.2,4789.7,6228.3,6260.3,325.3,1719.0,6526.6,7406.6,8626.5,2551.5,2886.8,4775.5,1705.0,7130.1,6738.2,5741.6,2119.1,54.0,4666.9,5206.6,902.9,4214.8,4989.3,4588.1,3970.0,7281.1,4564.5,4521.2,3989.8,4632.9,4150.7,5881.9,4104.7,2090.9,5043.7,4751.8,1847.9,4306.4,4807.8,4074.0,7170.3,4200.9,4462.0,3992.9,60.9,4784.9,3111.5,4716.8,2542.0,3120.9,4308.8,5535.9,5109.0,3996.4,4720.9,4060.7,4028.1,4032.3,4228.9,9303.0,3156.0,8593.4,4780.2,4767.0,4698.0,8079.1,5038.8,4753.0,3533.2,4868.0,2958.7,339.9,4367.6,7915.4,3944.5,1958.7,5838.9,2167.0,1212.5,4192.9,4011.4,3810.1,102.8,4853.5,5877.9,5884.9,5884.3,5780.6,5780.6,3524.0,4241.2,3941.9,2138.6,2060.3,4773.6,5060.4,745.2,88.0,4650.3
KIRKEGATA 1 A,1318.7,7409.0,3257.3,5585.0,51.8,2750.6,27.7,2441.2,247.4,7348.2,1665.1,840.9,42.3,4120.4,131.1,3340.6,2700.3,2104.8,269.9,10003.1,2550.1,93.3,964.9,3138.4,29.0,4899.9,5645.1,4117.5,4776.5,0.0,1112.0,3330.5,408.4,877.8,2633.3,4853.0,94.1,4084.6,5729.8,1358.6,8750.4,3535.0,280.6,5676.7,6475.7,121.2,10995.8,11027.8,5092.8,6486.5,3337.1,11798.0,7390.5,5309.3,5644.6,9543.0,6472.5,3940.6,11505.7,8786.8,4129.7,4821.5,125.8,2050.9,5670.4,2668.5,230.0,291.2,926.2,11672.5,484.0,447.1,1228.5,299.9,1865.1,4767.8,8872.2,4062.4,284.4,44.4,4605.7,2020.8,59.0,872.8,4014.6,8968.4,618.5,838.7,4828.4,116.4,5869.3,90.4,3564.1,5878.7,577.7,1079.3,1994.6,844.3,73.8,848.1,815.5,819.7,8996.4,6147.3,7923.5,7353.6,31.4,115.7,111.8,4923.4,279.5,40.6,1240.2,8692.7,5716.5,5107.4,2082.0,12306.8,918.1,4203.9,4624.2,3997.6,3592.4,698.1,892.7,1048.8,4870.3,104.7,4763.8,4770.8,4770.2,4666.5,4666.5,1359.4,2732.3,915.5,4092.5,4109.5,105.1,8885.1,5512.7,4855.5,336.2
Gamle Blindheimsveg 25,437.4,6901.0,2264.5,4703.7,1133.7,2276.4,1121.8,1448.4,897.8,6840.2,1157.1,1633.8,1091.5,3239.1,1226.7,2459.3,1707.5,1223.5,903.1,9121.8,2042.1,1098.1,329.0,2145.6,1101.6,4018.6,4763.8,3236.2,3895.2,1119.8,0.0,2449.2,825.2,317.4,1640.5,3971.7,1088.6,3203.3,4848.5,477.3,7869.1,2653.7,949.9,4795.4,5594.4,1126.0,10114.5,10146.5,4211.5,5605.2,2862.9,10916.7,6882.5,4428.0,4763.3,8661.7,5591.2,3466.4,10624.4,7905.5,3248.4,3940.2,1003.2,1542.9,4789.1,1675.7,1325.6,924.4,306.3,10791.2,900.8,857.5,235.7,969.2,983.8,3775.0,7990.9,3181.1,1380.0,1088.1,3724.4,1139.5,1144.1,410.3,3506.6,8087.1,798.3,329.2,3947.1,1121.2,4988.0,1053.1,2682.8,4997.4,645.1,1872.2,1354.9,332.7,1057.2,397.0,364.4,368.6,8115.1,5639.3,7042.2,6845.6,1116.5,1103.3,1034.3,4415.4,1375.1,1089.3,358.9,7811.4,4835.2,4226.1,1200.7,11425.5,280.8,3322.6,3631.4,3116.3,2711.1,529.2,347.7,101.0,3989.0,1189.8,3771.0,3778.0,3777.4,3673.7,3673.7,478.1,1739.5,278.2,3211.2,3228.2,1109.9,8003.8,4631.4,3974.2,986.6
Eurospar Hareid,2465.7,9159.8,4613.7,3390.8,3392.5,4535.2,3380.6,3797.6,3156.6,9099.0,3415.9,3892.6,3350.3,847.6,3485.5,67.8,4056.7,2724.5,3161.9,7184.0,4300.9,3356.9,2587.8,4494.8,3360.4,2748.3,2762.6,844.7,2711.3,3378.6,2468.4,0.0,3084.0,2576.2,3989.7,2661.3,3347.4,811.8,2457.0,2227.5,5477.6,262.2,3208.7,2403.9,4190.4,3384.8,8176.7,8208.7,2449.2,4201.2,5121.7,8525.2,9141.3,2036.5,2371.8,6723.9,4187.2,5725.2,8686.6,5514.0,856.9,2668.5,3262.0,3801.7,2787.9,4024.9,3584.4,3183.2,2565.1,8399.7,3159.6,3116.3,2584.9,3228.0,2484.8,6124.2,6053.1,789.6,3638.8,3346.9,1332.9,2640.5,3402.9,2669.1,5765.4,6149.3,3057.1,2588.0,2676.9,3380.0,2596.5,3311.9,291.3,2605.9,2903.9,4131.0,3704.1,2591.5,3316.0,2655.8,2623.2,2627.4,6177.3,7898.1,5041.0,9104.4,3375.3,3362.1,3293.1,6674.2,3633.9,3348.1,2128.3,5419.9,2443.7,2463.8,2701.7,9034.0,2539.6,931.1,5980.6,724.8,3901.4,2788.0,2606.5,2405.2,2652.0,3448.6,6120.2,6127.2,6126.6,6022.9,6022.9,2228.3,4088.7,2537.0,819.7,836.7,3368.7,5612.3,2630.2,2679.0,3245.4
LARSGÅRDSVEGEN 19,1037.2,7127.5,2975.8,5303.5,409.2,2502.9,397.3,2159.7,173.3,7066.7,1383.6,909.3,367.0,3838.9,502.2,3059.1,2418.8,1823.3,178.6,9721.6,2268.6,373.6,683.4,2856.9,377.1,4618.4,5363.6,3836.0,4495.0,395.3,830.5,3049.0,0.0,596.3,2351.8,4571.5,364.1,3803.1,5448.3,1077.1,8468.9,3253.5,225.4,5395.2,6194.2,401.5,10714.3,10746.3,4811.3,6205.0,3089.4,11516.5,7109.0,5027.8,5363.1,9261.5,6191.0,3692.9,11224.2,8505.3,3848.2,4540.0,278.7,1769.4,5388.9,2387.0,601.1,198.8,644.7,11391.0,158.1,135.6,947.0,244.7,1583.6,4486.3,8590.7,3780.9,655.5,363.6,4324.2,1739.3,419.6,591.3,3733.1,8686.9,307.0,557.2,4546.9,396.7,5587.8,328.6,3282.6,5597.2,296.2,1147.7,1713.1,562.8,332.7,566.6,534.0,538.2,8714.9,5865.8,7642.0,7072.1,392.0,378.8,309.8,4641.9,650.6,364.8,958.7,8411.2,5435.0,4825.9,1800.5,12025.3,636.6,3922.4,4342.7,3716.1,3310.9,416.6,611.2,767.3,4588.8,465.3,4482.3,4489.3,4488.7,4385.0,4385.0,1077.9,2450.8,634.0,3811.0,3828.0,385.4,8603.6,5231.2,4574.0,262.1
Eurospar Moa,519.5,6688.3,2458.1,4785.8,919.8,2063.7,907.9,1642.0,683.9,6627.5,944.4,1419.9,877.6,3321.2,1012.8,2541.4,1901.1,1305.6,689.2,9203.9,1829.4,884.2,167.1,2339.2,887.7,4100.7,4845.9,3318.3,3977.3,905.9,312.8,2531.3,611.3,0.0,1834.1,4053.8,874.7,3285.4,4930.6,559.4,7951.2,2735.8,736.0,4877.5,5676.5,912.1,10196.6,10228.6,4293.6,5687.3,2650.2,10998.8,6669.8,4510.1,4845.4,8743.8,5673.3,3253.7,10706.5,7987.6,3330.5,4022.3,789.3,1330.2,4871.2,1869.3,1111.7,710.5,134.5,10873.3,686.9,595.3,429.3,755.3,1065.9,3968.6,8073.0,3263.2,1166.1,874.2,3806.5,1221.6,930.2,185.4,3293.9,8169.2,536.1,82.5,4029.2,907.3,5070.1,839.2,2764.9,5079.5,382.9,1658.3,1273.9,127.5,843.3,184.3,151.7,155.9,8197.2,5426.6,7124.3,6632.9,902.6,889.4,820.4,4202.7,1161.2,875.4,441.0,7893.5,4917.3,4308.2,1282.8,11507.6,118.9,3404.7,3825.0,3198.4,2793.2,268.5,101.0,249.6,4071.1,975.9,3964.6,3971.6,3971.0,3867.3,3867.3,560.2,1933.1,116.3,3293.3,3310.3,896.0,8085.9,4713.5,4056.3,772.7
Eurospar Sykkylven,1962.9,7256.9,725.3,5008.0,2659.2,3304.9,2647.3,241.9,2423.3,7196.1,2185.6,3159.3,2617.0,4764.6,2752.2,3984.8,67.0,2749.0,2428.6,7735.8,2672.7,2623.6,1854.5,542.2,2627.1,4322.9,5068.1,4761.7,4199.5,2645.3,1641.4,3974.7,2350.7,1842.9,0.0,4276.0,2614.1,4728.8,6374.0,2002.8,9116.2,4179.2,2475.4,6320.9,5898.7,2651.5,8728.5,8760.5,4515.8,5909.5,3891.4,10612.3,7238.4,5953.5,6288.8,7275.7,5895.5,4494.9,9238.4,9431.0,4773.9,4244.5,2528.7,2313.9,5093.4,35.2,2851.1,2449.9,1831.8,10486.8,2426.3,2383.0,1487.3,2494.7,2509.3,2171.6,6604.9,4706.6,2905.5,2613.6,5249.9,2665.0,2669.6,1935.8,4137.2,7406.6,2323.8,1854.7,4251.4,2646.7,6513.5,2578.6,4208.3,6522.9,2170.6,3397.7,1981.8,1858.2,2582.7,1922.5,1889.9,1894.1,7377.9,5995.2,7346.5,7201.5,2642.0,2628.8,2559.8,4719.0,2900.6,2614.8,1884.4,9058.5,6360.7,4530.4,2726.2,11121.1,1806.3,4848.1,2028.0,4641.8,3015.4,2054.7,1873.2,1642.2,4293.3,2715.3,2167.6,2174.6,2174.0,2070.3,2070.3,2003.6,99.0,1803.7,4736.7,4753.7,2635.4,9250.9,4935.7,4278.5,2512.1
Eurospar Ørsta,3942.9,8598.3,4982.6,770.8,4869.7,6012.4,4857.8,4488.2,4633.8,8552.1,4893.1,5369.8,4827.5,2066.6,4962.7,2655.5,4268.9,4462.7,4639.1,5188.9,5778.1,4834.1,4065.0,4633.5,4837.6,131.7,836.7,2073.0,94.7,4855.8,3945.6,2652.3,4561.2,4053.4,4276.9,0.0,4824.6,2068.1,2931.1,3595.5,4884.8,2786.2,4685.9,2878.0,1661.5,4862.0,6181.6,6213.6,284.4,1672.3,6598.9,7359.9,8579.8,2510.6,2845.9,4728.8,1658.3,7202.4,6691.5,5700.7,2078.2,51.9,4739.2,5278.9,862.0,4287.1,5061.6,4660.4,4042.3,7234.4,4636.8,4593.5,4062.1,4705.2,4223.0,5835.2,4058.0,2050.0,5116.0,4824.1,1807.0,4378.7,4880.1,4146.3,7242.6,4154.2,4534.3,4065.2,60.3,4857.2,3070.6,4789.1,2501.1,3080.0,4381.1,5608.2,5181.3,4068.7,4793.2,4133.0,4100.4,4104.6,4182.2,9375.3,3115.1,8546.7,4852.5,4839.3,4770.3,8151.4,5111.1,4825.3,3605.5,4827.1,2917.8,299.0,4439.9,7868.7,4016.8,1917.8,5792.2,2126.1,1284.8,4265.2,4083.7,3882.4,33.2,4925.8,5831.2,5838.2,5837.6,5733.9,5733.9,3596.3,4313.5,4014.2,2097.7,2019.4,4845.9,5019.5,704.3,30.5,4722.6
Rasmus Rønnebergs gate 21,1298.8,7389.1,3237.4,5565.1,109.2,2730.7,97.3,2421.3,227.5,7328.3,1645.2,821.0,67.0,4100.5,202.2,3320.7,2680.4,2084.9,250.0,9983.2,2530.2,58.4,945.0,3118.5,77.1,4880.0,5625.2,4097.6,4756.6,95.3,1092.1,3310.6,388.5,857.9,2613.4,4833.1,0.0,4064.7,5709.9,1338.7,8730.5,3515.1,260.7,5656.8,6455.8,94.0,10975.9,11007.9,5072.9,6466.6,3317.2,11778.1,7370.6,5289.4,5624.7,9523.1,6452.6,3920.7,11485.8,8766.9,4109.8,4801.6,83.3,2031.0,5650.5,2648.6,301.1,271.3,906.3,11652.6,464.1,427.2,1208.6,280.0,1845.2,4747.9,8852.3,4042.5,355.5,48.1,4585.8,2000.9,119.6,852.9,3994.7,8948.5,598.6,818.8,4808.5,89.2,5849.4,58.6,3544.2,5858.8,557.8,1059.4,1974.7,824.4,76.4,828.2,795.6,799.8,8976.5,6127.4,7903.6,7333.7,92.0,72.0,67.7,4903.5,350.6,51.9,1220.3,8672.8,5696.6,5087.5,2062.1,12286.9,898.2,4184.0,4604.3,3977.7,3572.5,678.2,872.8,1028.9,4850.4,165.3,4743.9,4750.9,4750.3,4646.6,4646.6,1339.5,2712.4,895.6,4072.6,4089.6,77.9,8865.2,5492.8,4835.6,316.3
"Ulsteinvik, 6065 Ulsteinvik",3228.0,9922.1,5376.0,2809.4,4154.8,5297.5,4142.9,4559.9,3918.9,9861.3,4178.2,4654.9,4112.6,35.8,4247.8,830.1,4819.0,3486.8,3924.2,6602.6,5063.2,4119.2,3350.1,5257.1,4122.7,2166.9,2181.2,32.9,2129.9,4140.9,3230.7,826.9,3846.3,3338.5,4752.0,2079.9,4109.7,0.0,1875.6,2989.8,4896.2,960.8,3971.0,1822.5,3609.0,4147.1,7595.3,7627.3,1867.8,3619.8,5884.0,7943.8,9903.6,1455.1,1790.4,6142.5,3605.8,6487.5,8105.2,4932.6,45.1,2087.1,4024.3,4564.0,2206.5,4787.2,4346.7,3945.5,3327.4,7818.3,3921.9,3878.6,3347.2,3990.3,3247.1,6886.5,5471.7,86.1,4401.1,4109.2,751.5,3402.8,4165.2,3431.4,6527.7,5567.9,3819.4,3350.3,2095.5,4142.3,2015.1,4074.2,675.7,2024.5,3666.2,4893.3,4466.4,3353.8,4078.3,3418.1,3385.5,3389.7,5595.9,8660.4,4459.6,9866.7,4137.6,4124.4,4055.4,7436.5,4396.2,4110.4,2890.6,4838.5,1862.3,1882.4,3464.0,8452.6,3301.9,349.7,6742.9,173.7,3320.0,3550.3,3368.8,3167.5,2070.6,4210.9,6882.5,6889.5,6888.9,6785.2,6785.2,2990.6,4851.0,3299.3,29.6,168.2,4131.0,5030.9,2048.8,2097.6,4007.7
"Fosnavåg, 6090 Fosnavåg",4859.0,10865.2,7007.0,3662.6,5785.8,6928.5,5773.9,6190.9,5549.9,10819.0,5809.2,6285.9,5743.6,1872.2,5878.8,2461.1,6450.0,5117.8,5555.2,7455.8,6694.2,5750.2,4981.1,6888.1,5753.7,3020.1,3034.4,1878.6,2983.1,5771.9,4861.7,2457.9,5477.3,4969.5,6383.0,2933.1,5740.7,1873.7,0.0,4620.8,5365.0,2591.8,5602.0,117.5,4462.2,5778.1,8448.5,8480.5,2721.0,4473.0,7515.0,8412.6,10846.7,1923.9,2259.2,6995.7,4459.0,8118.5,8958.4,5401.4,1883.8,2940.3,5655.3,6195.0,3059.7,6418.2,5977.7,5576.5,4958.4,8287.1,5552.9,5509.6,4978.2,5621.3,4878.1,8102.1,6324.9,1855.6,6032.1,5740.2,1208.6,5033.8,5796.2,5062.4,8158.7,6421.1,5450.4,4981.3,2948.7,5773.3,2483.9,5705.2,2306.7,208.6,5297.2,6524.3,6097.4,4984.8,5709.3,5049.1,5016.5,5020.7,6449.1,10291.4,5312.8,10813.6,5768.6,5755.4,5686.4,9067.5,6027.2,5741.4,4521.6,5307.3,33.4,2735.6,5095.0,8921.4,4932.9,1723.4,8059.1,1931.7,4173.2,5181.3,4999.8,4798.5,2923.8,5841.9,8098.1,8105.1,8104.5,8000.8,8000.8,4621.6,6482.0,4930.3,1903.3,1825.0,5762.0,5499.7,2902.0,2950.8,5638.7
"Sunde, 6030 Sunde",453.0,7147.1,2601.0,4325.4,1379.8,2522.5,1367.9,1784.9,1143.9,7086.3,1403.2,1879.9,1337.6,2988.4,1472.8,2208.6,2044.0,972.8,1149.2,8743.5,2288.2,1344.2,575.1,2482.1,1347.7,3640.3,4385.5,2985.5,3516.9,1365.9,455.7,2198.5,1071.3,563.5,1977.0,3593.4,1334.7,2952.6,4597.8,0.0,7618.4,2403.0,1196.0,4544.7,5216.1,1372.1,9736.2,9768.2,3833.2,5226.9,3109.0,10666.0,7128.6,4177.3,4512.6,8283.4,5212.9,3712.5,10246.1,7654.8,2997.7,3561.9,1249.3,1789.0,4410.8,2012.2,1571.7,1170.5,552.4,10540.5,1146.9,1103.6,572.2,1215.3,733.1,4111.5,7612.6,2930.4,1626.1,1334.2,3473.7,888.8,1390.2,656.4,3752.7,7708.8,1044.4,575.3,3568.8,1367.3,4737.3,1299.2,2432.1,4746.7,891.2,2118.3,1691.4,578.8,1303.3,643.1,610.5,614.7,7736.8,5885.4,6663.9,7091.7,1362.6,1349.4,1280.4,4661.5,1621.2,1335.4,115.6,7560.7,4584.5,3847.8,950.0,11174.8,526.9,3071.9,3967.9,2865.6,2332.8,775.3,593.8,392.5,3610.7,1435.9,4107.5,4114.5,4113.9,4010.2,4010.2,0.8,2076.0,524.3,2960.5,2977.5,1356.0,7753.1,4253.1,3595.9,1232.7
Fiskå Brygge Gjestgiveri,7876.8,11363.2,9836.2,5627.8,8803.6,9946.3,8791.7,9208.7,8567.7,11317.0,8827.0,9303.7,8761.4,4890.0,8896.6,5478.9,9122.5,8135.6,8573.0,7953.8,9712.0,8768.0,7998.9,9487.1,8771.5,4985.3,4441.5,4896.4,4948.3,8789.7,7879.5,5475.7,8495.1,7987.3,9130.5,4898.3,8758.5,4891.5,5369.7,7638.6,0.0,5609.6,8619.8,5316.6,5951.7,8795.9,8946.5,8978.5,4677.3,5962.5,10532.8,3393.8,11344.7,3486.3,3131.1,7493.7,5948.5,11136.3,8548.9,1077.0,4901.6,4905.5,8673.1,9212.8,4440.4,9140.7,8995.5,8594.3,7976.2,3268.3,8570.7,8527.4,7996.0,8639.1,7895.9,9482.8,6822.9,4873.4,9049.9,8758.0,4245.6,8051.6,8814.0,8080.2,11176.5,4178.6,8468.2,7999.1,4913.9,8791.1,3471.8,8723.0,5324.5,5518.6,8315.0,9542.1,9115.2,8002.6,8727.1,8066.9,8034.3,8038.5,4193.8,13016.7,1812.1,11311.6,8786.4,8773.2,8704.2,12030.2,9045.0,8759.2,7539.4,80.6,5356.4,4691.9,8112.8,3902.6,7950.7,4741.2,9439.8,4949.5,6138.4,8199.1,8017.6,7816.3,4889.0,8859.7,9478.8,9485.8,9485.2,9381.5,9381.5,7639.4,9167.1,7948.1,4921.1,4842.8,8779.8,292.9,4359.0,4916.0,8656.5
"Hareid, 6060 Hareid",2626.4,9320.5,4774.4,3535.8,3553.2,4695.9,3541.3,3958.3,3317.3,9259.7,3576.6,4053.3,3511.0,992.6,3646.2,224.2,4217.4,2885.2,3322.6,7329.0,4461.6,3517.6,2748.5,4655.5,3521.1,2893.3,2907.6,989.7,2856.3,3539.3,2629.1,272.2,3244.7,2736.9,4150.4,2806.3,3508.1,956.8,2602.0,2388.2,5622.6,0.0,3369.4,2548.9,4335.4,3545.5,8321.7,8353.7,2594.2,4346.2,5282.4,8670.2,9302.0,2181.5,2516.8,6868.9,4332.2,5885.9,8831.6,5659.0,1001.9,2813.5,3422.7,3962.4,2932.9,4185.6,3745.1,3343.9,2725.8,8544.7,3320.3,3277.0,2745.6,3388.7,2645.5,6284.9,6198.1,934.6,3799.5,3507.6,1477.9,2801.2,3563.6,2829.8,5926.1,6294.3,3217.8,2748.7,2821.9,3540.7,2741.5,3472.6,436.3,2750.9,3064.6,4291.7,3864.8,2752.2,3476.7,2816.5,2783.9,2788.1,6322.3,8058.8,5186.0,9265.1,3536.0,3522.8,3453.8,6834.9,3794.6,3508.8,2289.0,5564.9,2588.7,2608.8,2862.4,9179.0,2700.3,1076.1,6141.3,869.8,4046.4,2948.7,2767.2,2565.9,2797.0,3609.3,6280.9,6287.9,6287.3,6183.6,6183.6,2389.0,4249.4,2697.7,964.7,981.7,3529.4,5757.3,2775.2,2824.0,3406.1
"Hatlane, 6008 Ålesund",1141.3,7231.6,3079.9,5407.6,326.7,2607.0,314.8,2263.8,68.2,7170.8,1487.7,826.8,284.5,3943.0,419.7,3163.2,2522.9,1927.4,90.7,9825.7,2372.7,291.1,787.5,2961.0,294.6,4722.5,5467.7,3940.1,4599.1,312.8,934.6,3153.1,231.0,700.4,2455.9,4675.6,281.6,3907.2,5552.4,1181.2,8573.0,3357.6,0.0,5499.3,6298.3,319.0,10818.4,10850.4,4915.4,6309.1,3193.5,11620.6,7213.1,5131.9,5467.2,9365.6,6295.1,3797.0,11328.3,8609.4,3952.3,4644.1,196.2,1873.5,5493.0,2491.1,518.6,112.0,748.8,11495.1,306.6,269.7,1051.1,102.9,1687.7,4590.4,8694.8,3885.0,573.0,281.1,4428.3,1843.4,337.1,695.4,3837.2,8791.0,441.1,661.3,4651.0,314.2,5691.9,246.1,3386.7,5701.3,400.3,1065.2,1817.2,666.9,250.2,670.7,638.1,642.3,8819.0,5969.9,7746.1,7176.2,309.5,296.3,227.3,4746.0,568.1,282.3,1062.8,8515.3,5539.1,4930.0,1904.6,12129.4,740.7,4026.5,4446.8,3820.2,3415.0,520.7,715.3,871.4,4692.9,382.8,4586.4,4593.4,4592.8,4489.1,4489.1,1182.0,2554.9,738.1,3915.1,3932.1,302.9,8707.7,5335.3,4678.1,157.0
Herøy omsorgssenter,4810.3,10816.5,6958.3,3613.9,5737.1,6879.8,5725.2,6142.2,5501.2,10770.3,5760.5,6237.2,5694.9,1823.5,5830.1,2412.4,6401.3,5069.1,5506.5,7407.1,6645.5,5701.5,4932.4,6839.4,5705.0,2971.4,2985.7,1829.9,2934.4,5723.2,4813.0,2409.2,5428.6,4920.8,6334.3,2884.4,5692.0,1825.0,121.6,4572.1,5316.3,2543.1,5553.3,0.0,4413.5,5729.4,8399.8,8431.8,2672.3,4424.3,7466.3,8363.9,10798.0,1875.2,2210.5,6947.0,4410.3,8069.8,8909.7,5352.7,1835.1,2891.6,5606.6,6146.3,3011.0,6369.5,5929.0,5527.8,4909.7,8238.4,5504.2,5460.9,4929.5,5572.6,4829.4,8053.4,6276.2,1806.9,5983.4,5691.5,1159.9,4985.1,5747.5,5013.7,8110.0,6372.4,5401.7,4932.6,2900.0,5724.6,2435.2,5656.5,2258.0,270.5,5248.5,6475.6,6048.7,4936.1,5660.6,5000.4,4967.8,4972.0,6400.4,10242.7,5264.1,10764.9,5719.9,5706.7,5637.7,9018.8,5978.5,5692.7,4472.9,5258.6,108.3,2686.9,5046.3,8872.7,4884.2,1674.7,8010.4,1883.0,4124.5,5132.6,4951.1,4749.8,2875.1,5793.2,8049.4,8056.4,8055.8,7952.1,7952.1,4572.9,6433.3,4881.6,1854.6,1776.3,5713.3,5451.0,2853.3,2902.1,5590.0
Hjørundfjordheimen,5563.1,8714.2,6405.9,1781.7,6489.9,7632.6,6478.0,6108.4,6254.0,8668.0,6513.3,6990.0,6447.7,3610.5,6582.9,4199.4,5889.1,6082.9,6259.3,5304.8,7398.3,6454.3,5685.2,5771.6,6457.8,1778.9,1627.4,3616.9,1714.9,6476.0,5565.8,4196.2,6181.4,5673.6,5897.1,1669.9,6444.8,3612.0,4475.0,5215.7,5960.9,4330.1,6306.1,4421.9,0.0,6482.2,6297.5,6329.5,1828.3,49.0,8219.1,7475.8,8695.7,4054.5,4389.8,4844.7,35.0,8822.6,6807.4,6776.8,3622.1,1699.1,6359.4,6899.1,1612.4,5907.3,6681.8,6280.6,5662.5,7350.3,6257.0,6213.7,5682.3,6325.4,5843.2,4489.1,4173.9,3593.9,6736.2,6444.3,3350.9,5998.9,6500.3,5766.5,8862.8,4270.1,6154.5,5685.4,1655.9,6477.4,4614.5,6409.3,4045.0,4623.9,6001.3,7228.4,6801.5,5688.9,6413.4,5753.2,5720.6,5724.8,4298.1,8312.7,4191.2,8662.6,6472.7,6459.5,6390.5,7036.5,6731.3,6445.5,5225.7,5903.2,4461.7,1842.9,6060.1,7984.6,5637.0,3461.7,4446.1,3670.0,2905.0,5885.4,5703.9,5502.6,1668.4,6546.0,4485.1,4492.1,4491.5,4387.8,4387.8,5216.5,5933.7,5634.4,3641.6,3563.3,6466.1,6095.6,1726.1,1690.6,6342.8
KONGENS GATE 27,1318.4,7408.7,3257.0,5584.7,133.5,2750.3,121.6,2440.9,247.1,7347.9,1664.8,840.6,91.3,4120.1,226.5,3340.3,2700.0,2104.5,269.6,10002.8,2549.8,25.9,964.6,3138.1,101.4,4899.6,5644.8,4117.2,4776.2,119.6,1111.7,3330.2,408.1,877.5,2633.0,4852.7,72.6,4084.3,5729.5,1358.3,8750.1,3534.7,280.3,5676.4,6475.4,0.0,10995.5,11027.5,5092.5,6486.2,3336.8,11797.7,7390.2,5309.0,5644.3,9542.7,6472.2,3940.3,11505.4,8786.5,4129.4,4821.2,102.9,2050.6,5670.1,2668.2,325.4,290.9,925.9,11672.2,483.7,446.8,1228.2,299.6,1864.8,4767.5,8871.9,4062.1,379.8,72.4,4605.4,2020.5,143.9,872.5,4014.3,8968.1,618.2,838.4,4828.1,40.6,5869.0,78.2,3563.8,5878.4,577.4,1079.0,1994.3,844.0,94.7,847.8,815.2,819.4,8996.1,6147.0,7923.2,7353.3,116.3,11.6,87.3,4923.1,374.9,76.2,1239.9,8692.4,5716.2,5107.1,2081.7,12306.5,917.8,4203.6,4623.9,3997.3,3592.1,697.8,892.4,1048.5,4870.0,189.6,4763.5,4770.5,4769.9,4666.2,4666.2,1359.1,2732.0,915.2,4092.2,4109.2,65.4,8884.8,5512.4,4855.2,335.9
Innvik,10071.1,6716.3,8827.2,6289.7,10997.9,11990.3,10986.0,8927.3,10762.0,6670.1,10871.0,11498.0,10955.7,7592.5,11090.9,8181.4,8708.0,10590.9,10767.3,1050.6,11358.1,10962.3,10193.2,8192.9,10965.8,6286.9,5493.6,7598.9,6222.9,10984.0,10073.8,8178.2,10689.4,10181.6,8716.0,6177.9,10952.8,7594.0,8457.0,9723.7,8956.3,8312.1,10814.1,8403.9,6279.6,10990.2,0.0,56.7,6028.5,6290.4,12576.8,8060.8,6697.8,8036.5,8371.8,1483.5,6276.4,13180.3,534.6,9875.1,7604.1,6207.1,10867.4,10999.3,5492.5,8726.2,11189.8,10788.6,10170.5,7935.3,10765.0,10721.7,10172.7,10833.4,10351.2,6910.4,2176.0,7575.9,11244.2,10952.3,7332.9,10506.9,11008.3,10274.5,12620.4,4855.1,10662.5,10193.4,6163.9,10985.4,8596.5,10917.3,8027.0,8605.9,10509.3,11736.4,10667.2,10196.9,10921.4,10261.2,10228.6,10232.8,4826.4,8369.8,8057.4,6664.7,10980.7,10967.5,10898.5,9457.8,11239.3,10953.5,9733.7,8898.6,8443.7,6043.1,10568.1,8569.6,10145.0,7443.7,6867.4,7652.0,7413.0,10393.4,10211.9,10010.6,6176.4,11054.0,6906.4,6913.4,6912.8,6809.1,6809.1,9724.5,8752.6,10142.4,7623.6,7545.3,10974.1,9091.0,5592.3,6198.6,10850.8
Innvik Fjordhotell,10106.3,6751.5,8862.4,6324.9,11033.1,12025.5,11021.2,8962.5,10797.2,6705.3,10906.2,11533.2,10990.9,7627.7,11126.1,8216.6,8743.2,10626.1,10802.5,1085.8,11393.3,10997.5,10228.4,8228.1,11001.0,6322.1,5528.8,7634.1,6258.1,11019.2,10109.0,8213.4,10724.6,10216.8,8751.2,6213.1,10988.0,7629.2,8492.2,9758.9,8991.5,8347.3,10849.3,8439.1,6314.8,11025.4,53.7,0.0,6063.7,6325.6,12612.0,8096.0,6733.0,8071.7,8407.0,1518.7,6311.6,13215.5,513.4,9910.3,7639.3,6242.3,10902.6,11034.5,5527.7,8761.4,11225.0,10823.8,10205.7,7970.5,10800.2,10756.9,10207.9,10868.6,10386.4,6945.6,2211.2,7611.1,11279.4,10987.5,7368.1,10542.1,11043.5,10309.7,12655.6,4890.3,10697.7,10228.6,6199.1,11020.6,8631.7,10952.5,8062.2,8641.1,10544.5,11771.6,10702.4,10232.1,10956.6,10296.4,10263.8,10268.0,4860.0,8405.0,8092.6,6699.9,11015.9,11002.7,10933.7,9493.0,11274.5,10988.7,9768.9,8933.8,8478.9,6078.3,10603.3,8604.8,10180.2,7478.9,6902.6,7687.2,7448.2,10428.6,10247.1,10045.8,6211.6,11089.2,6941.6,6948.6,6948.0,6844.3,6844.3,9759.7,8787.8,10177.6,7658.8,7580.5,11009.3,9126.2,5627.5,6233.8,10886.0
"Hovdebygda, 6160 Hovdebygda",4174.5,8451.3,5214.2,1005.8,5101.3,6244.0,5089.4,4719.8,4865.4,8405.1,5124.7,5601.4,5059.1,1862.9,5194.3,2451.8,4500.5,4694.3,4870.7,5041.9,6009.7,5065.7,4296.6,4865.1,5069.2,363.3,620.5,1869.3,326.3,5087.4,4177.2,2448.6,4792.8,4285.0,4508.5,276.3,5056.2,1864.4,2727.4,3827.1,4668.6,2582.5,4917.5,2674.3,1805.4,5093.6,6034.6,6066.6,0.0,1816.2,6830.5,7212.9,8432.8,2306.9,2642.2,4581.8,1802.2,7434.0,6544.5,5484.5,1874.5,283.5,4970.8,5510.5,645.8,4518.7,5293.2,4892.0,4273.9,7087.4,4868.4,4825.1,4293.7,4936.8,4454.6,5688.2,3911.0,1846.3,5347.6,5055.7,1603.3,4610.3,5111.7,4377.9,7474.2,4007.2,4765.9,4296.8,291.9,5088.8,2866.9,5020.7,2297.4,2876.3,4612.7,5839.8,5412.9,4300.3,5024.8,4364.6,4332.0,4336.2,4035.2,9511.8,2898.9,8399.7,5084.1,5070.9,5001.9,8235.6,5342.7,5056.9,3837.1,4610.9,2714.1,63.2,4671.5,7721.7,4248.4,1714.1,5645.2,1922.4,1516.4,4496.8,4315.3,4114.0,267.0,5157.4,5684.2,5691.2,5690.6,5586.9,5586.9,3827.9,4545.1,4245.8,1894.0,1815.7,5077.5,4803.3,488.1,294.0,4954.2
Joker Bellingen,5570.9,8722.0,6387.8,1789.5,6497.7,7640.4,6485.8,6116.2,6261.8,8675.8,6521.1,6997.8,6455.5,3618.3,6590.7,4207.2,5896.9,6090.7,6267.1,5312.6,7406.1,6462.1,5693.0,5753.5,6465.6,1786.7,1635.2,3624.7,1722.7,6483.8,5573.6,4204.0,6189.2,5681.4,5904.9,1677.7,6452.6,3619.8,4482.8,5223.5,5968.7,4337.9,6313.9,4429.7,52.6,6490.0,6305.3,6337.3,1836.1,0.0,8226.9,7483.6,8703.5,4062.3,4397.6,4852.5,19.0,8830.4,6815.2,6784.6,3629.9,1706.9,6367.2,6906.9,1620.2,5915.1,6689.6,6288.4,5670.3,7358.1,6264.8,6221.5,5690.1,6333.2,5851.0,4471.0,4181.7,3601.7,6744.0,6452.1,3358.7,6006.7,6508.1,5774.3,8870.6,4277.9,6162.3,5693.2,1663.7,6485.2,4622.3,6417.1,4052.8,4631.7,6009.1,7236.2,6809.3,5696.7,6421.2,5761.0,5728.4,5732.6,4305.9,8294.6,4199.0,8670.4,6480.5,6467.3,6398.3,7018.4,6739.1,6453.3,5233.5,5911.0,4469.5,1850.7,6067.9,7992.4,5644.8,3469.5,4428.0,3677.8,2912.8,5893.2,5711.7,5510.4,1676.2,6553.8,4467.0,4474.0,4473.4,4369.7,4369.7,5224.3,5941.5,5642.2,3649.4,3571.1,6473.9,6103.4,1733.9,1698.4,6350.6
Joker Fiksdal,3075.4,7553.6,4525.4,7341.7,3353.7,1479.6,3341.8,3709.3,3150.3,7492.8,1850.9,2695.1,3311.5,5877.1,3446.7,5097.3,3968.4,3861.5,3155.6,11600.1,2725.9,3318.1,2684.1,4406.5,3321.6,6656.6,7401.8,5874.2,6533.2,3339.8,2868.7,5087.2,3077.7,2646.6,3901.4,6609.7,3308.6,5841.3,7486.5,3115.3,10507.1,5291.7,3202.4,7433.4,8232.4,3346.0,12592.8,12624.8,6849.5,8243.2,0.0,13554.7,7535.1,7066.0,7401.3,11140.0,8229.2,622.2,13102.7,10543.5,5886.4,6578.2,3223.2,1989.0,7427.1,3936.6,3545.6,3176.9,2645.4,13429.2,3153.3,3114.4,2985.2,3221.7,3621.8,6035.9,10469.2,5819.1,3600.0,3308.1,6362.4,3777.5,3364.1,2552.5,1408.7,10725.1,3108.2,2595.4,6585.1,3341.2,7626.0,3273.1,5320.8,7635.4,2902.0,3658.0,2208.2,2710.6,3277.2,2649.5,2616.9,2621.1,10753.1,6291.9,9680.2,7498.2,3336.5,3323.3,3254.3,5068.0,3595.1,3309.3,2996.9,10449.4,7473.2,6864.1,3838.7,14063.5,2646.7,5960.6,5892.3,5754.3,5349.1,2840.6,2597.7,2805.5,6627.0,3409.8,6031.9,6038.9,6038.3,5934.6,5934.6,3116.1,4000.4,2649.3,5849.2,5866.2,3329.9,10641.8,7269.4,6612.2,3239.1
Joker Flatraket,10692.7,10485.2,10733.7,7489.9,11619.5,12762.2,11607.6,10833.8,11383.6,10439.0,11642.9,12119.6,11577.3,7954.5,11712.5,8543.4,10614.5,11212.5,11388.9,7075.8,12527.9,11583.9,10814.8,10099.4,11587.4,6881.5,6337.7,7960.9,6844.5,11605.6,10695.4,8540.2,11311.0,10803.2,10622.5,6794.5,11574.4,7956.0,8434.2,10345.3,3423.1,8674.1,11435.7,8381.1,7479.8,11611.8,8068.5,8100.5,6573.5,7490.6,13348.7,0.0,10466.7,6550.8,6195.6,6615.7,7476.6,13952.2,7670.9,4341.9,7966.1,6801.7,11489.0,12028.7,6336.6,10632.7,11811.4,11410.2,10792.1,815.8,11386.6,11343.3,10811.9,11455.0,10972.8,8816.9,5944.9,7937.9,11865.8,11573.9,7310.1,11128.5,11629.9,10896.1,13992.4,3300.6,11284.1,10815.0,6810.1,11607.0,6536.3,11538.9,8389.0,8583.1,11130.9,12358.0,11931.1,10818.5,11543.0,10882.8,10850.2,10854.4,3315.8,12138.7,4876.6,10433.6,11602.3,11589.1,11520.1,11364.3,11860.9,11575.1,10355.3,3365.4,8420.9,6588.1,11189.7,1450.1,10766.6,7805.7,8773.9,8014.0,8034.6,11015.0,10833.5,10632.2,6785.2,11675.6,8812.9,8819.9,8819.3,8715.6,8715.6,10346.1,10659.1,10764.0,7985.6,7907.3,11595.7,3557.8,6255.2,6812.2,11472.4
Joker Geiranger,7129.5,22.1,7359.4,8677.6,7440.3,7006.3,7428.4,7360.1,7204.4,47.3,5917.4,7265.8,7398.1,9931.2,7533.3,9151.4,7240.2,7915.6,7209.7,5699.2,4938.5,7404.7,6738.2,6725.1,7408.2,8674.8,7881.5,9928.3,8610.8,7426.4,6914.2,9141.3,7131.8,6700.7,7248.2,8565.8,7395.2,9895.4,10844.9,7169.4,11344.2,9345.8,7256.5,10791.8,8667.5,7432.6,6691.9,6723.9,8416.4,8678.3,7558.2,10448.7,0.0,10424.4,10759.7,5239.1,8664.3,6953.4,7201.8,12263.0,9940.5,8595.0,7309.8,5620.3,7880.4,7258.4,7632.2,7231.0,6699.5,10323.2,7207.4,7168.5,6760.1,7275.8,7675.9,5145.8,4541.8,9873.2,7686.6,7394.7,9720.8,7831.6,7450.7,6606.6,6182.7,7243.0,7162.3,6649.5,8551.8,7427.8,10984.4,7359.7,9374.9,10993.8,6956.1,8178.8,5859.0,6764.7,7363.8,6703.6,6671.0,6675.2,7214.3,1747.0,10445.3,41.9,7423.1,7409.9,7340.9,3075.8,7681.7,7395.9,7051.0,11286.5,10831.6,8431.0,7892.8,10957.5,6700.8,9831.6,5362.7,9808.4,9403.2,6894.7,6651.8,6859.6,8564.3,7496.4,5139.7,5110.9,5110.3,5272.6,5272.6,7170.2,7284.8,6703.4,9903.3,9920.3,7416.5,11478.9,7980.2,8586.5,7293.2
Joker Gursken,4435.6,10441.8,6583.6,3239.2,5362.4,6505.1,5350.5,5767.5,5126.5,10395.6,5385.8,5862.5,5320.2,1448.8,5455.4,2037.7,6026.6,4694.4,5131.8,7032.4,6270.8,5326.8,4557.7,6464.7,5330.3,2596.7,2611.0,1455.2,2559.7,5348.5,4438.3,2034.5,5053.9,4546.1,5959.6,2509.7,5317.3,1450.3,1928.5,4197.4,3479.7,2168.4,5178.6,1875.4,4038.8,5354.7,8025.1,8057.1,2297.6,4049.6,7091.6,6527.3,10423.3,0.0,373.9,6572.3,4035.6,7695.1,8535.0,3516.1,1460.4,2516.9,5231.9,5771.6,2636.3,5994.8,5554.3,5153.1,4535.0,6401.8,5129.5,5086.2,4554.8,5197.9,4454.7,7678.7,5901.5,1432.2,5608.7,5316.8,804.4,4610.4,5372.8,4639.0,7735.3,5997.7,5027.0,4557.9,2525.3,5349.9,598.6,5281.8,1883.3,2077.4,4873.8,6100.9,5674.0,4561.4,5285.9,4625.7,4593.1,4597.3,6025.7,9868.0,4236.1,10390.2,5345.2,5332.0,5263.0,8644.1,5603.8,5318.0,4098.2,3422.0,1915.2,2312.2,4671.6,7036.1,4509.5,1300.0,7635.7,1508.3,3749.8,4757.9,4576.4,4375.1,2500.4,5418.5,7674.7,7681.7,7681.1,7577.4,7577.4,4198.2,6058.6,4506.9,1479.9,1401.6,5338.6,3614.4,2478.6,2527.4,5215.3
Joker Larsnes,4770.5,10776.7,6918.5,3574.1,5697.3,6840.0,5685.4,6102.4,5461.4,10730.5,5720.7,6197.4,5655.1,1783.7,5790.3,2372.6,6361.5,5029.3,5466.7,7367.3,6605.7,5661.7,4892.6,6799.6,5665.2,2931.6,2945.9,1790.1,2894.6,5683.4,4773.2,2369.4,5388.8,4881.0,6294.5,2844.6,5652.2,1785.2,2263.4,4532.3,3126.2,2503.3,5513.5,2210.3,4373.7,5689.6,8360.0,8392.0,2632.5,4384.5,7426.5,6173.8,10758.2,380.0,0.0,6907.2,4370.5,8030.0,8869.9,3162.6,1795.3,2851.8,5566.8,6106.5,2971.2,6329.7,5889.2,5488.0,4869.9,6048.3,5464.4,5421.1,4889.7,5532.8,4789.6,8013.6,6236.4,1767.1,5943.6,5651.7,1139.3,4945.3,5707.7,4973.9,8070.2,6332.6,5361.9,4892.8,2860.2,5684.8,365.5,5616.7,2218.2,2412.3,5208.7,6435.8,6008.9,4896.3,5620.8,4960.6,4928.0,4932.2,6360.6,10202.9,3882.6,10725.1,5680.1,5666.9,5597.9,8979.0,5938.7,5652.9,4433.1,3068.5,2250.1,2647.1,5006.5,6682.6,4844.4,1634.9,7970.6,1843.2,4084.7,5092.8,4911.3,4710.0,2835.3,5753.4,8009.6,8016.6,8016.0,7912.3,7912.3,4533.1,6393.5,4841.8,1814.8,1736.5,5673.5,3260.9,2813.5,2862.3,5550.2
Joker Loen,8621.3,5266.5,7377.4,4839.9,9548.1,10540.5,9536.2,7477.5,9312.2,5220.3,9421.2,10048.2,9505.9,6142.7,9641.1,6731.6,7258.2,9141.1,9317.5,483.1,9908.3,9512.5,8743.4,6743.1,9516.0,4837.1,4043.8,6149.1,4773.1,9534.2,8624.0,6728.4,9239.6,8731.8,7266.2,4728.1,9503.0,6144.2,7007.2,8273.9,7506.5,6862.3,9364.3,6954.1,4829.8,9540.4,1475.8,1507.8,4578.7,4840.6,11127.0,6611.0,5248.0,6586.7,6922.0,0.0,4826.6,11730.5,1985.7,8425.3,6154.3,4757.3,9417.6,9549.5,4042.7,7276.4,9740.0,9338.8,8720.7,6485.5,9315.2,9271.9,8722.9,9383.6,8901.4,5460.6,726.2,6126.1,9794.4,9502.5,5883.1,9057.1,9558.5,8824.7,11170.6,3405.3,9212.7,8743.6,4714.1,9535.6,7146.7,9467.5,6577.2,7156.1,9059.5,10286.6,9217.4,8747.1,9471.6,8811.4,8778.8,8783.0,3376.6,6920.0,6607.6,5214.9,9530.9,9517.7,9448.7,8008.0,9789.5,9503.7,8283.9,7448.8,6993.9,4593.3,9118.3,7119.8,8695.2,5993.9,5417.6,6202.2,5963.2,8943.6,8762.1,8560.8,4726.6,9604.2,5456.6,5463.6,5463.0,5359.3,5359.3,8274.7,7302.8,8692.6,6173.8,6095.5,9524.3,7641.2,4142.5,4748.8,9401.0
Joker Sæbø,5556.6,8707.7,6383.0,1775.2,6483.4,7626.1,6471.5,6101.9,6247.5,8661.5,6506.8,6983.5,6441.2,3604.0,6576.4,4192.9,5882.6,6076.4,6252.8,5298.3,7391.8,6447.8,5678.7,5748.7,6451.3,1772.4,1620.9,3610.4,1708.4,6469.5,5559.3,4189.7,6174.9,5667.1,5890.6,1663.4,6438.3,3605.5,4468.5,5209.2,5954.4,4323.6,6299.6,4415.4,38.3,6475.7,6291.0,6323.0,1821.8,26.1,8212.6,7469.3,8689.2,4048.0,4383.3,4838.2,0.0,8816.1,6800.9,6770.3,3615.6,1692.6,6352.9,6892.6,1605.9,5900.8,6675.3,6274.1,5656.0,7343.8,6250.5,6207.2,5675.8,6318.9,5836.7,4466.2,4167.4,3587.4,6729.7,6437.8,3344.4,5992.4,6493.8,5760.0,8856.3,4263.6,6148.0,5678.9,1649.4,6470.9,4608.0,6402.8,4038.5,4617.4,5994.8,7221.9,6795.0,5682.4,6406.9,5746.7,5714.1,5718.3,4291.6,8289.8,4184.7,8656.1,6466.2,6453.0,6384.0,7013.6,6724.8,6439.0,5219.2,5896.7,4455.2,1836.4,6053.6,7978.1,5630.5,3455.2,4423.2,3663.5,2898.5,5878.9,5697.4,5496.1,1661.9,6539.5,4462.2,4469.2,4468.6,4364.9,4364.9,5210.0,5927.2,5627.9,3635.1,3556.8,6459.6,6089.1,1719.6,1684.1,6336.3
Joker Tomrefjord,3687.8,6947.2,5137.8,7954.1,3966.1,2071.3,3954.2,4321.7,3762.7,6886.4,2463.3,3307.5,3923.9,6489.5,4059.1,5709.7,4580.8,4473.9,3768.0,12212.5,2298.9,3930.5,3296.5,5018.9,3934.0,7269.0,8014.2,6486.6,7145.6,3952.2,3481.1,5699.6,3690.1,3259.0,4513.8,7222.1,3921.0,6453.7,8098.9,3727.7,11119.5,5904.1,3814.8,8045.8,8844.8,3958.4,13205.2,13237.2,7461.9,8855.6,624.7,14167.1,6928.7,7678.4,8013.7,11752.4,8841.6,0.0,13715.1,11155.9,6498.8,7190.6,3835.6,2601.4,8039.5,4549.0,4158.0,3789.3,3257.8,14041.6,3765.7,3726.8,3597.6,3834.1,4234.2,6531.6,11081.6,6431.5,4212.4,3920.5,6974.8,4389.9,3976.5,3164.9,802.3,11337.5,3720.6,3207.8,7197.5,3953.6,8238.4,3885.5,5933.2,8247.8,3514.4,4270.4,2820.6,3323.0,3889.6,3261.9,3229.3,3233.5,11365.5,5685.5,10292.6,6891.8,3948.9,3935.7,3866.7,4461.6,4207.5,3921.7,3609.3,11061.8,8085.6,7476.5,4451.1,14675.9,3259.1,6573.0,6504.7,6366.7,5961.5,3453.0,3210.1,3417.9,7239.4,4022.2,6525.5,6496.7,6496.1,6547.0,6547.0,3728.5,4612.8,3261.7,6461.6,6478.6,3942.3,11254.2,7881.8,7224.6,3851.5
Joker,10584.4,7229.6,9340.5,6803.0,11511.2,12503.6,11499.3,9440.6,11275.3,7183.4,11384.3,12011.3,11469.0,8105.8,11604.2,8694.7,9221.3,11104.2,11280.6,1563.9,11871.4,11475.6,10706.5,8706.2,11479.1,6800.2,6006.9,8112.2,6736.2,11497.3,10587.1,8691.5,11202.7,10694.9,9229.3,6691.2,11466.1,8107.3,8970.3,10237.0,8549.3,8825.4,11327.4,8917.2,6792.9,11503.5,531.8,520.0,6541.8,6803.7,13090.1,7653.8,7211.1,8549.8,8885.1,1996.8,6789.7,13693.6,0.0,9468.1,8117.4,6720.4,11380.7,11512.6,6005.8,9239.5,11703.1,11301.9,10683.8,7528.3,11278.3,11235.0,10686.0,11346.7,10864.5,7423.7,2689.3,8089.2,11757.5,11465.6,7846.2,11020.2,11521.6,10787.8,13133.7,4530.0,11175.8,10706.7,6677.2,11498.7,9109.8,11430.6,8540.3,9119.2,11022.6,12249.7,11180.5,10710.2,11434.7,10774.5,10741.9,10746.1,4411.2,8883.1,8570.7,7178.0,11494.0,11480.8,11411.8,9971.1,11752.6,11466.8,10247.0,8491.6,8957.0,6556.4,11081.4,8162.6,10658.3,7957.0,7380.7,8165.3,7926.3,10906.7,10725.2,10523.9,6689.7,11567.3,7419.7,7426.7,7426.1,7322.4,7322.4,10237.8,9265.9,10655.7,8136.9,8058.6,11487.4,8684.0,6105.6,6711.9,11364.1
Joker Åram,7909.0,12292.4,10057.0,6442.0,8835.8,9978.5,8823.9,9240.9,8599.9,12246.2,8859.2,9335.9,8793.6,4922.2,8928.8,5511.1,9500.0,8167.8,8605.2,8883.0,9744.2,8800.2,8031.1,9938.1,8803.7,5799.5,5255.7,4928.6,5762.5,8821.9,7911.7,5507.9,8527.3,8019.5,9433.0,5712.5,8790.7,4923.7,5401.9,7670.8,1079.1,5641.8,8652.0,5348.8,6765.9,8828.1,9875.7,9907.7,5491.5,6776.7,10565.0,4323.0,12273.9,3518.5,3163.3,8422.9,6762.7,11168.5,9478.1,0.0,4933.8,5719.7,8705.3,9245.0,5254.6,9468.2,9027.7,8626.5,8008.4,4197.5,8602.9,8559.6,8028.2,8671.3,7928.1,10297.0,7752.1,4905.6,9082.1,8790.2,4277.8,8083.8,8846.2,8112.4,11208.7,5107.8,8500.4,8031.3,5728.1,8823.3,3504.0,8755.2,5356.7,5550.8,8347.2,9574.3,9147.4,8034.8,8759.3,8099.1,8066.5,8070.7,5123.0,13341.4,2626.3,12240.8,8818.6,8805.4,8736.4,12117.5,9077.2,8791.4,7571.6,1021.4,5388.6,5506.1,8145.0,4831.8,7982.9,4773.4,10254.0,4981.7,6952.6,8231.3,8049.8,7848.5,5703.2,8891.9,10293.0,10300.0,10299.4,10195.7,10195.7,7671.6,9532.0,7980.3,4953.3,4875.0,8812.0,849.4,5173.2,5730.2,8688.7
KaffeBaren AS,3279.6,9973.7,5427.6,2819.2,4206.4,5349.1,4194.5,4611.5,3970.5,9912.9,4229.8,4706.5,4164.2,45.6,4299.4,881.7,4870.6,3538.4,3975.8,6612.4,5114.8,4170.8,3401.7,5308.7,4174.3,2176.7,2191.0,16.7,2139.7,4192.5,3282.3,878.5,3897.9,3390.1,4803.6,2089.7,4161.3,51.6,1885.4,3041.4,4906.0,1012.4,4022.6,1832.3,3618.8,4198.7,7605.1,7637.1,1877.6,3629.6,5935.6,7953.6,9955.2,1464.9,1800.2,6152.3,3615.6,6539.1,8115.0,4942.4,0.0,2096.9,4075.9,4615.6,2216.3,4838.8,4398.3,3997.1,3379.0,7828.1,3973.5,3930.2,3398.8,4041.9,3298.7,6938.1,5481.5,121.4,4452.7,4160.8,761.3,3454.4,4216.8,3483.0,6579.3,5577.7,3871.0,3401.9,2105.3,4193.9,2024.9,4125.8,727.3,2034.3,3717.8,4944.9,4518.0,3405.4,4129.9,3469.7,3437.1,3441.3,5605.7,8712.0,4469.4,9918.3,4189.2,4176.0,4107.0,7488.1,4447.8,4162.0,2942.2,4848.3,1872.1,1892.2,3515.6,8462.4,3353.5,359.5,6794.5,219.0,3329.8,3601.9,3420.4,3219.1,2080.4,4262.5,6934.1,6941.1,6940.5,6836.8,6836.8,3042.2,4902.6,3350.9,53.4,178.0,4182.6,5040.7,2058.6,2107.4,4059.3
Kiwi Meieribygget Ørsta,3906.3,8628.8,4946.0,801.3,4833.1,5975.8,4821.2,4451.6,4597.2,8582.6,4856.5,5333.2,4790.9,2072.4,4926.1,2661.3,4232.3,4426.1,4602.5,5219.4,5741.5,4797.5,4028.4,4596.9,4801.0,112.2,842.5,2078.8,58.1,4819.2,3909.0,2658.1,4524.6,4016.8,4240.3,50.4,4788.0,2073.9,2936.9,3558.9,4890.6,2792.0,4649.3,2883.8,1692.0,4825.4,6212.1,6244.1,290.2,1702.8,6562.3,7390.4,8610.3,2516.4,2851.7,4759.3,1688.8,7165.8,6722.0,5706.5,2084.0,0.0,4702.6,5242.3,867.8,4250.5,5025.0,4623.8,4005.7,7264.9,4600.2,4556.9,4025.5,4668.6,4186.4,5865.7,4088.5,2055.8,5079.4,4787.5,1812.8,4342.1,4843.5,4109.7,7206.0,4184.7,4497.7,4028.6,44.7,4820.6,3076.4,4752.5,2506.9,3085.8,4344.5,5571.6,5144.7,4032.1,4756.6,4096.4,4063.8,4068.0,4212.7,9338.7,3120.9,8577.2,4815.9,4802.7,4733.7,8114.8,5074.5,4788.7,3568.9,4832.9,2923.6,304.8,4403.3,7899.2,3980.2,1923.6,5822.7,2131.9,1248.2,4228.6,4047.1,3845.8,67.7,4889.2,5861.7,5868.7,5868.1,5764.4,5764.4,3559.7,4276.9,3977.6,2103.5,2025.2,4809.3,5025.3,710.1,52.9,4686.0
SUNDGATA 8,1215.5,7305.8,3154.1,5481.8,141.8,2647.4,129.9,2338.0,144.2,7245.0,1561.9,737.7,99.6,4017.2,234.8,3237.4,2597.1,2001.6,166.7,9899.9,2446.9,96.7,861.7,3035.2,109.7,4796.7,5541.9,4014.3,4673.3,127.9,1008.8,3227.3,305.2,774.6,2530.1,4749.8,95.6,3981.4,5626.6,1255.4,8647.2,3431.8,177.4,5573.5,6372.5,134.1,10892.6,10924.6,4989.6,6383.3,3233.9,11694.8,7287.3,5206.1,5541.4,9439.8,6369.3,3837.4,11402.5,8683.6,4026.5,4718.3,0.0,1947.7,5567.2,2565.3,333.7,188.0,823.0,11569.3,380.8,343.9,1125.3,196.7,1761.9,4664.6,8769.0,3959.2,388.1,96.2,4502.5,1917.6,152.2,769.6,3911.4,8865.2,515.3,735.5,4725.2,129.3,5766.1,61.2,3460.9,5775.5,474.5,976.1,1891.4,741.1,65.3,744.9,712.3,716.5,8893.2,6044.1,7820.3,7250.4,124.6,110.3,32.3,4820.2,383.2,97.4,1137.0,8589.5,5613.3,5004.2,1978.8,12203.6,814.9,4100.7,4521.0,3894.4,3489.2,594.9,789.5,945.6,4767.1,197.9,4660.6,4667.6,4667.0,4563.3,4563.3,1256.2,2629.1,812.3,3989.3,4006.3,118.0,8781.9,5409.5,4752.3,233.0
Kiwi Skodje,1747.3,5610.3,2936.7,6013.6,2058.1,1406.3,2046.2,2120.6,1822.2,5549.5,522.8,1665.8,2015.9,4549.0,2151.1,3769.2,2379.7,2533.4,1827.5,10011.4,751.4,2022.5,1356.0,2817.8,2026.0,5328.5,6073.7,4546.1,5205.1,2044.2,1540.6,3759.1,1749.6,1318.5,2312.7,5281.6,2013.0,4513.2,6158.4,1787.2,9179.0,3963.6,1874.3,6105.3,6904.3,2050.4,11004.1,11036.1,5521.4,6915.1,1992.8,12226.6,5591.8,5737.9,6073.2,9551.3,6901.1,2596.3,11514.0,9215.4,4558.3,5250.1,1927.6,0.0,6099.0,2347.9,2250.0,1848.8,1317.3,12101.1,1825.2,1786.3,1520.6,1893.6,2293.7,4447.2,8880.5,4491.0,2304.4,2012.5,5034.3,2449.4,2068.5,1224.4,2215.9,9397.0,1780.1,1267.3,5257.0,2045.6,6297.9,1977.5,3992.7,6307.3,1573.9,2628.7,619.5,1382.5,1981.6,1321.4,1288.8,1293.0,9425.0,4348.6,8352.1,5554.9,2040.9,2027.7,1958.7,3124.7,2299.5,2013.7,1668.8,9121.3,6145.1,5536.0,2510.6,12735.4,1318.6,4632.5,4303.6,4426.2,4021.0,1512.5,1269.6,1477.4,5298.9,2114.2,4443.2,4450.2,4449.6,4345.9,4345.9,1788.0,2411.7,1321.2,4521.1,4538.1,2034.3,9313.7,5941.3,5284.1,1911.0
Kiwi Volda,4770.3,7927.4,5810.0,1383.6,5697.1,6839.8,5685.2,5315.6,5461.2,7881.2,5720.5,6197.2,5654.9,2215.1,5790.1,2804.0,5096.3,5290.1,5466.5,4518.0,6605.5,5661.5,4892.4,5460.9,5665.0,959.1,116.2,2221.5,922.1,5683.2,4773.0,2800.8,5388.6,4880.8,5104.3,872.1,5652.0,2216.6,3079.6,4422.9,4449.7,2934.7,5513.3,3026.5,1605.9,5689.4,5510.7,5542.7,651.1,1616.7,7426.3,6689.0,7908.9,2659.1,2994.4,4057.9,1602.7,8029.8,6020.6,5265.6,2226.7,879.3,5566.6,6106.3,0.0,5114.5,5889.0,5487.8,4869.7,6563.5,5464.2,5420.9,4889.5,5532.6,5050.4,5164.3,3387.1,2198.5,5943.4,5651.5,1955.5,5206.1,5707.5,4973.7,8070.0,3483.3,5361.7,4892.6,887.7,5684.6,3219.1,5616.5,2649.6,3228.5,5208.5,6435.6,6008.7,4896.1,5620.6,4960.4,4927.8,4932.0,3511.3,8987.9,2680.0,7875.8,5679.9,5666.7,5597.7,7711.7,5938.5,5652.7,4432.9,4392.0,3066.3,665.7,5267.3,7197.8,4844.2,2066.3,5121.3,2274.6,2112.2,5092.6,4911.1,4709.8,862.8,5753.2,5160.3,5167.3,5166.7,5063.0,5063.0,4423.7,5140.9,4841.6,2246.2,2167.9,5673.3,4584.4,214.9,889.8,5550.0
Kiwi Sykkylven,1994.8,7264.8,757.2,5015.9,2691.1,3336.8,2679.2,273.8,2455.2,7204.0,2217.5,3191.2,2648.9,4796.5,2784.1,4016.7,73.3,2780.9,2460.5,7743.7,2704.6,2655.5,1886.4,550.1,2659.0,4330.8,5076.0,4793.6,4207.4,2677.2,1673.3,4006.6,2382.6,1874.8,31.9,4283.9,2646.0,4760.7,6405.9,2034.7,9124.1,4211.1,2507.3,6352.8,5906.6,2683.4,8736.4,8768.4,4523.7,5917.4,3923.3,10620.2,7246.3,5985.4,6320.7,7283.6,5903.4,4526.8,9246.3,9462.9,4805.8,4252.4,2560.6,2345.8,5101.3,0.0,2883.0,2481.8,1863.7,10494.7,2458.2,2414.9,1519.2,2526.6,2541.2,2179.5,6612.8,4738.5,2937.4,2645.5,5281.8,2696.9,2701.5,1967.7,4169.1,7414.5,2355.7,1886.6,4259.3,2678.6,6545.4,2610.5,4240.2,6554.8,2202.5,3429.6,2013.7,1890.1,2614.6,1954.4,1921.8,1926.0,7385.8,6003.1,7354.4,7209.4,2673.9,2660.7,2591.7,4726.9,2932.5,2646.7,1916.3,9066.4,6392.6,4538.3,2758.1,11129.0,1838.2,4880.0,2035.9,4673.7,3023.3,2086.6,1905.1,1674.1,4301.2,2747.2,2175.5,2182.5,2181.9,2078.2,2078.2,2035.5,105.3,1835.6,4768.6,4785.6,2667.3,9258.8,4943.6,4286.4,2544.0
SKARBØVIKGATA 25,1527.2,7617.5,3465.8,5793.5,269.7,2959.1,240.8,2649.7,455.9,7556.7,1873.6,1049.4,250.8,4328.9,116.3,3549.1,2908.8,2313.3,478.4,10211.6,2758.6,301.8,1173.4,3346.9,238.5,5108.4,5853.6,4326.0,4985.0,227.3,1320.5,3539.0,616.9,1086.3,2841.8,5061.5,302.6,4293.1,5938.3,1567.1,8958.9,3743.5,489.1,5885.2,6684.2,329.7,11204.3,11236.3,5301.3,6695.0,3545.6,12006.5,7599.0,5517.8,5853.1,9751.5,6681.0,4149.1,11714.2,8995.3,4338.2,5030.0,334.3,2259.4,5878.9,2877.0,0.0,499.7,1134.7,11881.0,692.5,655.6,1437.0,508.4,2073.6,4976.3,9080.7,4270.9,134.8,252.9,4814.2,2229.3,180.8,1081.3,4223.1,9176.9,827.0,1047.2,5036.9,324.9,6077.8,298.9,3772.6,6087.2,786.2,1287.8,2203.1,1052.8,282.3,1056.6,1024.0,1028.2,9204.9,6355.8,8132.0,7562.1,208.4,324.2,320.3,5131.9,78.9,249.1,1448.7,8901.2,5925.0,5315.9,2290.5,12515.3,1126.6,4412.4,4832.7,4206.1,3800.9,906.6,1101.2,1257.3,5078.8,186.0,4972.3,4979.3,4978.7,4875.0,4875.0,1567.9,2940.8,1124.0,4301.0,4318.0,313.6,9093.6,5721.2,5064.0,544.7
NØRVEGATA 23,1148.7,7239.0,3087.3,5415.0,294.1,2614.4,282.2,2271.2,51.2,7178.2,1495.1,794.2,251.9,3950.4,387.1,3170.6,2530.3,1934.8,43.6,9833.1,2380.1,258.5,794.9,2968.4,262.0,4729.9,5475.1,3947.5,4606.5,280.2,942.0,3160.5,202.1,707.8,2463.3,4683.0,249.0,3914.6,5559.8,1188.6,8580.4,3365.0,103.3,5506.7,6305.7,286.4,10825.8,10857.8,4922.8,6316.5,3200.9,11628.0,7220.5,5139.3,5474.6,9373.0,6302.5,3804.4,11335.7,8616.8,3959.7,4651.5,163.6,1880.9,5500.4,2498.5,486.0,0.0,756.2,11502.5,236.5,274.4,1058.5,122.6,1695.1,4597.8,8702.2,3892.4,540.4,248.5,4435.7,1850.8,304.5,702.8,3844.6,8798.4,445.8,668.7,4658.4,281.6,5699.3,213.5,3394.1,5708.7,407.7,1032.6,1824.6,674.3,217.6,678.1,645.5,649.7,8826.4,5977.3,7753.5,7183.6,276.9,263.7,194.7,4753.4,535.5,249.7,1070.2,8522.7,5546.5,4937.4,1912.0,12136.8,748.1,4033.9,4454.2,3827.6,3422.4,528.1,722.7,878.8,4700.3,350.2,4593.8,4600.8,4600.2,4496.5,4496.5,1189.4,2562.3,745.5,3922.5,3939.5,270.3,8715.1,5342.7,4685.5,140.0
SPJELKAVIKVEGEN 42,512.7,6668.5,2451.3,4779.0,955.2,2043.9,943.3,1635.2,719.3,6607.7,924.6,1455.3,913.0,3314.4,1048.2,2534.6,1894.3,1298.8,724.6,9197.1,1809.6,919.6,59.8,2332.4,923.1,4093.9,4839.1,3311.5,3970.5,941.3,306.0,2524.5,646.7,139.2,1827.3,4047.0,910.1,3278.6,4923.8,552.6,7944.4,2729.0,771.4,4870.7,5669.7,947.5,10189.8,10221.8,4286.8,5680.5,2630.4,10992.0,6650.0,4503.3,4838.6,8737.0,5666.5,3233.9,10699.7,7980.8,3323.7,4015.5,824.7,1310.4,4864.4,1862.5,1147.1,745.9,0.0,10866.5,722.3,660.0,422.5,790.7,1059.1,3961.8,8066.2,3256.4,1201.5,909.6,3799.7,1214.8,965.6,160.5,3274.1,8162.4,600.8,116.7,4022.4,942.7,5063.3,874.6,2758.1,5072.7,447.6,1693.7,1254.1,158.1,878.7,218.5,185.9,190.1,8190.4,5406.8,7117.5,6613.1,938.0,924.8,855.8,4182.9,1196.6,910.8,434.2,7886.7,4910.5,4301.4,1276.0,11500.8,22.4,3397.9,3818.2,3191.6,2786.4,354.6,72.0,242.8,4064.3,1011.3,3957.8,3964.8,3964.2,3860.5,3860.5,553.4,1926.3,25.0,3286.5,3303.5,931.4,8079.1,4706.7,4049.5,808.1
Kiwi Deknepollen,10558.5,10351.0,10599.5,7355.7,11485.3,12628.0,11473.4,10699.6,11249.4,10304.8,11508.7,11985.4,11443.1,7820.3,11578.3,8409.2,10480.3,11078.3,11254.7,6941.6,12393.7,11449.7,10680.6,9965.2,11453.2,6747.3,6203.5,7826.7,6710.3,11471.4,10561.2,8406.0,11176.8,10669.0,10488.3,6660.3,11440.2,7821.8,8300.0,10211.1,3288.9,8539.9,11301.5,8246.9,7345.6,11477.6,7934.3,7966.3,6439.3,7356.4,13214.5,818.3,10332.5,6416.6,6061.4,6481.5,7342.4,13818.0,7536.7,4207.7,7831.9,6667.5,11354.8,11894.5,6202.4,10498.5,11677.2,11276.0,10657.9,0.0,11252.4,11209.1,10677.7,11320.8,10838.6,8682.7,5810.7,7803.7,11731.6,11439.7,7175.9,10994.3,11495.7,10761.9,13858.2,3166.4,11149.9,10680.8,6675.9,11472.8,6402.1,11404.7,8254.8,8448.9,10996.7,12223.8,11796.9,10684.3,11408.8,10748.6,10716.0,10720.2,3181.6,12004.5,4742.4,10299.4,11468.1,11454.9,11385.9,11230.1,11726.7,11440.9,10221.1,3231.2,8286.7,6453.9,11055.5,684.5,10632.4,7671.5,8639.7,7879.8,7900.4,10880.8,10699.3,10498.0,6651.0,11541.4,8678.7,8685.7,8685.1,8581.4,8581.4,10211.9,10524.9,10629.8,7851.4,7773.1,11461.5,3423.6,6121.0,6678.0,11338.2
"Eggesbønes, 6008 Ålesund",1120.2,7210.5,3058.8,5386.5,474.2,2585.9,462.3,2242.7,238.3,7149.7,1466.6,974.3,432.0,3921.9,567.2,3142.1,2501.8,1906.3,243.6,9804.6,2351.6,438.6,766.4,2939.9,442.1,4701.4,5446.6,3919.0,4578.0,460.3,913.5,3132.0,157.0,679.3,2434.8,4654.5,429.1,3886.1,5531.3,1160.1,8551.9,3336.5,290.4,5478.2,6277.2,466.5,10797.3,10829.3,4894.3,6288.0,3172.4,11599.5,7192.0,5110.8,5446.1,9344.5,6274.0,3775.9,11307.2,8588.3,3931.2,4623.0,343.7,1852.4,5471.9,2470.0,666.1,232.2,727.7,11474.0,0.0,218.6,1030.0,309.7,1666.6,4569.3,8673.7,3863.9,720.5,428.6,4407.2,1822.3,484.6,674.3,3816.1,8769.9,390.0,640.2,4629.9,461.7,5670.8,393.6,3365.6,5680.2,379.2,1212.7,1796.1,645.8,397.7,649.6,617.0,621.2,8797.9,5948.8,7725.0,7155.1,457.0,443.8,374.8,4724.9,715.6,429.8,1041.7,8494.2,5518.0,4908.9,1883.5,12108.3,719.6,4005.4,4425.7,3799.1,3393.9,499.6,694.2,850.3,4671.8,530.3,4565.3,4572.3,4571.7,4468.0,4468.0,1160.9,2533.8,717.0,3894.0,3911.0,450.4,8686.6,5314.2,4657.0,327.1
NEDRE KLOKKERSUNDVEGEN 2,1050.8,7153.4,2989.4,5317.1,481.8,2528.8,469.9,2173.3,245.9,7092.6,1409.5,981.9,439.6,3852.5,574.8,3072.7,2432.4,1836.9,251.2,9735.2,2294.5,446.2,698.4,2870.5,449.7,4632.0,5377.2,3849.6,4508.6,467.9,844.1,3062.6,138.1,599.2,2365.4,4585.1,436.7,3816.7,5461.9,1090.7,8482.5,3267.1,298.0,5408.8,6207.8,474.1,10727.9,10759.9,4824.9,6218.6,3115.3,11530.1,7134.9,5041.4,5376.7,9275.1,6204.6,3718.8,11237.8,8518.9,3861.8,4553.6,351.3,1795.3,5402.5,2400.6,673.7,272.5,670.6,11404.6,230.7,0.0,960.6,317.3,1597.2,4499.9,8604.3,3794.5,728.1,436.2,4337.8,1752.9,492.2,617.2,3759.0,8700.5,233.7,583.1,4560.5,469.3,5601.4,401.2,3296.2,5610.8,275.6,1220.3,1739.0,565.7,405.3,592.5,559.9,564.1,8728.5,5891.7,7655.6,7098.0,464.6,451.4,382.4,4667.8,723.2,437.4,972.3,8424.8,5448.6,4839.5,1814.1,12038.9,650.2,3936.0,4356.3,3729.7,3324.5,419.5,637.1,780.9,4602.4,537.9,4495.9,4502.9,4502.3,4398.6,4398.6,1091.5,2464.4,647.6,3824.6,3841.6,458.0,8617.2,5244.8,4587.6,334.7
FLISNESVEGEN 1,546.9,6734.8,2094.6,4813.2,1243.2,2385.9,1231.3,1278.5,1007.3,6674.0,1266.6,1743.3,1201.0,3348.6,1336.2,2568.8,1537.6,1333.0,1012.6,9169.3,1875.9,1207.6,438.5,1975.7,1211.1,4128.1,4873.3,3345.7,4004.7,1229.3,225.4,2558.7,934.7,426.9,1470.6,4081.2,1198.1,3312.8,4958.0,586.8,7978.6,2763.2,1059.4,4904.9,5703.9,1235.5,10162.0,10194.0,4321.0,5714.7,2972.4,11026.2,6716.3,4537.5,4872.8,8709.2,5700.7,3575.9,10671.9,8015.0,3357.9,4049.7,1112.7,1517.1,4898.6,1505.8,1435.1,1033.9,415.8,10900.7,1010.3,967.0,0.0,1078.7,1093.3,3605.1,8038.4,3290.6,1489.5,1197.6,3833.9,1249.0,1253.6,519.8,3340.4,8196.6,907.8,438.7,4056.6,1230.7,5097.5,1162.6,2792.3,5106.9,754.6,1981.7,1185.0,442.2,1166.7,506.5,473.9,478.1,8224.6,5473.1,7151.7,6679.4,1226.0,1212.8,1143.8,4249.2,1484.6,1198.8,468.4,7920.9,4944.7,4335.6,1310.2,11535.0,390.3,3432.1,3461.5,3225.8,2820.6,638.7,457.2,226.2,4098.5,1299.3,3601.1,3608.1,3607.5,3503.8,3503.8,587.6,1569.6,387.7,3320.7,3337.7,1219.4,8113.3,4740.9,4083.7,1096.1
"Kverve, 6008 Ålesund",1158.0,7248.3,3096.6,5424.3,343.4,2623.7,331.5,2280.5,84.9,7187.5,1504.4,843.5,301.2,3959.7,436.4,3179.9,2539.6,1944.1,107.4,9842.4,2389.4,307.8,804.2,2977.7,311.3,4739.2,5484.4,3956.8,4615.8,329.5,951.3,3169.8,247.7,717.1,2472.6,4692.3,298.3,3923.9,5569.1,1197.9,8589.7,3374.3,94.9,5516.0,6315.0,335.7,10835.1,10867.1,4932.1,6325.8,3210.2,11637.3,7229.8,5148.6,5483.9,9382.3,6311.8,3813.7,11345.0,8626.1,3969.0,4660.8,212.9,1890.2,5509.7,2507.8,535.3,128.7,765.5,11511.8,323.3,286.4,1067.8,0.0,1704.4,4607.1,8711.5,3901.7,589.7,297.8,4445.0,1860.1,353.8,712.1,3853.9,8807.7,457.8,678.0,4667.7,330.9,5708.6,262.8,3403.4,5718.0,417.0,1081.9,1833.9,683.6,266.9,687.4,654.8,659.0,8835.7,5986.6,7762.8,7192.9,326.2,313.0,244.0,4762.7,584.8,299.0,1079.5,8532.0,5555.8,4946.7,1921.3,12146.1,757.4,4043.2,4463.5,3836.9,3431.7,537.4,732.0,888.1,4709.6,399.5,4603.1,4610.1,4609.5,4505.8,4505.8,1198.7,2571.6,754.8,3931.8,3948.8,319.6,8724.4,5352.0,4694.8,173.7
"Fiskarstrand, 6037 Eidsnes",971.4,7665.5,3119.4,4959.6,1898.2,3040.9,1886.3,2303.3,1662.3,7604.7,1921.6,2398.3,1856.0,3235.1,1991.2,2455.3,2562.4,282.3,1667.6,9377.7,2806.6,1862.6,1093.5,3000.5,1866.1,4274.5,5019.7,3232.2,4151.1,1884.3,974.1,2445.2,1589.7,1081.9,2495.4,4227.6,1853.1,3199.3,4844.5,733.2,7865.1,2649.7,1714.4,4791.4,5850.3,1890.5,10370.4,10402.4,4467.4,5861.1,3627.4,10912.7,7647.0,4424.0,4759.3,8917.6,5847.1,4230.9,10880.3,7901.5,3244.4,4196.1,1767.7,2307.4,5045.0,2530.6,2090.1,1688.9,1070.8,10787.2,1665.3,1622.0,1090.6,1733.7,0.0,4629.9,8246.8,3177.1,2144.5,1852.6,3720.4,198.3,1908.6,1174.8,4271.1,8343.0,1562.8,1093.7,4203.0,1885.7,4984.0,1817.6,2678.8,4993.4,1409.6,2636.7,2209.8,1097.2,1821.7,1161.5,1128.9,1133.1,8371.0,6403.8,7298.1,7610.1,1881.0,1867.8,1798.8,5179.9,2139.6,1853.8,634.0,7807.4,4831.2,4482.0,259.5,11421.5,1045.3,3318.6,4486.3,3112.3,2967.0,1293.7,1112.2,910.9,4244.9,1954.3,4625.9,4632.9,4632.3,4528.6,4528.6,734.0,2594.4,1042.7,3207.2,3224.2,1874.4,7999.8,4887.3,4230.1,1751.1
Kiwi Stranda,4100.4,5132.3,2279.3,5951.8,4796.7,5442.4,4784.8,2379.4,4560.8,5071.5,4323.1,5296.8,4754.5,6902.1,4889.7,6122.3,2160.1,4886.5,4566.1,5939.9,4512.8,4761.1,3992.0,1645.0,4764.6,5949.0,5155.7,6899.2,5885.0,4782.8,3778.9,6112.2,4488.2,3980.4,2168.1,5840.0,4751.6,6866.3,8119.1,4140.3,9489.2,6316.7,4612.9,8066.0,4504.2,4789.0,6932.6,6964.6,5690.6,4488.0,6028.9,8816.4,5113.8,7698.6,8033.9,5479.8,4484.3,6527.7,7442.5,10305.1,6911.4,5869.2,4666.2,4451.4,5154.6,2178.3,4988.6,4587.4,3969.3,8690.9,4563.8,4520.5,3624.8,4632.2,4646.8,0.0,4809.0,6844.1,5043.0,4751.1,6995.0,4802.5,4807.1,4073.3,5757.0,5610.7,4461.3,3992.2,5826.0,4784.2,8258.6,4716.1,6345.8,8268.0,4308.1,5535.2,4119.3,3995.7,4720.2,4060.0,4027.4,4031.6,5582.0,3870.6,7719.5,5076.9,4779.5,4766.3,4697.3,2594.4,5038.1,4752.3,4021.9,9431.5,8105.8,5705.2,4863.7,9325.2,3943.8,6985.6,282.6,6779.3,4999.3,4192.2,4010.7,3779.7,5838.5,4852.8,16.4,50.0,49.4,192.5,192.5,4141.1,2204.7,3941.2,6874.2,6891.2,4772.9,9623.9,5254.4,5860.7,4649.6
Kiwi Stryn,7949.9,4566.5,6706.0,4168.5,8876.7,9869.1,8864.8,6806.1,8640.8,4520.3,8749.8,9376.8,8834.5,5471.3,8969.7,6060.2,6586.8,8469.7,8646.1,1190.1,9236.9,8841.1,8072.0,6071.7,8844.6,4165.7,3372.4,5477.7,4101.7,8862.8,7952.6,6057.0,8568.2,8060.4,6594.8,4056.7,8831.6,5472.8,6335.8,7602.5,6835.1,6190.9,8692.9,6282.7,4158.4,8869.0,2182.8,2214.8,3907.3,4169.2,10455.6,5939.6,4548.0,5915.3,6250.6,730.0,4155.2,11059.1,2692.7,7753.9,5482.9,4085.9,8746.2,8878.1,3371.3,6605.0,9068.6,8667.4,8049.3,5814.1,8643.8,8600.5,8051.5,8712.2,8230.0,4789.2,0.0,5454.7,9123.0,8831.1,5211.7,8385.7,8887.1,8153.3,10499.2,2733.9,8541.3,8072.2,4042.7,8864.2,6475.3,8796.1,5905.8,6484.7,8388.1,9615.2,8546.0,8075.7,8800.2,8140.0,8107.4,8111.6,2705.2,6220.0,5936.2,4514.9,8859.5,8846.3,8777.3,7336.6,9118.1,8832.3,7612.5,6777.4,6322.5,3921.9,8446.9,6448.4,8023.8,5322.5,4746.2,5530.8,5291.8,8272.2,8090.7,7889.4,4055.2,8932.8,4785.2,4792.2,4791.6,4687.9,4687.9,7603.3,6631.4,8021.2,5502.4,5424.1,8852.9,6969.8,3471.1,4077.4,8729.6
Kiwi Ulsteinvik,3201.3,9895.4,5349.3,2797.0,4128.1,5270.8,4116.2,4533.2,3892.2,9834.6,4151.5,4628.2,4085.9,107.6,4221.1,803.4,4792.3,3460.1,3897.5,6590.2,5036.5,4092.5,3323.4,5230.4,4096.0,2154.5,2168.8,104.7,2117.5,4114.2,3204.0,800.2,3819.6,3311.8,4725.3,2067.5,4083.0,83.9,1863.2,2963.1,4883.8,934.1,3944.3,1810.1,3596.6,4120.4,7582.9,7614.9,1855.4,3607.4,5857.3,7931.4,9876.9,1442.7,1778.0,6130.1,3593.4,6460.8,8092.8,4920.2,116.9,2074.7,3997.6,4537.3,2194.1,4760.5,4320.0,3918.8,3300.7,7805.9,3895.2,3851.9,3320.5,3963.6,3220.4,6859.8,5459.3,0.0,4374.4,4082.5,739.1,3376.1,4138.5,3404.7,6501.0,5555.5,3792.7,3323.6,2083.1,4115.6,2002.7,4047.5,649.0,2012.1,3639.5,4866.6,4439.7,3327.1,4051.6,3391.4,3358.8,3363.0,5583.5,8633.7,4447.2,9840.0,4110.9,4097.7,4028.7,7409.8,4369.5,4083.7,2863.9,4826.1,1849.9,1870.0,3437.3,8440.2,3275.2,337.3,6716.2,232.4,3307.6,3523.6,3342.1,3140.8,2058.2,4184.2,6855.8,6862.8,6862.2,6758.5,6758.5,2963.9,4824.3,3272.6,113.5,155.8,4104.3,5018.5,2036.4,2085.2,3981.0
"Valderøy, 6050 Valderøya",1582.1,7672.4,3520.7,5848.4,324.6,3014.0,295.7,2704.6,510.8,7611.6,1928.5,1104.3,305.7,4383.8,171.2,3604.0,2963.7,2368.2,533.3,10266.5,2813.5,356.7,1228.3,3401.8,293.4,5163.3,5908.5,4380.9,5039.9,282.2,1375.4,3593.9,671.8,1141.2,2896.7,5116.4,357.5,4348.0,5993.2,1622.0,9013.8,3798.4,544.0,5940.1,6739.1,384.6,11259.2,11291.2,5356.2,6749.9,3600.5,12061.4,7653.9,5572.7,5908.0,9806.4,6735.9,4204.0,11769.1,9050.2,4393.1,5084.9,389.2,2314.3,5933.8,2931.9,129.2,554.6,1189.6,11935.9,747.4,710.5,1491.9,563.3,2128.5,5031.2,9135.6,4325.8,0.0,307.8,4869.1,2284.2,235.7,1136.2,4278.0,9231.8,881.9,1102.1,5091.8,379.8,6132.7,353.8,3827.5,6142.1,841.1,1342.7,2258.0,1107.7,337.2,1111.5,1078.9,1083.1,9259.8,6410.7,8186.9,7617.0,263.3,379.1,375.2,5186.8,157.2,304.0,1503.6,8956.1,5979.9,5370.8,2345.4,12570.2,1181.5,4467.3,4887.6,4261.0,3855.8,961.5,1156.1,1312.2,5133.7,240.9,5027.2,5034.2,5033.6,4929.9,4929.9,1622.8,2995.7,1178.9,4355.9,4372.9,368.5,9148.5,5776.1,5118.9,599.6
RASMUS RØNNEBERGS GATE 6,1294.0,7384.3,3232.6,5560.3,61.1,2725.9,49.2,2416.5,222.7,7323.5,1640.4,816.2,18.9,4095.7,154.1,3315.9,2675.6,2080.1,245.2,9978.4,2525.4,48.9,940.2,3113.7,29.0,4875.2,5620.4,4092.8,4751.8,47.2,1087.3,3305.8,383.7,853.1,2608.6,4828.3,49.7,4059.9,5705.1,1333.9,8725.7,3510.3,255.9,5652.0,6451.0,76.8,10971.1,11003.1,5068.1,6461.8,3312.4,11773.3,7365.8,5284.6,5619.9,9518.3,6447.8,3915.9,11481.0,8762.1,4105.0,4796.8,96.8,2026.2,5645.7,2643.8,253.0,266.5,901.5,11647.8,459.3,422.4,1203.8,275.2,1840.4,4743.1,8847.5,4037.7,307.4,0.0,4581.0,1996.1,71.5,848.1,3989.9,8943.7,593.8,814.0,4803.7,72.0,5844.6,65.7,3539.4,5854.0,553.0,1054.6,1969.9,819.6,51.8,823.4,790.8,795.0,8971.7,6122.6,7898.8,7328.9,43.9,71.3,81.2,4898.7,302.5,3.8,1215.5,8668.0,5691.8,5082.7,2057.3,12282.1,893.4,4179.2,4599.5,3972.9,3567.7,673.4,868.0,1024.1,4845.6,117.2,4739.1,4746.1,4745.5,4641.8,4641.8,1334.7,2707.6,890.8,4067.8,4084.8,60.7,8860.4,5488.0,4830.8,311.5
Kiwi Myrvåg,3735.7,9741.9,5883.7,2539.3,4662.5,5805.2,4650.6,5067.6,4426.6,9695.7,4685.9,5162.6,4620.3,748.9,4755.5,1337.8,5326.7,3994.5,4431.9,6332.5,5570.9,4626.9,3857.8,5764.8,4630.4,1896.8,1911.1,755.3,1859.8,4648.6,3738.4,1334.6,4354.0,3846.2,5259.7,1809.8,4617.4,750.4,1202.8,3497.5,4241.7,1468.5,4478.7,1149.7,3338.9,4654.8,7325.2,7357.2,1597.7,3349.7,6391.7,7289.3,9723.4,800.6,1135.9,5872.4,3335.7,6995.2,7835.1,4278.1,760.5,1817.0,4532.0,5071.7,1936.4,5294.9,4854.4,4453.2,3835.1,7163.8,4429.6,4386.3,3854.9,4498.0,3754.8,6978.8,5201.6,732.3,4908.8,4616.9,0.0,3910.5,4672.9,3939.1,7035.4,5297.8,4327.1,3858.0,1825.4,4650.0,1360.6,4581.9,1183.4,1351.7,4173.9,5401.0,4974.1,3861.5,4586.0,3925.8,3893.2,3897.4,5325.8,9168.1,4189.5,9690.3,4645.3,4632.1,4563.1,7944.2,4903.9,4618.1,3398.3,4184.0,1189.5,1612.3,3971.7,7798.1,3809.6,600.1,6935.8,808.4,3049.9,4058.0,3876.5,3675.2,1800.5,4718.6,6974.8,6981.8,6981.2,6877.5,6877.5,3498.3,5358.7,3807.0,780.0,701.7,4638.7,4376.4,1778.7,1827.5,4515.4
Kiwi Langevåg,1126.0,7820.1,3274.0,5114.2,2052.8,3195.5,2040.9,2457.9,1816.9,7759.3,2076.2,2552.9,2010.6,3389.7,2145.8,2609.9,2717.0,106.3,1822.2,9532.3,2961.2,2017.2,1248.1,3155.1,2020.7,4429.1,5174.3,3386.8,4305.7,2038.9,1128.7,2599.8,1744.3,1236.5,2650.0,4382.2,2007.7,3353.9,4999.1,887.8,8019.7,2804.3,1869.0,4946.0,6004.9,2045.1,10525.0,10557.0,4622.0,6015.7,3782.0,11067.3,7801.6,4578.6,4913.9,9072.2,6001.7,4385.5,11034.9,8056.1,3399.0,4350.7,1922.3,2462.0,5199.6,2685.2,2244.7,1843.5,1225.4,10941.8,1819.9,1776.6,1245.2,1888.3,203.1,4784.5,8401.4,3331.7,2299.1,2007.2,3875.0,0.0,2063.2,1329.4,4425.7,8497.6,1717.4,1248.3,4357.6,2040.3,5138.6,1972.2,2833.4,5148.0,1564.2,2791.3,2364.4,1251.8,1976.3,1316.1,1283.5,1287.7,8525.6,6558.4,7452.7,7764.7,2035.6,2022.4,1953.4,5334.5,2294.2,2008.4,788.6,7962.0,4985.8,4636.6,83.5,11576.1,1199.9,3473.2,4640.9,3266.9,3121.6,1448.3,1266.8,1065.5,4399.5,2108.9,4780.5,4787.5,4786.9,4683.2,4683.2,888.6,2749.0,1197.3,3361.8,3378.8,2029.0,8154.4,5041.9,4384.7,1905.7
NEDRE STRANDGATE 51,1346.4,7436.7,3285.0,5612.7,99.6,2778.3,64.7,2468.9,275.1,7375.9,1692.8,868.6,70.0,4148.1,82.6,3368.3,2728.0,2132.5,297.6,10030.8,2577.8,121.0,992.6,3166.1,57.7,4927.6,5672.8,4145.2,4804.2,57.2,1139.7,3358.2,436.1,905.5,2661.0,4880.7,121.8,4112.3,5757.5,1386.3,8778.1,3562.7,308.3,5704.4,6503.4,148.9,11023.5,11055.5,5120.5,6514.2,3364.8,11825.7,7418.2,5337.0,5672.3,9570.7,6500.2,3968.3,11533.4,8814.5,4157.4,4849.2,153.5,2078.6,5698.1,2696.2,181.5,318.9,953.9,11700.2,511.7,474.8,1256.2,327.6,1892.8,4795.5,8899.9,4090.1,235.9,72.1,4633.4,2048.5,0.0,900.5,4042.3,8996.1,646.2,866.4,4856.1,144.1,5897.0,118.1,3591.8,5906.4,605.4,1107.0,2022.3,872.0,101.5,875.8,843.2,847.4,9024.1,6175.0,7951.2,7381.3,27.6,143.4,139.5,4951.1,231.0,68.3,1267.9,8720.4,5744.2,5135.1,2109.7,12334.5,945.8,4231.6,4651.9,4025.3,3620.1,725.8,920.4,1076.5,4898.0,45.7,4791.5,4798.5,4797.9,4694.2,4694.2,1387.1,2760.0,943.2,4120.2,4137.2,132.8,8912.8,5540.4,4883.2,363.9
LERSTADVEGEN 545,614.4,6616.7,2553.0,4880.7,896.3,1992.1,884.4,1736.9,660.4,6555.9,872.8,1396.4,854.1,3416.1,989.3,2636.3,1996.0,1400.5,665.7,9298.8,1757.8,860.7,204.3,2434.1,864.2,4195.6,4940.8,3413.2,4072.2,882.4,407.7,2626.2,587.8,185.6,1929.0,4148.7,851.2,3380.3,5025.5,654.3,8046.1,2830.7,712.5,4972.4,5771.4,888.6,10291.5,10323.5,4388.5,5782.2,2578.6,11093.7,6598.2,4605.0,4940.3,8838.7,5768.2,3182.1,10801.4,8082.5,3425.4,4117.2,765.8,1258.6,4966.1,1964.2,1088.2,687.0,165.6,10968.2,663.4,624.5,524.2,731.8,1160.8,4063.5,8167.9,3358.1,1142.6,850.7,3901.4,1316.5,906.7,0.0,3222.3,8264.1,647.2,134.4,4124.1,883.8,5165.0,815.7,2859.8,5174.4,412.1,1634.8,1202.3,249.6,819.8,159.6,127.0,131.2,8292.1,5355.0,7219.2,6561.3,879.1,865.9,796.9,4131.1,1137.7,851.9,535.9,7988.4,5012.2,4403.1,1377.7,11602.5,166.9,3499.6,3919.9,3293.3,2888.1,379.6,117.9,344.5,4166.0,952.4,4059.5,4066.5,4065.9,3962.2,3962.2,655.1,2028.0,169.5,3388.2,3405.2,872.5,8180.8,4808.4,4151.2,749.2
Kiwi Vestnes,3724.1,6181.4,4770.8,7990.4,4034.9,2847.6,4023.0,3954.7,3799.0,6120.6,2512.0,3860.4,3992.7,6525.8,4127.9,5746.0,4213.8,4510.2,3804.3,11640.0,1533.1,3999.3,3332.8,4651.9,4002.8,7305.3,8050.5,6522.9,7181.9,4021.0,3508.8,5735.9,3726.4,3295.3,4146.8,7258.4,3989.8,6490.0,8135.2,3764.0,11155.8,5940.4,3851.1,8082.1,8881.1,4027.2,12632.7,12664.7,7498.2,8891.9,1401.0,14203.4,6162.9,7714.7,8050.0,11179.9,8877.9,796.2,13142.6,11192.2,6535.1,7226.9,3904.4,2214.9,8075.8,4182.0,4226.8,3825.6,3294.1,14077.9,3802.0,3763.1,3354.7,3870.4,4270.5,5765.8,10509.1,6467.8,4281.2,3989.3,7011.1,4426.2,4045.3,3201.2,0.0,11310.8,3756.9,3244.1,7233.8,4022.4,8274.7,3954.3,5969.5,8284.1,3550.7,4773.4,2453.6,3359.3,3958.4,3298.2,3265.6,3269.8,11282.1,4919.7,10328.9,6126.0,4017.7,4004.5,3935.5,3695.8,4276.3,3990.5,3645.6,11098.1,8121.9,7512.8,4487.4,14712.2,3295.4,6609.3,5982.7,6403.0,5997.8,3489.3,3246.4,3454.2,7275.7,4091.0,5759.7,5730.9,5730.3,5892.6,5892.6,3764.8,4245.8,3298.0,6497.9,6514.9,4011.1,11290.5,7918.1,7260.9,3887.8
Kiwi Nordfjordeid,7472.2,7264.7,7513.2,4269.4,8399.0,9541.7,8387.1,7613.3,8163.1,7218.5,8422.4,8899.1,8356.8,4917.0,8492.0,5505.9,7394.0,7992.0,8168.4,3855.3,9307.4,8363.4,7594.3,6878.9,8366.9,3661.0,3117.2,4923.4,3624.0,8385.1,7474.9,5502.7,8090.5,7582.7,7402.0,3574.0,8353.9,4918.5,5781.5,7124.8,4187.6,5636.6,8215.2,5728.4,4259.3,8391.3,4848.0,4880.0,3353.0,4270.1,10128.2,3292.1,7246.2,5361.0,5696.3,3395.2,4256.1,10731.7,4535.5,5106.4,4928.6,3581.2,8268.5,8808.2,3116.1,7412.2,8590.9,8189.7,7571.6,3166.6,8166.1,8122.8,7591.4,8234.5,7752.3,5596.4,2724.4,4900.4,8645.3,8353.4,4657.4,7908.0,8409.4,7675.6,10771.9,0.0,8063.6,7594.5,3589.6,8386.5,5921.0,8318.4,5351.5,5930.4,7910.4,9137.5,8710.6,7598.0,8322.5,7662.3,7629.7,7633.9,180.4,8918.2,5337.9,7213.1,8381.8,8368.6,8299.6,8143.8,8640.4,8354.6,7134.8,4129.9,5768.2,3367.6,7969.2,3800.9,7546.1,4768.2,5553.4,4976.5,4814.1,7794.5,7613.0,7411.7,3564.7,8455.1,5592.4,5599.4,5598.8,5495.1,5495.1,7125.6,7438.6,7543.5,4948.1,4869.8,8375.2,4322.3,3034.7,3591.7,8251.9
SMEDGARDEN 1,982.7,7141.8,2921.3,5249.0,646.1,2517.2,634.2,2105.2,410.2,7081.0,1397.9,1146.2,603.9,3784.4,739.1,3004.6,2364.3,1768.8,415.5,9667.1,2282.9,610.5,630.3,2802.4,614.0,4563.9,5309.1,3781.5,4440.5,632.2,776.0,2994.5,302.4,531.1,2297.3,4517.0,601.0,3748.6,5393.8,1022.6,8414.4,3199.0,462.3,5340.7,6139.7,638.4,10659.8,10691.8,4756.8,6150.5,3103.7,11462.0,7123.3,4973.3,5308.6,9207.0,6136.5,3707.2,11169.7,8450.8,3793.7,4485.5,515.6,1783.7,5334.4,2332.5,838.0,436.8,607.6,11336.5,395.0,233.1,892.5,481.6,1529.1,4431.8,8536.2,3726.4,892.4,600.5,4269.7,1684.8,656.5,659.6,3747.4,8632.4,0.0,552.4,4492.4,633.6,5533.3,565.5,3228.1,5542.7,346.0,1384.6,1727.4,497.6,569.6,634.9,602.3,606.5,8660.4,5880.1,7587.5,7086.4,628.9,615.7,546.7,4656.2,887.5,601.7,904.2,8356.7,5380.5,4771.4,1746.0,11970.8,582.1,3867.9,4288.2,3661.6,3256.4,351.4,554.5,712.8,4534.3,702.2,4427.8,4434.8,4434.2,4330.5,4330.5,1023.4,2396.3,579.5,3756.5,3773.5,622.3,8549.1,5176.7,4519.5,499.0
"Vallekrysset, 6013 Ålesund",531.9,6637.2,2470.5,4798.2,869.9,2012.6,858.0,1654.4,634.0,6576.4,893.3,1370.0,827.7,3333.6,962.9,2553.8,1913.5,1318.0,639.3,9216.3,1778.3,834.3,150.9,2351.6,837.8,4113.1,4858.3,3330.7,3989.7,856.0,325.2,2543.7,561.4,75.9,1846.5,4066.2,824.8,3297.8,4943.0,571.8,7963.6,2748.2,686.1,4889.9,5688.9,862.2,10209.0,10241.0,4306.0,5699.7,2599.1,11011.2,6618.7,4522.5,4857.8,8756.2,5685.7,3202.6,10718.9,8000.0,3342.9,4034.7,739.4,1279.1,4883.6,1881.7,1061.8,660.6,112.2,10885.7,637.0,598.1,441.7,705.4,1078.3,3981.0,8085.4,3275.6,1116.2,824.3,3818.9,1234.0,880.3,146.5,3242.8,8181.6,537.5,0.0,4041.6,857.4,5082.5,789.3,2777.3,5091.9,385.7,1608.4,1222.8,139.9,793.4,133.2,100.6,104.8,8209.6,5375.5,7136.7,6581.8,852.7,839.5,770.5,4151.6,1111.3,825.5,453.4,7905.9,4929.7,4320.6,1295.2,11520.0,113.5,3417.1,3837.4,3210.8,2805.6,269.9,78.7,262.0,4083.5,926.0,3977.0,3984.0,3983.4,3879.7,3879.7,572.6,1945.5,116.1,3305.7,3322.7,846.1,8098.3,4725.9,4068.7,722.8
"Ørsta, 6150 Ørsta",3907.2,8584.1,4946.9,756.6,4834.0,5976.7,4822.1,4452.5,4598.1,8537.9,4857.4,5334.1,4791.8,2083.8,4927.0,2672.7,4233.2,4427.0,4603.4,5174.7,5742.4,4798.4,4029.3,4597.8,4801.9,123.6,853.9,2090.2,59.0,4820.1,3909.9,2669.5,4525.5,4017.7,4241.2,61.8,4788.9,2085.3,2948.3,3559.8,4902.0,2803.4,4650.2,2895.2,1647.3,4826.3,6167.4,6199.4,301.6,1658.1,6563.2,7345.7,8565.6,2527.8,2863.1,4714.6,1644.1,7166.7,6677.3,5717.9,2095.4,43.8,4703.5,5243.2,879.2,4251.4,5025.9,4624.7,4006.6,7220.2,4601.1,4557.8,4026.4,4669.5,4187.3,5821.0,4043.8,2067.2,5080.3,4788.4,1824.2,4343.0,4844.4,4110.6,7206.9,4140.0,4498.6,4029.5,0.0,4821.5,3087.8,4753.4,2518.3,3097.2,4345.4,5572.5,5145.6,4033.0,4757.5,4097.3,4064.7,4068.9,4168.0,9339.6,3132.3,8532.5,4816.8,4803.6,4734.6,8115.7,5075.4,4789.6,3569.8,4844.3,2935.0,316.2,4404.2,7854.5,3981.1,1935.0,5778.0,2143.3,1249.1,4229.5,4048.0,3846.7,79.1,4890.1,5817.0,5824.0,5823.4,5719.7,5719.7,3560.6,4277.8,3978.5,2114.9,2036.6,4810.2,5036.7,721.5,64.3,4686.9
KONGENS GATE 30,1323.2,7413.5,3261.8,5589.5,138.3,2755.1,126.4,2445.7,251.9,7352.7,1669.6,845.4,96.1,4124.9,231.3,3345.1,2704.8,2109.3,274.4,10007.6,2554.6,30.7,969.4,3142.9,106.2,4904.4,5649.6,4122.0,4781.0,124.4,1116.5,3335.0,412.9,882.3,2637.8,4857.5,77.4,4089.1,5734.3,1363.1,8754.9,3539.5,285.1,5681.2,6480.2,4.8,11000.3,11032.3,5097.3,6491.0,3341.6,11802.5,7395.0,5313.8,5649.1,9547.5,6477.0,3945.1,11510.2,8791.3,4134.2,4826.0,107.7,2055.4,5674.9,2673.0,330.2,295.7,930.7,11677.0,488.5,451.6,1233.0,304.4,1869.6,4772.3,8876.7,4066.9,384.6,77.2,4610.2,2025.3,148.7,877.3,4019.1,8972.9,623.0,843.2,4832.9,0.0,5873.8,83.0,3568.6,5883.2,582.2,1083.8,1999.1,848.8,99.5,852.6,820.0,824.2,9000.9,6151.8,7928.0,7358.1,121.1,16.4,92.1,4927.9,379.7,81.0,1244.7,8697.2,5721.0,5111.9,2086.5,12311.3,922.6,4208.4,4628.7,4002.1,3596.9,702.6,897.2,1053.3,4874.8,194.4,4768.3,4775.3,4774.7,4671.0,4671.0,1363.9,2736.8,920.0,4097.0,4114.0,70.2,8889.6,5517.2,4860.0,340.7
"Larsnes, 6098 Nerlandsøy",4998.6,11004.8,7146.6,3802.2,5925.4,7068.1,5913.5,6330.5,5689.5,10958.6,5948.8,6425.5,5883.2,2011.8,6018.4,2600.7,6589.6,5257.4,5694.8,7595.4,6833.8,5889.8,5120.7,7027.7,5893.3,3159.7,3174.0,2018.2,3122.7,5911.5,5001.3,2597.5,5616.9,5109.1,6522.6,3072.7,5880.3,2013.3,2491.5,4760.4,3468.6,2731.4,5741.6,2438.4,4601.8,5917.7,8588.1,8620.1,2860.6,4612.6,7654.6,6516.2,10986.3,608.1,362.8,7135.3,4598.6,8258.1,9098.0,3505.0,2023.4,3079.9,5794.9,6334.6,3199.3,6557.8,6117.3,5716.1,5098.0,6390.7,5692.5,5649.2,5117.8,5760.9,5017.7,8241.7,6464.5,1995.2,6171.7,5879.8,1367.4,5173.4,5935.8,5202.0,8298.3,6560.7,5590.0,5120.9,3088.3,5912.9,0.0,5844.8,2446.3,2640.4,5436.8,6663.9,6237.0,5124.4,5848.9,5188.7,5156.1,5160.3,6588.7,10431.0,4225.0,10953.2,5908.2,5895.0,5826.0,9207.1,6166.8,5881.0,4661.2,3410.9,2478.2,2875.2,5234.6,7025.0,5072.5,1863.0,8198.7,2071.3,4312.8,5320.9,5139.4,4938.1,3063.4,5981.5,8237.7,8244.7,8244.1,8140.4,8140.4,4761.2,6621.6,5069.9,2042.9,1964.6,5901.6,3603.3,3041.6,3090.4,5778.3
KEISER WILHELMS GATE 32,1263.6,7353.9,3202.2,5529.9,124.0,2695.5,112.1,2386.1,192.3,7293.1,1610.0,785.8,81.8,4065.3,217.0,3285.5,2645.2,2049.7,214.8,9948.0,2495.0,58.2,909.8,3083.3,91.9,4844.8,5590.0,4062.4,4721.4,110.1,1056.9,3275.4,353.3,822.7,2578.2,4797.9,57.1,4029.5,5674.7,1303.5,8695.3,3479.9,225.5,5621.6,6420.6,96.6,10940.7,10972.7,5037.7,6431.4,3282.0,11742.9,7335.4,5254.2,5589.5,9487.9,6417.4,3885.5,11450.6,8731.7,4074.6,4766.4,49.9,1995.8,5615.3,2613.4,315.9,236.1,871.1,11617.4,428.9,392.0,1173.4,244.8,1810.0,4712.7,8817.1,4007.3,370.3,62.9,4550.6,1965.7,134.4,817.7,3959.5,8913.3,563.4,783.6,4773.3,91.8,5814.2,0.0,3509.0,5823.6,522.6,1024.2,1939.5,789.2,58.4,793.0,760.4,764.6,8941.3,6092.2,7868.4,7298.5,106.8,71.8,27.7,4868.3,365.4,66.7,1185.1,8637.6,5661.4,5052.3,2026.9,12251.7,863.0,4148.8,4569.1,3942.5,3537.3,643.0,837.6,993.7,4815.2,180.1,4708.7,4715.7,4715.1,4611.4,4611.4,1304.3,2677.2,860.4,4037.4,4054.4,92.7,8830.0,5457.6,4800.4,281.1
"Hjørungavåg, 6092 Fosnavåg",2702.9,9397.0,4850.9,3240.9,3629.7,4772.4,3617.8,4034.8,3393.8,9336.2,3653.1,4129.8,3587.5,697.7,3722.7,305.0,4293.9,2961.7,3399.1,7034.1,4538.1,3594.1,2825.0,4732.0,3597.6,2598.4,2612.7,694.8,2561.4,3615.8,2705.6,301.8,3321.2,2813.4,4226.9,2511.4,3584.6,661.9,2307.1,2464.7,5327.7,435.7,3445.9,2254.0,4040.5,3622.0,8026.8,8058.8,2299.3,4051.3,5358.9,8375.3,9378.5,1886.6,2221.9,6574.0,4037.3,5962.4,8536.7,5364.1,707.0,2518.6,3499.2,4038.9,2638.0,4262.1,3821.6,3420.4,2802.3,8249.8,3396.8,3353.5,2822.1,3465.2,2722.0,6361.4,5903.2,639.7,3876.0,3584.1,1183.0,2877.7,3640.1,2906.3,6002.6,5999.4,3294.3,2825.2,2527.0,3617.2,2446.6,3549.1,0.0,2456.0,3141.1,4368.2,3941.3,2828.7,3553.2,2893.0,2860.4,2864.6,6027.4,8135.3,4891.1,9341.6,3612.5,3599.3,3530.3,6911.4,3871.1,3585.3,2365.5,5270.0,2293.8,2313.9,2938.9,8884.1,2776.8,781.2,6217.8,574.9,3751.5,3025.2,2843.7,2642.4,2502.1,3685.8,6357.4,6364.4,6363.8,6260.1,6260.1,2465.5,4325.9,2774.2,669.8,686.8,3605.9,5462.4,2480.3,2529.1,3482.6
Meny Fosnavåg,5012.7,11018.9,7160.7,3816.3,5939.5,7082.2,5927.6,6344.6,5703.6,10972.7,5962.9,6439.6,5897.3,2025.9,6032.5,2614.8,6603.7,5271.5,5708.9,7609.5,6847.9,5903.9,5134.8,7041.8,5907.4,3173.8,3188.1,2032.3,3136.8,5925.6,5015.4,2611.6,5631.0,5123.2,6536.7,3086.8,5894.4,2027.4,206.7,4774.5,5518.7,2745.5,5755.7,271.2,4615.9,5931.8,8602.2,8634.2,2874.7,4626.7,7668.7,8566.3,11000.4,2077.6,2412.9,7149.4,4612.7,8272.2,9112.1,5555.1,2037.5,3094.0,5809.0,6348.7,3213.4,6571.9,6131.4,5730.2,5112.1,8440.8,5706.6,5663.3,5131.9,5775.0,5031.8,8255.8,6478.6,2009.3,6185.8,5893.9,1362.3,5187.5,5949.9,5216.1,8312.4,6574.8,5604.1,5135.0,3102.4,5927.0,2637.6,5858.9,2460.4,0.0,5450.9,6678.0,6251.1,5138.5,5863.0,5202.8,5170.2,5174.4,6602.8,10445.1,5466.5,10967.3,5922.3,5909.1,5840.1,9221.2,6180.9,5895.1,4675.3,5461.0,195.0,2889.3,5248.7,9075.1,5086.6,1877.1,8212.8,2085.4,4326.9,5335.0,5153.5,4952.2,3077.5,5995.6,8251.8,8258.8,8258.2,8154.5,8154.5,4775.3,6635.7,5084.0,2057.0,1978.7,5915.7,5653.4,3055.7,3104.5,5792.4
LERSTADVEGEN 291,840.3,6946.6,2778.9,5106.6,633.7,2322.0,621.8,1962.8,397.8,6885.8,1202.7,1133.8,591.5,3642.0,726.7,2862.2,2221.9,1626.4,403.1,9524.7,2087.7,598.1,487.9,2660.0,601.6,4421.5,5166.7,3639.1,4298.1,619.8,633.6,2852.1,325.2,388.7,2154.9,4374.6,588.6,3606.2,5251.4,880.2,8272.0,3056.6,449.9,5198.3,5997.3,626.0,10517.4,10549.4,4614.4,6008.1,2908.5,11319.6,6928.1,4830.9,5166.2,9064.6,5994.1,3512.0,11027.3,8308.4,3651.3,4343.1,503.2,1588.5,5192.0,2190.1,825.6,424.4,463.8,11194.1,400.8,271.2,750.1,469.2,1386.7,4289.4,8393.8,3584.0,880.0,588.1,4127.3,1542.4,644.1,410.4,3552.2,8490.0,352.0,376.3,4350.0,621.2,5390.9,553.1,3085.7,5400.3,0.0,1372.2,1532.2,355.2,557.2,385.7,353.1,357.3,8518.0,5684.9,7445.1,6891.2,616.5,603.3,534.3,4461.0,875.1,589.3,761.8,8214.3,5238.1,4629.0,1603.6,11828.4,439.7,3725.5,4145.8,3519.2,3114.0,209.0,430.3,570.4,4391.9,689.8,4285.4,4292.4,4291.8,4188.1,4188.1,881.0,2253.9,437.1,3614.1,3631.1,609.9,8406.7,5034.3,4377.1,486.6
"Giske, 6050 Valderøya",2092.7,8183.0,4031.3,6359.0,1100.4,3070.6,1088.5,3215.2,1021.4,8122.2,2439.1,1160.9,1058.2,4894.4,1193.4,4114.6,3474.3,2878.8,1043.9,10777.1,3324.1,1064.8,1738.9,3912.4,1068.3,5673.9,6419.1,4891.5,5550.5,1086.5,1886.0,4104.5,1182.4,1651.8,3407.3,5627.0,1055.3,4858.6,6503.8,2132.6,9524.4,4309.0,1054.6,6450.7,7249.7,1092.7,11769.8,11801.8,5866.8,7260.5,3657.1,12572.0,8164.5,6083.3,6418.6,10317.0,7246.5,4260.6,12279.7,9560.8,4903.7,5595.5,969.9,2612.4,6444.4,3442.5,1292.3,1065.2,1700.2,12446.5,1258.0,1221.1,2002.5,1073.9,2639.1,5541.8,9646.2,4836.4,1346.7,1054.8,5379.7,2794.8,1110.8,1646.8,4788.6,9742.4,1392.5,1612.7,5602.4,1087.9,6643.3,1019.8,4338.1,6652.7,1351.7,0.0,2768.6,1618.3,1023.9,1622.1,1589.5,1593.7,9770.4,6921.3,8697.5,8127.6,1083.2,1070.0,1001.0,5697.4,1341.8,1056.0,2014.2,9466.7,6490.5,5881.4,2856.0,13080.8,1692.1,4977.9,5398.2,4771.6,4366.4,1472.1,1666.7,1822.8,5644.3,1156.5,5537.8,5544.8,5544.2,5440.5,5440.5,2133.4,3506.3,1689.5,4866.5,4883.5,1076.6,9659.1,6286.7,5629.5,1110.2
"Solavågen, 6240 Ørskog",1673.9,5841.4,2614.4,5940.2,2018.3,1614.7,2006.4,1798.3,1782.4,5780.6,495.4,1874.2,1976.1,4475.6,2111.3,3695.8,2057.4,2460.0,1787.7,9689.1,982.5,1982.7,1316.2,2495.5,1986.2,5255.1,6000.3,4472.7,5131.7,2004.4,1352.4,3685.7,1709.8,1278.7,1990.4,5208.2,1973.2,4439.8,6085.0,1713.8,9105.6,3890.2,1834.5,6031.9,6830.9,2010.6,10681.8,10713.8,5448.0,6841.7,2201.2,12153.2,5822.9,5664.5,5999.8,9229.0,6827.7,2804.7,11191.7,9142.0,4484.9,5176.7,1887.8,623.7,6025.6,2025.6,2210.2,1809.0,1277.5,12027.7,1785.4,1746.5,1198.3,1853.8,2220.3,4124.9,8558.2,4417.6,2264.6,1972.7,4960.9,2376.0,2028.7,1184.6,2447.0,9323.6,1740.3,1227.5,5183.6,2005.8,6224.5,1937.7,3919.3,6233.9,1534.1,2756.8,0.0,1342.7,1941.8,1281.6,1249.0,1253.2,9331.2,4579.7,8278.7,5786.0,2001.1,1987.9,1918.9,3355.8,2259.7,1973.9,1595.4,9047.9,6071.7,5462.6,2437.2,12662.0,1278.8,4559.1,3981.3,4352.8,3947.6,1472.7,1229.8,1353.2,5225.5,2074.4,4120.9,4127.9,4127.3,4023.6,4023.6,1714.6,2089.4,1281.4,4447.7,4464.7,1994.5,9240.3,5867.9,5210.7,1871.2
"HIG, 6010 Ålesund",525.6,6745.2,2464.2,4791.9,896.1,2120.6,884.2,1648.1,660.2,6684.4,1001.3,1396.2,853.9,3327.3,989.1,2547.5,1907.2,1311.7,665.5,9210.0,1886.3,860.5,173.2,2345.3,864.0,4106.8,4852.0,3324.4,3983.4,882.2,318.9,2537.4,587.6,131.2,1840.2,4059.9,851.0,3291.5,4936.7,565.5,7957.3,2741.9,712.3,4883.6,5682.6,888.4,10202.7,10234.7,4299.7,5693.4,2707.1,11004.9,6726.7,4516.2,4851.5,8749.9,5679.4,3310.6,10712.6,7993.7,3336.6,4028.4,765.6,1387.1,4877.3,1875.4,1088.0,686.8,150.5,10879.4,663.2,571.6,435.4,731.6,1072.0,3974.7,8079.1,3269.3,1142.4,850.5,3812.6,1227.7,906.5,245.9,3350.8,8175.3,512.4,143.0,4035.3,883.6,5076.2,815.5,2771.0,5085.6,359.2,1634.6,1330.8,0.0,819.6,241.2,208.6,212.8,8203.3,5483.5,7130.4,6689.8,878.9,865.7,796.7,4259.6,1137.5,851.7,447.1,7899.6,4923.4,4314.3,1288.9,11513.7,125.0,3410.8,3831.1,3204.5,2799.3,243.3,161.5,255.7,4077.2,952.2,3970.7,3977.7,3977.1,3873.4,3873.4,566.3,1939.2,122.4,3299.4,3316.4,872.3,8092.0,4719.6,4062.4,749.0
KORSEGATA 4,1301.5,7391.8,3240.1,5567.8,92.1,2733.4,80.2,2424.0,230.2,7331.0,1647.9,823.7,49.9,4103.2,185.1,3323.4,2683.1,2087.6,252.7,9985.9,2532.9,41.0,947.7,3121.2,60.0,4882.7,5627.9,4100.3,4759.3,78.2,1094.8,3313.3,391.2,860.6,2616.1,4835.8,48.7,4067.4,5712.6,1341.4,8733.2,3517.8,263.4,5659.5,6458.5,68.9,10978.6,11010.6,5075.6,6469.3,3319.9,11780.8,7373.3,5292.1,5627.4,9525.8,6455.3,3923.4,11488.5,8769.6,4112.5,4804.3,95.8,2033.7,5653.2,2651.3,284.0,274.0,909.0,11655.3,466.8,429.9,1211.3,282.7,1847.9,4750.6,8855.0,4045.2,338.4,31.0,4588.5,2003.6,102.5,855.6,3997.4,8951.2,601.3,821.5,4811.2,64.1,5852.1,71.1,3546.9,5861.5,560.5,1062.1,1977.4,827.1,0.0,830.9,798.3,802.5,8979.2,6130.1,7906.3,7336.4,74.9,63.4,80.2,4906.2,333.5,34.8,1223.0,8675.5,5699.3,5090.2,2064.8,12289.6,900.9,4186.7,4607.0,3980.4,3575.2,680.9,875.5,1031.6,4853.1,148.2,4746.6,4753.6,4753.0,4649.3,4649.3,1342.2,2715.1,898.3,4075.3,4092.3,52.8,8867.9,5495.5,4838.3,319.0
POSTVEGEN 11,602.1,6692.4,2540.7,4868.4,861.6,2067.8,849.7,1724.6,625.7,6631.6,948.5,1361.7,819.4,3403.8,954.6,2624.0,1983.7,1388.2,631.0,9286.5,1833.5,826.0,248.3,2421.8,829.5,4183.3,4928.5,3400.9,4059.9,847.7,395.4,2613.9,553.1,173.3,1916.7,4136.4,816.5,3368.0,5013.2,642.0,8033.8,2818.4,677.8,4960.1,5759.1,853.9,10279.2,10311.2,4376.2,5769.9,2654.3,11081.4,6673.9,4592.7,4928.0,8826.4,5755.9,3257.8,10789.1,8070.2,3413.1,4104.9,731.1,1334.3,4953.8,1951.9,1053.5,652.3,209.6,10955.9,628.7,589.8,511.9,697.1,1148.5,4051.2,8155.6,3345.8,1107.9,816.0,3889.1,1304.2,872.0,156.2,3298.0,8251.8,640.8,122.1,4111.8,849.1,5152.7,781.0,2847.5,5162.1,377.4,1600.1,1278.0,237.3,785.1,0.0,52.8,52.6,8279.8,5430.7,7206.9,6637.0,844.4,831.2,762.2,4206.8,1103.0,817.2,523.6,7976.1,4999.9,4390.8,1365.4,11590.2,201.5,3487.3,3907.6,3281.0,2875.8,367.3,176.1,332.2,4153.7,917.7,4047.2,4054.2,4053.6,3949.9,3949.9,642.8,2015.7,198.9,3375.9,3392.9,837.8,8168.5,4796.1,4138.9,714.5
POSTVEGEN 17,575.2,6665.5,2513.8,4841.5,834.7,2040.9,822.8,1697.7,598.8,6604.7,921.6,1334.8,792.5,3376.9,927.7,2597.1,1956.8,1361.3,604.1,9259.6,1806.6,799.1,221.4,2394.9,802.6,4156.4,4901.6,3374.0,4033.0,820.8,368.5,2587.0,526.2,146.4,1889.8,4109.5,789.6,3341.1,4986.3,615.1,8006.9,2791.5,650.9,4933.2,5732.2,827.0,10252.3,10284.3,4349.3,5743.0,2627.4,11054.5,6647.0,4565.8,4901.1,8799.5,5729.0,3230.9,10762.2,8043.3,3386.2,4078.0,704.2,1307.4,4926.9,1925.0,1026.6,625.4,182.7,10929.0,601.8,562.9,485.0,670.2,1121.6,4024.3,8128.7,3318.9,1081.0,789.1,3862.2,1277.3,845.1,129.3,3271.1,8224.9,613.9,95.2,4084.9,822.2,5125.8,754.1,2820.6,5135.2,350.5,1573.2,1251.1,210.4,758.2,52.0,0.0,14.8,8252.9,5403.8,7180.0,6610.1,817.5,804.3,735.3,4179.9,1076.1,790.3,496.7,7949.2,4973.0,4363.9,1338.5,11563.3,174.6,3460.4,3880.7,3254.1,2848.9,340.4,149.2,305.3,4126.8,890.8,4020.3,4027.3,4026.7,3923.0,3923.0,615.9,1988.8,172.0,3349.0,3366.0,810.9,8141.6,4769.2,4112.0,687.6
POSTVEGEN 15,576.9,6667.2,2515.5,4843.2,836.4,2042.6,824.5,1699.4,600.5,6606.4,923.3,1336.5,794.2,3378.6,929.4,2598.8,1958.5,1363.0,605.8,9261.3,1808.3,800.8,223.1,2396.6,804.3,4158.1,4903.3,3375.7,4034.7,822.5,370.2,2588.7,527.9,148.1,1891.5,4111.2,791.3,3342.8,4988.0,616.8,8008.6,2793.2,652.6,4934.9,5733.9,828.7,10254.0,10286.0,4351.0,5744.7,2629.1,11056.2,6648.7,4567.5,4902.8,8801.2,5730.7,3232.6,10763.9,8045.0,3387.9,4079.7,705.9,1309.1,4928.6,1926.7,1028.3,627.1,184.4,10930.7,603.5,564.6,486.7,671.9,1123.3,4026.0,8130.4,3320.6,1082.7,790.8,3863.9,1279.0,846.8,131.0,3272.8,8226.6,615.6,96.9,4086.6,823.9,5127.5,755.8,2822.3,5136.9,352.2,1574.9,1252.8,212.1,759.9,52.7,17.9,0.0,8254.6,5405.5,7181.7,6611.8,819.2,806.0,737.0,4181.6,1077.8,792.0,498.4,7950.9,4974.7,4365.6,1340.2,11565.0,176.3,3462.1,3882.4,3255.8,2850.6,342.1,150.9,307.0,4128.5,892.5,4022.0,4029.0,4028.4,3924.7,3924.7,617.6,1990.5,173.7,3350.7,3367.7,812.6,8143.3,4770.9,4113.7,689.3
"Nordfjordeid, 6770 Nordfjordeid",7525.4,7241.1,7489.6,4304.6,8452.2,9594.9,8440.3,7589.7,8216.3,7194.9,8475.6,8952.3,8410.0,4970.2,8545.2,5559.1,7370.4,8045.2,8221.6,3831.7,9360.6,8416.6,7647.5,6855.3,8420.1,3714.2,3170.4,4976.6,3677.2,8438.3,7528.1,5555.9,8143.7,7635.9,7378.4,3627.2,8407.1,4971.7,5834.7,7178.0,4206.1,5689.8,8268.4,5781.6,4294.5,8444.5,4824.4,4856.4,3406.2,4305.3,10181.4,3310.6,7222.6,5414.2,5749.5,3371.6,4291.3,10784.9,4415.8,5124.9,4981.8,3634.4,8321.7,8861.4,3169.3,7388.6,8644.1,8242.9,7624.8,3185.1,8219.3,8176.0,7644.6,8287.7,7805.5,5572.8,2700.8,4953.6,8698.5,8406.6,4710.6,7961.2,8462.6,7728.8,10825.1,186.8,8116.8,7647.7,3642.8,8439.7,5974.2,8371.6,5404.7,5983.6,7963.6,9190.7,8763.8,7651.2,8375.7,7715.5,7682.9,7687.1,0.0,8894.6,5391.1,7189.5,8435.0,8421.8,8352.8,8120.2,8693.6,8407.8,7188.0,4148.4,5821.4,3420.8,8022.4,3819.4,7599.3,4821.4,5529.8,5029.7,4867.3,7847.7,7666.2,7464.9,3617.9,8508.3,5568.8,5575.8,5575.2,5471.5,5471.5,7178.8,7415.0,7596.7,5001.3,4923.0,8428.4,4340.8,3087.9,3644.9,8305.1
Nærbutikken Norddal,5864.6,1761.4,6094.5,9767.0,6175.4,5741.4,6163.5,6095.2,5939.5,1700.6,4652.5,6000.9,6133.2,8666.3,6268.4,7886.5,5975.3,6650.7,5944.8,7373.3,3673.6,6139.8,5473.3,5460.2,6143.3,9445.8,8970.9,8663.4,9322.4,6161.5,5649.3,7876.4,5866.9,5435.8,5983.3,9398.9,6130.3,8630.5,10275.7,5904.5,13018.3,8080.9,5991.6,10222.6,8319.4,6167.7,8366.0,8398.0,9505.8,8303.2,6293.3,12122.8,1742.9,9855.2,10190.5,6913.2,8299.5,5688.5,8875.9,13332.7,8675.6,9367.4,6044.9,4355.4,8969.8,5993.5,6367.3,5966.1,5434.6,11997.3,5942.5,5903.6,5495.2,6010.9,6411.0,3880.9,6215.9,8608.3,6421.7,6129.8,9151.6,6566.7,6185.8,5341.7,4917.8,8917.1,5897.4,5384.6,9374.3,6162.9,10415.2,6094.8,8110.0,10424.6,5691.2,6913.9,4594.1,5499.8,6098.9,5438.7,5406.1,5410.3,8888.4,0.0,11534.7,1706.0,6158.2,6145.0,6076.0,1810.9,6416.8,6131.0,5786.1,12960.6,10262.4,9520.4,6627.9,12631.6,5435.9,8749.8,4097.8,8543.5,8138.3,5629.8,5386.9,5594.7,9416.2,6231.5,3874.8,3846.0,3845.4,4007.7,4007.7,5905.3,6019.9,5438.5,8638.4,8655.4,6151.6,13153.0,9069.6,9401.4,6028.3
Nærbutikken Rovde,7024.9,10474.3,8064.6,3856.2,7951.7,9094.4,7939.8,7570.2,7715.8,10428.1,7975.1,8451.8,7909.5,4469.7,8044.7,5058.6,7350.9,7544.7,7721.1,7064.9,8860.1,7916.1,7147.0,7715.5,7919.6,3213.7,2669.9,4476.1,3176.7,7937.8,7027.6,5055.4,7643.2,7135.4,7358.9,3126.7,7906.6,4471.2,5334.2,6677.5,1815.3,5189.3,7767.9,5281.1,4180.1,7944.0,8057.6,8089.6,2905.7,4190.9,9680.9,4862.9,10455.8,4239.6,3884.4,6604.8,4176.9,10284.4,8567.5,2631.2,4481.3,3133.9,7821.2,8360.9,2668.8,7369.1,8143.6,7742.4,7124.3,4737.4,7718.8,7675.5,7144.1,7787.2,7305.0,7711.2,5934.0,4453.1,8198.0,7906.1,4210.1,7460.7,7962.1,7228.3,10324.6,5647.7,7616.3,7147.2,3142.3,7939.2,4225.1,7871.1,4904.2,5483.1,7463.1,8690.2,8263.3,7150.7,7875.2,7215.0,7182.4,7186.6,5662.9,11534.8,0.0,10422.7,7934.5,7921.3,7852.3,10258.6,8193.1,7907.3,6687.5,1757.6,5320.9,2920.3,7521.9,5371.7,7098.8,4320.9,7668.2,4529.2,4366.8,7347.2,7165.7,6964.4,3117.4,8007.8,7707.2,7714.2,7713.6,7609.9,7609.9,6678.3,7395.5,7096.2,4500.8,4422.5,7927.9,1950.0,2587.4,3144.4,7804.6
Olebuda,7087.6,55.4,7317.5,8645.7,7398.4,6964.4,7386.5,7318.2,7162.5,5.4,5875.5,7223.9,7356.2,9889.3,7491.4,9109.5,7198.3,7873.7,7167.8,5667.3,4896.6,7362.8,6696.3,6683.2,7366.3,8642.9,7849.6,9886.4,8578.9,7384.5,6872.3,9099.4,7089.9,6658.8,7206.3,8533.9,7353.3,9853.5,10813.0,7127.5,11312.3,9303.9,7214.6,10759.9,8635.6,7390.7,6660.0,6692.0,8384.5,8646.4,7516.3,10416.8,36.9,10392.5,10727.8,5207.2,8632.4,6911.5,7169.9,12231.1,9898.6,8563.1,7267.9,5578.4,7848.5,7216.5,7590.3,7189.1,6657.6,10291.3,7165.5,7126.6,6718.2,7233.9,7634.0,5103.9,4509.9,9831.3,7644.7,7352.8,9688.9,7789.7,7408.8,6564.7,6140.8,7211.1,7120.4,6607.6,8519.9,7385.9,10952.5,7317.8,9333.0,10961.9,6914.2,8136.9,5817.1,6722.8,7321.9,6661.7,6629.1,6633.3,7182.4,1705.1,10413.4,0.0,7381.2,7368.0,7299.0,3033.9,7639.8,7354.0,7009.1,11254.6,10799.7,8399.1,7850.9,10925.6,6658.9,9799.7,5320.8,9766.5,9361.3,6852.8,6609.9,6817.7,8532.4,7454.5,5097.8,5069.0,5068.4,5230.7,5230.7,7128.3,7242.9,6661.5,9861.4,9878.4,7374.6,11447.0,7948.3,8554.6,7251.3
Quality Hotel Waterfront,1318.8,7409.1,3257.4,5585.1,72.0,2750.7,37.1,2441.3,247.5,7348.3,1665.2,841.0,42.4,4120.5,110.2,3340.7,2700.4,2104.9,270.0,10003.2,2550.2,93.4,965.0,3138.5,30.1,4900.0,5645.2,4117.6,4776.6,29.6,1112.1,3330.6,408.5,877.9,2633.4,4853.1,94.2,4084.7,5729.9,1358.7,8750.5,3535.1,280.7,5676.8,6475.8,121.3,10995.9,11027.9,5092.9,6486.6,3337.2,11798.1,7390.6,5309.4,5644.7,9543.1,6472.6,3940.7,11505.8,8786.9,4129.8,4821.6,125.9,2051.0,5670.5,2668.6,209.1,291.3,926.3,11672.6,484.1,447.2,1228.6,300.0,1865.2,4767.9,8872.3,4062.5,263.5,44.5,4605.8,2020.9,27.6,872.9,4014.7,8968.5,618.6,838.8,4828.5,116.5,5869.4,90.5,3564.2,5878.8,577.8,1079.4,1994.7,844.4,73.9,848.2,815.6,819.8,8996.5,6147.4,7923.6,7353.7,0.0,115.8,111.9,4923.5,258.6,40.7,1240.3,8692.8,5716.6,5107.5,2082.1,12306.9,918.2,4204.0,4624.3,3997.7,3592.5,698.2,892.8,1048.9,4870.4,73.3,4763.9,4770.9,4770.3,4666.6,4666.6,1359.5,2732.4,915.6,4092.6,4109.6,105.2,8885.2,5512.8,4855.6,336.3
SORENSKRIVER BULLS GATE 7,1318.3,7408.6,3256.9,5584.6,132.1,2750.2,120.2,2440.8,247.0,7347.8,1664.7,840.5,89.9,4120.0,225.1,3340.2,2699.9,2104.4,269.5,10002.7,2549.7,25.8,964.5,3138.0,100.0,4899.5,5644.7,4117.1,4776.1,118.2,1111.6,3330.1,408.0,877.4,2632.9,4852.6,72.5,4084.2,5729.4,1358.2,8750.0,3534.6,280.2,5676.3,6475.3,33.8,10995.4,11027.4,5092.4,6486.1,3336.7,11797.6,7390.1,5308.9,5644.2,9542.6,6472.1,3940.2,11505.3,8786.4,4129.3,4821.1,102.8,2050.5,5670.0,2668.1,324.0,290.8,925.8,11672.1,483.6,446.7,1228.1,299.5,1864.7,4767.4,8871.8,4062.0,378.4,71.0,4605.3,2020.4,142.5,872.4,4014.2,8968.0,618.1,838.3,4828.0,29.0,5868.9,78.1,3563.7,5878.3,577.3,1078.9,1994.2,843.9,93.3,847.7,815.1,819.3,8996.0,6146.9,7923.1,7353.2,114.9,0.0,87.2,4923.0,373.5,74.8,1239.8,8692.3,5716.1,5107.0,2081.6,12306.4,917.7,4203.5,4623.8,3997.2,3592.0,697.7,892.3,1048.4,4869.9,188.2,4763.4,4770.4,4769.8,4666.1,4666.1,1359.0,2731.9,915.1,4092.1,4109.1,64.0,8884.7,5512.3,4855.1,335.8
RÅDSTUGATA 3B,1247.1,7337.4,3185.7,5513.4,127.5,2679.0,115.6,2369.6,175.8,7276.6,1593.5,769.3,85.3,4048.8,220.5,3269.0,2628.7,2033.2,198.3,9931.5,2478.5,79.1,893.3,3066.8,95.4,4828.3,5573.5,4045.9,4704.9,113.6,1040.4,3258.9,336.8,806.2,2561.7,4781.4,78.0,4013.0,5658.2,1287.0,8678.8,3463.4,209.0,5605.1,6404.1,119.8,10924.2,10956.2,5021.2,6414.9,3265.5,11726.4,7318.9,5237.7,5573.0,9471.4,6400.9,3869.0,11434.1,8715.2,4058.1,4749.9,31.6,1979.3,5598.8,2596.9,319.4,219.6,854.6,11600.9,412.4,375.5,1156.9,228.3,1793.5,4696.2,8800.6,3990.8,373.8,81.9,4534.1,1949.2,137.9,801.2,3943.0,8896.8,546.9,767.1,4756.8,115.0,5797.7,46.9,3492.5,5807.1,506.1,1007.7,1923.0,772.7,51.0,776.5,743.9,748.1,8924.8,6075.7,7851.9,7282.0,110.3,92.7,0.0,4851.8,368.9,83.1,1168.6,8621.1,5644.9,5035.8,2010.4,12235.2,846.5,4132.3,4552.6,3926.0,3520.8,626.5,821.1,977.2,4798.7,183.6,4692.2,4699.2,4698.6,4594.9,4594.9,1287.8,2660.7,843.9,4020.9,4037.9,103.7,8813.5,5441.1,4783.9,264.6
"Rekkedal, 6210 Valldal",4642.0,3070.5,4810.6,8483.1,4952.8,4518.8,4940.9,4872.6,4716.9,3009.7,3429.9,4778.3,4910.6,7443.7,5045.8,6663.9,4691.4,5428.1,4722.2,8471.2,2451.0,4917.2,4250.7,4176.3,4920.7,8223.2,7687.0,7440.8,8099.8,4938.9,4426.7,6653.8,4644.3,4213.2,4699.4,8176.3,4907.7,7407.9,9053.1,4681.9,12020.5,6858.3,4769.0,9000.0,7035.5,4945.1,9463.9,9495.9,8221.9,7019.3,5070.7,11347.7,3052.0,8632.6,8967.9,8011.1,7015.6,4465.9,9973.8,12110.1,7453.0,8144.8,4822.3,3132.8,7685.9,4709.6,5144.7,4743.5,4212.0,11222.2,4719.9,4681.0,4272.6,4788.3,5188.4,2597.0,7340.3,7385.7,5199.1,4907.2,7929.0,5344.1,4963.2,4119.1,3695.2,8142.0,4674.8,4162.0,8151.7,4940.3,9192.6,4872.2,6887.4,9202.0,4468.6,5691.3,3371.5,4277.2,4876.3,4216.1,4183.5,4187.7,8113.3,1808.8,10250.8,3015.1,4935.6,4922.4,4853.4,0.0,5194.2,4908.4,4563.5,11962.8,9039.8,8236.5,5405.3,11856.5,4213.3,7527.2,2813.9,7320.9,6915.7,4407.2,4164.3,4372.1,8193.6,5008.9,2590.9,2562.1,2561.5,2723.8,2723.8,4682.7,4736.0,4215.9,7415.8,7432.8,4929.0,12155.2,7785.7,8178.8,4805.7
OLE THORESENS GATE 16,1580.6,7670.9,3519.2,5846.9,323.1,3012.5,294.2,2703.1,509.3,7610.1,1927.0,1102.8,304.2,4382.3,169.7,3602.5,2962.2,2366.7,531.8,10265.0,2812.0,355.2,1226.8,3400.3,291.9,5161.8,5907.0,4379.4,5038.4,280.7,1373.9,3592.4,670.3,1139.7,2895.2,5114.9,356.0,4346.5,5991.7,1620.5,9012.3,3796.9,542.5,5938.6,6737.6,383.1,11257.7,11289.7,5354.7,6748.4,3599.0,12059.9,7652.4,5571.2,5906.5,9804.9,6734.4,4202.5,11767.6,9048.7,4391.6,5083.4,387.7,2312.8,5932.3,2930.4,81.9,553.1,1188.1,11934.4,745.9,709.0,1490.4,561.8,2127.0,5029.7,9134.1,4324.3,167.1,306.3,4867.6,2282.7,234.2,1134.7,4276.5,9230.3,880.4,1100.6,5090.3,378.3,6131.2,352.3,3826.0,6140.6,839.6,1341.2,2256.5,1106.2,335.7,1110.0,1077.4,1081.6,9258.3,6409.2,8185.4,7615.5,261.8,377.6,373.7,5185.3,0.0,302.5,1502.1,8954.6,5978.4,5369.3,2343.9,12568.7,1180.0,4465.8,4886.1,4259.5,3854.3,960.0,1154.6,1310.7,5132.2,239.4,5025.7,5032.7,5032.1,4928.4,4928.4,1621.3,2994.2,1177.4,4354.4,4371.4,367.0,9147.0,5774.6,5117.4,598.1
RASMUS RØNNEBERGS GATE 4,1295.0,7385.3,3233.6,5561.3,57.3,2726.9,45.4,2417.5,223.7,7324.5,1641.4,817.2,15.1,4096.7,150.3,3316.9,2676.6,2081.1,246.2,9979.4,2526.4,52.7,941.2,3114.7,25.2,4876.2,5621.4,4093.8,4752.8,43.4,1088.3,3306.8,384.7,854.1,2609.6,4829.3,53.5,4060.9,5706.1,1334.9,8726.7,3511.3,256.9,5653.0,6452.0,80.6,10972.1,11004.1,5069.1,6462.8,3313.4,11774.3,7366.8,5285.6,5620.9,9519.3,6448.8,3916.9,11482.0,8763.1,4106.0,4797.8,100.6,2027.2,5646.7,2644.8,249.2,267.5,902.5,11648.8,460.3,423.4,1204.8,276.2,1841.4,4744.1,8848.5,4038.7,303.6,3.8,4582.0,1997.1,67.7,849.1,3990.9,8944.7,594.8,815.0,4804.7,75.8,5845.6,66.7,3540.4,5855.0,554.0,1055.6,1970.9,820.6,50.1,824.4,791.8,796.0,8972.7,6123.6,7899.8,7329.9,40.1,75.1,85.0,4899.7,298.7,0.0,1216.5,8669.0,5692.8,5083.7,2058.3,12283.1,894.4,4180.2,4600.5,3973.9,3568.7,674.4,869.0,1025.1,4846.6,113.4,4740.1,4747.1,4746.5,4642.8,4642.8,1335.7,2708.6,891.8,4068.8,4085.8,64.5,8861.4,5489.0,4831.8,312.5
SOLAVÅGSEIDET 76,337.4,7031.5,2485.4,4344.8,1264.2,2406.9,1252.3,1669.3,1028.3,6970.7,1287.6,1764.3,1222.0,2880.2,1357.2,2100.4,1928.4,864.6,1033.6,8762.9,2172.6,1228.6,459.5,2366.5,1232.1,3659.7,4404.9,2877.3,3536.3,1250.3,340.1,2090.3,955.7,447.9,1861.4,3612.8,1219.1,2844.4,4489.6,118.4,7510.2,2294.8,1080.4,4436.5,5235.5,1256.5,9755.6,9787.6,3852.6,5246.3,2993.4,10557.8,7013.0,4069.1,4404.4,8302.8,5232.3,3596.9,10265.5,7546.6,2889.5,3581.3,1133.7,1673.4,4430.2,1896.6,1456.1,1054.9,436.8,10432.3,1031.3,988.0,456.6,1099.7,624.9,3995.9,7632.0,2822.2,1510.5,1218.6,3365.5,780.6,1274.6,540.8,3637.1,7728.2,928.8,459.7,3588.2,1251.7,4629.1,1183.6,2323.9,4638.5,775.6,2002.7,1575.8,463.2,1187.7,527.5,494.9,499.1,7756.2,5769.8,6683.3,6976.1,1247.0,1233.8,1164.8,4545.9,1505.6,1219.8,0.0,7452.5,4476.3,3867.2,841.8,11066.6,411.3,2963.7,3852.3,2757.4,2352.2,659.7,478.2,276.9,3630.1,1320.3,3991.9,3998.9,3998.3,3894.6,3894.6,119.2,1960.4,408.7,2852.3,2869.3,1240.4,7644.9,4272.5,3615.3,1117.1
Spar Fiskåbygd,7824.6,11311.0,9784.0,5575.6,8751.4,9894.1,8739.5,9156.5,8515.5,11264.8,8774.8,9251.5,8709.2,4837.8,8844.4,5426.7,9070.3,8083.4,8520.8,7901.6,9659.8,8715.8,7946.7,9434.9,8719.3,4933.1,4389.3,4844.2,4896.1,8737.5,7827.3,5423.5,8442.9,7935.1,9078.3,4846.1,8706.3,4839.3,5317.5,7586.4,80.2,5557.4,8567.6,5264.4,5899.5,8743.7,8894.3,8926.3,4625.1,5910.3,10480.6,3341.6,11292.5,3434.1,3078.9,7441.5,5896.3,11084.1,8496.7,1024.3,4849.4,4853.3,8620.9,9160.6,4388.2,9088.5,8943.3,8542.1,7924.0,3216.1,8518.5,8475.2,7943.8,8586.9,7843.7,9430.6,6770.7,4821.2,8997.7,8705.8,4193.4,7999.4,8761.8,8028.0,11124.3,4126.4,8416.0,7946.9,4861.7,8738.9,3419.6,8670.8,5272.3,5466.4,8262.8,9489.9,9063.0,7950.4,8674.9,8014.7,7982.1,7986.3,4141.6,12964.5,1759.9,11259.4,8734.2,8721.0,8652.0,11978.0,8992.8,8707.0,7487.2,0.0,5304.2,4639.7,8060.6,3850.4,7898.5,4689.0,9387.6,4897.3,6086.2,8146.9,7965.4,7764.1,4836.8,8807.5,9426.6,9433.6,9433.0,9329.3,9329.3,7587.2,9114.9,7895.9,4868.9,4790.6,8727.6,240.2,4306.8,4863.8,8604.3
Spar Fosnavåg,4846.2,10852.4,6994.2,3649.8,5773.0,6915.7,5761.1,6178.1,5537.1,10806.2,5796.4,6273.1,5730.8,1859.4,5866.0,2448.3,6437.2,5105.0,5542.4,7443.0,6681.4,5737.4,4968.3,6875.3,5740.9,3007.3,3021.6,1865.8,2970.3,5759.1,4848.9,2445.1,5464.5,4956.7,6370.2,2920.3,5727.9,1860.9,34.3,4608.0,5352.2,2579.0,5589.2,104.7,4449.4,5765.3,8435.7,8467.7,2708.2,4460.2,7502.2,8399.8,10833.9,1911.1,2246.4,6982.9,4446.2,8105.7,8945.6,5388.6,1871.0,2927.5,5642.5,6182.2,3046.9,6405.4,5964.9,5563.7,4945.6,8274.3,5540.1,5496.8,4965.4,5608.5,4865.3,8089.3,6312.1,1842.8,6019.3,5727.4,1195.8,5021.0,5783.4,5049.6,8145.9,6408.3,5437.6,4968.5,2935.9,5760.5,2471.1,5692.4,2293.9,194.3,5284.4,6511.5,6084.6,4972.0,5696.5,5036.3,5003.7,5007.9,6436.3,10278.6,5300.0,10800.8,5755.8,5742.6,5673.6,9054.7,6014.4,5728.6,4508.8,5294.5,0.0,2722.8,5082.2,8908.6,4920.1,1710.6,8046.3,1918.9,4160.4,5168.5,4987.0,4785.7,2911.0,5829.1,8085.3,8092.3,8091.7,7988.0,7988.0,4608.8,6469.2,4917.5,1890.5,1812.2,5749.2,5486.9,2889.2,2938.0,5625.9
Spar Hovdebygda,4191.7,8468.5,5231.4,1023.0,5118.5,6261.2,5106.6,4737.0,4882.6,8422.3,5141.9,5618.6,5076.3,1880.1,5211.5,2469.0,4517.7,4711.5,4887.9,5059.1,6026.9,5082.9,4313.8,4882.3,5086.4,380.5,637.7,1886.5,343.5,5104.6,4194.4,2465.8,4810.0,4302.2,4525.7,293.5,5073.4,1881.6,2744.6,3844.3,4685.8,2599.7,4934.7,2691.5,1822.6,5110.8,6051.8,6083.8,64.8,1833.4,6847.7,7230.1,8450.0,2324.1,2659.4,4599.0,1819.4,7451.2,6561.7,5501.7,1891.7,300.7,4988.0,5527.7,663.0,4535.9,5310.4,4909.2,4291.1,7104.6,4885.6,4842.3,4310.9,4954.0,4471.8,5705.4,3928.2,1863.5,5364.8,5072.9,1620.5,4627.5,5128.9,4395.1,7491.4,4024.4,4783.1,4314.0,309.1,5106.0,2884.1,5037.9,2314.6,2893.5,4629.9,5857.0,5430.1,4317.5,5042.0,4381.8,4349.2,4353.4,4052.4,9529.0,2916.1,8416.9,5101.3,5088.1,5019.1,8252.8,5359.9,5074.1,3854.3,4628.1,2731.3,0.0,4688.7,7738.9,4265.6,1731.3,5662.4,1939.6,1533.6,4514.0,4332.5,4131.2,284.2,5174.6,5701.4,5708.4,5707.8,5604.1,5604.1,3845.1,4562.3,4263.0,1911.2,1832.9,5094.7,4820.5,505.3,311.2,4971.4
Spar Langevåg,1188.1,7882.2,3336.1,5176.3,2114.9,3257.6,2103.0,2520.0,1879.0,7821.4,2138.3,2615.0,2072.7,3451.8,2207.9,2672.0,2779.1,85.0,1884.3,9594.4,3023.3,2079.3,1310.2,3217.2,2082.8,4491.2,5236.4,3448.9,4367.8,2101.0,1190.8,2661.9,1806.4,1298.6,2712.1,4444.3,2069.8,3416.0,5061.2,949.9,8081.8,2866.4,1931.1,5008.1,6067.0,2107.2,10587.1,10619.1,4684.1,6077.8,3844.1,11129.4,7863.7,4640.7,4976.0,9134.3,6063.8,4447.6,11097.0,8118.2,3461.1,4412.8,1984.4,2524.1,5261.7,2747.3,2306.8,1905.6,1287.5,11003.9,1882.0,1838.7,1307.3,1950.4,265.2,4846.6,8463.5,3393.8,2361.2,2069.3,3937.1,86.6,2125.3,1391.5,4487.8,8559.7,1779.5,1310.4,4419.7,2102.4,5200.7,2034.3,2895.5,5210.1,1626.3,2853.4,2426.5,1313.9,2038.4,1378.2,1345.6,1349.8,8587.7,6620.5,7514.8,7826.8,2097.7,2084.5,2015.5,5396.6,2356.3,2070.5,850.7,8024.1,5047.9,4698.7,0.0,11638.2,1262.0,3535.3,4703.0,3329.0,3183.7,1510.4,1328.9,1127.6,4461.6,2171.0,4842.6,4849.6,4849.0,4745.3,4745.3,950.7,2811.1,1259.4,3423.9,3440.9,2091.1,8216.5,5104.0,4446.8,1967.8
Spar Raudeberg,11190.5,10983.0,11231.5,7987.7,12117.3,13260.0,12105.4,11331.6,11881.4,10936.8,12140.7,12617.4,12075.1,8452.3,12210.3,9041.2,11112.3,11710.3,11886.7,7573.6,13025.7,12081.7,11312.6,10597.2,12085.2,7379.3,6835.5,8458.7,7342.3,12103.4,11193.2,9038.0,11808.8,11301.0,11120.3,7292.3,12072.2,8453.8,8932.0,10843.1,3920.9,9171.9,11933.5,8878.9,7977.6,12109.6,8566.3,8598.3,7071.3,7988.4,13846.5,1450.3,10964.5,7048.6,6693.4,7113.5,7974.4,14450.0,8168.7,4839.7,8463.9,7299.5,11986.8,12526.5,6834.4,11130.5,12309.2,11908.0,11289.9,688.7,11884.4,11841.1,11309.7,11952.8,11470.6,9314.7,6442.7,8435.7,12363.6,12071.7,7807.9,11626.3,12127.7,11393.9,14490.2,3798.4,11781.9,11312.8,7307.9,12104.8,7034.1,12036.7,8886.8,9080.9,11628.7,12855.8,12428.9,11316.3,12040.8,11380.6,11348.0,11352.2,3813.6,12636.5,5374.4,10931.4,12100.1,12086.9,12017.9,11862.1,12358.7,12072.9,10853.1,3863.2,8918.7,7085.9,11687.5,0.0,11264.4,8303.5,9271.7,8511.8,8532.4,11512.8,11331.3,11130.0,7283.0,12173.4,9310.7,9317.7,9317.1,9213.4,9213.4,10843.9,11156.9,11261.8,8483.4,8405.1,12093.5,4055.6,6753.0,7310.0,11970.2
Spjelkavikvegen 61,490.3,6667.2,2428.9,4756.6,936.7,2042.6,924.8,1612.8,700.8,6606.4,923.3,1436.8,894.5,3292.0,1029.7,2512.2,1871.9,1276.4,706.1,9174.7,1808.3,901.1,48.2,2310.0,904.6,4071.5,4816.7,3289.1,3948.1,922.8,283.6,2502.1,628.2,120.4,1804.9,4024.6,891.6,3256.2,4901.4,530.2,7922.0,2706.6,752.9,4848.3,5647.3,929.0,10167.4,10199.4,4264.4,5658.1,2629.1,10969.6,6648.7,4480.9,4816.2,8714.6,5644.1,3232.6,10677.3,7958.4,3301.3,3993.1,806.2,1309.1,4842.0,1840.1,1128.6,727.4,25.5,10844.1,703.8,660.5,400.1,772.2,1036.7,3939.4,8043.8,3234.0,1183.0,891.1,3777.3,1192.4,947.1,159.2,3272.8,8140.0,601.3,115.4,4000.0,924.2,5040.9,856.1,2735.7,5050.3,448.1,1675.2,1252.8,135.7,860.2,200.0,167.4,171.6,8168.0,5405.5,7095.1,6611.8,919.5,906.3,837.3,4181.6,1178.1,892.3,411.8,7864.3,4888.1,4279.0,1253.6,11478.4,0.0,3375.5,3795.8,3169.2,2764.0,332.2,70.7,220.4,4041.9,992.8,3935.4,3942.4,3941.8,3838.1,3838.1,531.0,1903.9,2.6,3264.1,3281.1,912.9,8056.7,4684.3,4027.1,789.6
Spar Straumane,3336.2,9855.5,5484.2,2652.9,4263.0,5405.7,4251.1,4668.1,4027.1,9809.3,4286.4,4763.1,4220.8,349.4,4356.0,938.3,4927.2,3595.0,4032.4,6446.1,5171.4,4227.4,3458.3,5365.3,4230.9,2010.4,2024.7,355.8,1973.4,4249.1,3338.9,935.1,3954.5,3446.7,4860.2,1923.4,4217.9,350.9,1719.1,3098.0,4739.7,1069.0,4079.2,1666.0,3452.5,4255.3,7438.8,7470.8,1711.3,3463.3,5992.2,7787.3,9837.0,1298.6,1633.9,5986.0,3449.3,6595.7,7948.7,4776.1,361.0,1930.6,4132.5,4672.2,2050.0,4895.4,4454.9,4053.7,3435.6,7661.8,4030.1,3986.8,3455.4,4098.5,3355.3,6994.7,5315.2,332.8,4509.3,4217.4,595.0,3511.0,4273.4,3539.6,6635.9,5411.4,3927.6,3458.5,1939.0,4250.5,1858.6,4182.4,783.9,1868.0,3774.4,5001.5,4574.6,3462.0,4186.5,3526.3,3493.7,3497.9,5439.4,8768.6,4303.1,9803.9,4245.8,4232.6,4163.6,7544.7,4504.4,4218.6,2998.8,4682.0,1705.8,1725.9,3572.2,8296.1,3410.1,0.0,6851.1,408.9,3163.5,3658.5,3477.0,3275.7,1914.1,4319.1,6990.7,6997.7,6997.1,6893.4,6893.4,3098.8,4959.2,3407.5,380.5,302.2,4239.2,4874.4,1892.3,1941.1,4115.9
Spar Svingen,3950.5,5355.4,2129.4,5896.0,4646.8,5292.5,4634.9,2229.5,4410.9,5294.6,4173.2,5146.9,4604.6,6752.2,4739.8,5972.4,2010.2,4736.6,4416.2,5884.1,4660.3,4611.2,3842.1,1495.1,4614.7,5893.2,5099.9,6749.3,5829.2,4632.9,3629.0,5962.3,4338.3,3830.5,2018.2,5784.2,4601.7,6716.4,8063.3,3990.4,9433.4,6166.8,4463.0,8010.2,4448.4,4639.1,6876.8,6908.8,5634.8,4432.2,5879.0,8760.6,5336.9,7642.8,7978.1,5424.0,4428.5,6482.5,7386.7,10249.3,6761.5,5813.4,4516.3,4301.5,5098.8,2028.4,4838.7,4437.5,3819.4,8635.1,4413.9,4370.6,3474.9,4482.3,4496.9,270.1,4753.2,6694.2,4893.1,4601.2,6939.2,4652.6,4657.2,3923.4,5980.1,5554.9,4311.4,3842.3,5770.2,4634.3,8202.8,4566.2,6195.9,8212.2,4158.2,5385.3,3969.4,3845.8,4570.3,3910.1,3877.5,3881.7,5526.2,4093.7,7663.7,5300.0,4629.6,4616.4,4547.4,2817.5,4888.2,4602.4,3872.0,9375.7,8050.0,5649.4,4713.8,9269.4,3793.9,6835.7,0.0,6629.4,4849.4,4042.3,3860.8,3629.8,5782.7,4702.9,266.1,273.1,272.5,150.3,150.3,3991.2,2054.8,3791.3,6724.3,6741.3,4623.0,9568.1,5198.6,5804.9,4499.7
Spar Ulsteinvik,3133.3,9827.4,5281.3,2876.3,4060.1,5202.8,4048.2,4465.2,3824.2,9766.6,4083.5,4560.2,4017.9,208.1,4153.1,735.4,4724.3,3392.1,3829.5,6669.5,4968.5,4024.5,3255.4,5162.4,4028.0,2233.8,2248.1,205.2,2196.8,4046.2,3136.0,732.2,3751.6,3243.8,4657.3,2146.8,4015.0,172.3,1942.5,2895.1,4963.1,866.1,3876.3,1889.4,3675.9,4052.4,7662.2,7694.2,1934.7,3686.7,5789.3,8010.7,9808.9,1522.0,1857.3,6209.4,3672.7,6392.8,8172.1,4999.5,217.4,2154.0,3929.6,4469.3,2273.4,4692.5,4252.0,3850.8,3232.7,7885.2,3827.2,3783.9,3252.5,3895.6,3152.4,6791.8,5538.6,239.1,4306.4,4014.5,818.4,3308.1,4070.5,3336.7,6433.0,5634.8,3724.7,3255.6,2162.4,4047.6,2082.0,3979.5,581.0,2091.4,3571.5,4798.6,4371.7,3259.1,3983.6,3323.4,3290.8,3295.0,5662.8,8565.7,4526.5,9772.0,4042.9,4029.7,3960.7,7341.8,4301.5,4015.7,2795.9,4905.4,1929.2,1949.3,3369.3,8519.5,3207.2,416.6,6648.2,0.0,3386.9,3455.6,3274.1,3072.8,2137.5,4116.2,6787.8,6794.8,6794.2,6690.5,6690.5,2895.9,4756.3,3204.6,180.2,325.4,4036.3,5097.8,2115.7,2164.5,3913.0
Spar Vartdal,2679.5,9373.6,3719.2,2011.8,3606.3,4749.0,3594.4,3224.8,3370.4,9312.8,3629.7,4106.4,3564.1,3301.8,3699.3,3890.7,3005.5,3199.3,3375.7,6429.9,4514.7,3570.7,2801.6,3370.1,3574.2,1326.7,2071.9,3308.2,1203.3,3592.4,2682.2,3887.5,3297.8,2790.0,3013.5,1279.8,3561.2,3303.3,4166.3,2332.1,6120.0,4021.4,3422.5,4113.2,2902.5,3598.6,7422.6,7454.6,1519.6,2913.3,5335.5,8600.9,9355.1,3745.8,4081.1,5969.8,2899.3,5939.0,7932.5,6935.9,3313.4,1248.3,3475.8,4015.5,2097.2,3023.7,3798.2,3397.0,2778.9,8475.4,3373.4,3330.1,2798.7,3441.8,2959.6,4999.5,5299.0,3285.2,3852.6,3560.7,3042.2,3115.3,3616.7,2882.9,5979.2,5395.2,3270.9,2801.8,1255.2,3593.8,4305.8,3525.7,3736.3,4315.2,3117.7,4344.8,3917.9,2805.3,3529.8,2869.6,2837.0,2841.2,5423.2,8111.9,4350.3,9318.2,3589.1,3575.9,3506.9,6888.0,3847.7,3561.9,2342.1,6062.3,4153.0,1534.2,3176.5,9109.7,2753.4,3153.0,4855.9,3361.3,0.0,3001.8,2820.3,2619.0,1297.1,3662.4,4995.5,5002.5,5001.9,4898.2,4898.2,2332.9,3050.1,2750.8,3332.9,3254.6,3582.5,6254.7,1939.5,1282.3,3459.2
Øvre Geilegrend 1,731.6,6878.2,2670.2,4997.9,754.4,2253.6,742.5,1854.1,518.5,6817.4,1134.3,1254.5,712.2,3533.3,847.4,2753.5,2113.2,1517.7,523.8,9416.0,2019.3,718.8,379.2,2551.3,722.3,4312.8,5058.0,3530.4,4189.4,740.5,524.9,2743.4,445.9,267.5,2046.2,4265.9,709.3,3497.5,5142.7,771.5,8163.3,2947.9,570.6,5089.6,5888.6,746.7,10408.7,10440.7,4505.7,5899.4,2840.1,11210.9,6859.7,4722.2,5057.5,8955.9,5885.4,3443.6,10918.6,8199.7,3542.6,4234.4,623.9,1520.1,5083.3,2081.4,946.3,545.1,324.4,11085.4,521.5,429.9,641.4,589.9,1278.0,4180.7,8285.1,3475.3,1000.7,708.8,4018.6,1433.7,764.8,375.3,3483.8,8381.3,370.7,288.8,4241.3,741.9,5282.2,673.8,2977.0,5291.6,217.5,1492.9,1463.8,246.5,677.9,374.2,341.6,345.8,8409.3,5616.5,7336.4,6822.8,737.2,724.0,655.0,4392.6,995.8,710.0,653.1,8105.6,5129.4,4520.3,1494.9,11719.7,331.0,3616.8,4037.1,3410.5,3005.3,0.0,290.9,461.7,4283.2,810.5,4176.7,4183.7,4183.1,4079.4,4079.4,772.3,2145.2,328.4,3505.4,3522.4,730.6,8298.0,4925.6,4268.4,607.3
Esso Spjelkavik,555.9,6618.7,2494.5,4822.2,915.9,1994.1,904.0,1678.4,680.0,6557.9,874.8,1416.0,873.7,3357.6,1008.9,2577.8,1937.5,1342.0,685.3,9240.3,1759.8,880.3,110.8,2375.6,883.8,4137.1,4882.3,3354.7,4013.7,902.0,349.2,2567.7,607.4,99.9,1870.5,4090.2,870.8,3321.8,4967.0,595.8,7987.6,2772.2,732.1,4913.9,5712.9,908.2,10233.0,10265.0,4330.0,5723.7,2580.6,11035.2,6600.2,4546.5,4881.8,8780.2,5709.7,3184.1,10742.9,8024.0,3366.9,4058.7,785.4,1260.6,4907.6,1905.7,1107.8,706.6,72.1,10909.7,683.0,620.7,465.7,751.4,1102.3,4005.0,8109.4,3299.6,1162.2,870.3,3842.9,1258.0,926.3,110.7,3224.3,8205.6,561.5,77.4,4065.6,903.4,5106.5,835.3,2801.3,5115.9,408.3,1654.4,1204.3,163.9,839.4,179.2,146.6,150.8,8233.6,5357.0,7160.7,6563.3,898.7,885.5,816.5,4133.1,1157.3,871.5,477.4,7929.9,4953.7,4344.6,1319.2,11544.0,73.4,3441.1,3861.4,3234.8,2829.6,293.9,0.0,286.0,4107.5,972.0,4001.0,4008.0,4007.4,3903.7,3903.7,596.6,1969.5,76.0,3329.7,3346.7,892.1,8122.3,4749.9,4092.7,768.8
St1 Vegsund,354.6,6818.2,2249.2,4620.9,1050.9,2193.6,1039.0,1433.1,815.0,6757.4,1074.3,1551.0,1008.7,3156.3,1143.9,2376.5,1692.2,1140.7,820.3,9039.0,1959.3,1015.3,246.2,2130.3,1018.8,3935.8,4681.0,3153.4,3812.4,1037.0,97.7,2366.4,742.4,234.6,1625.2,3888.9,1005.8,3120.5,4765.7,394.5,7786.3,2570.9,867.1,4712.6,5511.6,1043.2,10031.7,10063.7,4128.7,5522.4,2780.1,10833.9,6799.7,4345.2,4680.5,8578.9,5508.4,3383.6,10541.6,7822.7,3165.6,3857.4,920.4,1460.1,4706.3,1660.4,1242.8,841.6,223.5,10708.4,818.0,774.7,220.4,886.4,901.0,3759.7,7908.1,3098.3,1297.2,1005.3,3641.6,1056.7,1061.3,327.5,3423.8,8004.3,715.5,246.4,3864.3,1038.4,4905.2,970.3,2600.0,4914.6,562.3,1789.4,1339.6,249.9,974.4,314.2,281.6,285.8,8032.3,5556.5,6959.4,6762.8,1033.7,1020.5,951.5,4332.6,1292.3,1006.5,276.1,7728.6,4752.4,4143.3,1117.9,11342.7,198.0,3239.8,3616.1,3033.5,2628.3,446.4,264.9,0.0,3906.2,1107.0,3755.7,3762.7,3762.1,3658.4,3658.4,395.3,1724.2,195.4,3128.4,3145.4,1027.1,7921.0,4548.6,3891.4,903.8
St1 Ørsta,3950.4,8595.5,4990.1,768.0,4877.2,6019.9,4865.3,4495.7,4641.3,8549.3,4900.6,5377.3,4835.0,2054.1,4970.2,2643.0,4276.4,4470.2,4646.6,5186.1,5785.6,4841.6,4072.5,4641.0,4845.1,139.2,824.2,2060.5,102.2,4863.3,3953.1,2639.8,4568.7,4060.9,4284.4,32.6,4832.1,2055.6,2918.6,3603.0,4872.3,2773.7,4693.4,2865.5,1658.7,4869.5,6178.8,6210.8,271.9,1669.5,6606.4,7357.1,8577.0,2498.1,2833.4,4726.0,1655.5,7209.9,6688.7,5688.2,2065.7,59.4,4746.7,5286.4,849.5,4294.6,5069.1,4667.9,4049.8,7231.6,4644.3,4601.0,4069.6,4712.7,4230.5,5832.4,4055.2,2037.5,5123.5,4831.6,1794.5,4386.2,4887.6,4153.8,7250.1,4151.4,4541.8,4072.7,67.8,4864.7,3058.1,4796.6,2488.6,3067.5,4388.6,5615.7,5188.8,4076.2,4800.7,4140.5,4107.9,4112.1,4179.4,9382.8,3102.6,8543.9,4860.0,4846.8,4777.8,8158.9,5118.6,4832.8,3613.0,4814.6,2905.3,286.5,4447.4,7865.9,4024.3,1905.3,5789.4,2113.6,1292.3,4272.7,4091.2,3889.9,0.0,4933.3,5828.4,5835.4,5834.8,5731.1,5731.1,3603.8,4321.0,4021.7,2085.2,2006.9,4853.4,5007.0,691.8,27.0,4730.1
"Ålesund, 6009 Ålesund",1397.7,7488.0,3336.3,5664.0,150.9,2829.6,116.0,2520.2,326.4,7427.2,1744.1,919.9,121.3,4199.4,86.8,3419.6,2779.3,2183.8,348.9,10082.1,2629.1,172.3,1043.9,3217.4,109.0,4978.9,5724.1,4196.5,4855.5,108.5,1191.0,3409.5,487.4,956.8,2712.3,4932.0,173.1,4163.6,5808.8,1437.6,8829.4,3614.0,359.6,5755.7,6554.7,200.2,11074.8,11106.8,5171.8,6565.5,3416.1,11877.0,7469.5,5388.3,5723.6,9622.0,6551.5,4019.6,11584.7,8865.8,4208.7,4900.5,204.8,2129.9,5749.4,2747.5,185.7,370.2,1005.2,11751.5,563.0,526.1,1307.5,378.9,1944.1,4846.8,8951.2,4141.4,240.1,123.4,4684.7,2099.8,51.3,951.8,4093.6,9047.4,697.5,917.7,4907.4,195.4,5948.3,169.4,3643.1,5957.7,656.7,1158.3,2073.6,923.3,152.8,927.1,894.5,898.7,9075.4,6226.3,8002.5,7432.6,78.9,194.7,190.8,5002.4,235.2,119.6,1319.2,8771.7,5795.5,5186.4,2161.0,12385.8,997.1,4282.9,4703.2,4076.6,3671.4,777.1,971.7,1127.8,4949.3,0.0,4842.8,4849.8,4849.2,4745.5,4745.5,1438.4,2811.3,994.5,4171.5,4188.5,184.1,8964.1,5591.7,4934.5,415.2
Storfjord kulturhus,4093.4,5132.5,2272.3,5944.8,4789.7,5435.4,4777.8,2372.4,4553.8,5071.7,4316.1,5289.8,4747.5,6895.1,4882.7,6115.3,2153.1,4879.5,4559.1,5932.9,4513.0,4754.1,3985.0,1638.0,4757.6,5942.0,5148.7,6892.2,5878.0,4775.8,3771.9,6105.2,4481.2,3973.4,2161.1,5833.0,4744.6,6859.3,8112.1,4133.3,9482.2,6309.7,4605.9,8059.0,4497.2,4782.0,6925.6,6957.6,5683.6,4481.0,6021.9,8809.4,5114.0,7691.6,8026.9,5472.8,4477.3,6527.9,7435.5,10298.1,6904.4,5862.2,4659.2,4444.4,5147.6,2171.3,4981.6,4580.4,3962.3,8683.9,4556.8,4513.5,3617.8,4625.2,4639.8,19.7,4802.0,6837.1,5036.0,4744.1,6988.0,4795.5,4800.1,4066.3,5757.2,5603.7,4454.3,3985.2,5819.0,4777.2,8251.6,4709.1,6338.8,8261.0,4301.1,5528.2,4112.3,3988.7,4713.2,4053.0,4020.4,4024.6,5575.0,3870.8,7712.5,5077.1,4772.5,4759.3,4690.3,2594.6,5031.1,4745.3,4014.9,9424.5,8098.8,5698.2,4856.7,9318.2,3936.8,6978.6,275.6,6772.3,4992.3,4185.2,4003.7,3772.7,5831.5,4845.8,0.0,50.2,49.6,185.5,185.5,4134.1,2197.7,3934.2,6867.2,6884.2,4765.9,9616.9,5247.4,5853.7,4642.6
Stranda Bakeri og Konditori,4088.2,5106.7,2267.1,5939.6,4784.5,5430.2,4772.6,2367.2,4548.6,5045.9,4310.9,5284.6,4742.3,6889.9,4877.5,6110.1,2147.9,4874.3,4553.9,5927.7,4487.2,4748.9,3979.8,1632.8,4752.4,5936.8,5143.5,6887.0,5872.8,4770.6,3766.7,6100.0,4476.0,3968.2,2155.9,5827.8,4739.4,6854.1,8106.9,4128.1,9477.0,6304.5,4600.7,8053.8,4492.0,4776.8,6920.4,6952.4,5678.4,4475.8,6016.7,8804.2,5088.2,7686.4,8021.7,5467.6,4472.1,6502.1,7430.3,10292.9,6899.2,5857.0,4654.0,4439.2,5142.4,2166.1,4976.4,4575.2,3957.1,8678.7,4551.6,4508.3,3612.6,4620.0,4634.6,53.5,4796.8,6831.9,5030.8,4738.9,6982.8,4790.3,4794.9,4061.1,5731.4,5598.5,4449.1,3980.0,5813.8,4772.0,8246.4,4703.9,6333.6,8255.8,4295.9,5523.0,4107.1,3983.5,4708.0,4047.8,4015.2,4019.4,5569.8,3845.0,7707.3,5051.3,4767.3,4754.1,4685.1,2568.8,5025.9,4740.1,4009.7,9419.3,8093.6,5693.0,4851.5,9313.0,3931.6,6973.4,270.4,6767.1,4987.1,4180.0,3998.5,3767.5,5826.3,4840.6,47.4,0.0,0.6,180.3,180.3,4128.9,2192.5,3929.0,6862.0,6879.0,4760.7,9611.7,5242.2,5848.5,4637.4
"Stranda, 6200 Stranda",4087.6,5106.1,2266.5,5939.0,4783.9,5429.6,4772.0,2366.6,4548.0,5045.3,4310.3,5284.0,4741.7,6889.3,4876.9,6109.5,2147.3,4873.7,4553.3,5927.1,4486.6,4748.3,3979.2,1632.2,4751.8,5936.2,5142.9,6886.4,5872.2,4770.0,3766.1,6099.4,4475.4,3967.6,2155.3,5827.2,4738.8,6853.5,8106.3,4127.5,9476.4,6303.9,4600.1,8053.2,4491.4,4776.2,6919.8,6951.8,5677.8,4475.2,6016.1,8803.6,5087.6,7685.8,8021.1,5467.0,4471.5,6501.5,7429.7,10292.3,6898.6,5856.4,4653.4,4438.6,5141.8,2165.5,4975.8,4574.6,3956.5,8678.1,4551.0,4507.7,3612.0,4619.4,4634.0,52.9,4796.2,6831.3,5030.2,4738.3,6982.2,4789.7,4794.3,4060.5,5730.8,5597.9,4448.5,3979.4,5813.2,4771.4,8245.8,4703.3,6333.0,8255.2,4295.3,5522.4,4106.5,3982.9,4707.4,4047.2,4014.6,4018.8,5569.2,3844.4,7706.7,5050.7,4766.7,4753.5,4684.5,2568.2,5025.3,4739.5,4009.1,9418.7,8093.0,5692.4,4850.9,9312.4,3931.0,6972.8,269.8,6766.5,4986.5,4179.4,3997.9,3766.9,5825.7,4840.0,46.8,0.6,0.0,179.7,179.7,4128.3,2191.9,3928.4,6861.4,6878.4,4760.1,9611.1,5241.6,5847.9,4636.8
"Stranda, 6200 Stranda",3988.3,5273.5,2167.2,5839.7,4684.6,5330.3,4672.7,2267.3,4448.7,5212.7,4211.0,5184.7,4642.4,6790.0,4777.6,6010.2,2048.0,4774.4,4454.0,5827.8,4654.0,4649.0,3879.9,1532.9,4652.5,5836.9,5043.6,6787.1,5772.9,4670.7,3666.8,6000.1,4376.1,3868.3,2056.0,5727.9,4639.5,6754.2,8007.0,4028.2,9377.1,6204.6,4500.8,7953.9,4392.1,4676.9,6820.5,6852.5,5578.5,4375.9,5916.8,8704.3,5255.0,7586.5,7921.8,5367.7,4372.2,6520.3,7330.4,10193.0,6799.3,5757.1,4554.1,4339.3,5042.5,2066.2,4876.5,4475.3,3857.2,8578.8,4451.7,4408.4,3512.7,4520.1,4534.7,188.2,4696.9,6732.0,4930.9,4639.0,6882.9,4690.4,4695.0,3961.2,5898.2,5498.6,4349.2,3880.1,5713.9,4672.1,8146.5,4604.0,6233.7,8155.9,4196.0,5423.1,4007.2,3883.6,4608.1,3947.9,3915.3,3919.5,5469.9,4011.8,7607.4,5218.1,4667.4,4654.2,4585.2,2735.6,4926.0,4640.2,3909.8,9319.4,7993.7,5593.1,4751.6,9213.1,3831.7,6873.5,153.4,6667.2,4887.2,4080.1,3898.6,3667.6,5726.4,4740.7,184.2,191.2,190.6,0.0,0.0,4029.0,2092.6,3829.1,6762.1,6779.1,4660.8,9511.8,5142.3,5748.6,4537.5
Stranda omsorgssenter,3988.3,5273.5,2167.2,5839.7,4684.6,5330.3,4672.7,2267.3,4448.7,5212.7,4211.0,5184.7,4642.4,6790.0,4777.6,6010.2,2048.0,4774.4,4454.0,5827.8,4654.0,4649.0,3879.9,1532.9,4652.5,5836.9,5043.6,6787.1,5772.9,4670.7,3666.8,6000.1,4376.1,3868.3,2056.0,5727.9,4639.5,6754.2,8007.0,4028.2,9377.1,6204.6,4500.8,7953.9,4392.1,4676.9,6820.5,6852.5,5578.5,4375.9,5916.8,8704.3,5255.0,7586.5,7921.8,5367.7,4372.2,6520.3,7330.4,10193.0,6799.3,5757.1,4554.1,4339.3,5042.5,2066.2,4876.5,4475.3,3857.2,8578.8,4451.7,4408.4,3512.7,4520.1,4534.7,188.2,4696.9,6732.0,4930.9,4639.0,6882.9,4690.4,4695.0,3961.2,5898.2,5498.6,4349.2,3880.1,5713.9,4672.1,8146.5,4604.0,6233.7,8155.9,4196.0,5423.1,4007.2,3883.6,4608.1,3947.9,3915.3,3919.5,5469.9,4011.8,7607.4,5218.1,4667.4,4654.2,4585.2,2735.6,4926.0,4640.2,3909.8,9319.4,7993.7,5593.1,4751.6,9213.1,3831.7,6873.5,153.4,6667.2,4887.2,4080.1,3898.6,3667.6,5726.4,4740.7,184.2,191.2,190.6,0.0,0.0,4029.0,2092.6,3829.1,6762.1,6779.1,4660.8,9511.8,5142.3,5748.6,4537.5
"Sundgata 26, 6030 Sunde",453.8,7147.9,2601.8,4326.2,1380.6,2523.3,1368.7,1785.7,1144.7,7087.1,1404.0,1880.7,1338.4,2989.2,1473.6,2209.4,2044.8,973.6,1150.0,8744.3,2289.0,1345.0,575.9,2482.9,1348.5,3641.1,4386.3,2986.3,3517.7,1366.7,456.5,2199.3,1072.1,564.3,1977.8,3594.2,1335.5,2953.4,4598.6,0.8,7619.2,2403.8,1196.8,4545.5,5216.9,1372.9,9737.0,9769.0,3834.0,5227.7,3109.8,10666.8,7129.4,4178.1,4513.4,8284.2,5213.7,3713.3,10246.9,7655.6,2998.5,3562.7,1250.1,1789.8,4411.6,2013.0,1572.5,1171.3,553.2,10541.3,1147.7,1104.4,573.0,1216.1,733.9,4112.3,7613.4,2931.2,1626.9,1335.0,3474.5,889.6,1391.0,657.2,3753.5,7709.6,1045.2,576.1,3569.6,1368.1,4738.1,1300.0,2432.9,4747.5,892.0,2119.1,1692.2,579.6,1304.1,643.9,611.3,615.5,7737.6,5886.2,6664.7,7092.5,1363.4,1350.2,1281.2,4662.3,1622.0,1336.2,116.4,7561.5,4585.3,3848.6,950.8,11175.6,527.7,3072.7,3968.7,2866.4,2333.6,776.1,594.6,393.3,3611.5,1436.7,4108.3,4115.3,4114.7,4011.0,4011.0,0.0,2076.8,525.1,2961.3,2978.3,1356.8,7753.9,4253.9,3596.7,1233.5
"Sykkylven, 6230 Sykkylven",2056.7,7288.1,819.1,5039.2,2753.0,3398.7,2741.1,335.7,2517.1,7227.3,2279.4,3253.1,2710.8,4858.4,2846.0,4078.6,96.6,2842.8,2522.4,7767.0,2766.5,2717.4,1948.3,573.4,2720.9,4354.1,5099.3,4855.5,4230.7,2739.1,1735.2,4068.5,2444.5,1936.7,93.8,4307.2,2707.9,4822.6,6467.8,2096.6,9147.4,4273.0,2569.2,6414.7,5929.9,2745.3,8759.7,8791.7,4547.0,5940.7,3985.2,10643.5,7269.6,6047.3,6382.6,7306.9,5926.7,4588.7,9269.6,9524.8,4867.7,4275.7,2622.5,2407.7,5124.6,96.8,2944.9,2543.7,1925.6,10518.0,2520.1,2476.8,1581.1,2588.5,2603.1,2202.8,6636.1,4800.4,2999.3,2707.4,5343.7,2758.8,2763.4,2029.6,4231.0,7437.8,2417.6,1948.5,4282.6,2740.5,6607.3,2672.4,4302.1,6616.7,2264.4,3491.5,2075.6,1952.0,2676.5,2016.3,1983.7,1987.9,7409.1,6026.4,7377.7,7232.7,2735.8,2722.6,2653.6,4750.2,2994.4,2708.6,1978.2,9089.7,6454.5,4561.6,2820.0,11152.3,1900.1,4941.9,2059.2,4735.6,3046.6,2148.5,1967.0,1736.0,4324.5,2809.1,2198.8,2205.8,2205.2,2101.5,2101.5,2097.4,0.0,1897.5,4830.5,4847.5,2729.2,9282.1,4966.9,4309.7,2605.9
Thon Hotel Baronen,487.7,6669.8,2426.3,4754.0,934.1,2045.2,922.2,1610.2,698.2,6609.0,925.9,1434.2,891.9,3289.4,1027.1,2509.6,1869.3,1273.8,703.5,9172.1,1810.9,898.5,50.8,2307.4,902.0,4068.9,4814.1,3286.5,3945.5,920.2,281.0,2499.5,625.6,117.8,1802.3,4022.0,889.0,3253.6,4898.8,527.6,7919.4,2704.0,750.3,4845.7,5644.7,926.4,10164.8,10196.8,4261.8,5655.5,2631.7,10967.0,6651.3,4478.3,4813.6,8712.0,5641.5,3235.2,10674.7,7955.8,3298.7,3990.5,803.6,1311.7,4839.4,1837.5,1126.0,724.8,28.1,10841.5,701.2,657.9,397.5,769.6,1034.1,3936.8,8041.2,3231.4,1180.4,888.5,3774.7,1189.8,944.5,161.8,3275.4,8137.4,598.7,118.0,3997.4,921.6,5038.3,853.5,2733.1,5047.7,445.5,1672.6,1255.4,133.1,857.6,197.4,164.8,169.0,8165.4,5408.1,7092.5,6614.4,916.9,903.7,834.7,4184.2,1175.5,889.7,409.2,7861.7,4885.5,4276.4,1251.0,11475.8,2.6,3372.9,3793.2,3166.6,2761.4,329.6,73.3,217.8,4039.3,990.2,3932.8,3939.8,3939.2,3835.5,3835.5,528.4,1901.3,0.0,3261.5,3278.5,910.3,8054.1,4681.7,4024.5,787.0
Ulstein Arena,3236.7,9930.8,5384.7,2836.5,4163.5,5306.2,4151.6,4568.6,3927.6,9870.0,4186.9,4663.6,4121.3,62.9,4256.5,838.8,4827.7,3495.5,3932.9,6629.7,5071.9,4127.9,3358.8,5265.8,4131.4,2194.0,2208.3,39.4,2157.0,4149.6,3239.4,835.6,3855.0,3347.2,4760.7,2107.0,4118.4,27.1,1902.7,2998.5,4923.3,969.5,3979.7,1849.6,3636.1,4155.8,7622.4,7654.4,1894.9,3646.9,5892.7,7970.9,9912.3,1482.2,1817.5,6169.6,3632.9,6496.2,8132.3,4959.7,59.5,2114.2,4033.0,4572.7,2233.6,4795.9,4355.4,3954.2,3336.1,7845.4,3930.6,3887.3,3355.9,3999.0,3255.8,6895.2,5498.8,113.2,4409.8,4117.9,778.6,3411.5,4173.9,3440.1,6536.4,5595.0,3828.1,3359.0,2122.6,4151.0,2042.2,4082.9,684.4,2051.6,3674.9,4902.0,4475.1,3362.5,4087.0,3426.8,3394.2,3398.4,5623.0,8669.1,4486.7,9875.4,4146.3,4133.1,4064.1,7445.2,4404.9,4119.1,2899.3,4865.6,1889.4,1909.5,3472.7,8479.7,3310.6,376.8,6751.6,182.4,3347.1,3559.0,3377.5,3176.2,2097.7,4219.6,6891.2,6898.2,6897.6,6793.9,6793.9,2999.3,4859.7,3308.0,0.0,195.3,4139.7,5058.0,2075.9,2124.7,4016.4
Ulstein sjukeheim,3243.3,9937.4,5391.3,2759.2,4170.1,5312.8,4158.2,4575.2,3934.2,9876.6,4193.5,4670.2,4127.9,159.2,4263.1,845.4,4834.3,3502.1,3939.5,6552.4,5078.5,4134.5,3365.4,5272.4,4138.0,2116.7,2131.0,165.6,2079.7,4156.2,3246.0,842.2,3861.6,3353.8,4767.3,2029.7,4125.0,160.7,1825.4,3005.1,4846.0,976.1,3986.3,1772.3,3558.8,4162.4,7545.1,7577.1,1817.6,3569.6,5899.3,7893.6,9918.9,1404.9,1740.2,6092.3,3555.6,6502.8,8055.0,4882.4,170.8,2036.9,4039.6,4579.3,2156.3,4802.5,4362.0,3960.8,3342.7,7768.1,3937.2,3893.9,3362.5,4005.6,3262.4,6901.8,5421.5,142.6,4416.4,4124.5,701.3,3418.1,4180.5,3446.7,6543.0,5517.7,3834.7,3365.6,2045.3,4157.6,1964.9,4089.5,691.0,1974.3,3681.5,4908.6,4481.7,3369.1,4093.6,3433.4,3400.8,3405.0,5545.7,8675.7,4409.4,9882.0,4152.9,4139.7,4070.7,7451.8,4411.5,4125.7,2905.9,4788.3,1812.1,1832.2,3479.3,8402.4,3317.2,299.5,6758.2,313.2,3269.8,3565.6,3384.1,3182.8,2020.4,4226.2,6897.8,6904.8,6904.2,6800.5,6800.5,3005.9,4866.3,3314.6,190.3,0.0,4146.3,4980.7,1998.6,2047.4,4023.0
"Rådhuset, 6002 Ålesund",1299.4,7389.7,3238.0,5565.7,96.0,2731.3,84.1,2421.9,228.1,7328.9,1645.8,821.6,53.8,4101.1,189.0,3321.3,2681.0,2085.5,250.6,9983.8,2530.8,63.0,945.6,3119.1,63.9,4880.6,5625.8,4098.2,4757.2,82.1,1092.7,3311.2,389.1,858.5,2614.0,4833.7,63.8,4065.3,5710.5,1339.3,8731.1,3515.7,261.3,5657.4,6456.4,90.9,10976.5,11008.5,5073.5,6467.2,3317.8,11778.7,7371.2,5290.0,5625.3,9523.7,6453.2,3921.3,11486.4,8767.5,4110.4,4802.2,106.5,2031.6,5651.1,2649.2,287.9,271.9,906.9,11653.2,464.7,427.8,1209.2,280.6,1845.8,4748.5,8852.9,4043.1,342.3,34.9,4586.4,2001.5,106.4,853.5,3995.3,8949.1,599.2,819.4,4809.1,86.1,5850.0,71.1,3544.8,5859.4,558.4,1060.0,1975.3,825.0,57.2,828.8,796.2,800.4,8977.1,6128.0,7904.2,7334.3,78.8,85.4,92.5,4904.1,337.4,38.7,1220.9,8673.4,5697.2,5088.1,2062.7,12287.5,898.8,4184.6,4604.9,3978.3,3573.1,678.8,873.4,1029.5,4851.0,152.1,4744.5,4751.5,4750.9,4647.2,4647.2,1340.1,2713.0,896.2,4073.2,4090.2,0.0,8865.8,5493.4,4836.2,316.9
"Fiskå, 6139 Fiskå",8012.9,11499.3,9972.3,5763.9,8939.7,10082.4,8927.8,9344.8,8703.8,11453.1,8963.1,9439.8,8897.5,5026.1,9032.7,5615.0,9258.6,8271.7,8709.1,8089.9,9848.1,8904.1,8135.0,9623.2,8907.6,5121.4,4577.6,5032.5,5084.4,8925.8,8015.6,5611.8,8631.2,8123.4,9266.6,5034.4,8894.6,5027.6,5505.8,7774.7,286.0,5745.7,8755.9,5452.7,6087.8,8932.0,9082.6,9114.6,4813.4,6098.6,10668.9,3529.9,11480.8,3622.4,3267.2,7629.8,6084.6,11272.4,8685.0,846.8,5037.7,5041.6,8809.2,9348.9,4576.5,9276.8,9131.6,8730.4,8112.3,3404.4,8706.8,8663.5,8132.1,8775.2,8032.0,9618.9,6959.0,5009.5,9186.0,8894.1,4381.7,8187.7,8950.1,8216.3,11312.6,4314.7,8604.3,8135.2,5050.0,8927.2,3607.9,8859.1,5460.6,5654.7,8451.1,9678.2,9251.3,8138.7,8863.2,8203.0,8170.4,8174.6,4329.9,13152.8,1948.2,11447.7,8922.5,8909.3,8840.3,12166.3,9181.1,8895.3,7675.5,228.3,5492.5,4828.0,8248.9,4038.7,8086.8,4877.3,9575.9,5085.6,6274.5,8335.2,8153.7,7952.4,5025.1,8995.8,9614.9,9621.9,9621.3,9517.6,9517.6,7775.5,9303.2,8084.2,5057.2,4978.9,8915.9,0.0,4495.1,5052.1,8792.6
Volda omsorgssenter sjukeheim,4594.1,8017.7,5633.8,1425.4,5520.9,6663.6,5509.0,5139.4,5285.0,7971.5,5544.3,6021.0,5478.7,2038.9,5613.9,2627.8,4920.1,5113.9,5290.3,4608.3,6429.3,5485.3,4716.2,5284.7,5488.8,782.9,168.8,2045.3,745.9,5507.0,4596.8,2624.6,5212.4,4704.6,4928.1,695.9,5475.8,2040.4,2903.4,4246.7,4348.1,2758.5,5337.1,2850.3,1723.5,5513.2,5601.0,5633.0,474.9,1734.3,7250.1,6779.3,7999.2,2482.9,2818.2,4148.2,1720.3,7853.6,6110.9,5164.0,2050.5,703.1,5390.4,5930.1,212.2,4938.3,5712.8,5311.6,4693.5,6653.8,5288.0,5244.7,4713.3,5356.4,4874.2,5254.6,3477.4,2022.3,5767.2,5475.3,1779.3,5029.9,5531.3,4797.5,7893.8,3573.6,5185.5,4716.4,711.5,5508.4,3042.9,5440.3,2473.4,3052.3,5032.3,6259.4,5832.5,4719.9,5444.4,4784.2,4751.6,4755.8,3601.6,9078.2,2578.4,7966.1,5503.7,5490.5,5421.5,7802.0,5762.3,5476.5,4256.7,4290.4,2890.1,489.5,5091.1,7288.1,4668.0,1890.1,5211.6,2098.4,1936.0,4916.4,4734.9,4533.6,686.6,5577.0,5250.6,5257.6,5257.0,5153.3,5153.3,4247.5,4964.7,4665.4,2070.0,1991.7,5497.1,4482.8,0.0,713.6,5373.8
"Ørsta, 6150 Ørsta",3945.4,8617.2,4985.1,789.7,4872.2,6014.9,4860.3,4490.7,4636.3,8571.0,4895.6,5372.3,4830.0,2081.1,4965.2,2670.0,4271.4,4465.2,4641.6,5207.8,5780.6,4836.6,4067.5,4636.0,4840.1,134.2,851.2,2087.5,97.2,4858.3,3948.1,2666.8,4563.7,4055.9,4279.4,35.4,4827.1,2082.6,2945.6,3598.0,4899.3,2800.7,4688.4,2892.5,1680.4,4864.5,6200.5,6232.5,298.9,1691.2,6601.4,7378.8,8598.7,2525.1,2860.4,4747.7,1677.2,7204.9,6710.4,5715.2,2092.7,54.4,4741.7,5281.4,876.5,4289.6,5064.1,4662.9,4044.8,7253.3,4639.3,4596.0,4064.6,4707.7,4225.5,5854.1,4076.9,2064.5,5118.5,4826.6,1821.5,4381.2,4882.6,4148.8,7245.1,4173.1,4536.8,4067.7,62.8,4859.7,3085.1,4791.6,2515.6,3094.5,4383.6,5610.7,5183.8,4071.2,4795.7,4135.5,4102.9,4107.1,4201.1,9377.8,3129.6,8565.6,4855.0,4841.8,4772.8,8153.9,5113.6,4827.8,3608.0,4841.6,2932.3,313.5,4442.4,7887.6,4019.3,1932.3,5811.1,2140.6,1287.3,4267.7,4086.2,3884.9,27.0,4928.3,5850.1,5857.1,5856.5,5752.8,5752.8,3598.8,4316.0,4016.7,2112.2,2033.9,4848.4,5034.0,718.8,0.0,4725.1
"Åsehaugen 5, 6017 Ålesund",1190.4,7280.7,3129.0,5456.7,353.5,2656.1,341.6,2312.9,84.4,7219.9,1536.8,853.6,311.3,3992.1,446.5,3212.3,2572.0,1976.5,117.5,9874.8,2421.8,317.9,836.6,3010.1,321.4,4771.6,5516.8,3989.2,4648.2,339.6,983.7,3202.2,280.1,749.5,2505.0,4724.7,308.4,3956.3,5601.5,1230.3,8622.1,3406.7,145.0,5548.4,6347.4,345.8,10867.5,10899.5,4964.5,6358.2,3242.6,11669.7,7262.2,5181.0,5516.3,9414.7,6344.2,3846.1,11377.4,8658.5,4001.4,4693.2,223.0,1922.6,5542.1,2540.2,545.4,138.8,797.9,11544.2,344.6,318.8,1100.2,164.3,1736.8,4639.5,8743.9,3934.1,599.8,307.9,4477.4,1892.5,363.9,744.5,3886.3,8840.1,490.2,710.4,4700.1,341.0,5741.0,272.9,3435.8,5750.4,449.4,1092.0,1866.3,716.0,277.0,719.8,687.2,691.4,8868.1,6019.0,7795.2,7225.3,336.3,323.1,254.1,4795.1,594.9,309.1,1111.9,8564.4,5588.2,4979.1,1953.7,12178.5,789.8,4075.6,4495.9,3869.3,3464.1,569.8,764.4,920.5,4742.0,409.6,4635.5,4642.5,4641.9,4538.2,4538.2,1231.1,2604.0,787.2,3964.2,3981.2,329.7,8756.8,5384.4,4727.2,0.0
