,Depot,"Spjelkavik, 6010 Ålesund",APOTEKERGATA 5,"Parkgata 2, 6003 Ålesund",Alnes Fyr og opplevelsessenter,Anno,Atlanterhavsparken,"Tennfjord, 6264 Tennfjord","Ålesund, 6002 Ålesund",Blindheim omsorgssenter,"Valderøy, 6050 Valderøya",Brooklyn - 24 / 26,Bunnpris Brattvåg,Bunnpris Bryggja,Bunnpris Eid,Bunnpris Hareid,Bunnpris Nørve,Bunnpris Oldeide,Bunnpris Sjøholt,Bunnpris Stryn,NEDRE STRANDGATE 9,Bunnpris Ulsteinvik,Bunnpris Valderøy,Bunnpris Valldal,Bunnpris Vatne,Bunnpris Vedde,Bunnpris Volda,Bunnpris Ørsta,"Digernessundet, 6057 Ellingsøy","Eidsgata 12, 6770 Nordfjordeid","Volda, 6100 Volda","Dregesvegen 2, 6200 Stranda","Ålesund, 6008 Ålesund",Ebbegarden barnehage,"Eidet, 6008 Ålesund",Ellingsøy barnehage,Gamle Blindheimsveg 25,Eurospar Hareid,LARSGÅRDSVEGEN 19,Eurospar Moa,Eurospar Sykkylven,Eurospar Valderøy,Eurospar Ørsta,Rasmus Rønnebergs gate 21,"Brattvåg, 6270 Brattvåg","Grodås, 6698 Hornindal",Felleskjøpet Stryn,Felleskjøpet Ålesund,"Nordfjordeid, 6770 Nordfjordeid","Nordfjordeid, 6770 Nordfjordeid","Valderhaug, 6050 Valderøya","Hatlahaugen, Ålesund","Gate 1, 6718 Deknepollen","Hellesylt, 6218 Hellesylt",Helsehuset Stella Maris,"Sjukehusveien 14, 6770 Nordfjordeid",Isehaug kafeteria,"Haramsøya, 6270 Brattvåg",Godøya post i butikk,Joker Hjelledalen,Joker Stordal,Joker Tomrefjord,Joker Vatne,Vigra post i butikk,"Ulsteinvik, 6065 Ulsteinvik",Kiwi Meieribygget Ørsta,SUNDGATA 8,Kiwi Skodje,Kiwi Volda,Kiwi Sykkylven,SKARBØVIKGATA 25,NØRVEGATA 23,SPJELKAVIKVEGEN 42,"Eggesbønes, 6008 Ålesund",Kiwi Deknepollen,NEDRE KLOKKERSUNDVEGEN 2,FLISNESVEGEN 1,"Fiskarstrand, 6037 Eidsnes",Kiwi Stranda,Kiwi Stryn,Kiwi Ulsteinvik,RASMUS RØNNEBERGS GATE 6,Kiwi Myrvåg,Kiwi Langevåg,NEDRE STRANDGATE 51,LERSTADVEGEN 545,Kiwi Vestnes,Kiwi Nordfjordeid,SMEDGARDEN 1,"Vallekrysset, 6013 Ålesund","Ørsta, 6150 Ørsta",Matstova,Meny Fosnavåg,LERSTADVEGEN 291,"Sula, 6030 Langevåg",minibakeriet,"Måløy, 6700 Måløy","Valldal, 6210 Valldal","Måløy, 6700 Måløy",Naustet Grill,"Innviksvegen, 6793 Innvik","Skateflukaia, 6002 Ålesund",Nordfjord hotell,Nørve barnehage,Obs Bygg Digernes,"Oldeide, 6718 Deknepollen",Quality Hotel Ulstein,KONGENS GATE 6,"Remmemsvik, 6264 Tennfjord","Langelandsvegen 47, 6010 Ålesund","Storgata 16, 6002 Ålesund",Sjøbua,"Sjøholt, 6240 Sjøholt",Sjøkanten Café,Skodje barnehage,"Stranda, 6200 Stranda",SOLAVÅGSEIDET 76,Spar Ellingsøy,Spar Fosnavåg,Spar Hornindal,Spar Hovdebygda,Spar Langevåg,Spjelkavikvegen 61,Spar Svingen,Spar Søvik,Spar Tresfjord,Spar Ulsteinvik,Spar Valldal,Spar Vartdal,Spar Volda,Øvre Geilegrend 1,"Keiser Wilhelms gate 29, 6003 Ålesund",Spjelkavik omsorgssenter,"Ålesund lufthavn, 6040 Vigra",St1 Ulsteinvik,St1 Vestnes,St1 Ørskog,Stette barnehage,"Strandafjellet, 6200 Stranda","Stryn, 6783 Stryn","Vigra, 6040 Vigra",Sylteormen bakeri og kafe,Mai Thai Massage,Trankokeriet Antikk,"Longva, 6264 Tennfjord","Vestnes, 6390 Vestnes","Ålesund, 6002 Ålesund",St1 Valldal,Valldal sjukeheim,Valle barnehage,Vartdal helsetun,Vigra barnehage,"Vigra, 6040 Vigra",Volda Campus SpareBank 1 Arena,"Ålesund, 6003 Ålesund",Åse helsehus
Depot,0.0,5985.6,17139.2,17338.4,36130.5,17026.9,20378.1,32135.6,17202.0,4088.2,19628.7,16637.6,41930.2,108445.3,114473.3,20422.4,14477.3,131234.3,34757.0,111588.8,17032.6,30594.5,26462.2,79245.4,28878.2,11039.5,55656.3,46526.7,20458.1,113885.0,56711.2,51813.0,14474.7,8433.6,14852.1,20821.0,3955.1,20282.5,12787.2,5896.0,18032.3,27795.3,46511.8,16940.9,41848.8,73319.9,111774.1,6895.4,114256.7,114000.3,28400.2,14984.0,129731.5,74230.4,60536.0,114072.9,111798.4,60335.6,31621.1,140582.3,53576.9,54617.5,31008.9,34802.0,30718.8,46216.7,16163.4,26535.5,57212.2,18240.1,19482.9,14620.6,5821.5,13285.2,126741.7,11661.5,6114.0,11080.7,51456.1,111582.6,30587.9,16979.1,39389.3,12912.6,17560.3,7205.7,60388.6,113024.3,10437.2,6201.5,46309.2,131843.1,58125.9,9340.7,13558.1,114255.0,129768.2,79601.3,129728.0,55727.3,156731.9,18292.9,113709.4,13386.5,20473.1,135297.5,31969.7,16864.1,73083.1,25241.5,17028.0,17333.9,28427.3,114455.6,25742.8,51468.3,3404.7,31332.8,56516.5,89113.4,49721.3,13563.6,5655.1,50025.2,48093.8,62294.8,29516.2,79618.9,26147.4,56426.9,8175.0,17263.5,6198.2,31133.0,31358.5,60434.1,34515.1,26149.4,51298.3,111773.0,33070.8,79616.1,17286.1,17476.7,73055.3,61286.6,16518.3,79641.8,79889.3,23914.4,22546.1,33588.9,33733.4,56796.3,15845.9,8479.3
"Spjelkavik, 6010 Ålesund",5885.0,0.0,11470.3,11669.5,30461.5,11357.9,14709.2,27754.6,11533.1,3884.7,13959.8,10968.7,37549.3,111532.6,117560.5,23509.6,8808.4,134321.5,30376.0,114676.0,11363.6,33681.8,20793.2,74864.4,24497.3,14126.7,58743.5,49613.9,16077.2,116972.2,59798.4,51609.5,8805.8,8230.1,9183.2,15152.1,3751.7,23369.8,7118.2,1103.6,17828.8,22126.4,49599.0,11272.0,37467.8,76407.1,114861.3,2514.4,117344.0,117087.5,22731.2,9315.1,132818.7,74026.9,56155.1,117160.1,114885.6,55954.7,25952.2,144896.4,49196.0,50236.6,26627.9,29133.0,33806.0,49303.9,10494.4,22154.6,60299.4,18036.6,13813.9,8951.7,1440.5,7616.2,129828.9,5882.2,5910.5,14167.9,51252.6,114669.8,33675.2,11310.2,42476.5,15999.8,11891.3,2388.8,56007.7,116111.5,4657.9,1409.1,49396.4,134930.4,61213.2,3561.3,16645.3,117342.2,132855.4,75220.4,132815.2,58814.5,159819.1,12624.0,116796.6,7717.6,16092.1,138384.7,35056.9,11195.2,68702.2,19572.6,11359.1,11665.0,24046.4,117542.8,21361.9,51264.9,6492.0,25663.9,59603.7,92200.6,52808.5,16650.8,1274.1,49821.7,43712.9,57913.9,32603.4,75238.0,29234.7,59514.1,2395.6,11594.5,1405.8,25464.1,34445.7,56053.2,30134.1,21768.5,51094.8,114860.2,27401.9,75235.1,11617.1,11807.8,68674.4,56905.6,10849.3,75260.9,75508.3,19533.5,25633.3,27920.0,28064.4,59883.5,10176.9,2700.0
APOTEKERGATA 5,17126.2,11268.0,0.0,199.2,22062.2,112.4,3466.4,37279.6,259.1,15125.8,2717.1,664.2,47074.3,122773.7,128801.7,34750.8,3203.0,145562.6,39603.6,125917.1,230.9,44922.9,12393.8,84092.0,34022.3,25367.8,69984.6,60855.1,25304.7,128213.3,71039.5,62850.6,3005.2,19471.2,3179.5,6752.7,14992.8,34610.9,5359.2,11529.4,29070.0,13727.0,60840.1,740.4,46992.8,87648.3,126102.5,11024.5,128585.1,128328.6,14331.8,3311.4,144059.8,85268.0,65382.6,128401.2,126126.7,65479.6,17552.8,154124.0,58423.6,59761.6,36152.9,20733.6,45047.2,60545.1,1056.2,31382.1,71540.5,29277.8,2571.2,3346.3,12207.2,5857.2,141070.1,5781.1,17151.7,25409.1,62493.7,125910.9,44916.3,314.0,53717.6,27240.9,727.9,11504.3,65235.2,127352.6,7422.1,11322.4,60637.5,146171.5,72454.3,8205.8,27886.4,128583.3,144096.5,84447.9,144056.4,70055.6,171060.3,820.2,128037.7,4470.1,25319.7,149625.8,46298.1,813.6,78227.1,11173.2,977.5,194.7,33274.0,128783.9,30589.4,62506.0,17733.1,17264.5,70844.8,103441.8,64049.6,27891.9,12515.3,61062.8,53237.8,67141.4,43844.5,84465.6,40475.8,70755.3,9585.4,320.5,11393.4,17064.7,45686.8,65280.8,39361.7,28894.4,62335.9,126101.3,19002.5,84462.7,146.8,337.5,78199.4,66133.2,671.8,84488.4,84735.9,28761.1,36874.5,19520.6,19665.0,71124.7,1694.7,9099.5
"Parkgata 2, 6003 Ålesund",17325.4,11467.2,199.2,0.0,22261.4,311.6,3665.6,37478.8,458.3,15325.0,2916.3,863.4,47273.5,122972.9,129000.9,34949.9,3402.2,145761.9,39802.8,126116.3,430.1,45122.1,12593.0,84291.2,34221.5,25567.0,70183.8,61054.3,25503.9,128412.5,71238.7,63049.8,3204.4,19670.4,3378.7,6951.9,15192.0,34810.1,5558.4,11728.6,29269.2,13926.2,61039.3,939.6,47192.0,87847.5,126301.7,11223.7,128784.3,128527.8,14531.0,3510.6,144259.0,85467.2,65581.8,128600.4,126325.9,65678.8,17752.0,154323.2,58622.7,59960.8,36352.1,20932.8,45246.4,60744.3,1255.4,31581.3,71739.7,29477.0,2770.4,3545.5,12406.4,6056.4,141269.3,5980.3,17350.9,25608.3,62692.9,126110.1,45115.5,513.2,53916.8,27440.1,927.0,11703.5,65434.4,127551.8,7621.3,11521.6,60836.7,146370.7,72653.5,8405.0,28085.6,128782.5,144295.7,84647.1,144255.5,70254.8,171259.5,870.4,128236.9,4669.3,25518.9,149825.0,46497.3,1012.8,78426.3,11372.4,1176.7,97.1,33473.2,128983.1,30788.6,62705.2,17932.3,17463.7,71044.0,103641.0,64248.8,28091.1,12714.5,61262.0,53437.0,67340.6,44043.7,84664.8,40675.0,70954.5,9784.6,368.6,11592.6,17263.9,45886.0,65479.9,39560.9,29093.6,62535.1,126300.5,19201.7,84661.9,197.0,387.7,78398.6,66332.4,871.0,84687.6,84935.1,28960.3,37073.7,19719.8,19864.2,71323.9,1893.9,9298.7
Alnes Fyr og opplevelsessenter,36168.3,30310.1,22023.3,22222.5,0.0,21910.9,25262.1,48784.2,22086.1,34168.0,24512.8,21521.6,58578.8,141815.8,147843.8,53792.9,22245.2,164604.8,58645.7,144959.3,21916.6,63965.0,14250.4,103134.2,45526.8,44409.9,89026.8,79897.2,44346.9,147255.5,90081.7,81892.8,22047.4,38513.4,22221.6,18257.3,34034.9,53653.0,24401.4,30571.6,48112.1,15583.6,79882.3,21825.0,58497.3,106690.4,145144.6,30066.7,147627.2,147370.8,11503.2,22353.5,163102.0,104310.2,84424.8,147443.4,145168.9,76984.2,4895.0,173166.1,77465.7,71266.1,47657.4,22916.0,64089.3,79587.2,21047.4,47877.3,90582.7,48319.9,24366.9,22388.4,31249.3,24899.4,160112.2,24823.2,36193.8,44451.2,81535.9,144953.1,63958.4,21863.2,72759.8,46283.1,22444.3,30546.5,84277.4,146394.8,26464.3,30364.5,79679.7,165213.6,91496.4,27248.0,46928.6,147625.4,163138.7,103490.1,163098.5,89097.8,190102.4,23177.0,147079.9,23512.3,44361.9,168668.0,65340.2,21748.1,89731.7,22677.7,21912.1,22218.0,52316.1,147826.1,47084.6,81548.1,36775.2,28769.0,89887.0,122483.9,83091.7,46934.0,31557.4,80105.0,64742.4,86183.6,62886.7,103507.7,59517.9,89797.4,28627.5,22147.5,30435.6,19247.0,64729.0,84322.9,58403.8,40399.0,81378.1,145143.5,21184.9,103504.8,22170.1,22360.8,89703.9,85175.4,21402.3,103530.6,103778.0,47803.2,55916.6,21702.9,21847.4,90166.8,20730.3,28141.7
Anno,17013.8,11155.6,112.4,311.6,21949.8,0.0,3382.5,37167.2,175.2,15013.4,2633.1,551.8,46961.9,122661.3,128689.3,34638.4,3090.6,145450.3,39491.2,125804.7,118.6,44810.5,12281.5,83979.6,33909.9,25255.4,69872.3,60742.7,25192.4,128100.9,70927.1,62738.2,2892.9,19358.8,3067.1,6640.3,14880.4,34498.5,5246.8,11417.0,28957.6,13614.6,60727.7,628.0,46880.4,87535.9,125990.1,10912.1,128472.7,128216.2,14219.5,3199.0,143947.4,85155.6,65270.2,128288.9,126014.4,65367.3,17440.4,154011.6,58311.2,59649.2,36040.5,20621.3,44934.8,60432.7,943.9,31269.8,71428.1,29165.4,2487.3,3233.9,12094.8,5744.8,140957.7,5668.7,17039.3,25296.7,62381.3,125798.5,44803.9,201.6,53605.2,27128.5,646.3,11391.9,65122.9,127240.2,7309.7,11210.0,60525.1,146059.1,72341.9,8093.4,27774.1,128470.9,143984.1,84335.5,143944.0,69943.2,170947.9,932.6,127925.3,4357.8,25207.3,149513.4,46185.7,701.2,78114.8,11060.8,865.1,307.1,33161.6,128671.5,30477.0,62393.6,17620.7,17152.1,70732.5,103329.4,63937.2,27779.5,12402.9,60950.5,53125.5,67029.1,43732.2,84353.2,40363.4,70642.9,9473.0,236.6,11281.0,16952.3,45574.4,65168.4,39249.3,28782.1,62223.5,125988.9,18890.1,84350.3,259.2,449.9,78087.0,66020.8,559.4,84376.0,84623.5,28648.7,36762.1,19408.2,19552.7,71012.3,1582.4,8987.1
Atlanterhavsparken,20355.0,14496.8,3477.6,3676.8,25291.0,3393.6,0.0,40508.5,3402.4,18354.7,1309.1,3893.1,50303.1,126002.5,132030.5,37979.6,6431.9,148791.5,42832.4,129146.0,3378.2,48151.7,15622.7,87320.9,37251.1,28596.6,73213.5,64083.9,28533.6,131442.2,74268.4,66079.5,6234.1,22700.1,6408.3,9981.6,18221.6,37839.7,8588.1,14758.3,32298.8,16955.9,64069.0,3969.2,50221.6,90877.1,129331.3,14253.4,131813.9,131557.5,17560.7,6540.2,147288.7,88496.9,68611.5,131630.1,129355.6,68708.5,20781.7,157352.8,61652.4,62990.4,39381.8,23962.5,48276.0,63773.9,4285.1,34611.0,74769.4,32506.6,1550.2,6575.1,15436.0,9086.1,144298.9,9009.9,20380.5,28637.9,65722.6,129139.7,48145.1,3542.8,56946.5,30469.8,2816.0,14733.2,68464.1,130581.4,10651.0,14551.2,63866.3,149400.3,75683.1,11434.7,31115.3,131812.1,147325.4,87676.8,147285.2,73284.5,174289.1,3057.3,131266.6,7699.0,28548.6,152854.7,49526.9,4042.4,81456.0,14402.0,4206.3,3672.2,36502.8,132012.8,33818.3,65734.8,20961.9,20493.3,74073.7,106670.6,67278.4,31120.7,15744.1,64291.7,56466.7,70370.3,47073.4,87694.4,43704.6,73984.1,12814.2,3463.9,14622.3,20293.5,48915.7,68509.6,42590.5,32123.3,65564.8,129330.2,22231.4,87691.5,3624.4,3815.1,81428.2,69362.1,3900.6,87717.3,87964.7,31989.9,40103.3,22749.4,22893.9,74353.5,4923.6,12328.4
"Tennfjord, 6264 Tennfjord",32063.6,27347.3,37191.9,37391.1,48840.4,37079.5,40430.8,0.0,37254.7,30063.2,39681.4,36690.3,16760.6,137711.1,143739.1,49688.2,34074.4,160500.1,24177.2,141021.9,37085.2,59860.3,39172.1,68665.6,3518.5,40305.2,84922.1,75792.5,12328.6,143150.7,85976.9,68351.5,34071.8,30417.5,34449.2,31361.3,29930.2,49548.3,32384.3,26656.7,34570.8,40505.2,75777.6,36993.6,16679.2,102585.7,141207.3,26492.5,143522.5,143266.0,41110.1,34581.1,158997.2,90768.9,38693.9,143338.6,141231.6,35166.0,44331.0,138697.6,42997.1,26242.1,2633.5,47511.9,59984.6,75482.5,36216.0,14088.8,86477.9,34778.6,39535.5,34217.7,26442.9,32882.3,156007.5,31667.7,32089.1,40346.5,67994.6,141015.7,59853.7,37031.8,68655.0,42178.3,37612.9,25375.6,38546.5,142290.0,31082.0,26259.8,75574.9,147474.8,87391.7,29346.9,42823.9,143520.7,159033.9,69021.5,158993.8,84993.0,186165.1,38345.6,142975.1,32983.6,12343.5,164563.2,61235.5,36916.8,47913.5,26643.5,37080.7,37386.6,17847.5,143721.3,13296.0,68006.8,32670.5,20292.5,85782.3,118546.6,78987.0,42829.3,26549.3,66563.7,22924.2,51715.0,58782.0,69039.2,55413.2,85692.7,28732.8,37316.1,26330.8,43842.9,60624.2,38592.0,23935.3,8987.1,67836.8,141206.2,45780.7,69036.3,37338.7,37529.4,47885.8,38297.8,36570.9,69062.0,69309.5,16278.5,51811.9,46298.8,46443.3,86062.1,35898.9,29408.2
"Ålesund, 6002 Ålesund",17294.4,11436.2,168.2,271.1,22230.4,280.6,3634.6,37447.8,0.0,15294.0,2885.3,832.4,47242.5,122941.9,128969.9,34919.0,3371.2,145730.9,39771.8,126085.3,399.1,45091.1,12562.1,84260.2,34190.5,25536.0,70152.9,61023.3,25473.0,128381.5,71207.7,63018.8,3173.5,19639.4,3347.7,6920.9,15161.0,34779.1,5527.4,11697.6,29238.2,13895.2,61008.3,908.6,47161.0,87816.5,126270.7,11192.7,128753.3,128496.8,14500.1,3479.6,144228.0,85436.2,65550.8,128569.4,126295.0,65647.9,17721.0,154292.2,58591.8,59929.8,36321.1,20901.9,45215.4,60713.3,1224.5,31550.4,71708.7,29446.0,2739.4,3514.5,12375.4,6025.4,141238.3,5949.3,17319.9,25577.3,62661.9,126079.1,45084.5,482.2,53885.8,27409.1,896.1,11672.5,65403.4,127520.8,7590.3,11490.6,60805.7,146339.7,72622.5,8374.0,28054.7,128751.5,144264.7,84616.1,144224.6,70223.8,171228.5,892.1,128205.9,4638.4,25487.9,149794.0,46466.3,981.8,78395.3,11341.4,1145.7,266.6,33442.2,128952.1,30757.6,62674.2,17901.3,17432.7,71013.1,103610.0,64217.8,28060.1,12683.5,61231.1,53406.1,67309.7,44012.8,84633.8,40644.0,70923.5,9753.6,61.4,11561.6,17232.9,45855.0,65449.0,39529.9,29062.6,62504.1,126269.5,19170.7,84630.9,218.7,409.4,78367.6,66301.4,840.0,84656.6,84904.1,28929.3,37042.7,19688.8,19833.3,71292.9,1863.0,9267.7
Blindheim omsorgssenter,4313.9,3818.1,14971.6,15170.8,33962.9,14859.3,18210.5,29968.0,15034.5,0.0,17461.1,14470.0,39762.6,109961.4,115989.4,21938.4,12309.7,132750.3,32589.4,113104.8,14865.0,32110.6,24294.6,77077.8,26710.6,12555.5,57172.3,48042.7,18290.5,115401.0,58227.2,48583.7,12307.1,5204.3,12684.5,18653.4,466.9,21798.6,10619.6,3728.5,14803.1,25627.7,48027.8,14773.3,39681.2,74836.0,113290.2,4727.8,115772.8,115516.3,26232.6,12816.4,131247.5,71001.1,58368.4,115588.9,113314.4,58168.0,29453.5,147109.8,51409.3,52449.9,28841.3,32634.4,32234.9,47732.7,13995.8,24367.9,58728.2,15010.9,17315.3,12453.0,3653.9,11117.6,128257.8,9494.0,2884.8,12596.8,48226.9,113098.6,32104.0,14811.5,40905.3,14428.6,15392.7,5038.1,58221.0,114540.3,8269.6,4034.0,47825.2,133359.2,59642.0,7173.1,15074.1,115771.0,131284.2,77433.7,131244.0,57243.3,158248.0,16125.4,115225.4,11218.9,18305.5,136813.5,33485.7,14696.5,70915.5,23073.9,14860.4,15166.3,26259.7,115971.6,23575.2,48239.1,4920.8,29165.2,58032.5,90629.5,51237.3,15079.6,3487.5,46796.0,45926.2,60127.2,31032.2,77451.4,27663.5,57943.0,6007.4,15095.9,4030.6,28965.4,32874.5,58266.5,32347.5,23981.8,48069.0,113289.0,30903.2,77448.5,15118.5,15309.1,70887.8,59119.0,14350.7,77474.2,77721.7,21746.8,24062.2,31421.3,31565.8,58312.3,13678.3,6311.7
"Valderøy, 6050 Valderøya",19605.6,13747.4,2728.2,2927.4,24541.6,2644.2,1309.1,39759.1,2653.0,17605.3,0.0,3143.7,49553.7,125253.1,131281.1,37230.2,5682.5,148042.1,42083.0,128396.6,2628.8,47402.3,14873.3,86571.5,36501.7,27847.3,72464.1,63334.5,27784.2,130692.8,73519.0,65330.1,5484.7,21950.7,5658.9,9232.2,17472.2,37090.3,7838.7,14008.9,31549.4,16206.5,63319.6,3219.8,49472.3,90127.7,128581.9,13504.0,131064.5,130808.1,16811.3,5790.8,146539.3,87747.5,67862.1,130880.7,128606.2,67959.1,20032.3,156603.4,60903.0,62241.0,38632.4,23213.1,47526.6,63024.5,3535.7,33861.6,74020.0,31757.2,800.8,5825.7,14686.6,8336.7,143549.5,8260.5,19631.1,27888.5,64973.2,128390.4,47395.7,2793.4,56197.1,29720.4,2066.6,13983.8,67714.7,129832.1,9901.6,13801.9,63117.0,148650.9,74933.7,10685.3,30365.9,131062.8,146576.0,86927.4,146535.8,72535.1,173539.7,2307.9,130517.2,6949.6,27799.2,152105.3,48777.5,3293.1,80706.6,13652.6,3457.0,2922.9,35753.4,131263.4,33068.9,64985.4,20212.5,19744.0,73324.3,105921.2,66529.1,30371.4,14994.7,63542.3,55717.3,69620.9,46324.0,86945.0,42955.2,73234.7,12064.8,2714.5,13872.9,19544.1,48166.3,67760.2,41841.1,31373.9,64815.4,128580.8,21482.0,86942.2,2875.0,3065.7,80678.8,68612.7,3151.2,86967.9,87215.3,31240.5,39353.9,22000.0,22144.5,73604.1,4174.2,11579.0
Brooklyn - 24 / 26,16627.3,10769.1,917.8,1117.0,21563.2,805.4,4156.7,36780.7,980.6,14626.9,3407.3,0.0,46575.3,122274.8,128302.7,34251.8,2704.1,145063.7,39104.7,125418.2,811.1,44424.0,11894.9,83593.1,33523.3,24868.9,69485.7,60356.1,24805.8,127714.4,70540.6,62351.7,2506.3,18972.3,2680.6,6253.8,14493.9,34112.0,4860.3,11030.5,28571.0,13228.1,60341.2,469.3,46493.9,87149.3,125603.5,10525.6,128086.2,127829.7,13832.9,2812.4,143560.9,84769.1,64883.7,127902.3,125627.8,64980.7,17053.9,153625.1,57924.6,59262.6,35654.0,20234.7,44548.3,60046.1,471.8,30883.2,71041.6,28778.9,3261.4,2847.4,11708.2,5358.3,140571.1,5282.2,16652.7,24910.1,61994.8,125412.0,44417.4,612.0,53218.7,26742.0,1338.8,11005.4,64736.3,126853.7,6923.2,10823.5,60138.6,145672.6,71955.4,7706.9,27387.5,128084.4,143597.6,83949.0,143557.4,69556.7,170561.4,2071.5,127538.8,3971.2,24820.8,149126.9,45799.1,392.5,77728.2,10674.2,556.4,1112.5,32775.0,128285.0,30090.5,62007.1,17234.2,16765.6,70345.9,102942.8,63550.7,27393.0,12016.4,60563.9,52738.9,66642.5,43345.6,83966.7,39976.9,70256.3,9086.5,1042.0,10894.5,16565.7,45187.9,64781.8,38862.8,28395.5,61837.0,125602.4,18503.6,83963.8,1064.6,1255.3,77700.5,65634.3,384.4,83989.5,84237.0,28262.1,36375.6,19021.7,19166.1,70625.7,1195.8,8600.6
Bunnpris Brattvåg,41823.9,37107.6,46952.2,47151.4,58600.7,46839.9,50191.1,16759.1,47015.0,39823.6,49441.7,46450.6,0.0,147471.4,153499.4,59448.5,43834.8,170260.4,33937.5,150782.3,46845.6,69620.6,48932.4,78425.9,13501.7,50065.5,94682.4,85552.8,22088.9,152911.1,95737.3,78111.8,43832.1,40177.9,44209.5,41121.7,39690.5,59308.6,42144.6,36417.1,44331.2,50265.6,85537.9,46753.9,135.2,112346.0,150967.6,36252.8,153282.8,153026.4,50870.4,44341.4,168757.6,100529.2,51692.8,153099.0,150991.9,19521.5,54091.4,148457.9,52757.5,39241.0,15632.4,57272.2,69744.9,85242.8,45976.4,23849.1,96238.3,44539.0,49295.9,43978.0,36203.2,42642.6,165767.8,41428.0,41849.4,50106.8,77754.9,150776.1,69614.0,46792.1,78415.3,51938.7,47373.3,35135.9,51545.4,152050.3,40842.3,36020.1,85335.2,157235.1,97152.0,39107.2,52584.2,153281.0,168794.3,78781.8,168754.1,94753.4,195925.4,48106.0,152735.5,42743.9,22103.9,174323.5,70995.8,46677.1,32269.0,36403.8,46841.0,47146.9,27607.9,153481.6,23056.4,77767.2,42430.8,30052.8,95542.6,128306.9,88747.3,52589.6,36309.6,76324.0,16207.9,61475.4,68542.3,78799.5,65173.5,95453.0,38493.1,47076.5,36091.2,53603.2,70384.6,51590.9,33695.6,18747.5,77597.1,150966.5,55541.1,78796.6,47099.1,47289.7,32241.3,51296.7,46331.3,78822.3,79069.8,26038.8,61572.2,56059.1,56203.6,95822.4,45659.2,39168.6
Bunnpris Bryggja,126115.9,129222.4,140375.9,140575.1,159367.2,140263.6,143614.8,155372.3,140438.8,127324.9,142865.4,139874.3,165166.9,0.0,32316.5,88592.8,137714.1,23265.2,157993.7,77985.4,140269.3,79167.8,149698.9,142399.9,152114.9,130113.0,71216.3,80296.5,143694.8,32703.3,72947.6,124187.1,137711.4,131670.3,138088.8,144057.8,127191.9,88531.0,136023.9,129132.8,152250.2,151032.0,79734.8,140177.6,165085.5,72082.6,78170.7,130132.1,32537.3,33029.2,151636.9,138220.7,21762.3,95821.3,183772.7,32723.9,78195.0,183572.3,154857.9,106978.8,143384.9,177854.2,154245.6,158038.7,79486.9,79950.7,139400.1,149772.2,72772.2,152085.6,142719.6,137857.3,129058.2,136521.9,18772.6,134898.3,129350.7,130154.3,123830.3,77979.2,79161.2,140215.9,69931.3,131986.2,140797.0,130442.4,183625.3,32707.8,133673.9,129438.3,80046.4,98239.7,88668.0,132577.4,132631.7,32782.5,21799.0,142755.8,21758.9,71287.3,82208.5,141529.7,33138.0,136623.2,143709.8,27328.3,79119.3,140100.8,196319.8,148478.2,140264.7,140570.6,151664.0,32480.5,148979.5,123842.5,122667.7,154569.5,87058.6,68178.0,76749.0,132637.1,128891.8,123287.6,171330.5,185531.5,80167.1,142773.4,100000.0,72608.7,131411.7,140500.2,129434.9,154369.7,79793.0,183670.9,157751.8,149386.1,124161.4,78169.6,156307.6,142770.5,140522.8,140713.4,196292.1,184523.3,139755.0,142796.3,143043.7,147151.2,103739.0,156825.6,156970.1,72356.3,139082.6,131716.0
Bunnpris Eid,94492.7,97599.1,108752.7,108951.9,127744.0,108640.4,111991.6,123749.1,108815.6,95701.7,111242.2,108251.1,133543.7,32327.4,0.0,80688.6,106090.9,55592.6,126370.5,46285.6,108646.1,71263.7,118075.7,110700.1,120491.7,98489.8,39593.1,48673.2,112071.6,861.2,41324.4,92487.4,106088.2,100047.1,106465.6,112434.6,95568.7,80626.9,104400.7,97509.6,120550.4,119408.8,48111.6,108554.4,133462.3,40459.4,46471.0,98508.9,297.8,473.0,120013.7,106597.5,54089.8,64121.5,152149.5,484.4,46495.2,151949.1,123234.6,75279.1,111685.1,146231.0,122622.4,126415.5,71582.8,48327.5,107776.9,118149.0,41149.0,120385.9,111096.4,106234.1,97435.0,104898.7,51100.0,103275.1,97727.5,98531.1,92130.5,46279.4,71257.1,108592.6,67839.7,100363.0,109173.8,98819.2,152002.1,1084.6,102050.7,97815.1,48423.2,66540.0,86576.4,100954.2,101008.5,460.7,54126.5,111056.0,54086.3,39664.1,50054.5,109906.5,983.9,105000.0,112086.6,59655.7,71215.1,108477.6,164696.6,116855.0,108641.5,108947.4,120040.8,241.0,117356.3,92142.8,91044.5,122946.3,84966.9,36478.3,45125.8,101013.9,97268.6,91587.9,139707.3,153908.4,72263.0,111073.7,68376.8,40985.5,99788.5,108877.0,97811.7,122746.5,71888.9,152047.6,126128.6,117762.9,92461.6,46469.8,124684.4,111070.8,108899.6,109090.2,164668.9,152900.1,108131.8,111096.5,111344.0,115527.9,72115.8,125202.4,125346.9,40733.1,107459.4,100092.8
Bunnpris Hareid,20320.0,23426.5,34580.1,34779.3,53571.3,34467.7,37819.0,49576.4,34642.9,21529.0,37069.6,34078.5,59371.1,88678.7,102691.3,0.0,31918.2,111467.7,52197.8,99806.7,34473.4,10827.9,43903.0,96686.3,46319.1,19912.4,41901.6,42175.2,37899.0,102102.9,42956.5,69253.8,31915.5,25874.4,32293.0,38261.9,21396.0,515.9,30228.0,23336.9,35473.2,45236.2,41613.6,34381.8,59289.6,61537.9,99992.1,24336.2,102474.7,102218.2,45841.0,32424.8,109964.9,100883.6,77976.9,102290.8,100016.4,77776.5,49062.0,128800.2,71017.8,72058.4,48449.7,52242.8,10952.2,41829.5,33604.2,43976.4,43457.4,35681.0,36923.7,32061.5,23262.4,30726.0,106975.1,29102.4,23554.9,19953.7,68896.9,99800.5,10821.3,34420.0,19622.6,21785.6,35001.1,24646.5,77829.5,101242.2,27878.1,23642.4,41925.2,120061.1,38359.3,26781.6,22431.1,102472.9,110001.6,97042.2,109961.4,41972.6,144949.9,35733.8,101927.3,30827.4,37913.9,115530.9,12203.1,34305.0,90524.0,42682.3,34468.9,34774.8,45868.2,102673.5,43183.7,68909.2,16871.9,48773.7,36749.9,77331.4,39784.3,22436.5,23096.0,67466.1,65534.7,79735.7,9749.6,97059.8,61878.8,42672.2,25615.9,34704.3,23639.0,48573.8,11591.9,77875.0,51955.9,43590.3,68739.1,99991.0,50511.7,97056.9,34726.9,34917.6,90496.2,78727.4,33959.1,97082.7,97330.1,41355.3,35799.6,51029.7,51174.2,43041.6,33286.7,25920.2
Bunnpris Nørve,14643.1,8784.9,2946.3,3145.5,21937.6,2833.9,6185.2,34499.1,3009.1,12642.7,5435.8,2444.7,44293.8,120290.6,126318.6,32267.7,0.0,143079.6,37120.5,123434.0,2839.6,42439.8,12269.2,81608.9,31241.8,22884.7,67501.6,58372.0,22821.7,125730.2,68556.4,60367.5,260.6,16988.1,638.0,6628.1,12509.7,32127.8,2149.7,9046.3,26586.9,13602.4,58357.1,2748.0,44212.3,85165.2,123619.4,8541.4,126102.0,125845.5,14207.2,769.9,141576.7,82784.9,62899.5,125918.1,123643.7,62699.1,17428.2,151640.9,55940.5,56981.1,33372.4,20609.0,42564.1,58062.0,1970.5,28899.1,69057.4,26794.7,5289.9,293.1,9724.1,2224.0,138587.0,3298.0,14668.6,22926.0,60010.6,123427.8,42433.2,2786.2,51234.5,24757.8,3367.4,9021.2,62752.2,124869.5,4939.0,8839.3,58154.4,143688.4,69971.2,5722.7,25403.4,126100.2,141613.4,81964.8,141573.3,67572.5,168577.2,4100.0,125554.6,1417.0,22836.6,147142.7,43815.0,2671.2,75446.6,11048.6,2835.1,3141.0,30790.9,126300.8,28106.3,60022.9,15250.0,17139.9,68361.8,100958.7,61566.5,25408.8,10032.2,58579.8,50457.3,64658.4,41361.5,81982.5,37992.7,68272.2,7102.3,3070.5,8910.3,16940.1,43203.7,62797.7,36878.6,28769.8,59852.8,123618.2,18877.9,81979.6,3093.1,3283.8,75418.9,63650.1,2325.4,82005.3,82252.8,26278.0,34391.4,19396.0,19540.4,68641.6,1652.9,6616.4
Bunnpris Oldeide,149378.6,152485.1,163638.6,163837.9,182629.9,163526.3,166877.5,178635.0,163701.5,150587.6,166128.1,163137.0,188429.6,23262.7,55579.2,111406.1,160976.8,0.0,181256.4,101248.1,163532.0,101981.2,172961.6,165662.6,175377.6,153375.7,94479.0,103559.2,166957.5,55966.0,96210.3,147449.8,160974.1,154933.0,161351.5,167320.5,150454.6,111344.4,159286.6,152395.5,175512.9,174294.7,102997.5,163440.3,188348.2,95345.3,101433.4,153394.8,55800.0,56291.9,174899.6,161483.4,2795.6,119084.0,207035.4,55986.6,101457.7,206835.0,178120.5,130241.5,166647.6,201116.9,177508.3,181301.4,102300.3,103213.4,162662.8,173034.9,96034.9,175348.3,165982.3,161120.0,152320.9,159784.6,4683.3,158161.0,152613.4,153417.0,147093.0,101241.8,101974.6,163478.6,92744.7,155248.9,164059.7,153705.1,206888.0,55970.5,156936.6,152701.0,103309.1,121502.4,111481.3,155840.1,155894.4,56045.2,2758.9,166018.5,3125.4,94550.0,105471.2,164792.4,56400.7,159885.9,166972.5,8694.9,101932.6,163363.5,219582.5,171740.9,163527.4,163833.3,174926.7,55743.2,172242.2,147105.2,145930.4,177832.2,109871.9,91440.7,100011.7,155899.8,152154.5,146550.3,194593.2,208794.2,102980.5,166036.1,123262.7,95871.4,154674.4,163762.9,152697.6,177632.4,102606.3,206933.6,181014.5,172648.9,147424.1,101432.3,179570.3,166033.2,163785.5,163976.1,219554.8,207786.0,163017.7,166059.0,166306.4,170413.9,127001.7,180088.3,180232.8,95619.1,162345.3,154978.7
Bunnpris Sjøholt,34816.6,30100.3,39489.4,39688.6,58480.6,39377.0,42728.2,24163.1,39552.2,32816.3,41978.9,38987.7,33957.8,140464.1,146492.1,52441.2,36827.5,163253.1,0.0,116796.0,39382.7,62613.3,48812.3,44750.7,20905.8,43058.2,87675.1,78545.5,15295.0,145903.8,88730.0,38942.6,36824.8,25937.2,37202.2,40551.2,30251.9,52301.3,35137.3,29409.7,30090.5,50145.5,78530.6,39291.0,33876.3,105338.7,116981.4,29245.5,146275.5,146019.0,50750.3,37334.1,161750.3,66542.9,26041.3,146091.7,117005.6,52363.2,53971.3,114782.7,19082.2,37971.5,23036.4,57152.1,62737.6,78235.5,38513.5,10148.6,89231.0,30298.3,41833.0,36970.7,29195.9,35635.3,158760.5,34420.7,28027.4,43099.5,38805.7,116789.8,62606.7,39329.3,71408.0,44931.4,39910.4,28128.6,25893.9,145043.0,33835.0,29012.8,78327.9,123559.9,90144.7,32099.9,45576.9,146273.7,161787.0,45106.6,161746.8,87746.1,161939.1,40643.1,145728.2,35736.6,15310.0,167316.2,63988.5,39214.2,65110.6,35833.4,39378.1,39684.0,8840.7,146474.4,11295.4,38598.0,35423.5,29482.4,88535.3,94320.6,81740.0,45582.3,29302.3,62083.4,40121.4,27800.1,61535.0,45124.3,58166.2,88445.7,31485.8,39613.6,29083.8,53483.1,63377.3,25939.4,333.1,18177.0,39549.2,116980.2,55421.0,45121.4,39636.2,39826.9,65082.9,26791.9,38868.4,45147.1,45394.6,11798.2,54564.9,55939.0,56083.5,88815.1,38196.0,32161.3
Bunnpris Stryn,111510.7,114617.1,125770.7,125969.9,144762.0,125658.4,129009.6,140807.4,125833.5,112719.7,128260.2,125269.1,150602.0,77968.0,46279.8,99751.8,123108.8,101233.2,136443.3,0.0,125664.1,90326.9,135093.7,107328.5,137550.0,115507.8,57932.2,65966.4,129129.9,45691.5,57022.1,78549.1,123106.2,116528.2,123483.6,129452.5,112586.7,99690.1,121418.7,114527.6,106612.2,136426.8,65364.5,125572.4,150520.5,38220.8,430.5,115526.9,46063.3,45806.8,137031.7,123615.5,99730.3,50183.3,139494.2,45879.4,351.2,169007.4,140252.6,29121.4,97746.9,163289.3,139680.7,143433.5,90646.0,65620.7,124794.9,130959.5,56846.8,106447.6,128114.4,123252.1,114453.0,121916.7,96740.6,120293.1,118618.5,115549.1,78192.3,238.9,90320.3,125610.6,86902.9,117381.0,126191.8,115837.2,139346.9,45587.7,119068.7,114833.0,65231.6,20382.3,105639.5,117972.2,118026.5,46061.5,99767.0,107684.4,99726.9,57843.8,45689.5,126924.4,45515.9,122018.0,129144.9,105296.3,90278.3,125495.6,181754.9,133873.0,125659.5,125965.4,130113.6,46262.1,132106.4,78204.5,108062.5,139964.3,104030.1,22540.0,64189.0,118031.9,114286.6,77649.6,156765.6,124738.1,91326.2,107702.1,85394.8,57143.5,116806.5,125895.0,114829.7,139764.5,90952.0,139392.4,136201.4,134821.2,78523.4,184.2,141702.3,107699.2,125917.6,126108.2,181727.1,140244.8,125149.8,107724.9,107972.4,125188.1,89133.8,142220.4,142364.9,56883.6,124477.4,117110.8
NEDRE STRANDGATE 9,17011.3,11153.1,396.6,595.8,21947.3,312.7,3380.0,37164.8,372.0,15011.0,2630.6,549.4,46959.4,122658.8,128686.8,34635.9,3088.1,145447.8,39488.7,125802.2,0.0,44808.0,12279.0,83977.2,33907.4,25252.9,69869.8,60740.2,25189.9,128098.5,70924.7,62735.8,2890.4,19356.4,3064.6,6637.9,14877.9,34496.0,5244.4,11414.6,28955.1,13612.2,60725.3,625.5,46877.9,87533.4,125987.6,10909.6,128470.2,128213.7,14217.0,3196.5,143945.0,85153.2,65267.8,128286.4,126011.9,65364.8,17438.0,154009.1,58308.7,59646.7,36038.0,20618.8,44932.3,60430.2,941.4,31267.3,71425.7,29162.9,2484.8,3231.4,12092.3,5742.4,140955.2,5666.2,17036.8,25294.2,62378.9,125796.0,44801.4,199.1,53602.7,27126.1,562.2,11389.5,65120.4,127237.7,7307.3,11207.5,60522.6,146056.6,72339.4,8091.0,27771.6,128468.4,143981.7,84333.1,143941.5,69940.8,170945.4,1294.9,127922.9,4355.3,25204.9,149510.9,46183.2,698.7,78112.3,11058.3,862.6,591.3,33159.1,128669.0,30474.6,62391.1,17618.2,17149.6,70730.0,103326.9,63934.7,27777.0,12400.4,60948.0,53123.0,67026.6,43729.7,84350.7,40360.9,70640.4,9470.5,433.4,11278.6,16949.8,45572.0,65165.9,39246.8,28779.6,62221.0,125986.5,18887.7,84347.8,543.4,734.1,78084.5,66018.3,556.9,84373.6,84621.0,28646.2,36759.6,19405.7,19550.2,71009.8,1579.9,8984.7
Bunnpris Ulsteinvik,30942.1,34048.6,45202.2,45401.4,64193.4,45089.8,48441.1,60198.5,45265.0,32151.1,47691.7,44700.5,69993.2,79239.1,93251.7,10742.7,42540.3,102028.1,62819.9,90367.1,45095.5,0.0,54525.1,107308.4,56941.2,30534.5,32461.9,32735.6,48521.1,92663.3,33516.8,79875.9,42537.6,36496.5,42915.1,48884.0,32018.1,10680.9,40850.1,33959.0,46095.3,55858.3,32173.9,45003.9,69911.7,52098.3,90552.5,34958.3,93035.1,92778.6,56463.1,43046.9,100525.2,91444.0,88599.0,92851.2,90576.7,88398.6,59684.1,119360.6,81639.9,82680.5,59071.8,62864.9,549.0,32389.8,44226.3,54598.5,34017.8,46303.1,47545.8,42683.6,33884.4,41348.1,97535.5,39724.5,34177.0,30575.8,79519.0,90360.9,43.8,45042.1,10183.0,32407.7,45623.2,35268.6,88451.6,91802.6,38500.2,34264.5,32485.6,110621.5,28919.7,37403.7,33053.2,93033.3,100561.9,107664.3,100521.8,32532.9,135510.3,46355.9,92487.7,41449.5,48536.0,106091.2,453.3,44927.1,101146.1,53304.4,45091.0,45396.9,56490.3,93233.9,53805.7,79531.3,27494.0,59395.7,27310.3,67891.8,30344.7,33058.6,33718.0,78088.1,76156.8,90357.8,1695.6,107681.9,52439.2,33232.6,36237.9,45326.4,34261.1,59195.9,1098.6,88497.1,62578.0,54212.4,79361.2,90551.3,61133.8,107679.0,45349.0,45539.7,101118.3,89349.5,44581.2,107704.8,107952.2,51977.4,56178.1,61651.8,61796.3,33602.0,43908.8,36542.3
Bunnpris Valderøy,26462.3,20604.1,12317.2,12516.4,14275.4,12204.8,15556.1,39078.1,12380.0,24461.9,14806.7,11815.6,48872.7,132109.8,138137.7,44086.8,12539.1,154898.7,48939.7,135253.2,12210.5,54259.0,0.0,93428.1,35820.7,34703.9,79320.7,70191.1,34640.8,137549.4,80375.6,72186.7,12341.3,28807.3,12515.6,8551.2,24328.9,43947.0,14695.3,20865.5,38406.0,1337.9,70176.2,12118.9,48791.3,96984.3,135438.6,20360.6,137921.2,137664.7,6545.1,12647.4,153395.9,94604.1,74718.7,137737.3,135462.8,67278.1,9766.1,163460.1,67759.6,61560.0,37951.4,11699.2,54383.3,69881.1,11341.3,38171.3,80876.6,38613.9,14660.8,12682.4,21543.2,15193.3,150406.1,15117.2,26487.7,34745.2,71829.8,135247.0,54252.4,12157.1,63053.7,36577.0,12738.2,20840.4,74571.3,136688.7,16758.2,20658.5,69973.6,155507.6,81790.4,17541.9,37222.5,137919.4,153432.6,93784.0,153392.4,79391.7,180396.4,13470.9,137373.8,13806.2,34655.8,158961.9,55634.1,12042.1,80025.6,12971.6,12206.0,12511.9,42610.0,138120.0,37378.5,71842.1,27069.2,19063.0,80180.9,112777.9,73385.7,37228.0,21851.4,70398.9,55036.3,76477.5,53180.6,93801.7,49811.9,80091.4,18921.5,12441.4,20729.5,8030.2,55022.9,74616.8,48697.8,30692.9,71672.0,135437.4,9968.1,93798.8,12464.0,12654.7,79997.8,75469.3,11696.2,93824.5,94072.0,38097.1,46210.6,10486.1,10630.6,80460.7,11024.2,18435.6
Bunnpris Valldal,79310.6,74594.3,83983.4,84182.6,102974.6,83871.0,87222.3,68657.2,84046.2,77310.3,86472.9,83481.8,78451.8,142406.5,110718.3,96935.2,81321.5,165671.6,44756.3,107227.9,83876.7,107107.3,93306.3,0.0,65399.8,87552.3,105615.1,123039.5,59789.1,110130.0,104705.0,18976.8,81318.8,70431.2,81696.3,85045.2,74745.9,96795.3,79631.3,73903.8,52203.7,94639.5,123024.6,83785.1,78370.3,85903.7,107461.0,73739.5,110501.7,110245.3,95244.3,81828.1,164168.8,46577.2,67489.8,110317.9,107225.7,96857.2,98465.3,78142.7,25742.4,79420.0,67530.4,101646.1,107231.6,122729.5,83007.5,54642.6,104529.6,52039.2,86327.0,81464.8,73690.0,80129.3,161179.1,78914.8,72521.5,87593.5,18840.0,107283.2,107100.7,83823.3,115902.1,89425.4,84404.4,72622.6,67342.4,110026.2,78329.0,73506.9,122822.0,86919.9,134638.7,76593.9,90070.9,110500.0,164205.5,402.0,164165.4,105526.7,152733.7,85137.1,109954.4,80230.7,59804.0,169734.8,108482.5,83708.3,109604.7,80327.4,83872.2,84178.1,53334.7,110700.6,55789.4,18632.2,79917.5,73976.4,133029.3,74354.9,111871.8,90076.4,73796.3,20653.8,84615.4,52733.6,106029.0,419.7,102660.2,104826.4,75979.8,84107.6,73577.9,97977.1,107871.3,67387.9,44827.1,62671.0,19583.5,107043.7,99915.0,416.8,84130.2,84320.9,109576.9,68240.4,83362.4,442.5,690.0,56292.2,99058.9,100433.0,100577.5,104566.4,82690.0,76655.3
Bunnpris Vatne,28806.2,24089.9,33934.6,34133.8,45583.0,33822.2,37173.4,3518.5,33997.4,26805.9,36424.0,33432.9,13503.3,134453.7,140481.7,46430.8,30817.1,157242.7,20919.8,137764.6,33827.9,56602.9,35914.7,65408.2,0.0,37047.8,81664.7,72535.1,9071.2,139893.4,82719.6,65094.1,30814.4,27160.2,31191.9,28104.0,26672.8,46290.9,29126.9,23399.4,31313.5,37247.9,72520.2,33736.2,13421.8,99328.3,137949.9,23235.1,140265.1,140008.7,37852.7,31323.7,155739.9,87511.5,38452.2,140081.3,137974.2,31908.7,41073.7,135440.2,39739.8,26000.4,2391.8,44254.5,56727.2,72225.1,32958.7,10831.4,83220.6,31521.3,36278.2,30960.4,23185.6,29624.9,152750.1,28410.4,28831.7,37089.1,64737.2,137758.4,56596.3,33774.5,65397.7,38921.0,34355.6,22118.2,38304.8,139032.6,27824.6,23002.4,72317.6,144217.5,84134.3,26089.5,39566.5,140263.4,155776.6,65764.2,155736.4,81735.7,182907.7,35088.3,139717.8,29726.3,9086.2,161305.9,57978.1,33659.4,44656.1,23386.2,33823.3,34129.2,14590.2,140464.0,10038.7,64749.5,29413.1,17035.2,82524.9,115289.2,75729.6,39571.9,23291.9,63306.3,19666.9,48457.7,55524.6,65781.8,52155.8,82435.3,25475.4,34058.8,23073.5,40585.5,57366.9,38350.3,20677.9,5729.8,64579.4,137948.8,42523.4,65778.9,34081.4,34272.1,44628.4,38056.1,33313.6,65804.7,66052.1,13021.1,48554.5,43041.4,43185.9,82804.7,32641.6,26150.9
Bunnpris Vedde,11088.9,14195.4,25349.0,25548.2,44340.3,25236.6,28587.9,40345.4,25411.8,12298.0,27838.5,24847.4,50140.0,108055.5,118495.8,20032.6,22687.1,130844.5,42966.8,115611.2,25242.4,30204.7,34672.0,87455.2,37088.0,0.0,59678.8,50549.2,28667.9,117907.4,60733.7,60022.8,22684.5,16643.4,23061.9,29030.8,12164.9,19892.7,20997.0,14105.8,26242.1,36005.1,50534.2,25150.7,50058.6,77342.4,115796.6,15105.2,118279.2,118022.7,36610.0,23193.8,129341.7,82440.2,68745.8,118095.3,115820.9,68545.4,39830.9,144604.7,61786.7,62827.3,39218.7,43011.8,30329.0,50239.2,24373.2,34745.3,61234.6,26449.9,27692.7,22830.4,14031.3,21495.0,126351.9,19871.3,14323.8,41.3,59665.9,115605.0,30198.1,25188.9,38999.5,1953.8,25770.1,15415.5,68598.4,117046.7,18647.0,14411.3,50331.6,135865.6,57736.1,17550.5,2599.4,118277.4,129378.4,87811.1,129338.2,59749.7,160754.4,26502.7,117731.8,21596.3,28682.9,134907.7,31579.9,25073.9,81292.9,33451.3,25237.8,25543.7,36637.1,118478.0,33952.6,59678.1,7640.8,39542.6,56126.7,93135.9,53743.7,2604.8,13864.9,58235.0,56303.6,70504.6,29126.4,87828.7,30169.9,60449.4,16384.8,25473.3,14408.0,39342.8,30968.7,68643.9,42724.9,34359.2,59508.1,115795.4,41280.6,87825.9,25495.9,25686.5,81265.2,69496.4,24728.1,87851.6,88099.1,32124.2,26568.6,41798.7,41943.2,60818.8,24055.7,16689.1
Bunnpris Volda,55635.5,58742.0,69895.6,70094.8,88886.8,69783.2,73134.4,84891.9,69958.4,56844.5,72385.1,69393.9,94686.6,91758.4,60827.1,41831.5,67233.7,115023.5,87513.3,57942.6,69788.9,32406.5,79218.5,105598.1,81634.6,59632.6,0.0,9816.1,73214.5,60238.8,1768.7,87385.4,67231.0,61189.9,67608.4,73577.4,56711.5,41769.7,65543.5,58652.4,62712.0,80551.7,9254.4,69697.3,94605.1,19673.7,58128.0,59651.7,60610.6,60354.1,81156.5,67740.3,113520.7,59019.5,113292.4,60426.7,58152.2,113091.9,84377.5,86936.1,106333.3,107373.9,83765.2,87558.3,32725.6,9470.3,68919.7,79291.9,1593.3,62547.4,72239.2,67376.9,58577.8,66041.5,110530.9,64417.9,58870.4,59673.9,87028.5,57936.4,32399.9,69735.5,28982.5,61505.8,70316.6,59962.0,113145.0,59378.1,63193.6,58957.9,9566.1,78197.0,47719.2,62097.0,62151.3,60608.8,113557.4,105954.0,113517.2,88.4,103085.8,71049.3,60063.2,66142.8,73229.4,119086.7,32358.0,69620.4,125839.4,77997.8,69784.3,70090.3,81183.7,60809.4,78499.1,87040.7,52187.3,84089.1,46109.7,35467.3,6268.6,62156.7,58411.4,86485.9,100850.1,115051.2,33405.8,105971.7,29519.7,1478.6,60931.3,70019.8,58954.5,83889.3,33031.7,113190.5,87271.4,78905.8,87359.6,58126.8,85827.2,105968.8,70042.4,70233.1,125811.7,114042.9,69274.6,105994.5,106242.0,76670.8,33258.6,86345.2,86489.7,1177.4,68602.2,61235.7
Bunnpris Ørsta,46514.2,49620.7,60774.3,60973.5,79765.6,60661.9,64013.2,75770.7,60837.1,47723.3,63263.8,60272.7,85565.3,99778.3,68847.0,41982.3,58112.4,123043.4,78392.0,65962.5,60667.6,32557.3,70097.2,122880.5,72513.3,50511.4,9764.3,0.0,64093.2,68258.7,10819.2,95405.3,58109.8,52068.7,58487.2,64456.1,47590.2,41920.5,56422.2,49531.1,53590.7,71430.4,619.8,60576.0,85483.8,27693.6,66147.9,50530.5,68630.5,68374.0,72035.2,58619.1,121540.6,67039.4,104171.1,68446.6,66172.1,103970.7,75256.2,94956.0,97212.0,98252.6,74644.0,78437.0,32876.4,630.3,59798.5,70170.6,11320.2,53426.1,63117.9,58255.7,49456.6,56920.2,118550.8,55296.6,49749.1,50552.7,95048.4,65956.3,32550.7,60614.2,29133.3,52384.5,61195.3,50840.8,104023.7,67398.0,54072.3,49836.6,726.0,86216.9,47870.0,52975.8,53030.0,68628.7,121577.3,123236.4,121537.1,9835.3,111105.7,61928.0,68083.1,57021.6,64108.2,127106.6,32508.8,60499.2,116718.2,68876.6,60663.1,60969.0,72062.4,68829.3,69377.9,95060.6,43066.1,74967.9,46260.5,43487.1,3829.3,53035.5,49290.2,94505.8,91728.9,105929.9,33556.6,123254.0,20398.4,10534.9,51810.1,60898.5,49833.3,74768.1,33182.5,104069.2,78150.1,69784.5,95379.5,66146.7,76705.9,123251.1,60921.1,61111.8,116690.4,104921.7,60153.4,123276.9,123524.3,67549.5,24137.4,77224.0,77368.4,10904.3,59480.9,52114.4
"Digernessundet, 6057 Ellingsøy",20455.3,15739.0,25128.1,25327.3,44119.3,25015.7,28366.9,12309.0,25190.9,18455.0,27617.6,24626.4,22103.6,126102.8,132130.8,38079.9,22466.2,148891.8,15512.7,129413.7,25021.4,48252.0,34451.0,60001.2,9051.6,28696.9,73313.8,64184.2,0.0,131542.4,74368.7,56743.2,22463.5,18809.3,22840.9,28697.0,18321.9,37940.0,20776.0,15048.4,22962.5,35784.2,64169.3,24929.7,22022.1,90977.4,129599.0,14884.2,131914.2,131657.7,36389.0,22972.8,147388.9,79160.6,41291.8,131730.4,129623.3,40509.0,39610.0,130033.1,34332.7,34790.9,11182.3,42790.8,48376.3,63874.2,24152.2,6708.9,74869.6,23170.4,27471.7,22609.4,14834.6,21274.0,144399.2,20059.4,20480.8,28738.2,56386.3,129407.5,48245.4,24968.0,57046.7,30570.1,25549.1,13767.3,41144.4,130681.7,19473.7,14651.5,63966.6,138810.4,75783.4,17738.6,31215.6,131912.4,147425.7,60357.1,147385.5,73384.8,174556.8,26281.8,131366.9,21375.3,221.3,152954.9,49627.2,24852.9,53256.5,23979.2,25016.8,25322.7,9183.1,132113.0,5916.2,56398.6,21062.2,17628.2,74174.0,106938.3,67378.7,31221.0,14941.0,54955.4,28267.2,43050.6,47173.7,60374.7,43804.9,74084.4,17124.5,25252.3,14722.5,39121.8,49016.0,41189.9,15270.8,6322.8,56228.5,129597.9,41059.7,60371.8,25274.9,25465.6,53228.7,42042.3,24507.1,60397.6,60645.0,4670.2,40203.6,41577.7,41722.2,74453.8,23834.7,17799.9
"Eidsgata 12, 6770 Nordfjordeid",93925.6,97032.1,108185.7,108384.9,127176.9,108073.3,111424.5,123182.0,108248.5,95134.6,110675.1,107684.0,132976.6,32742.2,564.0,80121.5,105523.8,56007.4,125803.4,45736.3,108079.0,70696.6,117508.6,110150.8,119924.6,97922.7,39026.0,48106.2,111504.5,0.0,40757.3,91938.1,105521.1,99480.0,105898.5,111867.5,95001.6,80059.8,103833.6,96942.5,120001.1,118841.7,47544.5,107987.3,132895.2,40561.9,45921.7,97941.8,582.4,325.9,119446.6,106030.4,54504.5,63572.2,151582.4,398.5,45945.9,151382.0,122667.5,74729.8,111135.8,145663.9,122055.3,125848.4,71015.7,47760.4,107209.8,117581.9,40581.9,119836.5,110529.3,105667.0,96867.9,104331.6,51514.8,102708.0,97160.4,97964.0,91581.2,45730.1,70690.0,108025.6,67272.6,99795.9,108606.7,98252.1,151435.0,1291.7,101483.6,97248.0,47856.1,65990.7,86009.3,100387.1,100441.4,330.0,54541.2,110506.7,54501.1,39097.0,49505.2,109339.4,434.6,104432.9,111519.5,60070.5,70648.0,107910.5,164129.5,116287.9,108074.4,108380.3,119473.7,546.3,116789.2,91593.4,90477.4,122379.2,84399.8,35929.0,44558.7,100446.8,96701.5,91038.6,139140.2,153341.3,71695.9,110524.4,67809.7,40418.4,99221.4,108309.9,97244.6,122179.4,71321.8,151480.6,125561.5,117195.9,91912.3,45920.5,124117.3,110521.5,108332.5,108523.2,164101.8,152333.0,107564.7,110547.2,110794.7,114960.9,71548.7,124635.3,124779.8,40166.0,106892.3,99525.7
"Volda, 6100 Volda",56829.6,59936.1,71089.7,71288.9,90080.9,70977.3,74328.5,86086.0,71152.5,58038.6,73579.1,70588.0,95880.6,90896.7,59965.5,43025.6,68427.8,114161.9,88707.4,57080.9,70983.0,33600.6,80412.6,104736.4,82828.6,60826.7,1739.0,11010.2,74408.5,59377.1,0.0,86523.7,68425.1,62384.0,68802.5,74771.5,57905.6,42963.8,66737.6,59846.5,63906.0,81745.7,10448.5,70891.3,95799.2,18812.1,57266.3,60845.8,59748.9,59492.4,82350.6,68934.4,112659.0,58157.8,114486.4,59565.1,57290.6,114286.0,85571.6,86074.4,107527.4,108567.9,84959.3,88752.4,33919.7,10664.4,70113.8,80485.9,731.6,63741.5,73433.3,68571.0,59771.9,67235.6,109669.3,65612.0,60064.4,60868.0,86166.8,57074.7,33594.0,70929.6,30176.6,62699.9,71510.7,61156.1,114339.0,58516.4,64387.6,60152.0,10760.1,77335.3,48913.3,63291.1,63345.4,59747.1,112695.7,105092.4,112655.6,1650.6,102224.1,72243.4,59201.5,67336.9,74423.5,118225.0,33552.0,70814.5,127033.5,79191.9,70978.4,71284.3,82377.8,59947.7,79693.2,86179.1,53381.4,85283.2,47303.8,34605.6,7462.7,63350.8,59605.5,85624.2,102044.2,116245.3,34599.9,105110.0,30713.8,536.3,62125.4,71213.9,60148.6,85083.4,34225.8,114384.6,88465.5,80099.8,86497.9,57265.2,87021.3,105107.1,71236.5,71427.2,127005.8,115237.0,70468.7,105132.9,105380.3,77864.9,34452.7,87539.3,87683.8,690.4,69796.3,62429.7
"Dregesvegen 2, 6200 Stranda",52074.9,51579.1,62732.7,62931.9,81723.9,62620.3,65971.6,68187.7,62795.5,48579.2,65222.2,62231.0,77982.3,124195.2,92507.0,69699.5,60070.8,147460.3,38805.4,78618.9,62626.0,79871.6,72055.6,18806.5,64930.3,60316.5,87403.8,95438.0,56510.2,91918.7,86493.7,0.0,60068.1,43908.5,60445.5,66414.5,48223.2,69559.6,58380.6,51489.5,33992.4,73388.8,94836.1,62534.4,77900.8,67692.4,78804.3,52488.8,92290.4,92034.0,73993.6,60577.4,145957.5,28365.9,61538.9,92106.6,78828.6,96387.7,77214.6,107612.4,19791.5,73469.1,67060.9,80395.4,79995.9,95092.2,61756.8,58339.8,86318.3,33827.9,65076.3,60214.1,51414.9,58878.6,142967.8,57255.0,45998.8,60357.8,628.7,78612.7,79865.0,62572.6,116374.4,62189.7,63153.7,52799.1,61391.5,91814.9,56030.7,51795.0,94703.1,98873.3,135111.1,54934.1,62835.2,92288.7,145994.2,19162.4,145954.0,87315.4,123762.1,63886.4,91743.1,58979.9,56525.2,151523.5,81246.8,62457.5,109135.2,70834.9,62621.4,62927.4,57493.9,92489.3,59486.7,344.6,52681.8,73506.9,133501.7,56143.6,93660.5,62840.6,51248.5,2442.5,84145.9,46782.7,78793.3,19180.0,64752.0,86615.1,53768.4,62856.9,51791.6,76726.4,80635.5,61437.0,38876.2,62201.5,1170.9,78803.2,78664.3,19177.1,62879.5,63070.2,109107.4,62289.4,62111.7,19202.9,19450.3,52568.4,61150.7,79182.3,79326.8,86355.1,61439.3,54072.8
"Ålesund, 6008 Ålesund",14447.5,8589.3,2892.8,3092.0,21884.0,2780.4,6131.7,34303.5,2955.6,12447.2,5382.3,2391.2,44098.2,120095.0,126123.0,32072.1,295.3,142884.0,36924.9,123238.4,2786.1,42244.2,12215.7,81413.4,31046.2,22689.1,67306.0,58176.4,22626.1,125534.6,68360.9,60172.0,0.0,16792.5,442.4,6574.6,12314.1,31932.2,2680.6,8850.8,26391.3,13548.9,58161.5,2694.5,44016.7,84969.6,123423.8,8345.8,125906.4,125649.9,14153.7,574.3,141381.2,82589.4,62704.0,125722.6,123448.1,62503.6,17374.7,151445.3,55744.9,56785.5,33176.8,20555.5,42368.5,57866.4,1916.9,28703.5,68861.9,26599.1,5236.4,438.6,9528.5,2369.5,138391.4,3102.4,14473.0,22730.4,59815.1,123232.2,42237.6,2732.7,51038.9,24562.3,3313.8,8825.7,62556.6,124673.9,4743.5,8643.7,57958.8,143492.8,69775.6,5527.2,25207.8,125904.6,141417.9,81769.3,141377.7,67377.0,168381.6,4046.5,125359.1,1562.4,22641.1,146947.1,43619.4,2617.7,75251.1,10995.1,2781.6,3087.5,30595.3,126105.2,27910.8,59827.3,15054.4,17086.4,68166.2,100763.1,61370.9,25213.2,9836.6,58384.2,50261.8,64462.8,41165.9,81786.9,37797.1,68076.6,6906.7,3017.0,8714.7,16886.6,43008.2,62602.1,36683.0,28716.3,59657.2,123422.7,18824.4,81784.0,3039.6,3230.3,75223.3,63454.5,2271.8,81809.8,82057.2,26082.4,34195.8,19342.5,19486.9,68446.0,1599.4,6420.9
Ebbegarden barnehage,8697.0,8201.2,19354.8,19554.0,38346.0,19242.4,22593.6,30289.2,19417.6,5201.3,21844.2,18853.1,40083.8,114344.5,120372.5,26321.5,16692.9,137133.4,25925.1,116580.5,19248.1,36493.7,28677.7,70413.5,27031.8,16938.6,61555.4,52425.9,18611.7,119784.1,62610.3,43910.0,16690.2,0.0,17067.6,23036.6,4845.3,26181.7,15002.7,8111.6,10129.3,30010.8,52410.9,19156.4,40002.4,79219.1,116765.8,9110.9,120155.9,119899.4,30615.7,17199.5,135630.6,66327.4,51704.1,119972.0,116790.1,58489.2,33836.6,140445.5,44745.1,52771.1,29162.5,37017.5,36618.0,52115.9,18378.9,20441.3,63111.3,10337.2,21698.4,16836.1,8037.0,15500.7,132640.9,13877.1,2620.8,16979.9,43553.1,116574.2,36487.1,19194.6,45288.4,18811.7,19775.8,9421.2,51556.7,118923.4,12652.7,8417.1,52208.3,136834.8,64025.1,11556.2,19457.2,120154.1,135667.3,70769.4,135627.1,61626.4,161723.6,20508.5,119608.5,15602.0,18626.7,141196.6,37868.8,19079.6,71236.7,27457.0,19243.5,19549.4,19595.5,120354.7,21588.2,43565.4,9303.9,33548.3,62415.6,94105.1,55620.4,19462.7,7870.6,42122.2,46247.4,53463.0,35415.3,70787.1,32046.6,62326.1,10390.5,19479.0,8413.7,33348.5,37257.6,51602.3,25683.2,24303.0,43395.3,116764.7,35286.4,70784.2,19501.6,19692.2,71209.0,52454.7,18733.8,70809.9,71057.4,14669.9,28445.3,35804.4,35948.9,62695.5,18061.4,10694.8
"Eidet, 6008 Ålesund",14578.6,8720.4,3255.8,3455.0,22247.1,3143.5,6494.7,34434.6,3318.7,12578.3,5745.3,2754.2,44229.3,120226.1,126254.1,32203.2,658.3,143015.1,37056.0,123369.5,3149.2,42375.3,12578.8,81544.5,31177.3,22820.2,67437.1,58307.5,22757.2,125665.8,68492.0,60303.1,460.6,16923.7,0.0,6937.6,12445.2,32063.3,2811.7,8981.9,26522.4,13911.9,58292.6,3057.5,44147.8,85100.7,123554.9,8476.9,126037.5,125781.1,14516.8,571.7,141512.3,82720.5,62835.1,125853.7,123579.2,62634.7,17737.7,151576.4,55876.0,56916.6,33307.9,20918.6,42499.6,57997.5,2280.0,28834.6,68993.0,26730.2,5599.5,801.6,9659.6,3309.7,138522.5,3233.5,14604.1,22861.5,59946.2,123363.3,42368.7,3095.7,51170.0,24693.4,3676.9,8956.8,62687.7,124805.0,4874.6,8774.8,58089.9,143623.9,69906.7,5658.3,25338.9,126035.7,141549.0,81900.4,141508.8,67508.1,168512.7,4409.6,125490.2,1925.5,22772.2,147078.2,43750.5,2980.7,75382.2,11358.1,3144.6,3450.5,30726.4,126236.4,28041.9,59958.4,15185.5,17449.4,68297.3,100894.2,61502.0,25344.3,9967.7,58515.3,50392.9,64593.9,41297.0,81918.0,37928.2,68207.7,7037.8,3380.1,8845.9,17249.6,43139.3,62733.2,36814.1,29079.4,59788.3,123553.8,19187.5,81915.1,3402.7,3593.3,75354.4,63585.7,2634.9,81940.9,82188.3,26213.5,34326.9,19705.5,19850.0,68577.1,1962.5,6552.0
Ellingsøy barnehage,20781.8,14923.6,6636.7,6835.9,18285.2,6524.4,9875.6,31333.1,6699.5,18781.4,9126.2,6135.1,41127.7,126429.3,132457.3,38406.4,6858.6,149218.3,40514.6,129572.7,6530.1,48578.5,8616.9,85003.1,28075.7,29023.4,73640.3,64510.7,28666.0,131868.9,74695.2,66506.2,6660.9,23126.8,6835.1,0.0,18648.4,38266.5,9014.8,15185.0,32725.6,9950.1,64495.8,6438.4,41046.2,91303.9,129758.1,14680.1,132240.7,131984.2,10554.9,6967.0,147715.4,88923.6,66293.7,132056.9,129782.4,59533.1,13775.9,155035.0,59334.6,53815.0,30206.4,16956.7,48702.8,64200.7,5660.9,30426.2,75196.1,32933.4,8980.4,7001.9,15862.8,9512.8,144725.7,9436.7,20807.3,29064.7,66149.3,129566.5,48571.9,6476.6,57373.2,30896.5,7057.8,15159.9,66146.3,131008.2,11077.7,14978.0,64293.1,149827.1,76109.9,11861.4,31542.1,132238.9,147752.1,85359.0,147712.0,73711.2,174715.9,7790.4,131693.3,8125.8,28681.0,153281.4,49953.7,6361.6,72280.6,5226.6,6525.5,6831.4,34185.0,132439.5,29633.5,66161.6,21388.7,11317.9,74500.5,107097.4,67705.2,31547.5,16170.9,64718.5,47291.3,68052.5,47500.2,85376.6,44131.4,74410.9,13241.0,6761.0,15049.0,13287.7,49342.4,66191.8,40272.7,22947.9,65991.5,129756.9,15225.6,85373.8,6783.6,6974.2,72252.8,67044.3,6015.8,85399.5,85646.9,32616.0,40530.1,15743.6,15888.1,74780.3,5343.7,12755.1
Gamle Blindheimsveg 25,4180.8,3685.0,14838.6,15037.8,33829.8,14726.2,18077.5,29834.9,14901.4,466.9,17328.1,14337.0,39629.6,109828.3,115856.3,21805.4,12176.7,132617.3,32456.3,112971.7,14731.9,31977.5,24161.5,76944.8,26577.6,12422.4,57039.3,47909.7,18157.5,115268.0,58094.2,48227.7,12174.0,4848.3,12551.5,18520.4,0.0,21665.5,10486.5,3595.4,14447.1,25494.7,47894.8,14640.3,39548.1,74702.9,113157.1,4594.8,115639.7,115383.3,26099.5,12683.4,131114.5,70645.1,58235.4,115455.9,113181.4,58035.0,29320.5,146976.7,51276.3,52316.9,28708.2,32501.3,32101.8,47599.7,13862.7,24234.9,58595.2,14654.9,17182.2,12320.0,3520.9,10984.5,128124.7,9360.9,2528.8,12463.7,47870.8,112965.5,31970.9,14678.5,40772.3,14295.6,15259.6,4905.0,58088.0,114407.2,8136.6,3900.9,47692.1,133226.1,59508.9,7040.1,14941.1,115637.9,131151.2,77300.7,131111.0,57110.3,158114.9,15992.3,115092.4,11085.9,18172.5,136680.5,33352.7,14563.5,70782.5,22940.8,14727.4,15033.3,26126.7,115838.6,23442.2,47883.1,4787.7,29032.2,57899.5,90496.4,51104.2,14946.5,3354.5,46439.9,45793.2,59994.2,30899.2,77318.3,27530.4,57809.9,5874.4,14962.8,3897.5,28832.3,32741.5,58133.5,32214.4,23848.8,47713.0,113156.0,30770.2,77315.4,14985.4,15176.1,70754.7,58986.0,14217.6,77341.2,77588.6,18987.7,23929.1,31288.3,31432.7,58179.3,13545.2,6178.7
Eurospar Hareid,20682.8,23789.3,34942.9,35142.1,53934.1,34830.5,38181.7,49939.2,35005.7,21891.8,37432.4,34441.2,59733.9,88506.3,102518.8,483.4,32281.0,111295.3,52560.6,99634.3,34836.2,10655.5,44265.8,97049.0,46681.9,20275.2,41729.1,42002.8,38261.8,101930.5,42784.0,69616.6,32278.3,26237.2,32655.7,38624.7,21758.8,0.0,30590.8,23699.7,35836.0,45599.0,41441.1,34744.6,59652.4,61365.4,99819.7,24699.0,102302.3,102045.8,46203.8,32787.6,109792.4,100711.2,78339.6,102118.4,99843.9,78139.3,49424.8,128627.8,71380.6,72421.2,48812.5,52605.6,10779.8,41657.0,33967.0,44339.2,43285.0,36043.8,37286.5,32424.3,23625.1,31088.8,106802.7,29465.2,23917.7,20316.5,69259.7,99628.1,10648.9,34782.8,19450.2,22148.4,35363.9,25009.3,78192.3,101069.8,28240.9,24005.2,41752.8,119888.7,38186.9,27144.3,22793.9,102300.5,109829.1,97404.9,109789.0,41800.1,144777.5,36096.6,101754.9,31190.1,38276.7,115358.4,12030.7,34667.7,90886.7,43045.1,34831.6,35137.6,46231.0,102501.1,43546.4,69272.0,17234.7,49136.4,36577.4,77158.9,39611.9,22799.3,23458.7,67828.8,65897.5,80098.5,9577.2,97422.6,61706.4,42499.8,25978.6,35067.1,24001.8,48936.6,11419.4,78237.8,52318.7,43953.1,69101.9,99818.5,50874.5,97419.7,35089.7,35280.4,90859.0,79090.2,34321.9,97445.4,97692.9,41718.1,65445.3,51392.5,51537.0,42869.1,33649.5,26283.0
LARSGÅRDSVEGEN 19,12669.6,6811.4,5072.4,5271.6,24063.6,4960.0,8311.3,32525.7,5135.2,10669.3,7561.9,4570.7,42320.3,118317.1,124345.1,30294.2,2410.5,141106.1,35147.0,121460.6,4965.7,40466.3,14395.3,79635.5,29268.3,20911.2,65528.1,56398.5,20848.2,123756.8,66583.0,58394.1,2407.8,15014.7,2785.3,8754.2,10536.2,30154.3,0.0,7072.9,24613.4,15728.5,56383.6,4874.1,42238.8,83191.7,121645.9,6568.0,124128.5,123872.1,16333.3,2917.1,139603.3,80811.5,60926.1,123944.7,121670.2,60725.7,19554.3,149667.4,53967.0,55007.6,31399.0,22735.1,40590.6,56088.5,4096.5,26925.6,67084.0,24821.2,7416.0,1950.4,7750.6,1131.5,136613.5,1123.6,12695.1,20952.5,58037.2,121454.4,40459.7,4912.3,49261.1,22784.4,5493.4,7047.8,60778.7,122896.0,2764.6,6865.8,56180.9,141714.9,67997.7,3749.3,23429.9,124126.7,139640.0,79991.4,139599.8,65599.1,166603.7,6226.1,123581.2,1112.1,20863.2,145169.3,41841.5,4797.2,73473.2,13174.6,4961.2,5267.1,28817.4,124327.4,26132.9,58049.4,13276.5,19265.9,66388.3,98985.2,59593.0,23435.4,8058.7,56606.3,48483.9,62684.9,39388.0,80009.0,36019.2,66298.7,5128.8,5196.6,6936.9,19066.1,41230.3,60824.2,34905.1,26539.5,57879.4,121644.8,21004.0,80006.1,5219.2,5409.9,73445.4,61676.7,4451.4,80031.9,80279.3,24304.5,32417.9,21522.0,21666.5,66668.1,3779.0,4643.0
Eurospar Moa,5769.8,1052.0,11756.8,11956.0,30748.0,11644.4,14995.6,26789.6,11819.6,3769.4,14246.2,11255.1,36584.2,111417.3,117445.3,23394.4,9094.9,134206.3,29410.9,114560.7,11650.1,33566.5,21079.7,73899.4,23532.2,14011.4,58628.2,49498.7,15112.1,116856.9,59683.1,51494.2,9092.2,8114.8,9469.6,15438.6,3636.4,23254.5,7404.7,0.0,17713.6,22412.8,49483.7,11558.4,36502.7,76291.9,114746.1,1549.4,117228.7,116972.2,23017.7,9601.5,132703.4,73911.6,55190.0,117044.8,114770.4,54989.6,26238.6,143931.4,48230.9,49271.5,25662.9,29419.5,33690.8,49188.7,10780.9,21189.5,60184.1,17921.4,14100.4,9238.1,1234.5,7902.7,129713.7,6168.6,5795.3,14052.7,51137.3,114554.5,33559.9,11596.6,42361.2,15884.5,12177.8,1725.9,55042.6,115996.2,4944.3,746.2,49281.1,134815.1,61097.9,3847.8,16530.1,117226.9,132740.1,74255.3,132700.0,58699.2,159703.9,12910.5,116681.3,8004.0,15127.1,138269.4,34941.7,11481.6,67737.1,19859.0,11645.5,11951.4,23081.3,117427.5,20396.8,51149.6,6376.7,25950.3,59488.4,92085.4,52693.2,16535.5,1158.9,49706.4,42747.8,56948.8,32488.2,74272.9,29119.4,59398.9,2595.1,11881.0,742.8,25750.5,34330.4,55088.1,29169.0,20803.4,50979.5,114744.9,27688.4,74270.1,11903.6,12094.2,67709.3,55940.6,11135.8,74295.8,74543.2,18568.4,25518.1,28206.4,28350.9,59768.3,10463.4,3270.5
Eurospar Sykkylven,18308.7,17812.9,28966.5,29165.7,47957.7,28854.1,32205.4,34421.5,29029.3,14813.0,31456.0,28464.8,44216.1,152337.6,120649.4,35933.3,26304.6,175602.7,30057.3,106761.4,28859.8,46105.4,38289.4,52303.6,31164.1,26550.3,62770.8,53641.2,22744.0,120061.1,63825.7,34090.9,26301.9,10142.3,26679.4,32648.3,14457.0,35793.4,24614.4,17723.3,0.0,39622.6,53626.3,28768.2,44134.6,95834.8,106946.7,18722.6,120432.9,120176.4,40227.4,26811.2,174099.9,56508.3,55836.4,120249.0,106971.0,62621.5,43448.4,135754.8,48877.3,56903.4,33294.8,46629.2,46229.7,53331.2,27990.6,24573.6,64326.7,207.8,31310.1,26447.9,17648.7,25112.4,171110.2,23488.8,12232.6,26591.6,33734.0,106755.1,46098.8,28806.4,54900.1,28423.5,29387.5,19032.9,55689.0,119957.3,22264.5,18028.8,53423.7,127015.7,73636.8,21168.0,29069.0,120431.1,174136.6,52659.5,174096.4,62841.8,151904.5,30120.2,119885.5,25213.8,22759.0,179665.9,47480.6,28691.4,75369.0,37068.7,28855.3,29161.2,23727.7,120631.7,25720.5,33746.3,18915.6,39740.7,72027.4,84286.0,56835.7,29074.4,17482.3,32303.1,50379.7,57595.2,45027.1,52677.2,33261.9,63541.4,20002.2,29090.7,18025.4,42960.2,46869.3,55734.5,29815.4,28435.3,33576.2,106945.6,44898.1,52674.3,29113.3,29304.0,75341.2,56587.0,28345.5,52700.0,52947.5,18802.2,29660.6,45416.1,45560.6,63910.8,27673.1,20306.6
Eurospar Valderøy,27795.4,21937.2,13650.4,13849.6,15608.6,13538.0,16889.3,40411.2,13713.2,25795.1,16139.9,13148.7,50205.9,133442.9,139470.9,45420.0,13872.3,156231.9,50272.8,136586.4,13543.7,55592.1,1337.9,94761.3,37153.9,36037.0,80653.9,71524.3,35974.0,138882.6,81708.8,73519.9,13674.5,30140.5,13848.7,9884.4,25662.0,45280.1,16028.5,22198.7,39739.2,0.0,71509.4,13452.1,50124.4,98317.5,136771.7,21693.8,139254.3,138997.9,7878.3,13980.6,154729.1,95937.3,76051.9,139070.5,136796.0,68611.3,11099.3,164793.2,69092.8,62893.2,39284.5,10528.1,55716.4,71214.3,12674.5,39504.4,82209.8,39947.0,15994.0,14015.5,22876.4,16526.5,151739.3,16450.3,27820.9,36078.3,73163.0,136580.1,55585.5,13490.3,64386.9,37910.2,14071.4,22173.6,75904.5,138021.9,18091.4,21991.6,71306.7,156840.7,83123.5,18875.1,38555.7,139252.6,154765.8,95117.2,154725.6,80724.9,181729.5,14804.1,138707.0,15139.4,35989.0,160295.1,56967.3,13375.2,81358.8,14304.8,13539.2,13845.1,43943.2,139453.2,38711.7,73175.2,28402.3,20396.1,81514.1,114111.0,74718.8,38561.2,23184.5,71732.1,56369.5,77810.7,54513.8,95134.8,51145.0,81424.5,20254.6,13774.6,22062.7,6859.2,56356.1,75950.0,50030.9,32026.1,73005.2,136770.6,8797.0,95131.9,13797.2,13987.9,81331.0,76802.5,13029.4,95157.7,95405.1,39430.3,47543.7,9315.1,9459.5,81793.9,12357.4,19768.8
Eurospar Ørsta,46491.2,49597.7,60751.3,60950.4,79742.5,60638.9,63990.1,75747.6,60814.1,47700.2,63240.7,60249.6,85542.2,99215.3,68284.1,41498.9,58089.4,122480.5,78369.0,65399.5,60644.6,32074.0,70074.2,122857.4,72490.2,50488.3,9281.0,671.8,64070.1,67695.7,10335.9,94842.3,58086.7,52045.6,58464.1,64433.1,47567.2,41437.2,56399.2,49508.1,53567.6,71407.3,0.0,60552.9,85460.8,27130.7,65584.9,50507.4,68067.5,67811.0,72012.2,58596.0,120977.6,66476.4,104148.0,67883.7,65609.2,103947.6,75233.1,94393.0,97188.9,98229.5,74620.9,78414.0,32393.1,326.0,59775.4,70147.5,10836.9,53403.1,63094.9,58232.6,49433.5,56897.2,117987.9,55273.6,49726.0,50529.6,94485.4,65393.3,32067.4,60591.1,28650.0,52361.5,61172.3,50817.7,104000.6,66835.0,54049.2,49813.6,421.7,85653.9,47386.7,52952.7,53007.0,68065.7,121014.3,123213.3,120974.2,9352.0,110542.7,61905.0,67520.1,56998.5,64085.1,126543.6,32025.4,60476.1,116695.1,68853.5,60640.0,60945.9,72039.3,68266.3,69354.8,94497.7,43043.0,74944.8,45777.2,42924.2,3345.9,53012.4,49267.1,93942.8,91705.8,105906.9,33073.3,123231.0,20375.3,10051.6,51787.0,60875.5,49810.2,74745.0,32699.2,104046.1,78127.1,69761.4,94816.5,65583.8,76682.9,123228.1,60898.1,61088.7,116667.4,104898.6,60130.3,123253.8,123501.3,67526.5,24114.3,77200.9,77345.4,10421.0,59457.9,52091.3
Rasmus Rønnebergs gate 21,16951.4,11093.2,735.7,934.9,21887.4,623.3,3974.6,37104.8,798.5,14951.0,3225.2,480.6,46899.5,122598.9,128626.9,34576.0,3028.2,145387.9,39428.8,125742.3,629.0,44748.1,12219.0,83917.2,33847.5,25193.0,69809.8,60680.3,25129.9,128038.5,70864.7,62675.8,2830.5,19296.4,3004.7,6577.9,14818.0,34436.1,5184.4,11354.6,28895.2,13552.2,60665.3,0.0,46818.0,87473.5,125927.7,10849.7,128410.3,128153.8,14157.0,3136.6,143885.0,85093.2,65207.8,128226.4,125951.9,65304.8,17378.0,153949.2,58248.8,59586.8,35978.1,20558.9,44872.4,60370.3,785.4,31207.3,71365.7,29103.0,3079.3,3171.5,12032.4,5682.4,140895.3,5606.3,16976.9,25234.3,62318.9,125736.1,44741.5,429.9,53542.8,27066.1,1156.7,11329.5,65060.4,127177.8,7247.3,11147.6,60462.7,145996.7,72279.5,8031.0,27711.7,128408.5,143921.7,84273.1,143881.6,69880.8,170885.5,1889.4,127862.9,4295.3,25144.9,149451.0,46123.3,360.4,78052.3,10998.4,524.3,930.4,33099.2,128609.1,30414.6,62331.2,17558.3,17089.7,70670.0,103267.0,63874.8,27717.1,12340.5,60888.0,53063.1,66966.7,43669.8,84290.8,40301.0,70580.5,9410.6,859.9,11218.6,16889.9,45512.0,65106.0,39186.9,28719.6,62161.1,125926.5,18827.7,84287.9,882.5,1073.2,78024.6,65958.4,667.2,84313.6,84561.1,28586.3,36699.7,19345.8,19490.3,70949.9,1520.0,8924.7
"Brattvåg, 6270 Brattvåg",41742.4,37026.1,46870.8,47070.0,58519.2,46758.4,50109.7,16677.6,46933.6,39742.1,49360.3,46369.1,135.2,147389.9,153417.9,59367.0,43753.3,170178.9,33856.0,150700.8,46764.1,69539.2,48850.9,78344.5,13420.3,49984.1,94600.9,85471.3,22007.4,152829.6,95655.8,78030.3,43750.6,40096.4,44128.1,41040.2,39609.1,59227.2,42063.1,36335.6,44249.7,50184.1,85456.4,46672.5,0.0,112264.5,150886.2,36171.4,153201.4,152944.9,50788.9,44259.9,168676.1,100447.7,51611.3,153017.5,150910.4,19656.8,54009.9,148376.4,52676.0,39159.6,15550.9,57190.7,69663.4,85161.3,45894.9,23767.6,96156.8,44457.5,49214.4,43896.6,36121.8,42561.1,165686.4,41346.6,41767.9,50025.3,77673.5,150694.6,69532.6,46710.7,78333.9,51857.2,47291.8,35054.4,51463.9,151968.9,40760.9,35938.7,85253.8,157153.7,97070.6,39025.7,52502.7,153199.6,168712.8,78700.4,168672.6,94671.9,195844.0,48024.5,152654.0,42662.5,22022.4,174242.1,70914.3,46595.6,32404.3,36322.4,46759.6,47065.5,27526.4,153400.2,22974.9,77685.7,42349.4,29971.4,95461.1,128225.5,88665.9,52508.2,36228.1,76242.6,16343.1,61393.9,68460.8,78718.0,65092.1,95371.6,38411.7,46995.0,36009.7,53521.8,70303.1,51509.5,33614.1,18666.0,77515.6,150885.0,55459.6,78715.1,47017.6,47208.3,32376.5,51215.3,46249.8,78740.9,78988.3,25957.3,61490.7,55977.7,56122.1,95740.9,45577.8,39087.1
"Grodås, 6698 Hornindal",73289.8,76396.3,87549.9,87749.1,106541.2,87437.5,90788.8,102546.3,87612.7,74498.9,90039.4,87048.3,112340.9,72084.6,41153.4,61531.0,84888.0,95349.8,105167.6,38268.8,87443.2,52106.0,96872.8,85924.4,99288.9,77287.0,19711.4,27745.6,90868.8,40565.0,18801.3,67711.6,84885.4,78844.3,85262.8,91231.7,74365.8,61469.2,83197.8,76306.7,95774.7,98206.0,27143.7,87351.6,112259.5,0.0,38454.2,77306.1,40936.8,40680.3,98810.8,85394.7,93846.9,39345.8,130946.7,40753.0,38478.5,130746.3,102031.8,67262.3,86909.4,125028.2,101419.6,105212.7,52425.2,27399.8,86574.1,96946.2,18625.9,95610.1,89893.6,85031.3,76232.2,83695.9,90857.2,82072.2,76524.7,77328.3,67354.7,38262.6,52099.4,87389.8,48682.0,79160.1,87971.0,77616.4,130799.3,39704.3,80847.9,76612.2,27010.8,58523.2,67418.7,79751.4,79805.7,40935.0,93883.6,86280.3,93843.5,19623.0,83412.0,88703.6,40389.5,83797.2,90883.8,99412.9,52057.5,87274.8,143493.8,95652.2,87438.7,87744.6,98838.0,41135.6,96153.5,67367.0,69841.7,101743.5,65809.3,15793.5,25968.2,79811.1,76065.8,66812.1,118504.5,132705.5,53105.4,86297.9,47174.0,18922.7,78585.7,87674.2,76608.9,101543.7,52731.2,130844.8,104925.7,96560.1,67685.9,38453.1,103481.5,86295.0,87696.8,87887.4,143466.0,131697.3,86929.0,86320.8,86568.2,94325.1,50913.0,103999.6,104144.1,18662.8,86256.6,78890.0
Felleskjøpet Stryn,111709.0,114815.5,125969.1,126168.3,144960.3,125856.7,129207.9,141005.7,126031.9,112918.0,128458.6,125467.4,150800.3,78166.3,46478.2,99950.1,123307.2,101431.5,136641.6,430.5,125862.4,90525.2,135292.0,107561.6,137748.4,115706.1,58130.5,66164.7,129328.2,45889.8,57220.5,78747.5,123304.5,116726.6,123681.9,129650.9,112785.0,99888.4,121617.0,114725.9,106810.5,136625.1,65562.8,125770.7,150718.9,38419.1,0.0,115725.2,46261.6,46005.1,137230.0,123813.8,99928.7,50381.6,139692.6,46077.7,416.6,169205.7,140451.0,29354.5,97945.2,163487.6,139879.0,143631.8,90844.3,65819.0,124993.2,131157.8,57045.1,106645.9,128312.7,123450.4,114651.3,122115.0,96938.9,120491.4,118816.8,115747.4,78390.6,261.3,90518.6,125809.0,87101.2,117579.3,126390.1,116035.5,139545.2,45786.1,119267.0,115031.4,65429.9,20615.4,105837.9,118170.5,118224.8,46259.8,99965.4,107917.5,99925.2,58042.1,45819.1,127122.8,45714.2,122216.3,129343.2,105494.6,90476.6,125693.9,181953.2,134071.3,125857.8,126163.7,130312.0,46460.4,132304.7,78402.8,108260.8,140162.6,104228.4,22738.3,64387.3,118230.2,114484.9,77847.9,156963.9,124936.4,91524.5,107935.1,85593.2,57341.8,117004.8,126093.3,115028.0,139962.8,91150.4,139590.7,136399.7,135019.6,78721.7,599.9,141900.7,107932.3,126115.9,126306.6,181925.5,140443.1,125348.1,107958.0,108205.5,125386.4,89332.1,142418.7,142563.2,57081.9,124675.7,117309.1
Felleskjøpet Ålesund,6841.6,2125.2,10983.7,11182.9,29975.0,10871.4,14222.6,26697.6,11046.5,4841.2,13473.2,10482.1,36492.2,112489.1,118517.0,24466.1,8321.8,135278.0,29319.0,115632.5,10877.1,34638.3,20306.7,73807.4,23440.2,15083.2,59700.0,50570.4,15020.1,117928.7,60754.9,52566.0,8319.2,9186.6,8696.6,14665.5,4708.2,24326.3,6631.7,1434.7,18785.3,21639.8,50555.5,10785.4,36410.8,77363.6,115817.9,0.0,118300.5,118044.0,22244.7,8828.5,133775.2,74983.4,55098.0,118116.6,115842.1,54897.6,25465.6,143839.4,48138.9,49179.5,25570.9,28646.5,34762.6,50260.4,10007.9,21097.5,61255.9,18993.2,13327.4,8465.1,1922.5,7129.7,130785.5,5915.1,6867.0,15124.5,52209.1,115626.3,34631.7,10823.6,43433.0,16956.3,11404.8,1219.7,54950.6,117068.0,5907.1,1037.8,50352.9,135886.9,62169.7,3594.3,17601.8,118298.7,133811.9,74163.3,133771.7,59771.0,160775.6,12137.4,117753.1,7231.0,15035.1,139341.2,36013.4,10708.6,67645.1,19086.0,10872.5,11178.4,22989.3,118499.3,20304.8,52221.4,7448.5,25177.3,60560.2,93157.1,53765.0,17607.3,2230.7,50778.2,42655.8,56856.8,33559.9,74181.0,30191.2,60470.7,3510.8,11108.0,1108.8,24977.5,35402.2,54996.1,29077.1,20711.4,52051.3,115816.7,26915.3,74178.1,11130.6,11321.2,67617.4,55848.6,10362.8,74203.8,74451.3,18476.4,26589.9,27433.4,27577.9,60840.0,9690.4,4186.2
"Nordfjordeid, 6770 Nordfjordeid",94352.5,97459.0,108612.6,108811.8,127603.9,108500.2,111851.5,123609.0,108675.4,95561.6,111102.1,108111.0,133403.6,32548.2,297.8,80548.5,105950.7,55813.4,126230.4,46069.0,108505.9,71123.6,117935.5,110483.5,120351.6,98349.7,39453.0,48533.1,111931.5,621.7,41184.3,92270.8,105948.1,99907.0,106325.5,112294.4,95428.5,80486.8,104260.5,97369.4,120333.8,119268.7,47971.5,108414.3,133322.1,40894.6,46254.4,98368.8,0.0,256.5,119873.5,106457.4,54310.5,63904.9,152009.4,267.8,46278.7,151809.0,123094.5,75062.5,111468.5,146090.9,122482.3,126275.4,71442.7,48187.4,107636.8,118008.9,41008.9,120169.3,110956.2,106094.0,97294.9,104758.6,51320.8,103134.9,97587.4,98391.0,91913.9,46062.8,71117.0,108452.5,67699.6,100222.8,109033.7,98679.1,151862.0,1292.0,101910.6,97674.9,48283.1,66323.4,86436.2,100814.1,100868.4,244.1,54347.2,110839.5,54307.1,39524.0,49837.9,109766.3,767.4,104859.9,111946.5,59876.5,71075.0,108337.5,164556.5,116714.9,108501.4,108807.3,119900.7,280.0,117216.2,91926.2,90904.4,122806.2,84826.8,36261.7,44985.7,100873.8,97128.5,91371.3,139567.2,153768.2,72122.9,110857.1,68236.7,40845.4,99648.4,108736.9,97671.6,122606.4,71748.7,151907.5,125988.4,117622.8,92245.0,46253.3,124544.2,110854.2,108759.5,108950.1,164528.7,152760.0,107991.7,110880.0,111127.4,115387.8,71975.7,125062.3,125206.8,40593.0,107319.2,99952.7
"Nordfjordeid, 6770 Nordfjordeid",94096.1,97202.6,108356.1,108555.3,127347.4,108243.8,111595.0,123352.5,108419.0,95305.1,110845.6,107854.5,133147.1,33107.4,473.0,80292.0,105694.2,56372.6,125973.9,45812.6,108249.5,70867.1,117679.1,110227.1,120095.1,98093.2,39196.5,48276.6,111675.0,365.2,40927.8,92014.3,105691.6,99650.5,106069.0,112038.0,95172.1,80230.3,104004.1,97113.0,120077.4,119012.2,47715.0,108157.8,133065.7,40638.2,45997.9,98112.3,256.5,0.0,119617.1,106200.9,54869.7,63648.5,151752.9,72.6,46022.2,151552.5,122838.0,74806.0,111212.1,145834.4,122225.8,126018.9,71186.2,47930.9,107380.3,117752.4,40752.4,119912.8,110699.8,105837.5,97038.4,104502.1,51880.0,102878.5,97330.9,98134.5,91657.5,45806.4,70860.5,108196.0,67443.1,99966.4,108777.2,98422.6,151605.5,1262.5,101654.1,97418.4,48026.6,66066.9,86179.8,100557.6,100611.9,355.8,54906.4,110583.0,54866.3,39267.5,49581.4,109509.9,510.9,104603.4,111690.0,60435.7,70818.5,108081.0,164300.0,116458.4,108244.9,108550.8,119644.2,455.3,116959.7,91669.7,90647.9,122549.7,84570.3,36005.2,44729.2,100617.3,96872.0,91114.8,139310.7,153511.7,71866.4,110600.6,67980.2,40588.9,99391.9,108480.4,97415.1,122349.9,71492.3,151651.0,125732.0,117366.3,91988.6,45996.8,124287.7,110597.7,108503.0,108693.6,164272.3,152503.5,107735.2,110623.5,110870.9,115131.4,71719.2,124805.8,124950.3,40336.5,107062.8,99696.2
"Valderhaug, 6050 Valderøya",28466.0,22607.8,14321.0,14520.2,11465.4,14208.6,17559.8,41081.8,14383.8,26465.7,16810.4,13819.3,50876.5,134113.5,140141.5,46090.6,14542.8,156902.5,50943.4,137256.9,14214.3,56262.7,6548.1,95431.9,37824.5,36707.6,81324.5,72194.9,36644.6,139553.1,82379.4,74190.4,14345.1,30811.0,14519.3,10554.9,26332.6,45950.7,16699.1,22869.3,40409.8,7881.3,72180.0,14122.6,50795.0,98988.1,137442.3,22364.3,139924.9,139668.4,0.0,14651.2,155399.6,96607.8,76722.5,139741.1,137466.6,69281.9,6956.1,165463.8,69763.4,63563.8,39955.1,15213.7,56387.0,71884.9,13345.1,40175.0,82880.3,40617.6,16664.6,14686.1,23547.0,17197.1,152409.9,17120.9,28491.5,36748.9,73833.6,137250.7,56256.1,14160.9,65057.4,38580.8,14742.0,22844.1,76575.1,138692.4,18761.9,22662.2,71977.3,157511.3,83794.1,19545.7,39226.3,139923.1,155436.4,95787.8,155396.2,81395.5,182400.1,15474.7,139377.6,15810.0,36659.5,160965.6,57637.9,14045.8,82029.3,14975.4,14209.7,14515.6,44613.8,140123.7,39382.3,73845.8,29072.9,21066.7,82184.7,114781.6,75389.4,39231.7,23855.1,72402.7,57040.1,78481.3,55184.4,95805.4,51815.6,82095.1,20925.2,14445.2,22733.2,11544.7,57026.7,76620.6,50701.5,32696.7,73675.7,137441.2,13482.6,95802.5,14467.8,14658.5,82001.6,77473.0,13700.0,95828.3,96075.7,40100.9,48214.3,14000.6,14145.1,82464.5,13028.0,20439.3
"Hatlahaugen, Ålesund",14710.5,8852.3,3387.7,3586.9,22379.0,3275.3,6626.6,34566.5,3450.5,12710.1,5877.2,2886.1,44361.2,120358.0,126386.0,32335.1,790.2,143147.0,37187.9,123501.4,3281.0,42507.2,12710.6,81676.3,31309.2,22952.1,67569.0,58439.4,22889.1,125797.6,68623.9,60434.9,592.5,17055.5,571.7,7069.5,12577.1,32195.2,2943.5,9113.7,26654.3,14043.8,58424.5,3189.4,44279.7,85232.6,123686.8,8608.8,126169.4,125912.9,14648.6,0.0,141644.1,82852.3,62966.9,125985.6,123711.1,62766.6,17869.6,151708.3,56007.9,57048.5,33439.8,21050.5,42631.5,58129.4,2411.9,28966.5,69124.8,26862.1,5731.3,933.5,9791.5,3441.6,138654.4,3365.4,14736.0,22993.4,60078.1,123495.2,42500.6,3227.6,51301.9,24825.3,3808.8,9088.6,62819.6,124936.9,5006.4,8906.7,58221.8,143755.8,70038.6,5790.1,25470.8,126167.6,141680.9,82032.2,141640.7,67639.9,168644.6,4541.4,125622.0,2057.4,22904.0,147210.1,43882.4,3112.6,75514.1,11490.0,3276.5,3582.4,30858.3,126368.2,28173.7,60090.3,15317.4,17581.3,68429.2,101026.1,61633.9,25476.2,10099.6,58647.2,50524.8,64725.8,41428.9,82049.9,38060.1,68339.6,7169.7,3511.9,8977.7,17381.5,43271.1,62865.1,36946.0,29211.2,59920.2,123685.6,19319.3,82047.0,3534.5,3725.2,75486.3,63717.5,2766.8,82072.7,82320.2,26345.4,34458.8,19837.4,19981.9,68709.0,2094.3,6683.8
"Gate 1, 6718 Deknepollen",147894.8,151001.3,162154.9,162354.1,181146.1,162042.5,165393.8,177151.2,162217.7,149103.9,164644.4,161653.3,186945.9,21778.9,54095.5,109922.4,159493.0,3148.0,179772.6,99764.3,162048.2,100497.4,171477.8,164178.8,173893.9,151892.0,92995.3,102075.4,165473.8,54482.3,94726.6,145966.1,159490.3,153449.2,159867.8,165836.7,148970.8,109860.6,157802.8,150911.7,174029.1,172811.0,101513.8,161956.6,186864.4,93861.5,99949.7,151911.1,54316.3,54808.2,173415.8,159999.6,0.0,117600.2,205551.7,54502.8,99973.9,205351.3,176636.8,128757.8,165163.8,199633.2,176024.5,179817.6,100816.5,101729.7,161179.0,171551.2,94551.2,173864.6,164498.5,159636.3,150837.2,158300.8,3199.5,156677.2,151129.7,151933.3,145609.2,99758.1,100490.8,161994.8,91260.9,153765.1,162575.9,152221.4,205404.3,54486.8,155452.9,151217.2,101825.4,120018.7,109997.6,154356.4,154410.6,54561.4,36.7,164534.7,173.9,93066.3,103987.5,163308.6,54916.9,158402.2,165488.8,5801.3,100448.9,161879.8,218098.8,170257.1,162043.7,162349.6,173443.0,54259.5,170758.5,145621.5,144446.7,176348.5,108388.1,89957.0,98527.9,154416.1,150670.8,145066.6,193109.5,207310.5,101496.7,164552.4,121779.0,94387.6,153190.7,162279.1,151213.8,176148.6,101122.6,205449.8,179530.7,171165.1,145940.3,99948.5,178086.5,164549.5,162301.7,162492.4,218071.0,206302.3,161533.9,164575.2,164822.7,168930.1,125517.9,178604.6,178749.0,94135.3,160861.5,153495.0
"Hellesylt, 6218 Hellesylt",74511.4,74015.5,85169.1,85368.3,104160.4,85056.8,88408.0,90624.1,85231.9,71015.7,87658.6,84667.5,100418.8,95829.3,64141.1,100857.5,82507.2,119094.5,86260.0,50253.1,85062.5,91432.6,94492.1,46578.6,87366.8,82753.0,59037.9,67072.1,78946.7,63552.8,58127.8,28365.9,82504.6,66345.0,82882.0,88850.9,70659.7,100795.7,80817.1,73925.9,56428.9,95825.2,66470.2,84970.8,100337.3,39326.5,50438.4,74925.3,63924.6,63668.1,96430.1,83013.9,117591.6,0.0,89311.0,63740.7,50462.7,118824.1,99651.0,79246.6,47563.6,113106.1,89497.4,102831.9,91751.7,66726.3,84193.3,80776.3,57952.4,56264.3,87512.8,82650.5,73851.4,81315.1,114601.9,79691.4,68435.2,82794.2,28009.0,50246.9,91425.9,85009.0,88008.6,84626.1,85590.2,75235.6,89163.6,63449.0,78467.1,74231.4,66337.3,70507.5,106745.2,77370.6,85271.6,63922.8,117628.3,46934.5,117588.2,58949.5,95396.2,86322.8,63377.2,81416.4,78961.6,123157.6,91384.0,84894.0,131571.6,93271.4,85057.9,85363.8,79930.4,64123.4,81923.1,28021.2,75118.3,95943.4,105135.8,27777.7,65294.7,85277.1,73685.0,27466.4,106582.4,74554.8,92431.9,46952.2,86500.5,58249.2,76204.9,85293.4,74228.1,99162.9,92057.7,89209.1,86018.1,84638.0,28340.1,50437.3,101100.7,46949.3,85316.0,85506.6,131543.9,90061.6,84548.2,46975.0,47222.5,75004.9,90239.5,101618.8,101763.3,57989.3,83875.8,76509.2
Helsehuset Stella Maris,60664.2,55947.8,65336.9,65536.1,84328.1,65224.5,68575.8,38669.3,65399.7,58663.8,67826.4,64835.3,51669.7,166311.7,153499.4,78288.7,62675.0,189100.6,26109.8,139611.3,65230.2,88460.9,74659.8,67566.0,38427.6,68905.8,113522.6,104393.1,41142.6,152911.1,114577.5,61757.9,62672.4,51784.7,63049.8,66398.7,56099.5,78148.9,60984.8,55257.3,55938.0,75993.0,104378.1,65138.6,51588.2,131186.3,139796.7,55093.1,153282.8,153026.4,76597.8,63181.7,187597.8,89358.3,0.0,153099.0,139820.9,70075.1,79818.8,137598.0,41897.6,12472.9,36429.9,82999.6,88585.2,104083.1,64361.1,35996.1,115078.5,56145.9,67680.5,62818.3,55043.5,61482.8,184608.1,60268.3,53875.0,68947.1,61621.1,139605.1,88454.3,65176.8,97255.6,70778.9,65757.9,53976.1,241.4,152807.3,59682.6,54860.4,104175.5,146375.3,115992.3,57947.4,71424.4,153281.0,187634.5,67921.9,187594.3,113593.6,184754.5,66490.6,152735.5,61584.2,41157.6,193163.8,89836.0,65061.8,82822.6,61680.9,65225.7,65531.6,34688.3,153481.6,37143.0,61413.3,61271.1,55329.9,114382.8,117136.0,107587.6,71429.9,55149.8,63434.8,57833.3,12632.0,87382.5,67939.6,84013.8,114293.3,57333.4,65461.1,54931.4,79330.7,89224.8,199.1,26180.6,44024.5,62364.6,139795.5,81268.5,67936.7,65483.7,65674.4,82794.8,1139.4,64715.9,67962.4,68209.9,37645.7,80412.5,81786.6,81931.0,114662.6,64043.5,58008.8
"Sjukehusveien 14, 6770 Nordfjordeid",94168.7,97275.2,108428.8,108628.0,127420.0,108316.4,111667.6,123425.1,108491.6,95377.7,110918.3,107927.1,133219.8,32734.8,484.4,80364.7,105766.9,55999.9,126046.5,45885.2,108322.1,70939.7,117751.7,110299.7,120167.8,98165.8,39269.2,48349.3,111747.6,437.8,41000.4,92087.0,105764.2,99723.1,106141.6,112110.6,95244.7,80302.9,104076.7,97185.6,120150.0,119084.9,47787.6,108230.4,133138.3,40710.8,46070.5,98184.9,267.8,72.6,119689.7,106273.5,54497.1,63721.1,151825.5,0.0,46094.8,151625.1,122910.7,74878.7,111284.7,145907.1,122298.4,126091.5,71258.8,48003.5,107452.9,117825.1,40825.0,119985.4,110772.4,105910.1,97111.0,104574.7,51507.4,102951.1,97403.6,98207.1,91730.1,45879.0,70933.1,108268.7,67515.7,100039.0,108849.8,98495.2,151678.1,1335.1,101726.7,97491.1,48099.3,66139.6,86252.4,100630.2,100684.5,428.4,54533.8,110655.6,54493.6,39340.1,49654.1,109582.5,583.5,104676.0,111762.6,60063.1,70891.1,108153.6,164372.6,116531.0,108317.5,108623.4,119716.9,466.6,117032.3,91742.3,90720.5,122622.3,84642.9,36077.8,44801.8,100689.9,96944.6,91187.5,139383.4,153584.4,71939.0,110673.2,68052.9,40661.5,99464.5,108553.0,97487.7,122422.5,71564.9,151723.7,125804.6,117439.0,92061.2,46069.4,124360.4,110670.4,108575.6,108766.3,164344.9,152576.1,107807.8,110696.1,110943.6,115204.0,71791.8,124878.4,125022.9,40409.2,107135.4,99768.8
Isehaug kafeteria,111733.3,114839.7,125993.3,126192.5,144984.6,125881.0,129232.2,141030.0,126056.1,112942.3,128482.8,125491.7,150824.6,78190.6,46502.4,99974.4,123331.4,101455.8,136665.9,351.2,125886.7,90549.5,135316.3,107329.5,137772.6,115730.4,58154.8,66189.0,129352.5,45914.1,57244.7,78771.7,123328.8,116750.8,123706.2,129675.1,112809.2,99912.7,121641.3,114750.1,106834.8,136649.4,65587.1,125795.0,150743.1,38443.4,416.6,115749.5,46285.9,46029.4,137254.3,123838.1,99952.9,50405.9,139716.9,46102.0,0.0,169230.0,140475.2,29122.4,97969.5,163511.9,139903.3,143656.1,90868.6,65843.3,125017.5,131182.1,57069.4,106670.2,128337.0,123474.7,114675.6,122139.3,96963.2,120515.6,118841.1,115771.7,78414.8,285.6,90542.9,125833.2,87125.4,117603.6,126414.4,116059.8,139569.4,45810.3,119291.3,115055.6,65454.2,20383.3,105862.1,118194.8,118249.1,46284.1,99989.6,107685.4,99949.5,58066.4,45843.4,127147.0,45738.5,122240.6,129367.5,105518.9,90500.9,125718.2,181977.5,134095.6,125882.1,126188.0,130336.2,46484.7,132329.0,78427.1,108285.1,140186.9,104252.7,22762.6,64411.6,118254.5,114509.2,77872.2,156988.2,124960.6,91548.8,107703.1,85617.4,57366.1,117029.1,126117.6,115052.3,139987.1,91174.6,139615.0,136424.0,135043.8,78746.0,424.0,141924.9,107700.2,126140.2,126330.8,181949.7,140467.4,125372.4,107725.9,107973.4,125410.7,89356.4,142443.0,142587.5,57106.2,124700.0,117333.4
"Haramsøya, 6270 Brattvåg",60216.7,55500.4,65345.0,65544.2,76993.5,65232.7,68583.9,35151.9,65407.9,58216.4,67834.5,64843.4,19533.0,165864.2,171892.2,77841.3,62227.6,188653.2,52330.3,169175.1,65238.4,88013.4,67325.2,96818.7,31894.6,68458.3,113075.2,103945.6,40481.7,171303.9,114130.1,96504.6,62224.9,58570.7,62602.3,59514.5,58083.3,77701.4,60537.4,54809.9,62724.0,68658.4,103930.7,65146.7,19788.5,130738.8,169360.4,54645.6,171675.6,171419.1,69263.2,62734.2,187150.4,118922.0,70085.6,171491.8,169384.7,0.0,72484.2,166850.7,71150.3,57633.9,34025.2,75665.0,88137.7,103635.6,64369.2,42241.9,114631.1,62931.8,67688.7,62370.8,54596.0,61035.4,184160.6,59820.8,60242.2,68499.6,96147.7,169168.9,88006.8,65184.9,96808.1,70331.5,65766.1,53528.7,69938.2,170443.1,59235.1,54412.9,103728.0,175628.0,115544.8,57500.0,70977.0,171673.8,187187.1,97174.7,187146.9,113146.2,214318.2,66498.8,171128.3,61136.7,40496.7,192716.4,89388.6,65069.9,13048.8,54796.7,65233.8,65539.7,46000.7,171874.4,41449.2,96160.0,60823.6,48445.6,113935.4,146699.7,107140.1,70982.4,54702.4,94716.8,12239.0,79868.2,86935.1,97192.3,83566.3,113845.8,56885.9,65469.3,54484.0,71996.0,88777.4,69983.7,52088.4,37140.3,95989.9,169359.3,73933.9,97189.4,65491.9,65682.5,13021.1,69689.5,64724.1,97215.2,97462.6,44431.6,79965.0,74451.9,74596.4,114215.2,64052.0,57561.4
Godøya post i butikk,31659.0,25800.8,17513.9,17713.1,4895.0,17401.6,20752.8,44274.8,17576.7,29658.6,20003.4,17012.3,54069.4,137306.5,143334.5,49283.6,17735.8,160095.5,54136.4,140449.9,17407.3,59455.7,9741.1,98624.8,41017.5,39900.6,84517.5,75387.9,39837.6,142746.1,85572.4,77383.4,17538.1,34004.0,17712.3,13747.9,29525.6,49143.7,19892.0,26062.2,43602.8,11074.2,75373.0,17315.6,53988.0,102181.1,140635.3,25557.3,143117.9,142861.4,6993.8,17844.2,158592.6,99800.8,79915.4,142934.1,140659.6,72474.8,0.0,168656.8,72956.4,66756.8,43148.1,18406.7,59580.0,75077.9,16538.1,43368.0,86073.3,43810.6,19857.6,17879.1,26740.0,20390.0,155602.9,20313.9,31684.5,39941.9,77026.6,140443.7,59449.1,17353.8,68250.4,41773.8,17935.0,26037.1,79768.1,141885.4,21954.9,25855.2,75170.3,160704.3,86987.1,22738.6,42419.3,143116.1,158629.3,98980.7,158589.2,84588.4,185593.1,18667.6,142570.5,19003.0,39852.5,164158.6,60830.9,17238.8,85222.3,18168.4,17402.7,17708.6,47806.8,143316.7,42575.3,77038.8,32265.9,24259.7,85377.7,117974.6,78582.4,42424.7,27048.1,75595.7,60233.0,81674.3,58377.4,98998.4,55008.6,85288.1,24118.2,17638.2,25926.2,14737.7,60219.6,79813.6,53894.5,35889.6,76868.7,140634.1,16675.5,98995.5,17660.8,17851.4,85194.6,80666.0,16893.0,99021.2,99268.7,43293.9,51407.3,17193.6,17338.1,85657.5,16220.9,23632.3
Joker Hjelledalen,140517.1,144746.4,154135.5,154334.7,173126.7,154023.1,157374.4,138809.3,154198.3,147462.4,156625.0,153633.9,148603.9,106974.5,75286.3,128758.3,151473.6,130239.6,114908.4,29121.4,154028.9,119333.3,163458.4,78243.2,135551.9,144514.3,86938.7,94972.8,129941.2,74697.9,86028.6,107555.6,151471.0,140583.4,151848.4,155197.4,144898.1,128696.5,149783.4,144055.9,135618.6,164791.6,94370.9,153937.2,148522.5,67227.3,29354.5,143891.7,75069.7,74813.3,165396.4,151980.3,128736.8,79189.7,137641.9,74885.9,29119.2,167009.3,168617.4,0.0,95894.5,149572.1,137682.6,171798.2,119652.4,94627.1,153159.7,124794.7,85853.2,135454.0,156479.1,151616.9,143842.1,150281.5,125747.0,149066.9,142673.6,144555.5,107198.7,29176.7,119326.7,153975.4,115909.3,146387.4,154556.6,142774.7,137494.5,74594.2,148481.2,143659.0,94238.0,8813.4,134646.0,146746.1,147032.9,75067.9,128773.5,78599.1,128733.3,86850.3,74627.2,155289.2,74522.4,150382.8,129956.2,134302.8,119284.8,153860.4,179756.8,150479.5,154024.3,154330.2,123486.9,75268.5,125941.6,107211.0,137069.0,144128.5,133036.5,51546.5,93195.4,147038.4,143948.5,106656.1,154767.5,122885.7,120332.6,78616.8,114401.3,86150.0,146132.0,154259.8,143730.0,168129.3,119958.5,137540.0,114979.2,132823.1,107529.8,28937.2,170067.1,78613.9,154282.4,154473.0,179729.1,138392.5,153514.6,78639.6,78887.1,126444.3,118140.2,170585.2,170729.6,85890.0,152842.1,146807.4
Joker Stordal,53642.2,48925.8,58314.9,58514.1,77306.1,58202.5,61553.8,42988.7,58377.7,51641.8,60804.4,57813.3,52783.3,143363.9,111675.8,71266.7,55653.0,166629.1,19087.8,97787.7,58208.2,81438.9,67637.8,25742.4,39731.3,61883.8,106500.6,97371.1,34120.6,111087.4,107555.5,19934.3,55650.4,44762.8,56027.8,59376.8,49077.5,71126.9,53962.8,48235.3,48916.1,68971.0,97356.1,58116.6,52701.9,86861.1,97973.0,48071.1,111459.2,111202.7,69575.8,56159.7,165126.2,47534.6,41821.3,111275.3,97997.3,71188.7,72796.8,95774.4,0.0,53751.5,41862.0,75977.6,81563.2,97061.1,57339.1,28974.1,108056.5,49123.9,60658.5,55796.3,48021.5,54460.8,162136.5,53246.3,46853.0,61925.1,19797.4,97781.5,81432.3,58154.8,90233.6,63756.9,58735.9,46954.1,41673.9,110983.6,52660.6,47838.4,97153.5,104551.6,108970.3,50925.5,64402.4,111457.4,165162.9,26098.3,165122.8,106571.6,142930.8,59468.6,110911.8,54562.2,34135.6,170692.2,82814.1,58039.8,83936.2,54658.9,58203.7,58509.6,27666.3,111658.0,30121.0,19589.6,54249.1,48307.9,107360.8,75312.3,100565.6,64407.9,48127.9,21611.2,58946.9,27065.1,80360.6,26115.9,76991.8,107271.3,50311.4,58439.1,47909.4,72308.7,82202.8,41719.4,19158.6,37002.5,20540.9,97971.9,74246.5,26113.1,58461.7,58652.4,83908.5,42571.9,57694.0,26138.8,26386.3,30623.7,73390.5,74764.6,74909.0,107640.7,57021.5,50986.8
Joker Tomrefjord,54545.5,49829.2,59673.9,59873.1,71322.3,59561.5,62912.7,26242.1,59736.7,52545.2,62163.3,59172.2,39242.6,160193.0,166221.0,72170.1,56556.4,182982.0,37951.7,163503.9,59567.2,82342.2,61654.0,79408.0,26000.4,62787.1,107404.0,98274.4,34810.5,165632.7,108458.9,73599.9,56553.7,52899.5,56931.2,53843.3,52412.1,72030.2,54866.2,49138.7,57052.8,62987.2,98259.5,59475.5,39161.1,125067.6,163689.2,48974.4,166004.4,165748.0,63592.0,57063.0,181479.2,113250.8,12497.6,165820.6,163713.5,57648.0,66813.0,149439.9,53739.5,0.0,24002.7,69993.8,82466.5,97964.4,58698.0,36570.7,108959.9,57260.6,62017.5,56699.7,48924.9,55364.2,178489.4,54149.7,54571.0,62828.4,73463.0,163497.7,82335.6,59513.7,91137.0,64660.3,60094.9,47857.5,12350.2,164771.9,53563.9,48741.7,98056.8,158217.2,109873.6,51828.8,65305.8,166002.6,181515.9,79763.9,181475.7,107475.0,208647.0,60827.6,165457.1,55465.5,34825.5,187045.2,83717.4,59398.7,70395.4,49125.5,59562.6,59868.5,46530.2,166203.3,35778.0,73255.2,55152.4,42774.5,108264.2,141028.5,101468.9,65311.3,49031.2,89045.6,45406.2,24473.9,81263.9,79781.5,77895.1,108174.6,51214.7,59798.1,48812.8,66324.8,83106.2,12395.7,38022.6,31469.1,74206.5,163688.1,68262.7,79778.6,59820.7,60011.4,70367.7,12101.5,59052.9,79804.4,80051.8,38760.4,74293.8,68780.7,68925.2,108544.0,58380.9,51890.2
Joker Vatne,30926.6,26210.3,36055.0,36254.2,47703.4,35942.6,39293.8,2623.3,36117.8,28926.3,38544.5,35553.3,15623.7,136574.1,142602.1,48551.2,32937.5,159363.1,23040.2,139885.0,35948.3,58723.4,38035.1,67528.7,2381.5,39168.3,83785.1,74655.5,11191.6,142013.8,84840.0,67214.5,32934.8,29280.6,33312.3,30224.4,28793.3,48411.4,31247.3,25519.8,33433.9,39368.3,74640.6,35856.7,15542.2,101448.7,140070.4,25355.6,142385.6,142129.1,39973.1,33444.2,157860.3,89631.9,36467.3,142201.7,140094.6,34029.1,43194.1,137560.6,41860.2,24015.5,0.0,46374.9,58847.6,74345.5,35079.1,12951.8,85341.0,33641.7,38398.6,33080.8,25306.0,31745.3,154870.5,30530.8,30952.1,39209.5,66857.7,139878.8,58716.8,35894.9,67518.1,41041.4,36476.0,24238.6,36319.9,141153.1,29945.0,25122.9,74438.0,146337.9,86254.8,28209.9,41686.9,142383.8,157897.0,67884.6,157856.8,83856.1,185028.2,37208.7,141838.2,31846.7,11206.6,163426.3,60098.5,35779.8,46776.6,25506.6,35943.7,36249.7,16710.6,142584.4,12159.1,66869.9,31533.6,19155.6,84645.3,117409.7,77850.1,41692.4,25412.3,65426.8,21787.3,48443.6,57645.0,67902.2,54276.3,84555.7,27595.8,36179.2,25193.9,42705.9,59487.3,36365.4,22798.3,7850.2,66699.8,140069.2,44643.8,67899.3,36201.8,36392.5,46748.8,36071.2,35434.0,67925.1,68172.5,15141.5,50674.9,45161.9,45306.3,84925.1,34762.0,28271.3
Vigra post i butikk,34847.2,28989.0,20702.2,20901.4,22877.7,20589.8,23941.0,47463.0,20765.0,32846.9,23191.6,20200.5,57257.7,140494.7,146522.7,52471.8,20924.0,163283.7,57324.6,143638.1,20595.5,62643.9,11713.2,101813.1,44205.7,43088.8,87705.7,78576.1,43025.8,145934.4,88760.6,80571.6,20726.3,37192.2,20900.5,16936.1,32713.8,52331.9,23080.3,29250.5,46791.0,10542.2,78561.2,20503.8,57176.2,105369.3,143823.5,28745.5,146306.1,146049.6,15147.4,21032.4,161780.9,102989.0,83103.7,146122.3,143847.8,75663.1,18368.4,171845.0,76144.6,69945.0,46336.3,0.0,62768.2,78266.1,19726.3,46556.2,89261.6,46998.8,23045.8,21067.3,29928.2,23578.3,158791.1,23502.1,34872.7,43130.1,80214.8,143631.9,62637.3,20542.0,71438.6,44962.0,21123.2,29225.3,82956.3,145073.6,25143.1,29043.4,78358.5,163892.5,90175.3,25926.9,45607.5,146304.3,161817.6,102169.0,161777.4,87776.7,188781.3,21855.9,145758.8,22191.2,43040.7,167346.8,64019.1,20427.0,88410.6,21356.6,20590.9,20896.8,50995.0,146504.9,45763.5,80227.0,35454.1,27447.9,88565.9,121162.8,81770.6,45612.9,30236.3,78783.9,63421.3,84862.5,61565.6,102186.6,58196.8,88476.3,27306.4,20826.4,29114.4,3669.0,63407.8,83001.8,57082.7,39077.8,80056.9,143822.4,2363.1,102183.7,20849.0,21039.6,88382.8,83854.2,20081.2,102209.5,102456.9,46482.1,54595.5,4427.4,4571.9,88845.7,19409.2,26820.5
"Ulsteinvik, 6065 Ulsteinvik",31097.0,34203.5,45357.1,45556.3,64348.3,45244.7,48595.9,60353.4,45419.9,32306.0,47846.5,44855.4,70148.0,79520.0,93532.5,10897.5,42695.2,102308.9,62974.8,90648.0,45250.4,545.1,54680.0,107463.2,57096.0,30689.4,32742.8,33016.5,48675.9,92944.2,33797.7,80030.8,42692.5,36651.4,43069.9,49038.9,32173.0,10835.8,41005.0,34113.9,46250.1,56013.1,32454.8,45158.7,70066.6,52379.1,90833.4,35113.2,93316.0,93059.5,56618.0,43201.8,100806.1,91724.9,88753.8,93132.1,90857.6,88553.4,59838.9,119641.5,81794.8,82835.3,59226.7,63019.8,0.0,32670.7,44381.2,54753.3,34298.7,46458.0,47700.7,42838.4,34039.3,41503.0,97816.4,39879.4,34331.8,30730.7,79673.9,90641.8,538.5,45197.0,10463.9,32562.5,45778.1,35423.5,88606.4,92083.5,38655.0,34419.4,32766.4,110902.4,29200.6,37558.5,33208.1,93314.2,100842.8,107819.1,100802.7,32813.8,135791.2,46510.8,92768.6,41604.3,48690.9,106372.1,734.2,45081.9,101300.9,53459.3,45245.8,45551.7,56645.2,93514.8,53960.6,79686.2,27648.8,59550.6,27591.1,68172.6,30625.6,33213.5,33872.9,78243.0,76311.6,90512.6,1311.1,107836.8,52720.1,33513.4,36392.8,45481.3,34416.0,59350.8,639.6,88652.0,62732.9,54367.2,79516.1,90832.2,61288.7,107833.9,45503.9,45694.6,101273.2,89504.4,44736.1,107859.6,108107.1,52132.3,56459.0,61806.7,61951.2,33882.8,44063.7,36697.1
Kiwi Meieribygget Ørsta,46204.2,49310.7,60464.3,60663.5,79455.6,60351.9,63703.2,75460.7,60527.1,47413.3,62953.8,59962.7,85255.3,99489.3,68558.1,41696.6,57802.4,122754.4,78082.0,65673.5,60357.6,32271.7,69787.2,122570.5,72203.3,50201.4,9478.7,585.0,63783.2,67969.7,10533.6,95116.3,57799.8,51758.7,58177.2,64146.1,47280.2,41634.8,56112.2,49221.1,53280.7,71120.4,334.1,60266.0,85173.8,27404.7,65858.9,50220.5,68341.5,68085.0,71725.2,58309.1,121251.6,66750.4,103861.1,68157.6,65883.1,103660.7,74946.2,94667.0,96902.0,97942.6,74334.0,78127.0,32590.8,0.0,59488.5,69860.6,11034.5,53116.1,62807.9,57945.7,49146.6,56610.2,118261.9,54986.6,49439.1,50242.7,94759.4,65667.3,32265.1,60304.2,28847.7,52074.5,60885.3,50530.8,103713.7,67109.0,53762.3,49526.6,393.9,85927.9,47584.3,52665.8,52720.0,68339.7,121288.3,122926.4,121248.1,9549.6,110816.7,61618.0,67794.1,56711.6,63798.2,126817.6,32223.1,60189.2,116408.2,68566.6,60353.1,60659.0,71752.4,68540.3,69067.9,94771.7,42756.1,74657.9,45974.9,43198.2,3543.6,52725.5,48980.2,94216.8,91418.9,105619.9,33271.0,122944.0,20088.4,10249.3,51500.1,60588.5,49523.3,74458.1,32896.8,103759.2,77840.1,69474.5,95090.5,65857.7,76395.9,122941.1,60611.1,60801.8,116380.4,104611.7,59843.4,122966.9,123214.3,67239.5,23827.4,76914.0,77058.4,10618.7,59170.9,51804.4
SUNDGATA 8,16166.0,10307.8,1027.8,1227.0,21102.0,915.4,4266.7,36319.4,1090.6,14165.6,3517.3,526.2,46114.1,121813.5,127841.5,33790.6,2242.8,144602.5,38643.4,124956.9,921.2,43962.7,11433.7,83131.8,33062.1,24407.6,69024.5,59894.9,24344.5,127253.1,70079.3,61890.4,2045.1,18511.0,2219.3,5792.5,14032.6,33650.7,4399.0,10569.2,28109.8,12766.8,59879.9,797.9,46032.6,86688.1,125142.3,10064.3,127624.9,127368.4,13371.7,2351.2,143099.6,84307.8,64422.4,127441.0,125166.5,64519.5,16592.6,153163.8,57463.4,58801.4,35192.7,19773.5,44087.0,59584.9,0.0,30422.0,70580.3,28317.6,3371.5,2386.1,11247.0,4897.0,140109.9,4820.9,16191.5,24448.9,61533.5,124950.7,43956.1,867.7,52757.4,26280.7,1448.9,10544.1,64275.0,126392.4,6461.9,10362.2,59677.3,145211.3,71494.1,7245.6,26926.3,127623.1,143136.3,83487.7,143096.2,69095.4,170100.1,2181.5,127077.5,3509.9,24359.5,148665.6,45337.9,721.1,77266.9,10213.0,885.0,1222.5,32313.8,127823.7,29629.2,61545.8,16772.9,16304.3,69884.6,102481.6,63089.4,26931.7,11555.1,60102.6,52277.7,66181.3,42884.4,83505.4,39515.6,69795.1,8625.2,1152.1,10433.2,16104.5,44726.6,64320.6,38401.5,27934.2,61375.7,125141.1,18042.3,83502.5,1174.7,1365.3,77239.2,65173.0,406.9,83528.2,83775.7,27800.9,35914.3,18560.4,18704.9,70164.5,734.6,8139.3
Kiwi Skodje,26433.6,21717.2,31106.3,31305.5,47951.8,30993.9,34345.2,14084.7,31169.1,24433.2,33595.8,30604.7,23879.3,132081.1,138109.0,44058.1,28444.4,154870.0,10158.5,131041.1,30999.6,54230.3,38283.5,54646.9,10827.3,34675.2,79292.0,70162.4,6698.5,137520.7,80346.9,58370.6,28441.7,20436.6,28819.2,30472.7,24300.2,43918.3,26754.2,21026.7,24589.9,39616.6,70147.5,30908.0,23797.8,96955.6,131226.4,20862.5,137892.5,137636.0,40221.5,28951.1,153367.2,80788.0,35937.5,137708.6,131250.7,42284.7,43442.4,124678.9,28978.5,36566.6,12958.0,46623.3,54354.6,69852.4,30130.4,0.0,80847.9,24797.8,33449.9,28587.7,20812.9,27252.2,150377.4,26037.7,22526.9,34716.4,58013.7,131034.9,54223.7,30946.2,63025.0,36548.3,31527.3,19745.5,35790.2,136660.0,25452.0,20629.8,69944.9,133456.2,81761.7,23716.8,37193.8,137890.7,153403.9,55002.8,153363.7,79363.0,176184.2,32260.0,137345.1,27353.6,6713.5,158933.2,55605.4,30831.2,55032.2,25754.9,30995.1,31301.0,3828.9,138091.3,1217.0,58026.0,27040.5,19403.9,80152.2,108565.7,73357.0,37199.3,20919.2,56582.8,30042.9,37696.4,53151.9,55020.5,49783.2,80062.6,23102.8,31230.5,20700.8,42954.3,54994.2,35835.7,9916.6,8098.5,57855.9,131225.3,44892.1,55017.6,31253.1,31443.8,55004.4,36688.1,30485.3,55043.3,55290.8,6297.6,46181.9,45410.2,45554.7,80432.0,29812.9,23778.2
Kiwi Volda,57219.6,60326.1,71479.7,71678.9,90471.0,71367.3,74718.6,86476.1,71542.5,58428.7,73969.2,70978.1,96270.7,90753.7,59822.5,43415.6,68817.8,114018.8,89097.4,56937.9,71373.1,33990.7,80802.6,104593.4,83218.7,61216.8,1596.0,11400.2,74798.6,59234.1,685.9,86380.7,68815.2,62774.1,69192.6,75161.5,58295.6,43353.9,67127.6,60236.5,64296.1,82135.8,10838.6,71281.4,96189.3,18669.1,57123.3,61235.9,59605.9,59349.4,82740.7,69324.5,112516.0,58014.8,114876.5,59422.0,57147.5,114676.1,85961.6,85931.4,107917.4,108958.0,85349.4,89142.5,34309.8,11054.5,70503.9,80876.0,0.0,64131.6,73823.3,68961.1,60162.0,67625.7,109526.3,66002.0,60454.5,61258.1,86023.8,56931.7,33984.1,71319.6,30566.7,63089.9,71900.8,61546.2,114729.1,58373.4,64777.7,60542.0,11150.2,77192.3,49303.3,63681.2,63735.5,59604.1,112552.7,104949.3,112512.5,1507.6,102081.1,72633.4,59058.5,67727.0,74813.6,118082.0,33942.1,71204.6,127423.6,79582.0,71368.5,71674.4,82767.8,59804.7,80083.3,86036.1,53771.5,85673.3,47693.9,34462.6,7852.8,63740.9,59995.6,85481.2,102434.3,116635.3,34990.0,104967.0,31103.8,807.3,62515.5,71603.9,60538.7,85473.5,34615.8,114774.6,88855.6,80489.9,86354.9,57122.1,87411.3,104964.1,71626.6,71817.2,127395.9,115627.1,70858.8,104989.8,105237.3,78254.9,34842.8,87929.4,88073.9,547.4,70186.3,62819.8
Kiwi Sykkylven,18516.5,18020.7,29174.3,29373.5,48165.5,29061.9,32413.2,34629.3,29237.1,15020.9,31663.8,28672.7,44423.9,152099.6,120411.4,36141.1,26512.4,175364.7,30265.2,106523.3,29067.6,46313.2,38497.2,52065.6,31371.9,26758.1,62532.8,53403.2,22951.8,119823.0,63587.7,33852.9,26509.7,10350.1,26887.2,32856.1,14664.9,36001.2,24822.2,17931.1,207.8,39830.4,53388.3,28976.0,44342.5,95596.8,106708.7,18930.5,120194.8,119938.3,40435.2,27019.1,173861.9,56270.3,56044.2,120011.0,106733.0,62829.3,43656.2,135516.8,49085.1,57111.2,33502.6,46837.0,46437.5,53093.2,28198.4,24781.4,64088.6,0.0,31517.9,26655.7,17856.6,25320.2,170872.1,23696.6,12440.4,26799.4,33496.0,106517.1,46306.6,29014.2,55108.0,28631.3,29595.3,19240.7,55896.8,119719.3,22472.3,18236.6,53185.6,126777.7,73844.6,21375.8,29276.8,120193.0,173898.6,52421.5,173858.4,62603.7,151666.5,30328.0,119647.4,25421.6,22966.8,179427.9,47688.4,28899.2,75576.8,37276.5,29063.1,29369.0,23935.5,120393.6,25928.3,33508.2,19123.4,39948.5,72235.2,84048.0,56597.7,29282.2,17690.2,32065.1,50587.5,57803.0,45234.9,52439.1,33023.9,63303.4,20210.1,29298.5,18233.2,43168.0,47077.2,55942.4,30023.3,28643.1,33338.1,106707.5,45105.9,52436.2,29321.1,29511.8,75549.1,56794.8,28553.3,52462.0,52709.4,19010.0,29422.6,45624.0,45768.4,63672.8,27880.9,20514.4
SKARBØVIKGATA 25,19459.8,13601.6,2582.3,2781.5,24395.8,2498.4,1550.2,39613.2,2507.2,17459.4,800.8,2997.8,49407.8,125107.3,131135.3,37084.3,5536.6,147896.2,41937.2,128250.7,2482.9,47256.5,14727.4,86425.6,36355.9,27701.4,72318.2,63188.7,27638.3,130546.9,73373.1,65184.2,5338.8,21804.8,5513.1,9086.3,17326.4,36944.5,7692.8,13863.0,31403.6,16060.6,63173.7,3074.0,49326.4,89981.9,128436.1,13358.1,130918.7,130662.2,16665.4,5645.0,146393.4,87601.6,67716.2,130734.8,128460.3,67813.2,19886.4,156457.6,60757.1,62095.2,38486.5,23067.2,47380.8,62878.7,3389.8,33715.7,73874.1,31611.4,0.0,5679.9,14540.8,8190.8,143403.7,8114.7,19485.3,27742.7,64827.3,128244.5,47249.9,2647.5,56051.2,29574.5,1920.7,13837.9,67568.8,129686.2,9755.7,13656.0,62971.1,148505.1,74787.9,10539.4,30220.0,130916.9,146430.1,86781.5,146389.9,72389.2,173393.9,2162.0,130371.3,6803.7,27653.3,151959.4,48631.7,3147.2,80560.7,13506.8,3311.1,2777.0,35607.5,131117.5,32923.0,64839.6,20066.7,19598.1,73178.4,105775.4,66383.2,30225.5,14848.9,63396.4,55571.4,69475.0,46178.1,86799.2,42809.4,73088.9,11919.0,2568.6,13727.0,19398.3,48020.4,67614.3,41695.3,31228.0,64669.5,128434.9,21336.1,86796.3,2729.1,2919.8,80533.0,68466.8,3005.4,86822.0,87069.5,31094.7,39208.1,21854.2,21998.6,73458.3,4028.3,11433.1
NØRVEGATA 23,14806.5,8948.3,3109.7,3308.9,22101.0,2997.4,6348.6,34662.5,3172.6,12806.2,5599.2,2608.1,44457.2,120454.0,126482.0,32431.1,285.7,143243.0,37283.9,123597.4,3003.1,42603.2,12432.7,81772.4,31405.2,23048.1,67665.0,58535.4,22985.1,125893.6,68719.9,60531.0,424.0,17151.6,801.4,6791.5,12673.1,32291.2,1892.1,9209.8,26750.3,13765.8,58520.5,2911.4,44375.7,85328.6,123782.8,8704.8,126265.4,126008.9,14370.7,933.3,141740.2,82948.4,63063.0,126081.6,123807.1,62862.6,17591.6,151804.3,56103.9,57144.5,33535.8,20772.5,42727.5,58225.4,2133.9,29062.5,69220.9,26958.1,5453.4,0.0,9887.5,1966.4,138750.4,2685.9,14832.0,23089.4,60174.1,123591.2,42596.6,2949.6,51397.9,24921.3,3530.8,9184.7,62915.6,125032.9,4327.0,9002.7,58317.8,143851.8,70134.6,5886.2,25566.8,126263.6,141776.9,82128.3,141736.7,67736.0,168740.6,4263.5,125718.1,1159.3,23000.1,147306.1,43978.4,2834.6,75610.1,11212.0,2998.5,3304.4,30954.3,126464.2,28269.8,60186.3,15413.4,17303.3,68525.2,101122.1,61729.9,25572.2,10195.6,58743.2,50620.8,64821.8,41524.9,82145.9,38156.1,68435.6,7265.7,3234.0,9073.8,17103.5,43367.2,62961.1,37042.0,28933.3,60016.2,123781.7,19041.4,82143.0,3256.6,3447.2,75582.3,63813.6,2488.8,82168.8,82416.2,26441.4,34554.8,19559.4,19703.9,68805.0,1816.4,6779.9
SPJELKAVIKVEGEN 42,5798.7,1427.0,12221.4,12420.6,31212.6,12109.0,15460.3,26345.4,12284.2,3798.3,14710.9,11719.7,36140.0,111446.2,117474.2,23423.3,9559.5,134235.2,28966.8,114589.6,12114.7,33595.4,21544.3,73455.2,23088.0,14040.3,58657.2,49527.6,14667.9,116885.8,59712.1,51523.1,9556.8,8143.7,9934.3,15903.2,3665.3,23283.4,7869.3,1252.7,17742.5,22877.5,49512.7,12023.1,36058.6,76320.8,114775.0,1977.5,117257.6,117001.1,23482.3,10066.1,132732.3,73940.5,54745.8,117073.7,114799.3,54545.4,26703.3,143487.2,47786.8,48827.3,25218.7,29884.1,33719.7,49217.6,11245.5,20745.3,60213.0,17950.3,14565.0,9702.8,0.0,8367.3,129742.6,6902.2,5824.2,14081.6,51166.2,114583.4,33588.8,12061.3,42390.1,15913.4,12642.4,1497.4,54598.4,116025.1,5677.9,1174.4,49310.0,134844.0,61126.8,4581.4,16559.0,117255.8,132769.0,73811.1,132728.9,58728.1,159732.8,13375.1,116710.2,8468.7,14682.9,138298.3,34970.6,11946.3,67292.9,20323.6,12110.2,12416.1,22637.2,117456.4,19952.6,51178.5,6405.6,26415.0,59517.4,92114.3,52722.1,16564.4,166.4,49735.3,42303.6,56504.7,32517.1,73828.8,29148.3,59427.8,3616.4,12345.6,1171.0,26215.1,34359.3,54644.0,28724.9,20359.3,51008.4,114773.8,28153.0,73825.9,12368.2,12558.9,67265.2,55496.4,11600.4,73851.6,74099.1,18124.3,25547.0,28671.0,28815.5,59797.2,10928.0,3920.7
"Eggesbønes, 6008 Ålesund",13340.4,7482.2,5526.7,5725.9,24517.9,5414.3,8765.6,33196.4,5589.5,11340.0,8016.2,5025.1,42991.0,118987.9,125015.9,30965.0,2864.8,141776.9,35817.8,122131.3,5420.0,41137.1,14849.6,80306.2,29939.0,21582.0,66198.8,57069.3,21518.9,124427.5,67253.7,59064.8,2862.1,15685.4,3239.6,9208.5,11207.0,30825.1,1116.4,7743.6,25284.2,16182.8,57054.3,5328.4,42909.6,83862.5,122316.7,7238.7,124799.3,124542.8,16787.6,3371.4,140274.0,81482.2,61596.8,124615.4,122340.9,61396.4,20008.6,150338.2,54637.7,55678.3,32069.7,23189.4,41261.4,56759.3,4550.8,27596.3,67754.7,25492.0,7870.3,2044.2,8421.4,0.0,137284.3,1794.3,13365.9,21623.3,58707.9,122125.1,41130.5,5366.6,49931.8,23455.1,5947.7,7718.5,61449.4,123566.8,3435.3,7536.6,56851.7,142385.7,68668.5,4420.0,24100.6,124797.5,140310.7,80662.1,140270.6,66269.8,167274.5,6680.4,124251.9,1205.8,21533.9,145840.0,42512.3,5251.6,74143.9,13628.9,5415.5,5721.4,29488.2,124998.1,26803.6,58720.2,13947.3,19720.3,67059.0,99656.0,60263.8,24106.1,8729.5,57277.0,49154.6,63355.6,40058.8,80679.8,36690.0,66969.5,5799.6,5650.9,7607.6,19520.4,41901.0,61495.0,35575.9,27210.2,58550.1,122315.5,21458.3,80676.9,5673.5,5864.2,74116.2,62347.4,4905.7,80702.6,80950.1,24975.3,33088.7,21976.4,22120.8,67338.9,4233.3,5313.7
Kiwi Deknepollen,144886.0,147992.5,159146.1,159345.3,178137.3,159033.7,162384.9,174142.4,159208.9,146095.0,161635.6,158644.4,183937.1,18770.1,51086.7,106913.5,156484.2,4683.3,176763.8,96755.5,159039.4,97488.6,168469.0,161170.0,170885.1,148883.2,89986.5,99066.6,162465.0,51473.5,91717.7,142957.3,156481.5,150440.4,156858.9,162827.9,145962.0,106851.8,154794.0,147902.9,171020.3,169802.2,98504.9,158947.8,183855.6,90852.7,96940.8,148902.2,51307.4,51799.4,170407.0,156990.8,3180.4,114591.4,202542.9,51494.0,96965.1,202342.4,173628.0,125749.0,162155.0,196624.4,173015.7,176808.8,97807.7,98720.8,158170.2,168542.4,91542.3,170855.7,161489.7,156627.5,147828.3,155292.0,0.0,153668.4,148120.9,148924.4,142600.4,96749.3,97482.0,158986.0,88252.1,150756.3,159567.1,149212.5,202395.5,51478.0,152444.1,148208.4,98816.6,117009.9,106988.8,151347.5,151401.8,51552.6,3217.1,161525.9,3177.0,90057.5,100978.6,160299.8,51908.1,155393.4,162479.9,8746.4,97440.0,158870.9,215090.0,167248.3,159034.9,159340.8,170434.2,51250.7,167749.6,142612.6,141437.9,173339.6,105379.3,86948.2,95519.1,151407.3,147661.9,142057.8,190100.7,204301.7,98487.9,161543.6,118770.2,91378.8,150181.8,159270.3,148205.0,173139.8,98113.8,202441.0,176521.9,168156.3,142931.5,96939.7,175077.7,161540.7,159292.9,159483.6,215062.2,203293.4,158525.1,161566.4,161813.9,165921.3,122509.1,175595.7,175740.2,91126.5,157852.7,150486.2
NEDRE KLOKKERSUNDVEGEN 2,11556.3,5877.5,5761.1,5960.3,24752.3,5648.7,8999.9,32777.8,5823.9,9556.0,8250.5,5259.4,42572.4,117203.8,123231.8,29180.9,3099.2,139992.8,35399.2,120347.2,5654.4,39353.0,15084.0,79887.6,29520.4,19797.9,64414.8,55285.2,21100.3,122643.4,65469.7,57280.7,3096.5,13901.3,3473.9,9442.9,9422.9,29041.0,1106.6,6139.0,23500.1,16417.1,55270.3,5562.7,42491.0,82078.4,120532.6,6820.1,123015.2,122758.7,17022.0,3605.8,138489.9,79698.1,61178.2,122831.4,120556.9,60977.8,20242.9,149919.6,54219.1,55259.7,31651.1,23423.8,39477.3,54975.2,4785.2,27177.7,65970.7,23707.9,8104.7,3242.4,8002.7,1820.2,135500.2,0.0,11581.8,19839.2,56923.9,120341.0,39346.4,5601.0,48147.7,21671.1,6182.1,7299.9,61030.8,121782.7,1895.6,7118.0,55067.6,140601.6,66884.4,2552.5,22316.6,123013.4,138526.7,80243.5,138486.5,64485.8,165490.4,6914.8,122467.9,1921.5,21115.3,144055.9,40728.2,5485.9,73725.3,13863.3,5649.8,5955.7,29069.5,123214.0,26385.0,56936.1,12163.2,19954.6,65275.0,97871.9,58479.7,22322.0,6945.4,55493.0,48736.0,62937.0,38274.7,80261.1,34905.9,65185.4,4194.9,5885.3,7189.0,19754.8,40117.0,61076.3,35157.3,26791.6,56766.0,120531.5,21692.7,80258.3,5907.9,6098.6,73697.6,61928.8,5140.1,80284.0,80531.4,24556.6,31304.6,22210.7,22355.2,65554.8,4467.7,3709.1
FLISNESVEGEN 1,6422.6,5926.8,17080.4,17279.6,36071.6,16968.0,20319.3,32076.7,17143.2,2927.0,19569.9,16578.8,41871.4,112070.1,118098.1,24047.2,14418.5,134859.1,27972.8,118628.2,16973.7,34219.3,26403.3,72461.3,28819.4,14664.2,59281.1,50151.5,20399.3,117509.8,60336.0,45957.7,14415.8,2578.3,14793.3,20762.2,2570.9,23907.3,12728.3,5837.2,12177.1,27736.5,50136.6,16882.1,41789.9,76944.7,118813.6,6836.5,117881.5,117625.1,28341.3,14925.1,133356.3,68375.1,53751.9,117697.7,118837.8,60276.8,31562.3,142493.2,46792.8,54558.7,30950.0,34743.1,34343.6,49841.5,16104.5,22489.1,60837.0,12384.9,19424.0,14561.8,5762.7,13226.3,130366.5,11602.7,0.0,14705.5,45600.9,118622.0,34212.7,16920.3,43014.0,16537.4,17501.4,7146.8,53604.5,116649.0,10378.4,6142.7,49933.9,138882.6,61750.7,9281.9,17182.9,117879.7,133393.0,72817.2,133352.8,59352.1,163771.4,18234.1,117334.2,13327.7,20414.2,138922.2,35594.5,16805.3,73024.3,25182.6,16969.2,17275.1,21643.2,118080.4,25684.0,45613.1,7029.5,31274.0,60141.3,96152.9,53346.0,17188.3,5596.3,44170.0,48035.0,55510.7,33141.0,72834.8,29772.2,60051.7,8116.2,17204.6,6139.3,31074.1,34983.3,53650.0,27730.9,26090.6,45443.0,118812.4,33012.0,72831.9,17227.2,17417.9,72996.5,54502.5,16459.4,72857.7,73105.1,16717.7,26170.9,33530.0,33674.5,60421.1,15787.0,8420.5
"Fiskarstrand, 6037 Eidsnes",11130.2,14236.7,25390.3,25589.5,44381.5,25277.9,28629.2,40386.7,25453.1,12339.3,27879.8,24888.7,50181.3,108096.8,118537.0,20073.9,22728.4,130885.8,43008.0,115652.5,25283.6,30246.0,34713.2,87496.5,37129.3,41.3,59720.0,50590.4,28709.2,117948.7,60774.9,60064.1,22725.7,16684.6,23103.2,29072.1,12206.2,19934.0,21038.2,14147.1,26283.4,36046.4,50575.5,25192.0,50099.8,77383.7,115837.9,15146.5,118320.5,118064.0,36651.2,23235.1,129383.0,82481.4,68787.1,118136.6,115862.1,68586.7,39872.2,144646.0,61828.0,62868.6,39259.9,43053.0,30370.3,50280.4,24414.4,34786.6,61275.9,26491.2,27733.9,22871.7,14072.6,21536.2,126393.2,19912.6,14365.1,0.0,59707.2,115646.3,30239.4,25230.2,39040.7,1995.1,25811.3,15456.8,68639.7,117088.0,18688.3,14452.6,50372.9,135906.9,57777.4,17591.8,2640.6,118318.7,129419.7,87852.4,129379.5,59791.0,160795.7,26544.0,117773.1,21637.6,28724.2,134948.9,31621.2,25115.2,81334.2,33492.5,25279.1,25585.0,36678.4,118519.3,33993.9,59719.4,7682.1,39583.9,56168.0,93177.2,53785.0,2646.1,13906.2,58276.3,56344.9,70545.9,29167.7,87870.0,30211.2,60490.7,16426.1,25514.5,14449.2,39384.1,31009.9,68685.2,42766.1,34400.5,59549.3,115836.7,41321.9,87867.1,25537.1,25727.8,81306.4,69537.7,24769.3,87892.9,88140.3,32165.5,26609.9,41840.0,41984.4,60860.0,24096.9,16730.4
Kiwi Stranda,51722.4,51226.6,62380.2,62579.4,81371.4,62267.8,65619.0,67835.1,62443.0,48226.7,64869.7,61878.5,77629.8,123842.7,92154.5,69347.0,59718.3,147107.8,38840.3,78266.4,62273.5,79519.1,71703.1,18841.4,64577.8,59964.0,87051.3,95085.4,56157.7,91566.2,86141.2,628.7,59715.6,43556.0,60093.0,66062.0,47870.7,69207.1,58028.1,51137.0,33639.9,73036.3,94483.6,62181.8,77548.3,67339.9,78451.8,52136.3,91937.9,91681.4,73641.1,60224.9,145605.0,28013.4,61573.8,91754.1,78476.1,96035.2,76862.1,107259.9,19826.4,73504.0,66708.4,80042.9,79643.4,94739.7,61404.3,57987.3,85965.8,33475.4,64723.8,59861.5,51062.4,58526.1,142615.2,56902.5,45646.2,60005.3,0.0,78260.2,79512.5,62220.1,116021.9,61837.1,62801.2,52446.6,61426.4,91462.4,55678.2,51442.5,94350.6,98520.8,134758.6,54581.6,62482.7,91936.1,145641.7,19197.3,145601.5,86962.8,123409.6,63533.9,91390.6,58627.4,56172.7,151171.0,80894.3,62105.0,108782.7,70482.4,62268.9,62574.9,57141.4,92136.7,59134.1,284.0,52329.3,73154.4,133149.1,55791.1,93308.0,62488.1,50896.0,2090.0,83793.4,46817.6,78440.8,19215.0,64399.5,86262.6,53415.9,62504.4,51439.1,76373.9,80283.0,61471.9,38911.1,61849.0,1144.4,78450.6,78311.8,19212.1,62527.0,62717.7,108754.9,62324.4,61759.2,19237.8,19485.3,52215.9,60798.2,78829.8,78974.3,86002.6,61086.8,53720.2
Kiwi Stryn,111517.4,114623.9,125777.5,125976.7,144768.7,125665.1,129016.4,140814.1,125840.3,112726.5,128267.0,125275.9,150608.8,77974.8,46286.6,99758.6,123115.6,101239.9,136450.0,238.9,125670.8,90333.6,135100.4,107383.7,137556.8,115514.6,57939.0,65973.2,129136.7,45698.3,57028.9,78555.9,123112.9,116535.0,123490.4,129459.3,112593.4,99696.8,121425.4,114534.3,106618.9,136433.6,65371.3,125579.2,150527.3,38227.6,261.3,115533.7,46070.0,45813.6,137038.4,123622.2,99737.1,50190.0,139501.0,45886.2,285.6,169014.2,140259.4,29176.7,97753.6,163296.1,139687.4,143440.2,90652.7,65627.4,124801.6,130966.3,56853.5,106454.4,128121.1,123258.9,114459.8,121923.4,96747.4,120299.8,118625.2,115555.9,78199.0,0.0,90327.0,125617.4,86909.6,117387.7,126198.5,115843.9,139353.6,45594.5,119075.5,114839.8,65238.3,20437.6,105646.3,117979.0,118033.2,46068.3,99773.8,107739.6,99733.6,57850.6,45627.5,126931.2,45522.7,122024.8,129151.6,105303.1,90285.1,125502.4,181761.6,133879.7,125666.3,125972.2,130120.4,46268.9,132113.1,78211.3,108069.3,139971.1,104036.8,22546.8,64195.7,118038.7,114293.4,77656.4,156772.4,124744.8,91332.9,107757.3,85401.6,57150.3,116813.3,125901.7,114836.4,139771.2,90958.8,139399.1,136208.1,134828.0,78530.1,423.1,141709.1,107754.4,125924.3,126115.0,181733.9,140251.6,125156.5,107780.1,108027.6,125194.9,89140.5,142227.1,142371.6,56890.3,124484.1,117117.6
Kiwi Ulsteinvik,30935.5,34042.0,45195.6,45394.8,64186.8,45083.2,48434.5,60191.9,45258.4,32144.5,47685.1,44693.9,69986.6,79232.5,93245.1,10736.1,42533.7,102021.5,62813.3,90360.5,45088.9,43.8,54518.5,107301.7,56934.6,30527.9,32455.3,32729.0,48514.5,92656.7,33510.2,79869.3,42531.0,36489.9,42908.5,48877.4,32011.5,10674.3,40843.5,33952.4,46088.7,55851.7,32167.3,44997.3,69905.1,52091.7,90545.9,34951.7,93028.5,92772.0,56456.5,43040.3,100518.6,91437.4,88592.4,92844.6,90570.1,88392.0,59677.5,119354.0,81633.3,82673.9,59065.2,62858.3,542.4,32383.2,44219.7,54591.9,34011.2,46296.5,47539.2,42677.0,33877.8,41341.5,97528.9,39717.9,34170.4,30569.2,79512.4,90354.3,0.0,45035.5,10176.4,32401.1,45616.6,35262.0,88445.0,91796.0,38493.6,34257.9,32479.0,110614.9,28913.1,37397.0,33046.6,93026.7,100555.3,107657.7,100515.2,32526.3,135503.7,46349.3,92481.1,41442.8,48529.4,106084.6,446.7,44920.4,101139.4,53297.8,45084.4,45390.3,56483.7,93227.3,53799.1,79524.7,27487.4,59389.1,27303.7,67885.2,30338.1,33052.0,33711.4,78081.6,76150.2,90351.2,1689.0,107675.3,52432.6,33226.0,36231.3,45319.8,34254.5,59189.3,1092.0,88490.5,62571.4,54205.8,79354.6,90544.7,61127.2,107672.4,45342.4,45533.1,101111.7,89342.9,44574.6,107698.2,107945.6,51970.8,56171.5,61645.2,61789.7,33595.4,43902.2,36535.7
RASMUS RØNNEBERGS GATE 6,16952.7,11094.5,305.8,505.0,21888.7,193.4,3544.6,37106.1,368.6,14952.3,2795.3,490.7,46900.8,122600.2,128628.2,34577.3,3029.5,145389.2,39430.1,125743.6,199.1,44749.4,12220.4,83918.5,33848.8,25194.3,69811.2,60681.6,25131.3,128039.8,70866.1,62677.1,2831.8,19297.7,3006.0,6579.2,14819.3,34437.4,5185.7,11355.9,28896.5,13553.5,60666.7,426.4,46819.3,87474.8,125929.0,10851.0,128411.6,128155.1,14158.4,3137.9,143886.4,85094.5,65209.2,128227.8,125953.3,65306.2,17379.3,153950.5,58250.1,59588.1,35979.4,20560.2,44873.7,60371.6,924.6,31208.7,71367.0,29104.3,2649.4,3172.8,12033.7,5683.8,140896.6,5607.6,16978.2,25235.6,62320.3,125737.4,44742.8,0.0,53544.1,27067.5,726.8,11330.8,65061.8,127179.1,7248.6,11148.9,60464.0,145998.0,72280.8,8032.3,27713.0,128409.8,143923.0,84274.4,143882.9,69882.2,170886.8,1459.5,127864.2,4296.7,25146.2,149452.3,46124.6,499.6,78053.7,10999.7,663.6,500.5,33100.5,128610.4,30415.9,62332.5,17559.6,17091.0,70671.4,103268.3,63876.1,27718.4,12341.8,60889.4,53064.4,66968.0,43671.1,84292.1,40302.3,70581.8,9411.9,430.0,11219.9,16891.2,45513.3,65107.3,39188.2,28721.0,62162.4,125927.9,18829.1,84289.2,452.6,643.3,78025.9,65959.7,498.3,84314.9,84562.4,28587.6,36701.0,19347.1,19491.6,70951.2,1521.3,8926.0
Kiwi Myrvåg,39759.4,42865.8,54019.4,54218.6,73010.7,53907.1,57258.3,69015.8,54082.2,40968.4,56508.9,53517.8,78810.4,69940.3,89673.0,19559.9,51357.5,92729.3,71637.2,86788.4,53912.8,10135.0,63342.4,116125.6,65758.4,39351.8,28883.3,29156.9,57338.3,89084.6,29938.2,116231.2,51354.9,45313.8,51732.3,57701.2,40835.4,19498.2,49667.4,42776.3,54912.5,64675.5,28595.3,53821.1,78729.0,48519.6,86973.8,43775.6,89456.4,89199.9,65280.4,51864.2,91226.5,87865.4,97416.2,89272.6,86998.1,97215.8,68501.3,115781.9,90457.1,91497.7,67889.1,71682.2,10454.1,28811.2,53043.6,63415.7,30439.2,55120.3,56363.1,51500.8,42701.7,50165.4,88236.7,48541.8,42994.2,39393.1,115874.3,86782.2,10128.4,53859.3,0.0,41224.9,54440.5,44085.9,97268.8,88223.9,47317.4,43081.8,28906.9,107042.8,19285.3,46220.9,41870.4,89454.6,91263.2,116481.5,91223.0,28954.3,131931.6,55173.2,88909.1,50266.7,57353.3,96792.5,10086.4,53744.3,109963.3,62121.7,53908.2,54214.1,65307.5,89655.2,62623.0,115886.6,36311.2,68213.0,17675.9,64313.1,26766.1,41875.9,42535.3,115331.7,84974.0,99175.0,11134.3,116499.2,48860.5,29653.9,45055.2,54143.7,43078.4,68013.2,10760.1,97314.3,71395.3,63029.6,116205.5,86972.7,69951.1,116496.3,54166.3,54356.9,109935.6,98166.8,53398.5,116522.0,116769.5,60794.7,52599.5,70469.1,70613.6,30023.3,52726.1,45359.5
Kiwi Langevåg,12962.1,16068.6,27222.2,27421.4,46213.4,27109.8,30461.0,42218.5,27285.0,14171.1,29711.7,26720.5,52013.2,109928.7,120368.9,21905.7,24560.3,132717.6,44839.9,117484.4,27115.5,32077.9,36545.1,89328.3,38961.2,1953.8,61551.9,52422.3,30541.1,119780.6,62606.8,61895.9,24557.6,18516.5,24935.0,30904.0,14038.1,21765.9,22870.1,15979.0,28115.3,37878.3,52407.4,27023.9,51931.7,79215.5,117669.7,16978.3,120152.3,119895.9,38483.1,25066.9,131214.8,84313.3,70618.9,119968.5,117694.0,70418.6,41704.1,146477.9,63659.9,64700.5,41091.8,44884.9,32202.2,52112.3,26246.3,36618.5,63107.8,28323.1,29565.8,24703.6,15904.4,23368.1,128225.1,21744.5,16197.0,1995.1,61539.0,117478.2,32071.3,27062.1,40872.6,0.0,27643.2,17288.6,70471.6,118919.8,20520.2,16284.5,52204.8,137738.7,59609.3,19423.6,658.6,120150.5,131251.5,89684.2,131211.4,61622.9,162627.5,28375.9,119605.0,23469.4,30556.0,136780.8,33453.0,26947.0,83166.0,35324.4,27110.9,27416.9,38510.3,120351.1,35825.7,61551.3,9514.0,41415.7,57999.8,95009.0,55616.8,664.0,15738.0,60108.1,58176.8,72377.8,30999.5,89701.9,32043.0,62322.5,18257.9,27346.4,16281.1,41215.9,32841.8,70517.1,44598.0,36232.4,61381.2,117668.6,43153.8,89699.0,27369.0,27559.7,83138.3,71369.5,26601.2,89724.7,89972.2,33997.4,28441.7,43671.8,43816.3,62691.9,25928.8,18562.3
NEDRE STRANDGATE 51,17539.0,11680.8,727.9,927.0,22475.0,643.9,2817.8,37692.5,661.2,15538.7,2068.5,1077.1,47487.1,123186.5,129214.5,35163.6,3615.9,145975.5,40016.4,126330.0,562.2,45335.7,12806.7,84504.9,34435.1,25780.6,70397.5,61267.9,25717.6,128626.2,71452.4,63263.5,3418.1,19884.1,3592.3,7165.6,15405.6,35023.7,5772.1,11942.3,29482.8,14139.9,61253.0,1153.2,47405.6,88061.1,126515.3,11437.4,128997.9,128741.5,14744.7,3724.2,144472.7,85680.9,65795.5,128814.1,126539.6,65892.5,17965.7,154536.8,58836.4,60174.4,36565.8,21146.5,45460.0,60957.9,1469.1,31795.0,71953.4,29690.6,1922.6,3759.1,12620.0,6270.1,141482.9,6193.9,17564.5,25821.9,62906.6,126323.7,45329.1,726.8,54130.5,27653.8,0.0,11917.2,65648.1,127765.4,7835.0,11735.2,61050.3,146584.3,72867.1,8618.7,28299.3,128996.1,144509.4,84860.8,144469.2,70468.5,171473.1,732.7,128450.6,4883.0,25732.6,150038.7,46710.9,1226.5,78640.0,11586.0,1390.4,922.5,33686.8,129196.8,31002.3,62918.8,18145.9,17677.3,71257.7,103854.6,64462.4,28304.7,12928.1,61475.7,53650.7,67554.3,44257.4,84878.4,40888.6,71168.1,9998.2,722.6,11806.3,17477.5,46099.7,65693.6,39774.5,29307.3,62748.8,126514.2,19415.4,84875.5,874.7,1065.3,78612.2,66546.1,1084.6,84901.3,85148.7,29173.9,37287.3,19933.4,20077.9,71537.5,2107.6,9512.4
LERSTADVEGEN 545,7396.8,2680.5,11463.5,11662.7,30454.7,11351.1,14702.3,25646.0,11526.3,5396.5,13953.0,10961.8,35440.6,113044.3,119072.3,25021.4,8801.6,135833.3,28267.4,116187.7,11356.8,35193.5,20786.4,72755.8,22388.6,15638.4,60255.3,51125.7,13968.5,118483.9,61310.2,53121.2,8798.9,9741.8,9176.3,15145.3,5263.4,24881.5,7111.4,1989.9,19340.6,22119.6,51110.8,11265.2,35359.2,77918.9,116373.1,1219.6,118855.7,118599.2,22724.4,9308.2,134330.4,75538.6,54046.4,118671.9,116397.4,53846.0,25945.4,142787.8,47087.3,48127.9,24519.3,29126.2,35317.8,50815.7,10487.6,20045.9,61811.1,19548.4,13807.1,8944.8,1484.0,7609.4,131340.7,6394.9,7422.3,15679.7,52764.4,116181.5,35186.9,11303.4,43988.2,17511.6,11884.5,0.0,53899.0,117623.2,6415.2,1593.0,50908.1,136442.1,62724.9,4074.0,18157.1,118853.9,134367.2,73111.7,134327.0,60326.3,161330.9,12617.2,118308.4,7710.7,13983.5,139896.4,36568.7,11188.3,66593.5,19565.7,11352.2,11658.2,21937.7,119054.5,19253.2,52776.6,8003.7,25657.0,61115.5,93712.4,54320.2,18162.5,1590.3,51333.5,41604.2,55805.2,34115.2,73129.3,30746.4,61025.9,4066.0,11587.7,1664.0,25457.2,35957.5,53944.5,28025.5,19659.8,52606.5,116372.0,27395.1,73126.5,11610.3,11801.0,66565.7,54797.0,10842.5,73152.2,73399.7,17424.8,27145.1,27913.1,28057.6,61395.3,10170.1,4741.4
Kiwi Vestnes,60486.3,55770.0,65159.1,65358.3,84150.3,65046.7,68398.0,38491.4,65221.9,58486.0,67648.6,64657.4,51491.9,166133.8,153321.6,78110.9,62497.2,188922.8,25932.0,139433.5,65052.4,88283.0,74482.0,67388.2,38249.7,68727.9,113344.8,104215.2,40964.8,152733.2,114399.7,61580.1,62494.5,51606.9,62872.0,66220.9,55921.6,77971.0,60807.0,55079.5,55760.2,75815.2,104200.3,64960.8,51410.4,131008.4,139618.9,54915.2,153105.0,152848.5,76420.0,63003.8,187420.0,89180.4,275.7,152921.1,139643.1,69897.3,79641.0,137420.2,41719.7,12295.1,36252.0,82821.8,88407.3,103905.2,64183.2,35818.3,114900.7,55968.0,67502.7,62640.5,54865.7,61305.0,184430.2,60090.5,53697.2,68769.2,61443.2,139427.3,88276.4,64999.0,97077.8,70601.1,65580.1,53798.3,0.0,152629.4,59504.7,54682.6,103997.7,146197.4,115814.4,57769.6,71246.6,153103.2,187456.7,67744.1,187416.5,113415.8,184576.6,66312.8,152557.6,61406.4,40979.7,192986.0,89658.2,64884.0,82644.8,61503.1,65047.9,65353.8,34510.4,153303.8,36965.1,61235.5,61093.2,55152.1,114205.0,116958.1,107409.8,71252.1,54972.0,63257.0,57655.5,12454.2,87204.7,67761.8,83835.9,114115.4,57155.5,65283.3,54753.6,79152.8,89047.0,173.8,26002.8,43846.7,62186.7,139617.7,81090.7,67758.9,65305.9,65496.6,82617.0,961.6,64538.1,67784.6,68032.1,37467.9,80234.6,81608.7,81753.2,114484.8,63865.7,57831.0
Kiwi Nordfjordeid,93721.1,96827.6,107981.2,108180.4,126972.4,107868.8,111220.0,122977.5,108044.0,94930.1,110470.6,107479.5,132772.1,32724.5,1400.1,79917.1,105319.3,55989.7,125598.9,45590.6,107874.5,70492.1,117304.1,110005.1,119720.1,97718.2,38821.5,47901.7,111300.0,1363.7,40552.8,91792.3,105316.6,99275.5,105694.0,111663.0,94797.1,79855.3,103629.1,96738.0,119855.4,118637.2,47340.0,107782.8,132690.7,39687.8,45775.9,97737.3,1578.5,1200.2,119242.1,105825.9,54486.9,63426.5,151377.9,1272.9,45800.2,151177.5,122463.0,74584.0,110990.1,145459.4,121850.8,125643.9,70811.2,47555.9,107005.3,117377.4,40377.4,119690.8,110324.8,105462.5,96663.4,104127.1,51497.1,102503.5,96955.9,97759.5,91435.5,45584.4,70485.5,107821.1,67068.1,99591.4,108402.2,98047.6,151230.5,0.0,101279.1,97043.5,47651.6,65844.9,85804.8,100182.6,100236.9,1442.9,54523.6,110361.0,54483.4,38892.5,50379.5,109134.9,1309.0,104228.4,111315.0,60052.8,70443.5,107706.0,163925.0,116083.4,107869.9,108175.8,119269.2,1564.1,116584.7,91447.7,90272.9,122174.7,84195.3,35783.2,44354.2,100242.3,96497.0,90892.8,138935.7,153136.8,71491.4,110378.6,67605.2,40213.9,99016.9,108105.4,97040.1,121974.9,71117.3,151276.1,125357.0,116991.4,91766.6,45774.8,123912.8,110375.7,108128.0,108318.7,163897.3,152128.5,107360.2,110401.5,110648.9,114756.4,71344.2,124430.8,124575.3,39961.6,106687.8,99321.2
SMEDGARDEN 1,10313.7,4635.0,7402.6,7601.8,26393.8,7290.2,10641.4,31203.7,7465.4,8313.4,9892.1,6900.9,40998.4,115961.2,121989.2,27938.3,4740.7,138750.2,33825.1,119104.7,7295.9,38110.4,16725.5,78313.5,27946.4,18555.3,63172.2,54042.6,19526.3,121400.9,64227.1,56038.2,4738.0,12658.8,5115.4,11084.4,8180.3,27798.4,2748.1,4896.4,22257.5,18058.7,54027.7,7204.2,40916.9,80835.8,119290.0,5910.1,121772.6,121516.2,18663.5,5247.3,137247.4,78455.6,59604.1,121588.8,119314.3,59403.7,21884.5,148345.5,52645.1,53685.7,30077.0,25065.3,38234.7,53732.6,6426.7,25603.7,64728.1,22465.3,9746.2,4883.9,5869.2,3461.7,134257.6,1896.1,10339.2,18596.6,55681.3,119098.5,38103.8,7242.5,46905.2,20428.5,7823.6,6389.9,59456.8,120540.1,0.0,5303.9,53825.1,139359.0,65641.8,2838.9,21074.0,121770.9,137284.1,78669.4,137243.9,63243.2,164247.8,8556.3,121225.3,3563.1,19541.2,142813.4,39485.6,7127.4,72151.2,15504.8,7291.3,7597.2,27495.5,121971.5,24810.9,55693.5,10920.6,21596.1,64032.4,96629.3,57237.1,21079.5,5702.8,54250.4,47161.9,61363.0,37032.1,78687.1,33663.3,63942.8,2952.4,7526.8,5157.0,21396.3,38874.4,59502.3,33583.2,25217.6,55523.5,119288.9,23334.2,78684.2,7549.4,7740.1,72123.5,60354.7,6781.6,78709.9,78957.4,22982.6,30062.0,23852.2,23996.7,64312.2,6109.2,2466.5
"Vallekrysset, 6013 Ålesund",6077.6,1359.8,11393.8,11593.0,30385.0,11281.4,14632.6,26390.1,11456.6,4077.3,13883.3,10892.1,36184.7,111725.1,117753.1,23702.2,8731.9,134514.1,29011.5,114868.6,11287.1,33874.3,20716.7,73499.9,23132.8,14319.3,58936.1,49806.5,14712.6,117164.8,59991.0,51802.1,8729.2,8422.7,9106.6,15075.6,3944.2,23562.3,7041.7,669.3,18021.4,22049.9,49791.6,11195.4,36103.3,76599.7,115053.9,1149.9,117536.5,117280.1,22654.7,9238.5,133011.3,74219.5,54790.5,117352.7,115078.2,54590.1,25875.7,143531.9,47831.5,48872.1,25263.4,29056.5,33998.6,49496.5,10417.9,20790.0,60492.0,18229.2,13737.4,8875.1,1157.1,7539.7,130021.5,6325.1,6103.1,14360.5,51445.2,114862.4,33867.7,11233.7,42669.1,16192.4,11814.8,1460.2,54643.1,116304.1,5094.6,0.0,49589.0,135122.9,61405.7,4004.3,16837.9,117534.8,133048.0,73855.8,133007.8,59007.1,160011.7,12547.5,116989.2,7641.0,14727.6,138577.3,35249.5,11118.6,67337.6,19496.0,11282.5,11588.4,22681.9,117735.4,19997.3,51457.4,6684.5,25587.3,59796.3,92393.2,53001.1,16843.4,1263.5,50014.3,42348.3,56549.4,32796.0,73873.5,29427.2,59706.7,2745.4,11518.0,343.4,25387.5,34638.3,54688.7,28769.6,20404.0,51287.4,115052.8,27325.4,73870.6,11540.6,11731.3,67309.9,55541.1,10772.8,73896.3,74143.8,18169.0,25825.9,27843.4,27987.9,60076.1,10100.4,3420.8
"Ørsta, 6150 Ørsta",46279.1,49385.6,60539.2,60738.4,79530.4,60426.8,63778.0,75535.5,60602.0,47488.1,63028.7,60037.5,85330.1,99095.4,68164.2,41821.6,57877.3,122360.5,78156.9,65279.6,60432.5,32396.6,69862.1,122645.3,72278.2,50276.2,9603.6,710.0,63858.1,67575.8,10658.5,94722.4,57874.6,51833.5,58252.0,64221.0,47355.1,41759.8,56187.1,49296.0,53355.6,71195.3,459.1,60340.8,85248.7,27010.8,65465.0,50295.3,67947.6,67691.1,71800.1,58383.9,120857.7,66356.5,103935.9,67763.7,65489.2,103735.5,75021.1,94273.1,96976.9,98017.5,74408.8,78201.9,32715.7,364.2,59563.3,69935.4,11159.5,53191.0,62882.8,58020.5,49221.4,56685.1,117868.0,55061.5,49513.9,50317.5,94365.5,65273.4,32390.0,60379.1,28972.6,52149.4,60960.2,50605.6,103788.6,66715.1,53837.1,49601.5,0.0,85534.0,47709.3,52740.6,52794.9,67945.8,120894.4,123001.2,120854.2,9674.6,110422.8,61692.9,67400.2,56786.4,63873.0,126423.7,32348.0,60264.0,116483.0,68641.4,60427.9,60733.8,71827.3,68146.4,69142.7,94377.8,42830.9,74732.7,46099.8,42804.3,3668.5,52800.3,49055.0,93822.9,91493.7,105694.8,33395.9,123018.9,20163.3,10374.2,51574.9,60663.4,49598.1,74532.9,33021.8,103834.1,77915.0,69549.4,94696.6,65463.8,76470.8,123016.0,60686.0,60876.7,116455.3,104686.5,59918.2,123041.7,123289.2,67314.4,23902.2,76988.8,77133.3,10743.6,59245.8,51879.2
Matstova,131778.0,134884.5,146038.1,146237.3,165029.3,145925.7,149277.0,147586.6,146100.9,132987.0,148527.6,145536.4,157381.2,98235.4,66547.2,120019.2,143376.2,121500.5,123685.7,20382.3,145931.4,110594.2,155361.0,87020.5,144329.2,135775.2,78199.6,86233.7,138718.5,65958.9,77289.5,98816.5,143373.5,136795.6,143751.0,149719.9,132854.0,119957.4,141686.0,134794.9,126879.5,156694.2,85631.8,145839.8,157299.7,58488.2,20615.4,135794.2,66330.6,66074.2,157299.0,143882.8,119997.7,70450.6,146419.2,66146.8,20380.1,175786.6,160520.0,8813.4,104671.8,158349.4,146459.9,163700.8,110913.3,85888.0,145062.2,133572.0,77114.1,126714.9,148381.7,143519.5,134720.4,142184.0,117007.9,140560.4,138885.8,135816.4,98459.6,20437.6,110587.6,145878.0,107170.2,137648.3,146459.1,136104.5,146271.8,65855.1,139336.1,135100.4,85498.9,0.0,125906.9,138239.6,138293.8,66328.8,120034.4,87376.4,119994.2,78111.2,65888.1,147191.8,65783.3,142285.4,138733.4,125563.7,110545.7,145763.0,188534.1,159256.8,145926.9,146232.8,132264.1,66529.4,134718.9,98471.9,128329.9,152905.8,124297.4,42807.4,84456.3,138299.3,134553.9,97917.0,163544.8,131663.0,111593.5,87394.1,105662.2,77410.9,137073.9,146162.3,135097.0,160031.8,111219.4,146317.3,123756.5,141600.4,98790.7,20198.1,161969.7,87391.2,146184.9,146375.6,188506.3,147169.8,145417.1,87416.9,87664.4,135221.6,109401.1,162487.7,162632.2,77150.9,144744.7,137378.2
Meny Fosnavåg,58499.3,61605.8,72759.4,72958.6,91750.6,72647.0,75998.3,87755.7,72822.2,59708.3,75248.9,72257.7,97550.4,88680.3,108412.9,38299.9,70097.5,111469.2,90377.1,105528.4,72652.7,28874.9,82082.3,134865.6,84498.4,58091.7,47623.2,47896.9,76078.3,107824.6,48678.1,134971.2,70094.8,64053.7,70472.3,76441.2,59575.3,38238.1,68407.3,61516.2,73652.5,83415.5,47335.2,72561.1,97468.9,67259.5,105713.7,62515.5,108196.4,107939.9,84020.3,70604.1,109966.4,106605.3,116156.2,108012.5,105738.0,115955.8,87241.3,134521.9,109197.1,110237.7,86629.0,90422.1,29194.0,47551.1,71783.5,82155.7,49179.1,73860.3,75103.0,70240.8,61441.7,68905.3,106976.7,67281.7,61734.2,58133.0,134614.3,105522.2,28868.3,72599.3,19288.6,59964.9,73180.4,62825.8,116008.8,106963.9,66057.4,61821.7,47646.8,125782.8,0.0,64960.9,60610.4,108194.6,110003.1,135221.5,109962.9,47694.2,150671.5,73913.1,107649.0,69006.7,76093.2,115532.4,28826.4,72484.3,128703.2,80861.6,72648.2,72954.1,84047.5,108395.2,81362.9,134626.5,55051.2,86952.9,1642.5,83053.0,45506.0,60615.8,61275.2,134071.7,103714.0,117915.0,29874.2,135239.1,67600.4,48393.8,63795.1,72883.6,61818.3,86753.1,29500.1,116054.3,90135.2,81769.6,134945.4,105712.6,88691.0,135236.2,72906.2,73096.9,128675.5,116906.7,72138.4,135262.0,135509.4,79534.6,71339.4,89209.0,89353.5,48763.2,71466.0,64099.5
LERSTADVEGEN 291,9234.5,3555.7,8431.4,8630.6,27422.6,8319.0,11670.3,29551.3,8494.2,7234.1,10920.9,7929.7,39345.9,114882.0,120909.9,26859.0,5769.5,137670.9,32172.7,118025.4,8324.7,37031.2,17754.3,76661.1,26293.9,17476.1,62092.9,52963.3,17873.8,120321.6,63147.8,54958.9,5766.8,11579.5,6144.3,12113.2,7101.1,26719.2,4079.3,3817.1,21178.2,19087.5,52948.4,8233.1,39264.5,79756.5,118210.7,3593.6,120693.4,120436.9,19692.3,6276.1,136168.1,77376.3,57951.7,120509.5,118235.0,57751.3,22913.3,146693.1,50992.6,52033.2,28424.6,26094.1,37155.5,52653.3,7455.5,23951.2,63648.8,21386.1,10775.0,5912.8,4776.2,4577.3,133178.4,2551.5,9259.9,17517.4,54602.0,118019.2,37024.6,8271.3,45825.9,19349.2,8852.4,4073.4,57804.3,119460.9,2806.4,3891.5,52745.8,138279.8,64562.6,0.0,19994.7,120691.6,136204.8,77017.0,136164.6,62163.9,163168.5,9585.1,120146.0,4678.7,17888.8,141734.1,38406.3,8156.3,70498.8,16533.6,8320.2,8626.1,25843.0,120892.2,23158.5,54614.3,9841.4,22625.0,62953.1,95550.0,56157.9,20000.2,4623.6,53171.1,45509.5,59710.5,35952.8,77034.7,32584.1,62863.6,1873.1,8555.6,3962.5,22425.1,37795.1,57849.8,31930.8,23565.1,54444.2,118209.6,24363.0,77031.8,8578.2,8768.9,70471.1,58702.3,7810.4,77057.5,77305.0,21330.1,28982.8,24881.0,25025.5,63232.9,7138.0,1387.2
"Sula, 6030 Langevåg",13607.6,16714.1,27867.7,28066.9,46858.9,27755.3,31106.5,42864.0,27930.5,14816.6,30357.2,27366.0,52658.7,110574.2,121014.4,22551.2,25205.8,133363.1,45485.4,118129.9,27761.0,32723.4,37190.6,89973.8,39606.7,2599.3,62197.4,53067.8,31186.6,120426.1,63252.3,62541.4,25203.1,19162.0,25580.5,31549.5,14683.6,22411.4,23515.6,16624.5,28760.8,38523.8,53052.9,27669.4,52577.2,79861.0,118315.2,17623.8,120797.8,120541.4,39128.6,25712.4,131860.3,84958.8,71264.4,120614.0,118339.5,71064.1,42349.6,147123.4,64305.4,65346.0,41737.3,45530.4,32847.7,52757.8,26891.8,37264.0,63753.3,28968.6,30211.3,25349.0,16549.9,24013.6,128870.6,22390.0,16842.5,2640.6,62184.5,118123.7,32716.8,27707.6,41518.1,658.6,28288.7,17934.1,71117.1,119565.3,21165.7,16930.0,52850.2,138384.2,60254.8,20069.1,0.0,120796.0,131897.0,90329.7,131856.9,62268.4,163273.0,29021.4,120250.5,24114.9,31201.5,137426.3,34098.5,27592.5,83811.5,35969.9,27756.4,28062.4,39155.8,120996.6,36471.2,62196.8,10159.4,42061.2,58645.3,95654.5,56262.3,396.5,16383.5,60753.6,58822.2,73023.3,31645.0,90347.4,32688.5,62968.0,18903.4,27991.9,16926.6,41861.4,33487.3,71162.6,45243.5,36877.9,62026.7,118314.1,43799.3,90344.5,28014.5,28205.2,83783.8,72015.0,27246.7,90370.2,90617.7,34642.9,29087.2,44317.3,44461.8,63337.4,26574.3,19207.8
minibakeriet,94508.6,97615.1,108768.7,108967.9,127759.9,108656.3,112007.6,123765.0,108831.5,95717.6,111258.2,108267.0,133559.7,32551.1,234.1,80704.6,106106.8,55816.2,126386.4,46613.4,108662.0,71279.6,118091.6,111028.0,120507.7,98505.8,39609.1,48689.2,112087.6,877.2,41340.3,92815.2,106104.1,100063.0,106481.5,112450.5,95584.6,80642.8,104416.6,97525.5,120878.3,119424.8,48127.5,108570.4,133478.2,40475.3,46798.8,98524.8,273.1,448.3,120029.6,106613.4,54313.4,64449.4,152165.4,459.7,46823.1,151965.1,123250.6,75606.9,112013.0,146247.0,122638.3,126431.4,71598.7,48343.4,107792.8,118165.0,41164.9,120713.7,111112.3,106250.1,97450.9,104914.6,51323.6,103291.0,97743.5,98547.0,92458.3,46607.2,71273.0,108608.6,67855.6,100378.9,109189.7,98835.1,152018.1,1100.6,102066.7,97831.0,48439.2,66867.8,86592.3,100970.1,101024.4,0.0,54350.1,111383.9,54309.9,39680.0,50382.3,109922.4,1311.8,105015.9,112102.5,59879.4,71231.1,108493.5,164712.5,116870.9,108657.5,108963.4,120056.8,216.3,117372.2,92470.6,91060.4,122962.2,84982.8,36806.1,45141.7,101029.9,97284.5,91915.7,139723.3,153924.3,72278.9,111401.5,68392.8,41001.4,99804.4,108892.9,97827.6,122762.4,71904.8,152063.6,126144.5,117778.9,92789.5,46797.7,124700.3,111398.6,108915.5,109106.2,164684.8,152916.0,108147.7,111424.4,111671.8,115543.9,72131.7,125218.3,125362.8,40749.1,107475.3,100108.8
"Måløy, 6700 Måløy",147931.5,151038.0,162191.6,162390.8,181182.8,162079.2,165430.5,177187.9,162254.4,149140.6,164681.1,161690.0,186982.6,21815.6,54132.2,109959.1,159529.7,3184.7,179809.3,99801.0,162084.9,100534.1,171514.5,164215.5,173930.6,151928.7,93032.0,102112.1,165510.5,54519.0,94763.3,146002.8,159527.0,153485.9,159904.5,165873.4,149007.5,109897.3,157839.5,150948.4,174065.8,172847.7,101550.5,161993.3,186901.1,93898.2,99986.4,151947.8,54353.0,54844.9,173452.5,160036.4,36.7,117636.9,205588.4,54539.5,100010.6,205388.0,176673.5,128794.5,165200.5,199669.9,176061.2,179854.3,100853.2,101766.4,161215.7,171587.9,94587.9,173901.3,164535.2,159673.0,150873.9,158337.5,3236.2,156713.9,151166.4,151969.9,145645.9,99794.8,100527.5,162031.5,91297.6,153801.8,162612.6,152258.0,205441.0,54523.5,155489.6,151253.9,101862.1,120055.4,110034.3,154393.1,154447.3,54598.1,0.0,164571.4,210.6,93103.0,104024.2,163345.3,54953.6,158438.9,165525.4,5838.0,100485.6,161916.5,218135.5,170293.9,162080.4,162386.3,173479.7,54296.2,170795.2,145658.2,144483.4,176385.2,108424.8,89993.7,98564.6,154452.8,150707.5,145103.3,193146.2,207347.2,101533.4,164589.1,121815.7,94424.3,153227.4,162315.8,151250.5,176185.4,101159.3,205486.5,179567.4,171201.8,145977.0,99985.2,178123.2,164586.2,162338.4,162529.1,218107.7,206338.9,161570.6,164611.9,164859.4,168966.8,125554.6,178641.3,178785.7,94172.0,160898.2,153531.7
"Valldal, 6210 Valldal",79666.5,74950.2,84339.3,84538.5,103330.5,84226.9,87578.2,69013.1,84402.1,77666.2,86828.8,83837.7,78807.7,142762.4,111074.2,97291.1,81677.4,166027.6,45112.2,107583.9,84232.6,107463.2,93662.2,402.0,65755.7,87908.2,105971.0,123395.4,60145.0,110485.9,105060.9,19332.8,81674.7,70787.1,82052.2,85401.1,75101.8,97151.2,79987.2,74259.7,52559.7,94995.4,123380.5,84141.0,78726.2,86259.6,107817.0,74095.4,110857.7,110601.2,95600.2,82184.1,164524.7,46933.1,67845.7,110673.8,107581.6,97213.1,98821.2,78498.6,26098.3,79775.9,67886.3,102002.0,107587.5,123085.4,83363.4,54998.5,104885.5,52395.1,86682.9,81820.7,74045.9,80485.2,161535.0,79270.7,72877.4,87949.4,19195.9,107639.1,107456.6,84179.2,116258.0,89781.3,84760.3,72978.5,67698.3,110382.1,78684.9,73862.8,123177.9,87275.8,134994.6,76949.8,90426.8,110855.9,164561.4,0.0,164521.3,105882.6,153089.6,85493.0,110310.3,80586.6,60159.9,170090.7,108838.4,84064.2,109960.6,80683.3,84228.1,84534.0,53690.6,111056.5,56145.3,18988.1,80273.4,74332.3,133385.2,74710.8,112227.7,90432.3,74152.2,21009.7,84971.3,53089.5,106384.9,17.6,103016.1,105182.3,76335.7,84463.5,73933.8,98333.0,108227.2,67743.8,45183.0,63026.9,19939.4,107399.6,100270.9,37.8,84486.1,84676.8,109932.8,68596.3,83718.3,63.5,451.3,56648.1,99414.8,100788.9,100933.4,104922.4,83045.9,77011.2
"Måløy, 6700 Måløy",147891.3,150997.8,162151.4,162350.6,181142.7,162039.0,165390.3,177147.8,162214.2,149100.4,164640.9,161649.8,186942.4,21775.5,54092.0,109918.9,159489.5,3144.5,179769.1,99760.8,162044.7,100493.9,171474.3,164175.4,173890.4,151888.5,92991.8,102071.9,165470.3,54478.8,94723.1,145962.6,159486.9,153445.8,159864.3,165833.2,148967.3,109857.1,157799.3,150908.2,174025.6,172807.5,101510.3,161953.1,186860.9,93858.1,99946.2,151907.6,54312.8,54804.7,173412.4,159996.2,173.9,117596.7,205548.2,54499.4,99970.5,205347.8,176633.3,128754.3,165160.4,199629.7,176021.1,179814.1,100813.0,101726.2,161175.6,171547.7,94547.7,173861.1,164495.0,159632.8,150833.7,158297.4,3196.0,156673.7,151126.2,151929.8,145605.7,99754.6,100487.3,161991.3,91257.4,153761.6,162572.4,152217.9,205400.8,54483.3,155449.4,151213.7,101821.9,120015.2,109994.1,154352.9,154407.2,54558.0,210.6,164531.3,0.0,93062.8,103984.0,163305.1,54913.4,158398.7,165485.3,5718.2,100445.4,161876.3,218095.3,170253.7,162040.2,162346.1,173439.5,54256.0,170755.0,145618.0,144443.2,176345.0,108384.7,89953.5,98524.5,154412.6,150667.3,145063.1,193106.0,207307.0,101493.2,164548.9,121775.5,94384.2,153187.2,162275.6,151210.4,176145.2,101119.1,205446.3,179527.2,171161.6,145936.9,99945.1,178083.0,164546.0,162298.2,162488.9,218067.5,206298.8,161530.5,164571.8,164819.2,168926.6,125514.5,178601.1,178745.6,94131.8,160858.0,153491.5
Naustet Grill,55732.0,58838.5,69992.1,70191.3,88983.4,69879.7,73231.0,84988.5,70054.9,56941.1,72481.6,69490.5,94783.1,91670.0,60738.7,41928.0,67330.2,114935.1,87609.8,57854.2,69885.4,32503.1,79315.1,105509.7,81731.1,59729.2,88.4,9912.6,73311.0,60150.4,1680.3,87297.0,67327.6,61286.5,67705.0,73673.9,56808.0,41866.3,65640.1,58748.9,62808.5,80648.2,9351.0,69793.8,94701.7,19585.3,58039.6,59748.3,60522.2,60265.7,81253.1,67836.9,113432.3,58931.1,113388.9,60338.3,58063.8,113188.5,84474.0,86847.7,106429.8,107470.4,83861.8,87654.9,32822.2,9566.9,69016.3,79388.4,1504.9,62644.0,72335.8,67473.5,58674.4,66138.1,110442.5,64514.4,58966.9,59770.5,86940.1,57848.0,32496.5,69832.0,29079.1,61602.3,70413.2,60058.6,113241.5,59289.7,63290.1,59054.4,9662.6,78108.6,47815.7,62193.6,62247.9,60520.4,113469.0,105865.6,113428.8,0.0,102997.4,71145.8,59974.8,66239.4,73326.0,118998.3,32454.5,69717.0,125936.0,78094.4,69880.9,70186.8,81280.2,60721.0,78595.7,86952.3,52283.9,84185.7,46206.3,35378.8,6365.2,62253.3,58508.0,86397.5,100946.7,115147.7,33502.4,105883.3,29616.2,1567.0,61027.9,70116.4,59051.1,83985.9,33128.2,113287.0,87367.9,79002.3,87271.2,58038.4,85923.7,105880.4,70139.0,70329.6,125908.2,114139.5,69371.2,105906.1,106153.6,76767.3,33355.2,86441.8,86586.3,1089.0,68698.8,61332.2
"Innviksvegen, 6793 Innvik",156033.6,159140.1,170293.7,170492.9,189284.9,170181.3,173532.6,185330.3,170356.5,157242.7,172783.2,169792.1,195125.0,82226.5,50072.6,144274.8,167631.8,105491.6,180966.2,44990.5,170187.0,134849.8,179616.6,152135.4,182073.0,160030.8,102455.2,110489.4,173652.9,49484.3,101545.1,123072.1,167629.1,161051.2,168006.6,173975.5,157109.6,144213.0,165941.6,159050.5,151135.1,180949.8,109887.5,170095.4,195043.5,82743.8,45120.2,160049.9,49856.0,49599.6,181554.6,168138.4,103988.8,94706.2,184017.2,49672.2,45144.5,213530.4,184775.6,73928.3,142269.8,207812.3,184203.6,187956.4,135168.9,110143.6,169317.8,175482.5,101369.7,150970.6,172637.3,167775.1,158976.0,166439.6,100999.1,164816.0,163141.4,160072.1,122715.2,44928.6,134843.2,170133.6,131425.8,161903.9,170714.7,160360.1,183869.8,50381.6,163591.7,159356.0,109754.5,65189.2,150162.5,162495.2,162549.4,49854.3,104025.5,152491.3,103985.3,102366.8,0.0,171447.4,49308.7,166541.0,173667.9,109554.8,134801.3,170018.6,226277.9,178395.9,170182.5,170488.4,174636.6,50054.9,176629.3,122727.5,152585.5,184487.3,148553.1,67063.0,108711.9,162554.9,158809.6,122172.6,201288.6,169261.0,135849.2,152508.9,129917.8,101666.5,161329.5,170417.9,159352.6,184287.4,135475.0,183915.3,180724.3,179344.2,123046.3,45174.8,186225.3,152506.1,170440.5,170631.2,226250.1,184767.8,169672.7,152531.8,152779.2,169711.1,133656.7,186743.4,186887.8,101406.6,169000.3,161633.8
"Skateflukaia, 6002 Ålesund",18271.7,12413.5,820.2,870.4,23207.7,932.6,3059.1,38425.1,1079.3,16271.4,2309.7,1809.7,48219.8,123919.2,129947.2,35896.3,4348.5,146708.2,40749.1,127062.6,1294.9,46068.4,13539.4,85237.6,35167.8,26513.3,71130.2,62000.6,26450.3,129358.8,72185.1,63996.1,4150.8,20616.7,4325.0,7898.3,16138.3,35756.4,6504.8,12675.0,30215.5,14872.5,61985.7,1885.9,48138.3,88793.8,127248.0,12170.0,129730.6,129474.1,15477.4,4456.9,145205.4,86413.5,66528.2,129546.8,127272.3,66625.2,18698.3,155269.5,59569.1,60907.1,37298.4,21879.2,46192.7,61690.6,2201.8,32527.7,72686.0,30423.3,2163.8,4491.8,13352.7,7002.8,142215.6,6926.6,18297.2,26554.6,63639.3,127056.4,46061.8,1459.5,54863.1,28386.5,732.7,12649.8,66380.8,128498.1,8567.6,12467.9,61783.0,147317.0,73599.8,9351.4,29032.0,129728.8,145242.1,85593.5,145201.9,71201.2,172205.8,0.0,129183.2,5615.7,26465.2,150771.3,47443.6,1959.1,79372.7,12318.7,2123.0,865.8,34419.5,129929.4,31735.0,63651.5,18878.6,18410.0,71990.4,104587.3,65195.1,29037.4,13660.8,62208.4,54383.4,68287.0,44990.1,85611.1,41621.3,71900.8,10730.9,989.6,12538.9,18210.2,46832.3,66426.3,40507.2,30040.0,63481.4,127246.9,20148.1,85608.2,673.4,505.4,79344.9,67278.7,1817.3,85634.0,85881.4,29906.6,38020.0,20666.1,20810.6,72270.2,2840.3,10245.0
Nordfjord hotell,94174.9,97281.4,108435.0,108634.2,127426.2,108322.6,111673.9,123431.3,108497.8,95383.9,110924.5,107933.4,133226.0,33186.2,1032.4,80370.9,105773.1,56451.4,126052.7,45547.9,108328.3,70945.9,117757.9,109962.5,120174.0,98172.1,39275.4,48355.5,111753.9,444.0,41006.6,91749.7,105770.4,99729.3,106147.9,112116.8,95250.9,80309.1,104082.9,97191.8,119812.8,119091.1,47793.9,108236.7,133144.5,40373.5,45733.3,98191.1,815.8,559.3,119695.9,106279.7,54948.6,63383.9,151831.8,549.2,45757.6,151631.4,122916.9,74541.4,110947.5,145913.3,122304.6,126097.7,71265.0,48009.7,107459.1,117831.3,40831.2,119648.2,110778.6,105916.4,97117.3,104580.9,51958.8,102957.3,97409.8,98213.3,91392.8,45541.7,70939.3,108274.9,67521.9,100045.2,108856.0,98501.4,151684.4,1341.4,101733.0,97497.3,48105.5,65802.3,86258.6,100636.5,100690.7,814.0,54985.3,110318.4,54945.1,39346.4,49316.8,109588.7,0.0,104682.3,111768.8,60514.6,70897.4,108159.9,164378.9,116537.2,108323.8,108629.7,119723.1,1014.6,117038.6,91405.1,90726.8,122628.6,84649.2,35740.6,44808.0,100696.2,96950.8,90850.2,139389.6,153590.6,71945.2,110336.0,68059.1,40667.7,99470.8,108559.2,97493.9,122428.7,71571.1,151729.9,125810.8,117445.2,91724.0,45732.2,124366.6,110333.1,108581.8,108772.5,164351.1,152582.4,107814.0,110358.9,110606.3,115210.2,71798.0,124884.6,125029.1,40415.4,107141.6,99775.1
Nørve barnehage,13462.2,7604.0,4216.1,4415.3,23207.3,4103.7,7455.0,33318.2,4278.9,11461.9,6705.6,3714.4,43112.9,119109.7,125137.7,31086.8,1392.0,141898.7,35939.6,122253.1,4109.4,41258.9,13539.0,80428.1,30060.9,21703.8,66320.7,57191.1,21640.8,124549.4,67375.6,59186.7,1530.3,15807.3,1907.8,7897.9,11328.8,30946.9,1122.3,7865.5,25406.0,14872.2,57176.2,4017.8,43031.4,83984.3,122438.5,7360.5,124921.1,124664.6,15477.0,2039.6,140395.9,81604.1,61718.7,124737.3,122462.8,61518.3,18698.0,150460.0,54759.6,55800.2,32191.5,21878.8,41383.2,56881.1,3240.2,27718.2,67876.6,25613.8,6559.7,1199.1,8543.2,1196.6,137406.1,1916.2,13487.7,21745.1,58829.8,122246.9,41252.3,4056.0,50053.6,23577.0,4637.1,7840.4,61571.3,123688.6,3557.2,7658.4,56973.5,142507.5,68790.3,4541.9,24222.5,124919.3,140432.6,80784.0,140392.4,66391.7,167396.3,5369.8,124373.8,0.0,21655.8,145961.9,42634.1,3941.0,74265.8,12318.3,4104.9,4410.8,29610.0,125119.9,26925.5,58842.0,14069.1,18409.7,67180.9,99777.8,60385.6,24227.9,8851.3,57398.9,49276.5,63477.5,40180.6,80801.6,36811.8,67091.3,5921.4,4340.3,7729.5,18209.8,42022.9,61616.8,35697.7,27332.1,58671.9,122437.4,20147.7,80798.7,4362.9,4553.6,74238.0,62469.2,3595.1,80824.5,81071.9,25097.1,33210.5,20665.7,20810.2,67460.7,2922.7,5435.6
Obs Bygg Digernes,20425.1,15708.8,25097.8,25297.0,44089.1,24985.5,28336.7,12278.7,25160.6,18424.7,27587.3,24596.2,22073.4,126072.6,132100.6,38049.7,22435.9,148861.6,15482.5,129383.4,24991.2,48221.8,34420.8,59970.9,9021.4,28666.7,73283.6,64154.0,221.3,131512.2,74338.4,56713.0,22433.3,18779.0,22810.7,28666.8,18291.7,37909.8,20745.8,15018.2,22932.3,35753.9,64139.1,24899.5,21991.9,90947.2,129568.8,14854.0,131884.0,131627.5,36358.8,22942.6,147358.7,79130.4,41261.5,131700.1,129593.1,40478.8,39579.7,130002.9,34302.5,34760.7,11152.0,42760.6,48346.1,63844.0,24122.0,6678.7,74839.4,23140.1,27441.5,22579.2,14804.4,21243.8,144369.0,20029.2,20450.6,28708.0,56356.1,129377.2,48215.2,24937.7,57016.5,30539.8,25518.9,13737.1,41114.2,130651.5,19443.5,14621.3,63936.4,138780.2,75753.2,17708.4,31185.4,131882.2,147395.4,60326.8,147355.3,73354.5,174526.6,26251.6,131336.6,21345.1,0.0,152924.7,49597.0,24822.7,53226.3,23949.0,24986.6,25292.5,9152.9,132082.8,5886.0,56368.4,21032.0,17598.0,74143.8,106908.1,67348.5,31190.8,14910.8,54925.2,28237.0,43020.4,47143.5,60344.5,43774.7,74054.2,17094.3,25222.1,14692.3,39091.6,48985.7,41159.7,15240.6,6292.6,56198.3,129567.7,41029.4,60341.6,25244.7,25435.3,53198.5,42012.1,24476.9,60367.3,60614.8,4640.0,40173.4,41547.5,41692.0,74423.6,23804.5,17769.7
"Oldeide, 6718 Deknepollen",153438.0,156544.5,167698.1,167897.3,186689.3,167585.7,170937.0,182694.4,167760.9,154647.1,170187.6,167196.4,192489.1,27322.1,59638.7,115465.6,165036.2,8691.2,185315.8,105307.5,167591.4,106040.6,177021.0,169722.0,179437.1,157435.2,98538.5,107618.6,171017.0,60025.5,100269.8,151509.3,165033.5,158992.4,165411.0,171379.9,154514.0,115403.8,163346.0,156454.9,179572.3,178354.2,107057.0,167499.8,192407.6,99404.7,105492.9,157454.2,59859.5,60351.4,178959.0,165542.8,5801.3,123143.4,211094.9,60046.0,105517.1,210894.5,182180.0,134301.0,170707.0,205176.4,181567.7,185360.8,106359.7,107272.9,166722.2,177094.4,100094.4,179407.8,170041.7,165179.5,156380.4,163844.0,8742.7,162220.4,156672.9,157476.4,151152.4,105301.3,106034.0,167538.0,96804.1,159308.3,168119.1,157764.5,210947.5,60030.0,160996.1,156760.4,107368.6,125561.9,115540.8,159899.6,159953.8,60104.6,5838.0,170077.9,5718.2,98609.5,109530.7,168851.8,60460.1,163945.4,171031.9,0.0,105992.0,167423.0,223642.0,175800.3,167586.9,167892.8,178986.2,59802.7,176301.7,151164.7,149989.9,181891.7,113931.3,95500.2,104071.1,159959.3,156214.0,150609.8,198652.7,212853.7,107039.9,170095.6,127322.2,99930.8,158733.9,167822.3,156757.0,181691.8,106665.8,210993.0,185073.9,176708.3,151483.5,105491.7,183629.7,170092.7,167844.9,168035.6,223614.2,211845.5,167077.1,170118.4,170365.9,174473.3,131061.1,184147.7,184292.2,99678.5,166404.7,159038.2
Quality Hotel Ulstein,32320.3,35426.8,46580.4,46779.6,65571.6,46468.0,49819.2,61576.7,46643.2,33529.3,49069.9,46078.7,71371.4,79068.9,93081.4,12120.9,43918.5,101857.9,64198.1,90196.9,46473.7,416.6,55903.3,108686.5,58319.4,31912.7,32291.7,32565.4,49899.3,92493.1,33346.6,81254.1,43915.8,37874.7,44293.2,50262.2,33396.3,12059.1,42228.3,35337.2,47473.5,57236.5,32003.7,46382.1,71289.9,51928.1,90382.3,36336.5,92864.9,92608.4,57841.3,44425.1,100355.0,91273.8,89977.1,92681.0,90406.5,89776.7,61062.3,119190.4,83018.1,84058.7,60450.0,64243.1,735.7,32219.6,45604.5,55976.7,33847.6,47681.3,48924.0,44061.8,35262.6,42726.3,97365.3,41102.7,35555.2,31954.0,80897.2,90190.7,410.0,46420.3,10012.8,33785.9,47001.4,36646.8,89829.8,91632.4,39878.4,35642.7,32315.4,110451.3,28749.5,38781.8,34431.4,92863.1,100391.7,109042.4,100351.6,32362.7,135340.1,47734.1,92317.5,42827.6,49914.2,105921.0,0.0,46305.2,102524.2,54682.6,46469.1,46775.1,57868.5,93063.7,55183.9,80909.5,28872.2,60773.9,27140.1,67721.6,30174.5,34436.8,35096.2,79466.3,77534.9,91736.0,1864.1,109060.1,52269.0,33062.4,37616.1,46704.6,35639.3,60574.1,1041.8,89875.3,63956.2,55590.6,80739.4,90381.1,62512.0,109057.2,46727.2,46917.9,102496.5,90727.7,45959.4,109082.9,109330.4,53355.6,56007.9,63030.0,63174.5,33431.8,45287.0,37920.5
KONGENS GATE 6,16874.6,11016.4,808.9,1008.1,21810.5,696.5,4047.8,37028.0,871.7,14874.2,3298.4,403.8,46822.6,122522.1,128550.0,34499.1,2951.4,145311.0,39352.0,125665.5,702.2,44671.3,12142.2,83840.4,33770.7,25116.2,69733.0,60603.4,25053.1,127961.7,70787.9,62599.0,2753.6,19219.6,2927.9,6501.1,14741.2,34359.3,5107.6,11277.8,28818.3,13475.4,60588.5,360.4,46741.2,87396.7,125850.9,10772.9,128333.5,128077.0,14080.2,3059.7,143808.2,85016.4,65131.0,128149.6,125875.1,65228.0,17301.2,153872.4,58171.9,59510.0,35901.3,20482.0,44795.6,60293.4,708.6,31130.5,71288.9,29026.2,3152.5,3094.7,11955.6,5605.6,140818.5,5529.5,16900.0,25157.5,62242.1,125659.3,44664.7,503.2,53466.0,26989.3,1230.0,11252.7,64983.6,127101.0,7170.5,11070.8,60385.9,145919.9,72202.7,7954.2,27634.8,128331.7,143844.9,84196.3,143804.7,69804.0,170808.7,1962.6,127786.1,4218.5,25068.1,149374.2,46046.4,0.0,77975.5,10921.6,314.6,1003.6,33022.3,128532.3,30337.8,62254.4,17481.5,17012.9,70593.2,103190.2,63798.0,27640.3,12263.7,60811.2,52986.2,66889.8,43592.9,84214.0,40224.2,70503.7,9333.8,933.2,11141.8,16813.1,45435.2,65029.1,39110.1,28642.8,62084.3,125849.7,18750.9,84211.1,955.8,1146.4,77947.8,65881.6,740.4,84236.8,84484.3,28509.5,36622.9,19269.0,19413.4,70873.1,1443.1,8847.9
"Remmemsvik, 6264 Tennfjord",72964.2,68247.9,78092.5,78291.7,89741.0,77980.2,81331.4,47899.4,78155.3,70963.9,80582.0,77590.9,32280.5,178611.7,184639.7,90588.8,74975.1,201400.7,65077.8,181922.6,77985.9,100760.9,80072.7,109566.2,44642.0,81205.8,125822.7,116693.1,53229.2,184051.4,126877.6,109252.1,74972.4,71318.2,75349.8,72262.0,70830.8,90448.9,73284.9,67557.3,75471.4,81405.9,116678.2,77894.2,32536.0,143486.3,182107.9,67393.1,184423.1,184166.6,82010.7,75481.7,199897.9,131669.5,82833.1,184239.3,182132.2,13048.8,85231.7,179598.2,83897.8,70381.3,46772.7,88412.5,100885.2,116383.1,77116.7,54989.4,127378.6,75679.3,80436.2,75118.3,67343.5,73782.9,196908.1,72568.3,72989.7,81247.1,108895.2,181916.4,100754.3,77932.4,109555.6,83079.0,78513.6,66276.2,82685.7,183190.6,71982.6,67160.4,116475.5,188375.4,128292.3,70247.5,83724.5,184421.3,199934.6,109922.1,199894.4,125893.7,227065.7,79246.3,183875.8,73884.2,53244.1,205463.8,102136.1,77817.4,0.0,67544.1,77981.3,78287.2,58748.2,184621.9,54196.7,108907.5,73571.1,61193.1,126682.9,159447.2,119887.6,83729.9,67449.9,107464.3,24986.5,92615.7,99682.6,109939.8,96313.8,126593.3,69633.4,78216.8,67231.4,84743.5,101524.8,82731.2,64835.9,49887.7,108737.4,182106.8,86681.4,109936.9,78239.4,78430.0,527.6,82437.0,77471.6,109962.6,110210.1,57179.1,92712.5,87199.4,87343.9,126962.7,76799.5,70308.8
"Langelandsvegen 47, 6010 Ålesund",25226.6,19368.4,11081.6,11280.8,22730.0,10969.2,14320.5,26639.6,11144.4,23226.3,13571.1,10579.9,36434.3,130874.1,136902.1,42851.2,11303.5,153663.1,35821.2,134017.6,10974.9,53023.3,13061.7,80309.7,23382.3,33468.2,78085.1,68955.5,23972.6,136313.8,79140.0,70951.1,11105.7,27571.7,11279.9,5251.0,23093.2,42711.3,13459.7,19629.9,37170.4,14394.9,68940.6,10883.3,36352.8,95748.7,134202.9,19125.0,136685.5,136429.1,14999.7,11411.8,152160.3,93368.5,61600.3,136501.7,134227.2,54839.7,18220.7,150341.6,54641.2,49121.6,25512.9,21401.5,53147.6,68645.5,10105.7,25732.8,79641.0,37378.2,13425.2,11446.7,20307.6,13957.7,149170.5,13881.5,25252.1,33509.5,70594.2,134011.4,53016.7,10921.5,61818.1,35341.4,11502.6,19604.8,61452.9,135453.1,15522.6,19422.8,68737.9,159118.9,80554.7,16306.3,35986.9,136683.8,152197.0,80665.6,152156.8,78156.1,179160.7,12235.3,136138.2,12570.6,23987.6,157726.3,54398.5,10806.4,67587.2,0.0,10970.4,11276.3,29491.6,136884.4,24940.1,70606.4,25833.5,6624.5,78945.3,111542.2,72150.0,35992.4,20615.7,69163.3,42597.9,63359.1,51945.0,80683.2,48576.2,78855.7,17685.8,11205.8,19493.9,17732.6,53787.3,61498.4,35579.3,18254.5,70436.4,134201.8,19670.4,80680.3,11228.4,11419.1,67559.4,62350.8,10460.6,80706.1,80953.5,27922.5,44974.9,20188.5,20332.9,79225.1,9788.6,17200.0
"Storgata 16, 6002 Ålesund",17038.5,11180.3,972.8,1172.0,21974.5,860.4,4211.7,37191.9,1035.6,15038.1,3462.3,567.7,46986.5,122686.0,128714.0,34663.0,3115.3,145474.9,39515.9,125829.4,866.2,44835.2,12306.1,84004.3,33934.6,25280.1,69896.9,60767.4,25217.0,128125.6,70951.8,62762.9,2917.5,19383.5,3091.8,6665.0,14905.1,34523.2,5271.5,11441.7,28982.3,13639.3,60752.4,524.3,46905.1,87560.6,126014.8,10936.8,128497.4,128240.9,14244.1,3223.7,143972.1,85180.3,65294.9,128313.5,126039.0,65391.9,17465.1,154036.3,58335.8,59673.9,36065.2,20645.9,44959.5,60457.4,872.5,31294.4,71452.8,29190.1,3316.5,3258.6,12119.5,5769.5,140982.4,5693.4,17064.0,25321.4,62406.0,125823.2,44828.6,667.1,53629.9,27153.2,1393.9,11416.6,65147.5,127264.9,7334.4,11234.7,60549.8,146083.8,72366.6,8118.1,27798.7,128495.6,144008.8,84360.2,143968.6,69967.9,170972.6,2126.5,127950.0,4382.4,25232.0,149538.1,46210.3,314.6,78139.4,11085.5,0.0,1167.5,33186.3,128696.2,30501.7,62418.3,17645.4,17176.8,70757.1,103354.1,63961.9,27804.2,12427.6,60975.1,53150.1,67053.7,43756.8,84377.9,40388.1,70667.6,9497.7,1097.1,11305.7,16977.0,45599.1,65193.1,39274.0,28806.7,62248.2,126013.6,18914.8,84375.0,1119.7,1310.3,78111.7,66045.5,904.3,84400.7,84648.2,28673.4,36786.8,19432.9,19577.3,71037.0,1607.0,9011.8
Sjøbua,17320.9,11462.7,194.7,97.1,22256.8,307.1,3661.1,37474.3,453.8,15320.5,2911.7,858.9,47268.9,122968.4,128996.3,34945.4,3397.7,145757.3,39798.3,126111.8,425.6,45117.6,12588.5,84286.7,34216.9,25562.5,70179.3,61049.7,25499.4,128408.0,71234.2,63045.3,3199.9,19665.9,3374.2,6947.4,15187.5,34805.6,5553.9,11724.1,29264.6,13921.7,61034.8,935.1,47187.5,87842.9,126297.1,11219.2,128779.8,128523.3,14526.5,3506.0,144254.5,85462.7,65577.3,128595.9,126321.4,65674.3,17747.5,154318.7,58618.2,59956.2,36347.6,20928.3,45241.9,60739.7,1250.9,31576.8,71735.2,29472.5,2765.9,3541.0,12401.8,6051.9,141264.8,5975.8,17346.3,25603.7,62688.4,126105.6,45111.0,508.6,53912.3,27435.6,922.5,11699.0,65429.9,127547.3,7616.8,11517.1,60832.2,146366.2,72649.0,8400.5,28081.1,128778.0,144291.2,84642.6,144251.0,70250.3,171254.9,865.8,128232.4,4664.8,25514.4,149820.5,46492.7,1008.3,78421.8,11367.8,1172.2,0.0,33468.6,128978.6,30784.1,62700.7,17927.8,17459.2,71039.5,103636.4,64244.3,28086.6,12710.0,61257.5,53432.5,67336.1,44039.2,84660.3,40670.5,70949.9,9780.1,364.1,11588.1,17259.3,45881.5,65475.4,39556.4,29089.1,62530.6,126296.0,19197.2,84657.4,192.5,383.2,78394.1,66327.9,866.4,84683.1,84930.6,28955.7,37069.2,19715.3,19859.7,71319.3,1889.4,9294.2
"Sjøholt, 6240 Sjøholt",28487.0,23770.7,33159.7,33358.9,52151.0,33047.4,36398.6,17833.5,33222.5,26486.6,35649.2,32658.1,27628.1,134134.5,140162.5,46111.6,30497.8,156923.5,8840.7,130212.0,33053.1,56283.7,42482.7,53329.2,14576.1,36728.6,81345.5,72215.9,8965.4,139574.1,82400.3,57541.5,30495.2,19607.6,30872.6,34221.6,23922.3,45971.7,28807.7,23080.1,23760.9,43815.8,72200.9,32961.4,27546.7,99009.1,130397.4,22915.9,139945.9,139689.4,44420.7,31004.5,155420.6,79958.9,34619.8,139762.0,130421.6,46033.5,47641.6,123361.1,27660.7,46550.0,16706.8,50822.5,56408.0,71905.9,32183.9,3818.9,82901.3,23968.7,35503.4,30641.1,22866.3,29305.7,152430.9,28091.1,21697.8,36769.9,57184.6,130205.8,56277.1,32999.6,65078.4,38601.7,33580.8,21799.0,34472.4,138713.4,27505.4,22683.2,71998.3,132138.4,83815.1,25770.3,39247.3,139944.1,155457.3,53685.1,155417.2,81416.4,175355.1,34313.5,139398.5,29407.0,8980.4,160986.6,57658.9,32884.6,58781.0,29503.7,33048.5,33354.4,0.0,140144.7,4965.8,57196.9,29093.9,23152.7,82205.7,107736.7,75410.4,39252.7,22972.7,55753.8,33791.7,36378.6,55205.4,53702.7,51836.6,82116.1,25156.2,33284.0,22754.2,47153.5,57047.6,34517.9,8598.8,11847.4,57026.8,130396.2,49091.3,53699.8,33306.6,33497.2,58753.3,35370.3,32538.8,53725.6,53973.0,5468.5,48235.3,49609.4,49753.9,82485.5,31866.4,25831.6
Sjøkanten Café,94643.2,97749.7,108903.3,109102.5,127894.5,108790.9,112142.2,123899.6,108966.1,95852.3,111392.8,108401.7,133694.3,32491.4,241.0,80839.2,106241.4,55756.6,126521.0,46267.8,108796.6,71414.2,118226.2,110682.4,120642.3,98640.4,39743.7,48823.8,112222.2,820.5,41475.0,92469.6,106238.7,100197.6,106616.2,112585.1,95719.2,80777.4,104551.2,97660.1,120532.7,119559.4,48262.2,108705.0,133612.8,40609.9,46453.2,98659.5,280.0,455.3,120164.2,106748.1,54253.8,64103.8,152300.1,466.6,46477.5,152099.7,123385.2,75261.3,111667.4,146381.6,122772.9,126566.0,71733.4,48478.1,107927.4,118299.6,41299.6,120368.1,111246.9,106384.7,97585.6,105049.2,51264.0,103425.6,97878.1,98681.7,92112.8,46261.6,71407.6,108743.2,67990.2,100513.5,109324.3,98969.8,152152.7,1235.2,102201.3,97965.6,48573.8,66522.2,86726.9,101104.8,101159.0,442.9,54290.5,111038.3,54250.3,39814.7,50036.7,110057.0,966.2,105150.6,112237.2,59819.7,71365.7,108628.2,164847.2,117005.6,108792.1,109098.0,120191.4,0.0,117506.9,92125.0,91195.1,123096.9,85117.5,36460.5,45276.4,101164.5,97419.2,91570.1,139857.9,154058.9,72413.6,111055.9,68527.4,41136.0,99939.1,109027.5,97962.2,122897.1,72039.4,152198.2,126279.1,117913.5,92443.9,46452.1,124834.9,111053.0,109050.1,109240.8,164819.4,153050.7,108282.4,111078.8,111326.2,115678.5,72266.3,125353.0,125497.4,40883.7,107609.9,100243.4
Skodje barnehage,25640.8,20924.5,30313.6,30512.8,47159.0,30201.2,33552.5,13291.9,30376.4,23640.5,32803.1,29811.9,23086.6,131288.3,137316.3,43265.4,27651.7,154077.3,11305.3,132187.9,30206.9,53437.5,37490.7,55793.8,10034.6,33882.4,78499.3,69369.7,5905.8,136728.0,79554.2,59517.5,27649.0,21583.5,28026.5,29680.0,23507.4,43125.5,25961.5,20234.0,25736.8,38823.9,69354.8,30115.3,23005.1,96162.9,132373.3,20069.7,137099.7,136843.3,39428.7,28158.3,152574.5,81934.9,37084.4,136915.9,132397.6,41492.0,42649.7,125825.8,30125.3,35773.9,12165.2,45830.5,53561.8,69059.7,29337.7,1217.0,80055.2,25944.6,32657.2,27795.0,20020.2,26459.5,149584.7,25245.0,25666.3,33923.7,59160.6,132181.7,53430.9,30153.5,62232.3,35755.6,30734.6,18952.8,36937.0,135867.3,24659.2,19837.0,69152.2,134603.0,80968.9,22924.1,36401.1,137097.9,152611.2,56149.7,152571.0,78570.3,177331.1,31467.3,136552.4,26560.9,5920.8,158140.5,54812.7,30038.5,54239.5,24962.2,30202.4,30508.3,4975.7,137298.6,0.0,59172.8,26247.7,18611.2,79359.5,109712.6,72564.2,36406.6,20126.5,57729.7,29250.2,38843.2,52359.2,56167.3,48990.4,79269.9,22310.0,30437.8,19908.1,42161.6,54201.5,36982.5,11063.4,7305.8,59002.7,132372.1,44099.4,56164.5,30460.4,30651.1,54211.7,37835.0,29692.6,56190.2,56437.7,7444.5,45389.1,44617.5,44761.9,79639.3,29020.2,22985.5
"Stranda, 6200 Stranda",51730.3,51234.5,62388.0,62587.2,81379.3,62275.7,65626.9,67843.0,62450.9,48234.6,64877.5,61886.4,77637.7,123850.6,92162.4,69354.8,59726.1,147115.7,38632.5,78274.3,62281.4,79527.0,71711.0,18633.6,64585.7,59971.9,87059.1,95093.3,56165.6,91574.0,86149.1,344.6,59723.5,43563.9,60100.9,66069.8,47878.6,69215.0,58036.0,51144.9,33647.8,73044.1,94491.4,62189.7,77556.2,67347.7,78459.7,52144.2,91945.8,91689.3,73649.0,60232.8,145612.9,28021.2,61366.0,91761.9,78483.9,96043.1,76869.9,107267.8,19618.6,73296.2,66716.3,80050.8,79651.3,94747.6,61412.2,57995.2,85973.7,33483.2,64731.7,59869.4,51070.3,58534.0,142623.1,56910.4,45654.1,60013.2,284.0,78268.1,79520.4,62227.9,116029.8,61845.0,62809.1,52454.5,61218.6,91470.3,55686.0,51450.4,94358.5,98528.7,134766.5,54589.5,62490.5,91944.0,145649.6,18989.5,145609.4,86970.7,123417.5,63541.8,91398.4,58635.3,56180.5,151178.9,80902.1,62112.9,108790.6,70490.3,62276.8,62582.7,57149.3,92144.6,59142.0,0.0,52337.2,73162.3,133157.0,55799.0,93315.9,62496.0,50903.9,2097.8,83801.3,46609.8,78448.6,19007.2,64407.4,86270.4,53423.8,62512.3,51447.0,76381.8,80290.9,61264.1,38703.3,61856.9,1027.6,78458.5,78319.6,19004.3,62534.9,62725.5,108762.8,62116.6,61767.1,19030.0,19277.5,52223.8,60806.1,78837.7,78982.2,86010.5,61094.7,53728.1
SOLAVÅGSEIDET 76,3448.1,6554.6,17708.2,17907.4,36699.5,17595.8,20947.1,32704.6,17771.0,4657.2,20197.7,17206.6,42499.2,105040.6,111068.6,17017.7,15046.3,127829.6,35325.9,108184.0,17601.5,27189.8,27031.1,79814.4,29447.2,7634.7,52251.6,43122.0,21027.1,110480.2,53306.4,52382.0,15043.7,9002.6,15421.1,21390.0,4524.1,16877.8,13356.1,6465.0,18601.3,28364.3,43107.0,17509.9,42417.7,69915.2,108369.4,7464.4,110852.0,110595.5,28969.1,15553.0,126326.7,74799.4,61105.0,110668.1,108393.7,60904.6,32190.1,137177.5,54145.9,55186.5,31577.9,35370.9,27314.1,42812.0,16732.4,27104.5,53807.4,18809.1,20051.8,15189.6,6390.5,13854.2,123337.0,12230.5,6683.0,7676.0,52025.1,108177.8,27183.2,17548.1,35984.5,9507.9,18129.3,7774.7,60957.6,109619.5,11006.2,6770.5,42904.4,128438.4,54721.2,9909.7,10153.4,110850.2,126363.4,80170.3,126323.3,52322.5,153327.2,18861.9,110304.6,13955.5,21042.1,131892.7,28565.0,17433.1,73652.1,25810.5,17597.0,17902.9,28996.3,111050.8,26311.8,52037.3,0.0,31901.8,53111.8,85708.7,46316.5,10158.8,6224.1,50594.2,48662.8,62863.8,26111.5,80187.9,22742.7,53022.2,8744.0,17832.4,6767.2,31702.0,27953.7,61003.1,35084.0,26718.4,51867.3,108368.2,33639.8,80185.1,17855.0,18045.7,73624.3,61855.6,17087.3,80210.8,80458.2,24483.4,19141.4,34157.9,34302.3,53391.6,16414.8,9048.3
Spar Ellingsøy,31318.0,25459.8,17172.9,17372.1,28821.4,17060.5,20411.8,20288.6,17235.7,29317.6,19662.4,16671.3,30083.3,136965.5,142993.4,48942.5,17394.8,159754.4,29470.2,146315.0,17066.2,59114.7,19153.1,73958.6,17031.3,39559.6,84176.4,75046.8,17621.6,142405.1,85231.3,73644.5,17197.0,35710.6,17371.3,11342.3,29184.6,48802.7,19551.0,25721.2,39863.9,20486.2,75031.9,16974.6,30001.8,101840.0,146500.4,25216.3,142776.9,142520.4,21091.1,17503.1,158251.6,96061.9,55249.3,142593.0,146524.6,48488.7,24312.0,143990.6,48290.2,42770.6,19161.9,27492.9,59239.0,74736.8,16197.0,19381.8,85732.3,40071.7,19516.5,17538.1,26398.9,20049.0,155261.9,19972.9,31343.4,39600.8,73287.6,146308.8,59108.1,17012.8,67909.4,41432.7,17593.9,25696.1,55101.9,141544.4,21613.9,25514.2,74829.3,152767.9,86646.1,22397.6,42078.2,142775.1,158288.3,74314.6,158248.1,84247.4,191458.1,18326.6,142229.5,18661.9,17636.6,163817.6,60489.8,16897.8,61236.1,6624.5,17061.7,17367.6,23140.6,142975.7,18589.1,73299.9,31924.9,0.0,85036.6,123839.6,78241.4,42083.7,26707.1,71856.8,36246.9,57008.1,58036.3,74332.2,54667.6,84947.1,23777.2,17297.1,25585.2,23823.9,59878.6,55147.4,29228.3,11903.4,73129.8,146499.2,25761.7,74329.3,17319.7,17510.4,61208.4,55999.8,16551.9,74355.1,74602.5,21571.5,51066.3,26279.8,26424.3,85316.4,15879.9,23291.3
Spar Fosnavåg,56889.9,59996.3,71149.9,71349.1,90141.2,71037.6,74388.8,86146.3,71212.7,58098.9,73639.4,70648.3,95940.9,87070.8,106803.5,36690.4,68488.0,109859.8,88767.7,103918.9,71043.3,27265.5,80472.9,133256.1,82888.9,56482.3,46013.8,46287.4,74468.8,106215.1,47068.7,133361.7,68485.4,62444.3,68862.8,74831.7,57965.9,36628.7,66797.9,59906.8,72043.0,81806.0,45725.8,70951.6,95859.5,65650.1,104104.3,60906.1,106586.9,106330.4,82410.9,68994.7,108357.0,104995.9,114546.7,106403.1,104128.6,114346.3,85631.8,132912.4,107587.6,108628.2,85019.6,88812.7,27584.6,45941.7,70174.1,80546.2,47569.6,72250.8,73493.6,68631.3,59832.2,67295.9,105367.2,65672.3,60124.7,56523.6,133004.8,103912.7,27258.9,70989.8,17679.1,58355.4,71571.0,61216.4,114399.3,105354.4,64447.9,60212.2,46037.4,124173.3,1642.5,63351.4,59000.9,106585.1,108393.7,133612.0,108353.5,46084.8,149062.1,72303.6,106039.6,67397.2,74483.8,113923.0,27216.9,70874.8,127093.8,79252.2,71038.7,71344.6,82438.0,106785.7,79753.5,133017.1,53441.7,85343.5,0.0,81443.6,43896.6,59006.4,59665.8,132462.2,102104.5,116305.5,28264.8,133629.7,65991.0,46784.4,62185.7,71274.2,60208.9,85143.7,27890.6,114444.8,88525.8,80160.1,133335.9,104103.2,87081.6,133626.8,71296.8,71487.4,127066.1,115297.3,70529.0,133652.5,133900.0,77925.1,69730.0,87599.6,87744.1,47153.8,69856.6,62490.0
Spar Hornindal,89087.7,92194.2,103347.8,103547.0,122339.0,103235.4,106586.7,118384.4,103410.6,90296.7,105837.3,102846.1,128179.1,68168.6,36480.5,77328.9,100685.9,91433.8,114020.3,22592.4,103241.1,67903.9,112670.7,74338.9,115127.1,93084.8,35509.3,43543.4,106707.0,35892.1,34599.2,56126.2,100683.2,94105.3,101060.6,107029.6,90163.7,77267.1,98995.7,92104.6,84189.2,114003.9,42941.5,103149.5,128097.6,15797.9,22777.8,93103.9,36263.9,36007.4,114608.7,101192.5,89931.0,27760.3,117071.3,36080.0,22802.0,146584.4,117829.7,51585.9,75323.9,140866.4,117257.7,121010.5,68223.0,43197.7,102371.9,108536.6,34423.8,84024.6,105691.4,100829.2,92030.0,99493.7,86941.2,97870.1,96195.5,93126.1,55769.3,22586.2,67897.3,103187.7,64479.9,94958.0,103768.8,93414.2,116923.9,35788.4,96645.8,92410.1,42808.6,42846.8,83216.6,95549.2,95603.5,36262.1,89967.7,74694.8,89927.5,35420.8,67735.6,104501.5,35716.5,99595.0,106721.9,95497.0,67855.3,103072.6,159331.9,111450.0,103236.6,103542.5,107690.7,36462.7,109683.4,55781.5,85639.6,117541.3,81607.1,0.0,41766.0,95609.0,91863.6,55226.7,134342.6,102315.1,68903.2,74712.5,62971.9,34720.5,94383.5,103472.0,92406.7,117341.5,68529.1,116969.4,113778.4,112398.3,56100.4,22776.6,119279.4,74709.6,103494.6,103685.3,159304.2,117821.9,102726.8,74735.3,74982.8,102765.2,66710.8,119797.4,119941.9,34460.6,102054.4,94687.9
Spar Hovdebygda,49705.5,52812.0,63965.6,64164.8,82956.9,63853.2,67204.5,78962.0,64028.4,50914.6,66455.1,63464.0,88756.6,98048.7,67117.5,39641.8,61303.7,121313.9,81583.4,64233.0,63859.0,30216.8,73288.6,111888.5,75704.6,53702.7,6327.8,3886.1,67284.5,66529.2,7382.7,93675.8,61301.1,55260.0,61678.5,67647.4,50781.5,39580.0,59613.6,52722.4,56782.0,74621.7,3324.5,63767.3,88675.2,25964.1,64418.3,53721.8,66901.0,66644.5,75226.6,61810.4,119811.1,65309.9,107362.4,66717.1,64442.6,107162.0,78447.5,93226.5,100403.3,101443.9,77835.3,81628.4,30535.9,3540.4,62989.8,73361.9,7883.7,56617.5,66309.3,61447.0,52647.9,60111.6,116821.3,58487.9,52940.4,53744.0,93318.9,64226.8,30210.2,63805.5,26792.8,55575.8,64386.7,54032.1,107215.0,65668.5,57263.6,53027.9,3636.1,84487.4,45529.5,56167.1,56221.4,66899.2,119847.8,112244.4,119807.6,6398.8,109376.1,65119.3,66353.6,60212.9,67299.5,125377.1,30168.2,63690.5,119909.5,72067.9,63854.4,64160.3,75253.7,67099.8,72569.2,93331.1,46257.4,78159.2,43920.0,41757.6,0.0,56226.8,52481.5,92776.2,94920.2,109121.2,31216.1,112262.0,23589.7,7098.4,55001.4,64089.9,53024.6,77959.4,30842.0,107260.5,81341.5,72975.8,93650.0,64417.2,79897.2,112259.2,64112.5,64303.1,119881.8,108113.0,63344.7,112284.9,112532.4,70740.8,27328.7,80415.3,80559.8,7467.8,62672.3,55305.7
Spar Langevåg,13613.0,16719.5,27873.1,28072.3,46864.4,27760.7,31112.0,42869.5,27935.9,14822.1,30362.6,27371.5,52664.1,110579.6,121019.9,22556.7,25211.2,133368.6,45490.8,118135.3,27766.4,32728.8,37196.0,89979.3,39612.1,2604.8,62202.8,53073.3,31192.0,120431.5,63257.7,62546.9,25208.6,19167.5,25586.0,31554.9,14689.0,22416.8,23521.0,16629.9,28766.2,38529.2,53058.3,27674.8,52582.6,79866.5,118320.7,17629.3,120803.3,120546.8,39134.0,25717.9,131865.8,84964.3,71269.9,120619.4,118344.9,71069.5,42355.0,147128.8,64310.8,65351.4,41742.8,45535.8,32853.1,52763.3,26897.3,37269.4,63758.7,28974.0,30216.7,25354.5,16555.4,24019.0,128876.0,22395.4,16847.9,2646.1,62190.0,118129.1,32722.2,27713.0,41523.5,664.0,28294.1,17939.6,71122.5,119570.8,21171.1,16935.4,52855.7,138389.7,60260.2,20074.6,396.5,120801.5,131902.5,90335.2,131862.3,62273.8,163278.5,29026.8,120255.9,24120.4,31207.0,137431.7,34104.0,27598.0,83817.0,35975.4,27761.9,28067.8,39161.2,121002.1,36476.7,62202.2,10164.9,42066.7,58650.8,95660.0,56267.8,0.0,16389.0,60759.1,58827.7,73028.7,31650.5,90352.8,32694.0,62973.5,18908.9,27997.3,16932.1,41866.9,33492.8,71168.0,45248.9,36883.3,62032.2,118319.5,43804.7,90349.9,28019.9,28210.6,83789.2,72020.5,27252.2,90375.7,90623.1,34648.3,29092.7,44322.8,44467.2,63342.9,26579.7,19213.2
Spjelkavikvegen 61,5632.3,1260.6,12414.2,12613.4,31405.4,12301.8,15653.1,26451.8,12477.0,3631.9,14903.7,11912.6,36246.4,111279.8,117307.8,23256.9,9752.3,134068.8,29073.1,114423.2,12307.5,33429.0,21737.1,73561.6,23194.4,13873.9,58490.8,49361.2,14774.3,116719.4,59545.6,51356.7,9749.7,7977.3,10127.1,16096.0,3498.9,23117.0,8062.1,1171.0,17576.1,23070.3,49346.2,12215.9,36164.9,76154.4,114608.6,2170.4,117091.2,116834.7,23675.1,10259.0,132565.9,73774.1,54852.2,116907.3,114632.9,54651.8,26896.1,143593.5,47893.1,48933.7,25325.1,30076.9,33553.3,49051.2,11438.4,20851.7,60046.6,17783.9,14757.8,9895.6,166.4,8560.1,129576.2,6936.5,5657.8,13915.2,50999.8,114417.0,33422.4,12254.1,42223.7,15747.0,12835.2,1603.8,54704.8,115858.7,5712.2,1280.7,49143.6,134677.6,60960.4,4615.7,16392.6,117089.4,132602.6,73917.5,132562.5,58561.7,159566.4,13567.9,116543.8,8661.5,14789.3,138131.9,34804.2,12139.1,67399.3,20516.5,12303.0,12608.9,22743.5,117290.0,20059.0,51012.1,6239.2,26607.8,59350.9,91947.9,52555.7,16398.0,0.0,49568.9,42410.0,56611.0,32350.7,73935.1,28981.9,59261.4,3450.0,12538.4,1277.4,26408.0,34192.9,54750.3,28831.2,20465.6,50842.0,114607.4,28345.8,73932.2,12561.0,12751.7,67371.5,55602.8,11793.3,73958.0,74205.4,18230.6,25380.6,28863.9,29008.3,59630.8,11120.8,3754.3
Spar Svingen,50306.2,49810.4,60964.0,61163.2,79955.2,60851.6,64202.8,66418.9,61026.8,46810.5,63453.5,60462.3,76213.6,123295.7,91607.5,67930.8,58302.1,146560.8,62054.8,77719.4,60857.3,78102.9,70286.9,20655.2,63161.6,58547.8,86504.3,94538.4,54741.5,91019.2,85594.2,2442.5,58299.4,42139.8,58676.8,64645.8,46454.5,67790.9,56611.9,49720.8,32223.7,71620.1,93936.6,60765.6,76132.1,66792.9,77904.8,50720.1,91390.9,91134.5,72224.9,58808.7,145058.0,27466.4,63387.6,91207.1,77929.1,94619.0,75445.9,106712.9,21640.2,88900.9,65292.2,78626.7,78227.2,94192.7,59988.1,56571.1,85418.8,32059.2,63307.6,58445.3,49646.2,57109.9,142068.3,55486.3,44230.0,58589.1,2085.6,77713.2,78096.3,60803.9,115474.9,60420.9,61385.0,51030.4,63240.2,90915.4,54261.9,50026.3,93803.6,97973.8,134211.6,53165.4,61066.5,91389.1,145094.7,21011.1,145054.5,86415.8,122862.6,62117.7,90843.6,57211.2,54756.5,150624.0,79478.1,60688.8,107366.5,69066.2,60852.7,61158.6,55725.2,91589.7,57717.9,2097.8,50913.1,71738.2,132602.1,55244.1,92761.0,61071.9,49479.8,0.0,82377.2,48631.4,77024.6,21028.7,62983.3,85715.6,51999.7,61088.2,50022.9,74957.7,78866.8,63285.7,61812.9,60432.8,1285.4,77903.7,76895.6,21025.9,61110.8,61301.5,107338.7,64138.2,60343.0,21051.6,21299.0,50799.7,59382.0,77413.6,77558.1,85455.6,59670.6,52304.0
Spar Søvik,47989.0,43272.7,53117.4,53316.6,64765.8,53005.0,56356.2,22924.2,53180.2,45988.7,55606.9,52615.7,16207.9,153636.5,159664.5,65613.6,49999.9,176425.5,40102.6,156947.4,53010.7,75785.7,55097.5,84591.1,19666.9,56230.7,100847.5,91717.9,28254.0,159076.2,101902.4,84276.9,49997.2,46343.0,50374.7,47286.8,45855.6,65473.7,48309.7,42582.2,50496.3,56430.7,91703.0,52919.0,16463.4,118511.1,157132.8,42417.9,159447.9,159191.5,57035.5,50506.5,174922.7,106694.3,57857.9,159264.1,157157.0,12253.1,60256.5,154623.0,58922.6,45406.2,21797.5,63437.3,75910.0,91407.9,52141.5,30014.2,102403.4,50704.1,55461.0,50143.2,42368.4,48807.7,171932.9,47593.2,48014.5,56271.9,83920.0,156941.2,75779.1,52957.3,84580.5,58103.8,53538.4,41301.0,57710.5,158215.5,47007.4,42185.3,91500.4,163400.3,103317.1,45272.3,58749.3,159446.2,174959.4,84947.0,174919.2,100918.5,202090.6,54271.1,158900.6,48909.1,28269.0,180488.7,77160.9,52842.2,25000.6,42569.0,53006.1,53312.1,33773.0,159646.8,29221.5,83932.3,48595.9,36218.0,101707.7,134472.1,94912.5,58754.8,42474.7,82489.2,0.0,67640.5,74707.4,84964.6,71338.6,101618.1,44658.2,53241.6,42256.3,59768.3,76549.7,57756.1,39860.7,24912.6,83762.2,157131.6,61706.2,84961.7,53264.2,53454.9,24972.8,57461.9,52496.4,84987.5,85234.9,32203.9,67737.3,62224.2,62368.7,101987.5,51824.4,45333.7
Spar Tresfjord,62365.2,57648.9,67038.0,67237.2,86029.2,66925.6,70276.8,51711.7,67100.8,60364.9,69527.5,66536.3,61506.4,170362.9,138674.7,79989.8,64376.1,190801.7,27810.9,124786.6,66931.3,90161.9,76360.9,52741.4,48454.4,70606.8,115223.7,106094.1,42843.7,138086.4,116278.6,46933.2,64373.4,53485.8,64750.8,68099.8,57800.5,79849.9,62685.9,56958.4,57639.1,77694.1,106079.2,66839.6,61424.9,132887.3,124972.0,56794.1,138458.1,138201.7,78298.9,64882.7,189298.9,74533.6,12565.5,138274.3,124996.3,79911.8,81519.9,122773.3,27072.9,24495.7,48452.7,84700.7,90286.2,105784.1,66062.1,37697.2,116779.6,57846.9,69381.6,64519.3,56744.5,63183.9,186309.1,61969.3,55576.0,70648.1,46796.4,124780.4,90155.3,66877.9,98956.6,72480.0,67459.0,55677.2,12418.2,137982.6,61383.6,56561.4,105876.5,131550.6,117693.3,59648.5,73125.5,138456.4,189335.6,53097.3,189295.4,115294.7,169929.8,68191.7,137910.8,63285.2,42858.6,194864.9,91537.1,66762.8,92659.3,63382.0,66926.7,67232.7,36389.3,138657.0,38844.0,46588.6,62972.1,57031.0,116083.9,102311.3,109288.6,73130.9,56850.9,48610.2,67670.0,0.0,89083.6,53114.9,85714.8,115994.3,59034.4,67162.2,56632.4,81031.7,90925.9,12463.7,27881.7,45725.6,47539.9,124970.9,82969.6,53112.0,67184.8,67375.5,92631.5,13316.1,66417.0,53137.8,53385.2,39346.8,82113.5,83487.6,83632.1,116363.7,65744.6,59709.9
Spar Ulsteinvik,29893.5,33000.0,44153.6,44352.8,63144.8,44041.2,47392.4,59149.9,44216.4,31102.5,46643.1,43651.9,68944.6,80164.9,94177.4,9694.1,41491.7,102953.9,61771.3,91292.9,44046.9,1726.2,53476.5,106259.7,55892.6,29485.9,33387.7,33661.4,47472.5,93589.1,34442.6,78827.3,41489.0,35447.9,41866.4,47835.4,30969.5,9632.3,39801.5,32910.4,45046.7,54809.7,33099.7,43955.3,68863.1,53024.1,91478.3,33909.7,93960.9,93704.4,55414.5,41998.3,101451.0,92369.8,87550.3,93777.0,91502.5,87349.9,58635.5,120286.4,80591.3,81631.9,58023.2,61816.3,1291.5,33315.6,43177.7,53549.9,34943.6,45254.5,46497.2,41634.9,32835.8,40299.5,98461.3,38675.9,33128.4,29527.2,78470.4,91286.7,1719.6,43993.5,11108.8,31359.1,44574.6,34220.0,87403.0,92728.4,37451.6,33215.9,33411.4,111547.3,29845.5,36355.0,32004.6,93959.1,101487.7,106615.6,101447.6,33458.7,136436.1,45307.3,93413.5,40400.8,47487.4,107017.0,1865.7,43878.4,100097.4,52255.8,44042.3,44348.3,55441.7,94159.7,52757.1,78482.7,26445.3,58347.1,28236.1,68817.6,31270.5,32010.0,32669.4,77039.5,75108.1,89309.2,0.0,106633.3,53365.0,34158.4,35189.3,44277.8,33212.5,58147.3,1931.1,87448.5,61529.4,53163.8,78312.6,91477.1,60085.2,106630.4,44300.4,44491.1,100069.7,88300.9,43532.6,106656.1,106903.6,50928.8,57103.9,60603.2,60747.7,34527.7,42860.2,35493.7
Spar Valldal,79684.2,74967.9,84356.9,84556.1,103348.2,84244.6,87595.8,69030.7,84419.7,77683.8,86846.4,83855.3,78825.3,142780.0,111091.9,97308.8,81695.0,166045.2,45129.8,107601.5,84250.3,107480.9,93679.9,419.7,65773.3,87925.8,105988.6,123413.1,60162.6,110503.5,105078.6,19350.4,81692.4,70804.8,82069.8,85418.8,75119.5,97168.9,80004.9,74277.3,52577.3,95013.0,123398.1,84158.6,78743.9,86277.2,107834.6,74113.1,110875.3,110618.8,95617.9,82201.7,164542.4,46950.7,67863.3,110691.4,107599.3,97230.7,98838.8,78516.2,26115.9,79793.5,67904.0,102019.7,107605.2,123103.1,83381.1,55016.1,104903.2,52412.7,86700.6,81838.3,74063.5,80502.9,161552.6,79288.3,72895.0,87967.1,19213.5,107656.7,107474.3,84196.8,116275.6,89798.9,84778.0,72996.2,67715.9,110399.8,78702.6,73880.4,123195.5,87293.5,135012.3,76967.5,90444.5,110873.5,164579.1,17.6,164538.9,105900.2,153107.3,85510.6,110327.9,80604.2,60177.6,170108.4,108856.1,84081.8,109978.2,80700.9,84245.7,84551.6,53708.3,111074.1,56163.0,19005.8,80291.1,74349.9,133402.9,74728.5,112245.4,90449.9,74169.9,21027.3,84988.9,53107.1,106402.6,0.0,103033.8,105199.9,76353.4,84481.2,73951.4,98350.7,108244.8,67761.4,45200.7,63044.6,19957.0,107417.3,100288.5,55.4,84503.8,84694.4,109950.5,68613.9,83736.0,81.2,469.0,56665.7,99432.5,100806.6,100951.1,104940.0,83063.6,77028.8
Spar Vartdal,26135.7,29242.2,40395.8,40595.0,59387.0,40283.4,43634.7,55392.1,40458.6,27344.7,42885.3,39894.2,65186.8,119277.0,88345.8,61746.7,37733.9,142542.1,58013.5,85461.2,40289.1,52321.7,49718.7,102502.0,52134.8,30132.9,29528.8,20399.2,43714.7,87757.4,30583.6,64780.4,37731.2,31690.1,38108.7,44077.6,27211.7,61684.9,36043.7,29152.6,33212.2,51051.9,20384.2,40197.5,65105.3,47192.4,85646.6,30151.9,88129.2,87872.7,51656.7,38240.5,141039.3,86538.1,83792.6,87945.3,85670.9,83592.2,54877.7,114454.7,76833.5,77874.1,54265.4,58058.5,52640.9,20089.2,39419.9,49792.1,31084.6,33047.6,42739.4,37877.2,29078.1,36541.7,138049.6,34918.1,29370.6,30174.1,64423.6,85455.0,52315.1,40235.7,48897.7,32006.0,40816.8,30462.2,83645.2,86896.7,33693.8,29458.1,20181.6,105715.6,67634.4,32597.3,32651.5,88127.4,141076.0,102857.9,141035.8,29599.7,130604.4,41549.5,87581.8,36643.1,43729.6,146605.3,52273.2,40120.7,96339.7,48498.0,40284.6,40590.5,51683.9,88328.0,48999.4,64435.8,22687.6,54589.4,66025.0,62985.9,23593.7,32657.0,28911.7,62992.7,71350.4,85551.4,53321.1,102875.5,0.0,30299.4,31431.6,40520.0,29454.7,54389.5,52946.9,83690.7,57771.6,49406.0,64265.7,85645.4,56327.4,102872.6,40542.6,40733.3,96311.9,84543.1,39774.8,102898.4,103145.8,47171.0,3758.8,56845.4,56989.9,30668.8,39102.4,31735.9
Spar Volda,56431.7,59538.2,70691.8,70891.0,89683.0,70579.4,73930.6,85688.1,70754.6,57640.7,73181.3,70190.1,95482.8,91018.1,60086.8,42627.7,68029.9,114283.2,88309.5,57202.3,70585.1,33202.7,80014.7,104857.8,82430.8,60428.8,1469.4,10612.3,74010.7,59498.5,422.6,86645.1,68027.2,61986.1,68404.6,74373.6,57507.7,42565.9,66339.7,59448.6,63508.2,81347.9,10050.6,70493.4,95401.3,18933.5,57387.7,60447.9,59870.3,59613.8,81952.7,68536.5,112780.4,58279.2,114088.5,59686.4,57411.9,113888.1,85173.7,86195.8,107129.5,108170.1,84561.4,88354.5,33521.8,10266.5,69715.9,80088.1,853.0,63343.6,73035.4,68173.1,59374.0,66837.7,109790.6,65214.1,59666.6,60470.1,86288.2,57196.1,33196.1,70531.7,29778.7,62302.0,71112.8,60758.2,113941.1,58637.8,63989.7,59754.1,10362.2,77456.7,48515.4,62893.2,62947.5,59868.5,112817.1,105213.7,112776.9,1557.8,102345.5,71845.5,59322.9,66939.0,74025.6,118346.4,33154.1,70416.6,126635.6,78794.0,70580.5,70886.4,81979.9,60069.1,79295.3,86300.4,52983.5,84885.3,46905.9,34727.0,7064.8,62952.9,59207.6,85745.6,101646.3,115847.4,34202.0,105231.4,30315.9,0.0,61727.5,70816.0,59750.7,84685.5,33827.9,113986.7,88067.6,79702.0,86619.3,57386.5,86623.4,105228.5,70838.6,71029.3,126607.9,114839.1,70070.8,105254.2,105501.7,77467.0,34054.8,87141.4,87285.9,811.8,69398.4,62031.8
Øvre Geilegrend 1,8074.4,2395.6,9787.4,9986.6,28778.6,9675.0,13026.3,28847.2,9850.2,6074.1,12276.9,9285.8,38641.8,113721.9,119749.9,25699.0,7125.5,136510.9,31468.6,116865.3,9680.7,35871.1,19110.3,75957.0,25589.8,16316.0,60932.9,51803.3,17169.7,119161.5,61987.8,53798.8,7122.8,10419.4,7500.3,13469.2,5941.0,25559.1,5435.3,2539.9,20018.2,20443.5,51788.4,9589.1,38560.4,78596.5,117050.7,3607.0,119533.3,119276.8,21048.3,7632.1,135008.1,76216.2,57247.6,119349.5,117075.0,57047.2,24269.3,145989.0,50288.5,51329.1,27720.5,27450.1,35995.4,51493.3,8811.5,23247.1,62488.7,20226.0,12131.0,7268.8,3292.1,5933.3,132018.3,4199.3,8099.9,16357.3,53442.0,116859.1,35864.5,9627.3,44665.8,18189.2,10208.4,3783.5,57100.2,118300.8,2974.9,2947.4,51585.7,137119.7,63402.5,1878.4,18834.7,119531.5,135044.8,76312.9,135004.6,61003.9,162008.5,10941.1,118985.9,6034.7,17184.7,140574.0,37246.3,9512.3,69794.7,17889.6,9676.2,9982.1,25138.9,119732.1,22454.4,53454.2,8681.3,23981.0,61793.1,94390.0,54997.8,18840.1,3463.5,52011.1,44805.4,59006.4,34792.8,76330.6,31424.0,61703.5,0.0,9911.6,2800.5,23781.1,36635.0,57145.7,31226.7,22861.0,53284.1,117049.6,25719.0,76327.7,9934.2,10124.9,69766.9,57998.2,9166.4,76353.4,76600.9,20626.0,27822.7,26237.0,26381.5,62072.9,8494.0,1098.6
"Keiser Wilhelms gate 29, 6003 Ålesund",17233.0,11374.8,106.8,209.7,22168.9,219.2,3573.2,37386.4,365.9,15232.6,2823.8,771.0,47181.0,122880.5,128908.4,34857.5,3309.8,145669.4,39710.4,126023.9,337.7,45029.7,12500.6,84198.8,34129.1,25474.6,70091.4,60961.9,25411.5,128320.1,71146.3,62957.4,3112.0,19578.0,3286.3,6859.5,15099.6,34717.7,5466.0,11636.2,29176.7,13833.8,60946.9,847.2,47099.6,87755.1,126209.3,11131.3,128691.9,128435.4,14438.6,3418.1,144166.6,85374.8,65489.4,128508.0,126233.5,65586.4,17659.6,154230.8,58530.3,59868.4,36259.7,20840.4,45154.0,60651.9,1163.0,31488.9,71647.3,29384.6,2678.0,3453.1,12314.0,5964.0,141176.9,5887.9,17258.4,25515.9,62600.5,126017.7,45023.1,420.7,53824.4,27347.7,834.6,11611.1,65342.0,127459.4,7528.9,11429.2,60744.3,146278.3,72561.1,8312.6,27993.2,128690.1,144203.3,84554.7,144163.1,70162.4,171167.1,830.6,128144.5,4576.9,25426.5,149732.6,46404.8,920.4,78333.9,11280.0,1084.3,205.1,33380.7,128890.7,30696.2,62612.8,17839.9,17371.3,70951.6,103548.6,64156.4,27998.7,12622.1,61169.6,53344.6,67248.2,43951.3,84572.4,40582.6,70862.1,9692.2,0.0,11500.2,17171.5,45793.6,65387.5,39468.5,29001.2,62442.7,126208.1,19109.3,84569.5,157.3,348.0,78306.2,66240.0,778.6,84595.2,84842.7,28867.9,36981.3,19627.4,19771.8,71231.4,1801.5,9206.3
Spjelkavik omsorgssenter,6148.3,1430.5,11390.0,11589.2,30381.2,11277.6,14628.9,26386.4,11452.8,4147.9,13879.5,10888.4,36181.0,111795.8,117823.8,23772.9,8728.1,134584.8,29007.7,114939.2,11283.3,33945.0,20712.9,73496.2,23129.0,14389.9,59006.7,49877.2,14708.9,117235.4,60061.6,51872.7,8725.5,8493.3,9102.9,15071.8,4014.9,23633.0,7037.9,739.9,18092.1,22046.1,49862.2,11191.7,36099.5,76670.4,115124.6,1146.2,117607.2,117350.7,22650.9,9234.8,133081.9,74290.1,54786.8,117423.3,115148.8,54586.4,25871.9,143528.1,47827.7,48868.3,25259.6,29052.7,34069.3,49567.2,10414.2,20786.3,60562.6,18299.9,13733.6,8871.4,1227.8,7535.9,130092.2,6321.4,6173.8,14431.2,51515.8,114933.0,33938.4,11229.9,42739.7,16263.0,11811.0,1456.5,54639.4,116374.7,5165.2,343.0,49659.6,135193.6,61476.4,4000.5,16908.6,117605.4,133118.6,73852.1,133078.5,59077.7,160082.4,12543.7,117059.8,7637.3,14723.9,138647.9,35320.2,11114.9,67333.9,19492.3,11278.8,11584.7,22678.1,117806.0,19993.6,51528.1,6755.2,25583.6,59866.9,92463.9,53071.7,16914.0,1334.1,50084.9,42344.6,56545.6,32866.7,73869.7,29497.9,59777.4,2816.0,11514.2,0.0,25383.8,34708.9,54684.9,28765.8,20400.2,51358.0,115123.4,27321.6,73866.8,11536.8,11727.5,67306.1,55537.4,10769.0,73892.6,74140.0,18165.2,25896.6,27839.7,27984.1,60146.8,10096.6,3491.4
"Ålesund lufthavn, 6040 Vigra",31178.2,25320.0,17033.2,17232.4,19208.8,16920.8,20272.0,43794.0,17096.0,29177.9,19522.7,16531.5,53588.7,136825.7,142853.7,48802.8,17255.0,159614.7,53655.6,139969.1,16926.5,58974.9,8044.3,98144.1,40536.7,39419.8,84036.7,74907.1,39356.8,142265.4,85091.6,76902.7,17057.3,33523.3,17231.5,13267.1,29044.8,48662.9,19411.3,25581.5,43122.0,6873.2,74892.2,16834.8,53507.2,101700.3,140154.5,25076.5,142637.1,142380.6,11478.5,17363.4,158111.9,99320.1,79434.7,142453.3,140178.8,71994.1,14699.4,168176.0,72475.6,66276.0,42667.3,3669.0,59099.2,74597.1,16057.3,42887.2,85592.6,43329.8,19376.8,17398.3,26259.2,19909.3,155122.1,19833.1,31203.7,39461.1,76545.8,139962.9,58968.3,16873.1,67769.7,41293.0,17454.2,25556.4,79287.3,141404.6,21474.2,25374.4,74689.5,160223.5,86506.3,22257.9,41938.5,142635.3,158148.6,98500.0,158108.4,84107.7,185112.3,18186.9,142089.8,18522.2,39371.8,163677.9,60350.1,16758.0,84741.6,17687.6,16921.9,17227.9,47326.0,142835.9,42094.5,76558.0,31785.1,23778.9,84896.9,117493.8,78101.6,41943.9,26567.3,75114.9,59752.3,81193.5,57896.6,98517.6,54527.8,84807.3,23637.4,17157.4,25445.5,0.0,59738.9,79332.8,53413.7,35408.9,76387.9,140153.4,1937.9,98514.7,17180.0,17370.7,84713.8,80185.2,16412.2,98540.5,98787.9,42813.1,50926.5,2455.9,2600.4,85176.7,15740.2,23151.6
St1 Ulsteinvik,31774.4,34880.9,46034.5,46233.7,65025.7,45922.1,49273.3,61030.8,46097.3,32983.4,48524.0,45532.8,70825.5,79788.2,93800.8,11575.0,43372.6,102577.2,63652.2,90916.2,45927.8,1132.4,55357.4,108140.6,57773.5,31366.8,33011.1,33284.7,49353.4,93212.4,34066.0,80708.2,43369.9,37328.8,43747.3,49716.3,32850.4,11513.2,41682.4,34791.3,46927.6,56690.6,32723.1,45836.2,70744.0,52647.4,91101.6,35790.6,93584.2,93327.7,57295.4,43879.2,101074.4,91993.1,89431.2,93400.3,91125.9,89230.8,60516.4,119909.7,82472.2,83512.8,59904.1,63697.2,677.4,32939.0,45058.6,55430.8,34566.9,47135.4,48378.1,43515.9,34716.7,42180.4,98084.6,40556.8,35009.3,31408.1,80351.3,90910.0,1125.8,45874.4,10732.1,33240.0,46455.5,36100.9,89283.9,92351.7,39332.5,35096.8,33034.7,111170.6,29468.8,38235.9,33885.5,93582.4,101111.1,108496.5,101070.9,33082.1,136059.4,47188.2,93036.8,42281.7,49368.3,106640.4,1002.4,45759.3,101978.3,54136.7,45923.2,46229.2,57322.6,93783.0,54638.0,80363.6,28326.2,60228.0,27859.4,68440.9,30893.8,33890.9,34550.3,78920.4,76989.1,91190.1,1988.6,108514.2,52988.3,33781.7,37070.2,46158.7,35093.4,60028.2,0.0,89329.4,63410.3,55044.7,80193.5,91100.5,61966.1,108511.3,46181.3,46372.0,101950.6,90181.8,45413.5,108537.0,108784.5,52809.7,56727.2,62484.1,62628.6,34151.1,44741.1,37374.6
St1 Vestnes,60562.3,55845.9,65235.0,65434.2,84226.3,65122.6,68473.9,38567.4,65297.8,58561.9,67724.5,64733.4,51567.8,166209.8,153397.5,78186.9,62573.1,188998.8,26007.9,139509.4,65128.3,88359.0,74557.9,67464.2,38325.7,68803.9,113420.8,104291.2,41040.7,152809.2,114475.6,61656.0,62570.5,51682.9,62947.9,66296.9,55997.6,78047.0,60882.9,55155.4,55836.2,75891.1,104276.2,65036.7,51486.4,131084.4,139694.8,54991.2,153180.9,152924.5,76495.9,63079.8,187495.9,89256.4,199.1,152997.1,139719.1,69973.2,79716.9,137496.1,41795.7,12371.1,36328.0,82897.8,88483.3,103981.2,64259.2,35894.2,114976.6,56044.0,67578.7,62716.4,54941.6,61381.0,184506.2,60166.4,53773.1,68845.2,61519.2,139503.2,88352.4,65074.9,97153.7,70677.0,65656.1,53874.3,139.6,152705.4,59580.7,54758.5,104073.6,146273.4,115890.4,57845.6,71322.6,153179.2,187532.6,67820.1,187492.4,113491.7,184652.6,66388.7,152633.6,61482.3,41055.7,193061.9,89734.2,64959.9,82720.7,61579.0,65123.8,65429.7,34586.4,153379.8,37041.1,61311.4,61169.2,55228.0,114280.9,117034.1,107485.7,71328.0,55048.0,63333.0,57731.4,12530.1,87280.7,67837.7,83911.9,114191.4,57231.5,65359.3,54829.5,79228.8,89122.9,0.0,26078.7,43922.6,62262.7,139693.7,81166.6,67834.8,65381.9,65572.5,82692.9,1037.5,64614.1,67860.6,68108.0,37543.8,80310.6,81684.7,81829.2,114560.8,63941.7,57906.9
St1 Ørskog,34588.5,29872.2,39261.3,39460.5,58252.5,39148.9,42500.2,23935.0,39324.1,32588.2,41750.8,38759.6,33729.7,140236.0,146264.0,52213.1,36599.4,163025.0,333.1,136313.5,39154.6,62385.2,48584.2,44821.5,20677.7,42830.2,87447.0,78317.4,15067.0,145675.7,88501.9,39013.4,36596.7,25709.1,36974.2,40323.1,30023.8,52073.2,34909.2,29181.7,29862.4,49917.4,78302.5,39063.0,33648.2,105110.6,136498.9,29017.4,146047.4,145791.0,50522.2,37106.0,161522.2,86060.5,26112.1,145863.6,136523.2,52135.1,53743.2,114853.5,19153.0,38042.3,22808.3,56924.0,62509.5,78007.4,38285.4,9920.5,89002.9,30070.2,41604.9,36742.7,28967.9,35407.2,158532.4,34192.7,27799.4,42871.4,38876.5,136307.3,62378.6,39101.2,71180.0,44703.3,39682.3,27900.5,25964.7,144814.9,33606.9,28784.7,78099.9,123630.7,89916.6,31871.8,45348.8,146045.7,161558.9,45177.4,161518.7,87518.0,181456.7,40415.0,145500.1,35508.6,15081.9,167088.2,63760.4,38986.2,64882.6,35605.3,39150.1,39456.0,8612.6,146246.3,11067.3,38668.8,35195.4,29254.3,88307.2,113838.2,81511.9,45354.3,29074.2,61855.3,39893.3,27870.9,61306.9,45195.1,57938.1,88217.6,31257.7,39385.5,28855.8,53255.0,63149.2,26010.3,0.0,17948.9,39620.0,136497.8,55192.9,45192.2,39408.1,39598.8,64854.8,26862.7,38640.3,45217.9,45465.4,11570.1,54336.8,55710.9,55855.4,88587.0,37967.9,31933.2
Stette barnehage,26051.2,21334.9,28802.9,29002.0,40451.3,28690.5,32041.7,8983.2,28865.7,24050.9,31292.3,28301.2,18777.9,131698.7,137726.7,43675.8,28062.1,154487.7,18164.8,135009.6,28696.2,53847.9,30783.0,62653.3,5725.9,34292.9,78909.7,69780.1,6316.2,137138.4,79964.6,62339.1,28827.0,24405.2,29001.2,22972.3,23917.9,43535.9,26371.9,20644.4,28558.5,32116.2,69765.2,28604.5,18696.4,96573.3,135195.0,20480.1,137510.1,137253.7,32721.0,29133.1,152984.9,84756.5,43943.9,137326.3,135219.2,37183.3,35942.0,132685.2,36984.8,31465.2,7856.5,39122.8,53972.2,69470.1,27827.0,8076.4,80465.6,28766.3,31146.5,28205.4,20430.6,26869.9,149995.1,25655.4,26076.7,34334.1,61982.3,135003.4,53841.3,28642.7,62642.7,36166.0,29223.9,19363.2,43796.5,136277.7,25069.6,20247.5,69562.6,141462.5,81379.3,23334.5,36811.5,137508.4,153021.6,63009.2,152981.4,78980.7,180152.8,29956.6,136962.8,26971.3,6331.2,158550.9,55223.1,28527.7,49930.8,18254.5,28691.6,28997.5,11835.2,137709.0,7283.7,61994.5,26658.2,11903.4,79769.9,112534.3,72974.7,36817.0,20536.9,60551.4,24941.5,45702.7,52769.6,63026.8,49400.8,79680.3,22720.4,28927.1,20318.5,35453.8,54611.9,43842.0,17922.9,0.0,61824.4,135193.8,37391.7,63023.9,28949.7,29140.3,49903.0,44694.5,28181.9,63049.7,63297.1,10266.1,45799.5,37909.7,38054.2,80049.7,27509.9,23395.9
"Strandafjellet, 6200 Stranda",51579.3,51083.4,62237.0,62436.2,81228.3,62124.6,65475.9,67692.0,62299.8,48083.6,64726.5,61735.4,77486.7,123959.4,92271.3,69203.8,59575.1,147224.6,39583.8,78383.2,62130.4,79376.0,71559.9,19584.9,64434.7,59820.9,87168.0,95202.2,56014.6,91682.9,86257.9,1170.9,59572.5,43412.9,59949.9,65918.8,47727.6,69064.0,57884.9,50993.8,33496.8,72893.1,94600.3,62038.7,77405.2,67456.6,78568.5,51993.2,92054.7,91798.2,73498.0,60081.8,145721.8,28130.1,62317.3,91870.8,78592.8,95892.0,76718.9,107376.7,20569.9,74247.5,66565.3,79899.8,79500.2,94856.5,61261.2,57844.2,86082.6,33332.2,64580.7,59718.4,50919.3,58383.0,142732.0,56759.3,45503.1,59862.1,1026.0,78377.0,79369.4,62076.9,116138.7,61694.0,62658.1,52303.5,62169.9,91579.1,55535.0,51299.3,94467.4,98637.6,134875.3,54438.5,62339.5,92052.9,145758.4,19940.8,145718.3,87079.6,123526.3,63390.7,91507.3,58484.3,56029.5,151287.7,80751.1,61961.9,108639.5,70339.3,62125.8,62431.7,56998.3,92253.5,58991.0,1027.6,52186.2,73011.3,133265.9,55907.8,93424.8,62345.0,50752.9,1285.4,83650.2,47561.1,78297.6,19958.5,64256.4,86379.3,53272.8,62361.3,51296.0,76230.8,80139.9,62215.4,39654.6,61705.9,0.0,78567.4,78168.6,19955.6,62383.9,62574.5,108611.8,63067.9,61616.1,19981.3,20228.8,52072.7,60655.1,78686.7,78831.2,86119.4,60943.7,53577.1
"Stryn, 6783 Stryn",111694.9,114801.4,125955.0,126154.2,144946.2,125842.6,129193.8,140991.6,126017.8,112903.9,128444.5,125453.3,150786.2,78152.2,46464.1,99936.0,123293.1,101417.4,136627.5,184.2,125848.3,90511.1,135277.9,107144.3,137734.2,115692.0,58116.4,66150.6,129314.1,45875.7,57206.4,78733.4,123290.4,116712.5,123667.8,129636.8,112770.9,99874.3,121602.9,114711.8,106796.4,136611.1,65548.7,125756.6,150704.8,38405.0,599.9,115711.1,46247.5,45991.0,137215.9,123799.7,99914.6,50367.5,139678.5,46063.6,480.1,169191.6,140436.9,28937.2,97931.1,163473.6,139864.9,143617.7,90830.2,65804.9,124979.1,131143.7,57031.0,106631.8,128298.6,123436.3,114637.2,122100.9,96924.8,120477.3,118802.7,115733.3,78376.5,423.1,90504.5,125794.9,87087.1,117565.2,126376.0,116021.4,139531.1,45772.0,119253.0,115017.3,65415.8,20198.1,105823.8,118156.4,118210.7,46245.7,99951.3,107500.2,99911.1,58028.0,45871.7,127108.7,45700.1,122202.2,129329.1,105480.6,90462.5,125679.8,181939.1,134057.2,125843.7,126149.6,130297.9,46446.3,132290.6,78388.7,108246.7,140148.5,104214.3,22724.2,64373.2,118216.1,114470.8,77833.9,156949.8,124922.3,91510.4,107517.8,85579.1,57327.7,116990.7,126079.2,115013.9,139948.7,91136.3,139576.6,136385.6,135005.4,78707.6,0.0,141886.6,107514.9,126101.8,126292.5,181911.4,140429.1,125334.0,107540.7,107788.1,125372.3,89318.0,142404.6,142549.1,57067.8,124661.6,117295.1
"Vigra, 6040 Vigra",33116.1,27257.9,18971.0,19170.2,21146.6,18858.6,22209.9,45731.9,19033.8,31115.7,21460.5,18469.4,55526.5,138763.6,144791.6,50740.7,19192.9,161552.6,55593.5,141907.0,18864.4,60912.8,9982.1,100081.9,42474.5,41357.7,85974.6,76845.0,41294.7,144203.2,87029.4,78840.5,18995.2,35461.1,19169.4,15205.0,30982.7,50600.8,21349.1,27519.3,45059.9,8811.0,76830.1,18772.7,55445.1,103638.2,142092.4,27014.4,144575.0,144318.5,13416.3,19301.3,160049.7,101257.9,81372.5,144391.1,142116.6,73931.9,16637.3,170113.9,74413.5,68213.8,44605.2,2363.1,61037.1,76535.0,17995.2,44825.1,87530.4,45267.7,21314.7,19336.2,28197.1,21847.1,157060.0,21771.0,33141.6,41399.0,78483.6,141900.8,60906.2,18810.9,69707.5,43230.8,19392.1,27494.2,81225.1,143342.5,23412.0,27312.3,76627.4,162161.4,88444.2,24195.7,43876.4,144573.2,160086.4,100437.8,160046.3,86045.5,187050.2,20124.7,144027.6,20460.0,41309.6,165615.7,62288.0,18695.9,86679.4,19625.4,18859.8,19165.7,49263.9,144773.8,44032.4,78495.9,33723.0,25716.8,86834.8,119431.7,80039.5,43881.8,28505.2,77052.7,61690.1,83131.4,59834.5,100455.5,56465.7,86745.2,25575.3,19095.3,27383.3,1937.9,61676.7,81270.7,55351.6,37346.7,78325.8,142091.2,0.0,100452.6,19117.9,19308.5,86651.7,82123.1,18350.1,100478.3,100725.8,44751.0,52864.4,3896.8,4041.3,87114.6,17678.0,25089.4
Sylteormen bakeri og kafe,79681.3,74965.0,84354.1,84553.3,103345.3,84241.7,87592.9,69027.8,84416.9,77680.9,86843.5,83852.4,78822.5,142777.2,111089.0,97305.9,81692.2,166042.3,45127.0,107598.6,84247.4,107478.0,93677.0,416.8,65770.5,87922.9,105985.7,123410.2,60159.7,110500.6,105075.7,19347.5,81689.5,70801.9,82066.9,85415.9,75116.6,97166.0,80002.0,74274.4,52574.4,95010.1,123395.3,84155.7,78741.0,86274.3,107831.7,74110.2,110872.4,110615.9,95615.0,82198.8,164539.5,46947.8,67860.4,110688.6,107596.4,97227.8,98835.9,78513.3,26113.1,79790.6,67901.1,102016.8,107602.3,123100.2,83378.2,55013.2,104900.3,52409.8,86697.7,81835.4,74060.6,80500.0,161549.7,79285.4,72892.1,87964.2,19210.7,107653.8,107471.4,84194.0,116272.7,89796.1,84775.1,72993.3,67713.1,110396.9,78699.7,73877.5,123192.6,87290.6,135009.4,76964.6,90441.6,110870.6,164576.2,37.8,164536.0,105897.3,153104.4,85507.8,110325.1,80601.3,60174.7,170105.5,108853.2,84078.9,109975.3,80698.1,84242.8,84548.7,53705.4,111071.2,56160.1,19002.9,80288.2,74347.1,133400.0,74725.6,112242.5,90447.0,74167.0,21024.4,84986.1,53104.2,106399.7,55.4,103030.9,105197.0,76350.5,84478.3,73948.5,98347.8,108241.9,67758.6,45197.8,63041.7,19954.2,107414.4,100285.7,0.0,84500.9,84691.6,109947.6,68611.0,83733.1,78.3,476.4,56662.8,99429.6,100803.7,100948.2,104937.1,83060.7,77025.9
Mai Thai Massage,17273.0,11414.8,146.8,197.0,22209.0,259.2,3613.3,37426.4,405.9,15272.6,2863.9,811.0,47221.1,122920.5,128948.5,34897.6,3349.8,145709.5,39750.4,126063.9,377.8,45069.7,12540.7,84238.8,34169.1,25514.6,70131.5,61001.9,25451.6,128360.1,71186.4,62997.4,3152.1,19618.0,3326.3,6899.5,15139.6,34757.7,5506.0,11676.2,29216.8,13873.8,60987.0,887.2,47139.6,87795.1,126249.3,11171.3,128731.9,128475.4,14478.7,3458.2,144206.6,85414.8,65529.5,128548.1,126273.6,65626.5,17699.6,154270.8,58570.4,59908.4,36299.7,20880.5,45194.0,60691.9,1203.1,31529.0,71687.3,29424.6,2718.0,3493.1,12354.0,6004.1,141216.9,5927.9,17298.5,25555.9,62640.6,126057.7,45063.1,460.8,53864.4,27387.8,874.7,11651.1,65382.1,127499.4,7568.9,11469.2,60784.3,146318.3,72601.1,8352.6,28033.3,128730.1,144243.4,84594.8,144203.2,70202.5,171207.1,673.4,128184.5,4617.0,25466.5,149772.6,46444.9,960.4,78374.0,11320.0,1124.3,192.5,33420.8,128930.7,30736.2,62652.8,17879.9,17411.3,70991.7,103588.6,64196.4,28038.7,12662.1,61209.7,53384.7,67288.3,43991.4,84612.4,40622.6,70902.1,9732.2,316.2,11540.2,17211.5,45833.6,65427.6,39508.5,29041.3,62482.7,126248.1,19149.4,84609.5,0.0,190.7,78346.2,66280.0,818.6,84635.3,84882.7,28907.9,37021.3,19667.4,19811.9,71271.5,1841.6,9246.3
Trankokeriet Antikk,17463.7,11605.5,337.5,387.7,22399.6,449.9,3803.9,37617.1,596.6,15463.3,3054.5,1001.7,47411.7,123111.2,129139.1,35088.2,3540.5,145900.1,39941.1,126254.6,568.4,45260.4,12731.3,84429.5,34359.8,25705.3,70322.1,61192.6,25642.2,128550.8,71377.0,63188.1,3342.7,19808.7,3517.0,7090.2,15330.3,34948.4,5696.7,11866.9,29407.5,14064.5,61177.6,1077.9,47330.3,87985.8,126440.0,11362.0,128922.6,128666.1,14669.3,3648.9,144397.3,85605.5,65720.1,128738.7,126464.2,65817.1,17890.3,154461.5,58761.0,60099.1,36490.4,21071.1,45384.7,60882.6,1393.7,31719.6,71878.0,29615.3,2908.7,3683.8,12544.7,6194.7,141407.6,6118.6,17489.2,25746.6,62831.2,126248.4,45253.8,651.4,54055.1,27578.4,1065.3,11841.8,65572.7,127690.1,7759.6,11659.9,60975.0,146509.0,72791.8,8543.3,28223.9,128920.8,144434.0,84785.4,144393.9,70393.1,171397.8,505.4,128375.2,4807.6,25657.2,149963.3,46635.5,1151.1,78564.6,11510.7,1315.0,383.2,33611.5,129121.4,30926.9,62843.5,18070.6,17602.0,71182.3,103779.3,64387.1,28229.4,12852.8,61400.3,53575.3,67478.9,44182.0,84803.1,40813.3,71092.8,9922.9,506.9,11730.9,17402.2,46024.3,65618.2,39699.2,29231.9,62673.4,126438.8,19340.0,84800.2,190.7,0.0,78536.9,66470.7,1009.3,84825.9,85073.4,29098.6,37212.0,19858.1,20002.5,71462.2,2032.2,9437.0
"Longva, 6264 Tennfjord",72936.5,68220.1,78064.8,78264.0,89713.3,77952.4,81303.7,47871.7,78127.6,70936.1,80554.3,77563.1,32252.7,178584.0,184611.9,90561.0,74947.3,201372.9,65050.0,181894.8,77958.1,100733.2,80044.9,109538.5,44614.3,81178.1,125794.9,116665.3,53201.4,184023.6,126849.8,109224.4,74944.7,71290.4,75322.1,72234.2,70803.1,90421.2,73257.1,67529.6,75443.7,81378.1,116650.4,77866.5,32508.2,143458.5,182080.2,67365.4,184395.4,184138.9,81982.9,75454.0,199870.1,131641.8,82805.3,184211.5,182104.4,13021.1,85203.9,179570.4,83870.0,70353.6,46744.9,88384.7,100857.5,116355.3,77088.9,54961.6,127350.8,75651.5,80408.4,75090.6,67315.8,73755.1,196880.4,72540.6,72961.9,81219.3,108867.5,181888.6,100726.6,77904.7,109527.9,83051.2,78485.8,66248.4,82658.0,183162.9,71954.9,67132.7,116447.8,188347.7,128264.6,70219.8,83696.7,184393.6,199906.8,109894.4,199866.6,125865.9,227038.0,79218.5,183848.0,73856.5,53216.4,205436.1,102108.3,77789.7,527.6,67516.4,77953.6,78259.5,58720.4,184594.2,54168.9,108879.7,73543.4,61165.4,126655.1,159419.5,119859.9,83702.2,67422.1,107436.6,24958.7,92587.9,99654.8,109912.0,96286.1,126565.6,69605.7,78189.0,67203.7,84715.8,101497.1,82703.5,64808.1,49860.0,108709.6,182079.0,86653.6,109909.1,78211.6,78402.3,0.0,82409.3,77443.8,109934.9,110182.3,57151.3,92684.8,87171.7,87316.1,126934.9,76771.8,70281.1
"Vestnes, 6390 Vestnes",61353.7,56637.4,66026.5,66225.7,85017.7,65914.1,69265.3,38301.2,66089.3,59353.4,68516.0,65524.8,51301.6,167001.2,154189.0,78978.3,63364.6,189790.2,26799.4,140300.9,65919.8,89150.4,75349.4,68255.6,38059.5,69595.3,114212.2,105082.6,41832.2,153600.6,115267.1,62447.5,63361.9,52474.3,63739.3,67088.3,56789.0,78838.4,61674.4,55946.9,56627.6,76682.6,105067.7,65828.2,51220.1,131875.8,140486.2,55782.6,153972.4,153715.9,77287.4,63871.2,188287.4,90047.8,1143.1,153788.5,140510.5,69707.0,80508.4,138287.6,42587.1,12104.8,36061.8,83689.2,89274.7,104772.6,65050.6,36685.7,115768.1,56835.4,68370.1,63507.9,55733.1,62172.4,185297.6,60957.9,54564.6,69636.6,62310.6,140294.7,89143.8,65866.4,97945.2,71468.5,66447.5,54665.7,995.7,153496.8,60372.1,55549.9,104865.1,147064.8,116681.8,58637.0,72114.0,153970.6,188324.1,68611.5,188283.9,114283.2,185444.0,67180.2,153425.0,62273.7,41847.1,193853.4,90525.6,65751.3,82454.5,62370.5,65915.2,66221.2,35377.8,154171.2,37832.5,62102.8,61960.6,56019.5,115072.4,117825.5,108277.1,72119.4,55839.4,64124.4,57465.2,13321.5,88072.1,68629.2,84703.3,114982.8,58022.9,66150.7,55621.0,80020.2,89914.4,1041.2,26870.2,44714.1,63054.1,140485.1,81958.1,68626.3,66173.3,66364.0,82426.7,0.0,65405.5,68652.0,68899.5,38335.3,81102.0,82476.1,82620.6,115352.2,64733.1,58698.4
"Ålesund, 6002 Ålesund",16454.4,10596.2,869.3,1068.5,21390.4,756.9,4108.2,36607.8,932.1,14454.1,3358.8,367.7,46402.5,122101.9,128129.9,34079.0,2531.2,144890.9,38931.8,125245.3,762.6,44251.1,11722.1,83420.3,33350.5,24696.0,69312.9,60183.3,24633.0,127541.5,70367.8,62178.8,2333.5,18799.4,2507.7,6081.0,14321.0,33939.1,4687.5,10857.7,28398.2,13055.2,60168.4,684.7,46321.0,86976.5,125430.7,10352.7,127913.3,127656.8,13660.1,2639.6,143388.1,84596.2,64710.9,127729.5,125455.0,64807.9,16881.0,153452.2,57751.8,59089.8,35481.1,20061.9,44375.4,59873.3,384.5,30710.4,70868.7,28606.0,3212.9,2674.5,11535.4,5185.5,140398.3,5109.3,16479.9,24737.3,61822.0,125239.1,44244.5,709.2,53045.8,26569.2,1290.3,10832.5,64563.5,126680.8,6750.3,10650.6,59965.7,145499.7,71782.5,7534.1,27214.7,127911.5,143424.8,83776.2,143384.6,69383.9,170388.5,2023.0,127366.0,3798.4,24647.9,148954.0,45626.3,607.9,77555.4,10501.4,771.8,1064.0,32602.2,128112.1,29917.7,61834.2,17061.3,16592.7,70173.1,102770.0,63377.8,27220.1,11843.5,60391.1,52566.1,66469.7,43172.8,83793.8,39804.0,70083.5,8913.6,993.5,10721.6,16392.9,45015.0,64609.0,38689.9,28222.7,61664.1,125429.6,18330.8,83790.9,1016.1,1206.8,77527.6,65461.4,0.0,83816.7,84064.1,28089.3,36202.7,18848.8,18993.3,70452.9,1023.0,8427.7
St1 Valldal,79707.0,74990.7,84379.8,84579.0,103371.0,84267.4,87618.7,69053.6,84442.6,77706.7,86869.3,83878.2,78848.2,142802.9,111114.7,97331.6,81717.9,166068.1,45152.7,107624.4,84273.1,107503.7,93702.7,442.5,65796.2,87948.7,106011.5,123435.9,60185.5,110526.4,105101.4,19373.3,81715.2,70827.6,82092.7,85441.6,75142.3,97191.7,80027.7,74300.2,52600.2,95035.9,123421.0,84181.5,78766.7,86300.1,107857.5,74136.0,110898.2,110641.7,95640.7,82224.6,164565.2,46973.6,67886.2,110714.3,107622.1,97253.6,98861.7,78539.1,26138.8,79816.4,67926.9,102042.5,107628.0,123125.9,83403.9,55039.0,104926.0,52435.6,86723.4,81861.2,74086.4,80525.7,161575.5,79311.2,72917.9,87989.9,19236.4,107679.6,107497.1,84219.7,116298.5,89821.8,84800.8,73019.0,67738.8,110422.6,78725.4,73903.3,123218.4,87316.3,135035.1,76990.3,90467.3,110896.4,164601.9,63.5,164561.8,105923.1,153130.1,85533.5,110350.8,80627.1,60200.4,170131.2,108878.9,84104.7,110001.1,80723.8,84268.6,84574.5,53731.1,111097.0,56185.8,19028.6,80313.9,74372.8,133425.7,74751.3,112268.3,90472.8,74192.7,21050.2,85011.8,53130.0,106425.4,81.2,103056.6,105222.8,76376.2,84504.0,73974.3,98373.5,108267.7,67784.3,45223.5,63067.4,19979.9,107440.1,100311.4,78.3,84526.6,84717.3,109973.3,68636.8,83758.8,0.0,387.8,56688.6,99455.3,100829.4,100973.9,104962.9,83086.4,77051.7
Valldal sjukeheim,79954.5,75238.2,84627.2,84826.4,103618.5,84514.9,87866.1,69301.0,84690.1,77954.1,87116.7,84125.6,79095.6,143050.4,111362.2,97579.1,81965.3,166315.5,45400.1,107871.8,84520.6,107751.2,93950.2,690.0,66043.7,88196.1,106258.9,123683.4,60432.9,110773.8,105348.9,19620.7,81962.7,71075.1,82340.1,85689.1,75389.8,97439.2,80275.2,74547.6,52847.6,95283.3,123668.5,84428.9,79014.2,86547.5,108104.9,74383.4,111145.6,110889.1,95888.2,82472.0,164812.7,47221.0,68133.6,110961.7,107869.6,97501.0,99109.1,78786.5,26386.3,80063.8,68174.3,102290.0,107875.5,123373.4,83651.4,55286.4,105173.5,52683.0,86970.9,82108.6,74333.8,80773.2,161822.9,79558.6,73165.3,88237.4,19483.8,107927.0,107744.6,84467.1,116545.9,90069.2,85048.3,73266.5,67986.2,110670.1,78972.9,74150.7,123465.8,87563.8,135282.6,77237.8,90714.8,111143.8,164849.4,451.3,164809.2,106170.5,153377.6,85780.9,110598.2,80874.5,60447.9,170378.6,109126.4,84352.1,110248.5,80971.2,84516.0,84821.9,53978.6,111344.4,56433.3,19276.1,80561.4,74620.2,133673.2,74998.8,112515.7,90720.2,74440.2,21297.6,85259.2,53377.4,106672.9,469.0,103304.1,105470.2,76623.7,84751.5,74221.7,98621.0,108515.1,68031.8,45471.0,63314.9,20227.3,107687.6,100558.8,466.1,84774.1,84964.7,110220.8,68884.2,84006.3,387.8,0.0,56936.0,99702.8,101076.9,101221.4,105210.3,83333.9,77299.1
Valle barnehage,23994.2,19277.9,28667.0,28866.2,47658.2,28554.6,31905.9,16150.1,28729.8,19340.7,31156.5,28165.4,25944.8,129641.8,135669.7,41618.8,26005.1,152430.7,11786.0,125274.4,28560.3,51791.0,37989.9,56274.5,12892.8,32235.9,76852.7,67723.1,4472.7,135081.4,77907.6,52603.9,26002.4,14669.9,26379.9,32538.2,18984.6,41479.0,24314.9,18587.4,18823.2,39323.1,67708.2,28468.7,25863.3,94516.3,125459.7,18423.2,135453.1,135196.7,39927.9,26511.8,150927.9,75021.3,37565.1,135269.3,125484.0,44350.2,43148.9,126306.4,30606.0,38632.1,15023.4,46329.7,51915.2,67413.1,27691.1,6302.3,78408.6,19031.0,31010.6,26148.4,18373.6,24812.9,147938.1,23598.4,16760.2,32277.1,52247.0,125268.1,51784.4,28506.9,60585.7,34109.0,29088.0,17306.2,37417.7,134220.7,23012.7,18190.5,67505.6,135083.7,79322.4,21277.5,34754.5,135451.4,150964.6,56630.4,150924.4,76923.7,170417.5,29820.7,134905.8,24914.3,4487.7,156493.9,53166.1,28391.9,57097.7,27820.4,28555.8,28861.7,5456.4,135652.0,7449.1,52259.3,24601.2,21469.4,77712.9,102799.0,70917.7,34760.0,18479.9,50816.1,32108.4,39323.9,50712.6,56648.0,47343.9,77623.3,20663.5,28791.2,18261.5,42660.8,52554.9,37463.2,11544.1,10164.0,52089.2,125458.6,44598.6,56645.1,28813.8,29004.5,57069.9,38315.7,28046.0,56670.9,56918.3,0.0,43742.5,45116.7,45261.1,77992.7,27373.6,21338.9
Vartdal helsetun,22534.4,25640.9,36794.5,36993.7,55785.7,36682.1,40033.4,51790.8,36857.3,23743.4,39284.0,36292.8,61585.5,123015.9,92084.7,65485.6,34132.6,146281.1,54412.2,89200.2,36687.8,56060.7,46117.4,98900.6,48533.5,26531.6,33267.7,24138.1,40113.4,91496.4,34322.6,61179.1,34129.9,28088.8,34507.4,40476.3,23610.4,65423.9,32442.4,25551.3,29610.9,47450.6,24123.2,36596.2,61504.0,50931.3,89385.5,26550.6,91868.1,91611.7,48055.4,34639.2,144778.3,90277.1,80191.3,91684.3,89409.8,79990.9,51276.4,118193.6,73232.2,74272.8,50664.1,54457.2,56379.8,23828.1,35818.6,46190.8,34823.6,29446.3,39138.1,34275.9,25476.7,32940.4,141788.5,31316.8,25769.3,26572.8,60822.3,89193.9,56054.1,36634.4,52636.7,28404.7,37215.5,26860.9,80043.9,90635.6,30092.5,25856.8,23920.6,109454.5,71373.4,28996.0,29050.2,91866.3,144815.0,99256.6,144774.8,33338.7,134343.3,37948.2,91320.8,33041.8,40128.3,150344.2,56012.1,36519.4,92738.3,44896.7,36683.3,36989.2,48082.6,92066.9,45398.0,60834.5,19086.3,50988.0,69763.9,66724.8,27332.6,29055.7,25310.3,59391.4,67749.1,81950.1,57060.0,99274.2,3758.8,34038.3,27830.2,36918.7,25853.4,50788.2,56685.9,80089.4,54170.3,45804.7,60664.4,89384.4,52726.1,99271.3,36941.3,37132.0,92710.6,80941.8,36173.5,99297.1,99544.5,43569.7,0.0,53244.1,53388.6,34407.7,35501.1,28134.6
Vigra barnehage,33633.6,27775.4,19488.6,19687.8,21664.2,19376.2,22727.5,46249.5,19551.4,31633.3,21978.1,18986.9,56044.1,139281.1,145309.1,51258.2,19710.5,162070.1,56111.0,142424.6,19381.9,61430.4,10499.7,100599.5,42992.1,41875.3,86492.1,77362.5,41812.2,144720.8,87547.0,79358.1,19512.7,35978.7,19686.9,15722.6,31500.2,51118.3,21866.7,28036.9,45577.4,9328.6,77347.6,19290.3,55962.6,104155.7,142609.9,27532.0,145092.5,144836.1,13933.9,19818.8,160567.3,101775.5,81890.1,144908.7,142634.2,74449.5,17154.8,170631.4,74931.0,68731.4,45122.8,4427.4,61554.6,77052.5,18512.7,45342.6,88048.0,45785.2,21832.2,19853.7,28714.6,22364.7,157577.5,22288.5,33659.1,41916.5,79001.2,142418.4,61423.7,19328.5,70225.1,43748.4,19909.6,28011.8,81742.7,143860.1,23929.6,27829.9,77145.0,162678.9,88961.8,24713.3,44393.9,145090.8,160604.0,100955.4,160563.8,86563.1,187567.7,20642.3,144545.2,20977.6,41827.2,166133.3,62805.5,19213.5,87197.0,20143.0,19377.4,19683.3,49781.4,145291.4,44549.9,79013.4,34240.6,26234.3,87352.3,119949.2,80557.1,44399.4,29022.7,77570.3,62207.7,83648.9,60352.0,100973.0,56983.2,87262.7,26092.8,19612.8,27900.9,2455.4,62194.3,81788.2,55869.1,37864.3,78843.4,142608.8,3896.3,100970.1,19635.4,19826.1,87169.2,82640.7,18867.6,100995.9,101243.3,45268.5,53381.9,0.0,144.5,87632.1,18195.6,25607.0
"Vigra, 6040 Vigra",33778.1,27919.9,19633.1,19832.3,21808.7,19520.7,22871.9,46393.9,19695.9,31777.8,22122.6,19131.4,56188.6,139425.6,145453.6,51402.7,19854.9,162214.6,56255.5,142569.0,19526.4,61574.8,10644.2,100744.0,43136.6,42019.7,86636.6,77507.0,41956.7,144865.3,87691.5,79502.6,19657.2,36123.2,19831.4,15867.0,31644.7,51262.8,22011.2,28181.4,45721.9,9473.1,77492.1,19434.7,56107.1,104300.2,142754.4,27676.4,145237.0,144980.6,14078.3,19963.3,160711.8,101920.0,82034.6,145053.2,142778.7,74594.0,17299.3,170775.9,75075.5,68875.9,45267.2,4571.9,61699.1,77197.0,18657.2,45487.1,88192.5,45929.7,21976.7,19998.2,28859.1,22509.2,157722.0,22433.0,33803.6,42061.0,79145.7,142562.9,61568.2,19473.0,70369.6,43892.9,20054.1,28156.3,81887.2,144004.5,24074.1,27974.3,77289.4,162823.4,89106.2,24857.8,44538.4,145235.2,160748.5,101099.9,160708.3,86707.6,187712.2,20786.8,144689.7,21122.1,41971.7,166277.8,62950.0,19357.9,87341.5,20287.5,19521.8,19827.7,49925.9,145435.9,44694.4,79157.9,34385.0,26378.8,87496.8,120093.7,80701.5,44543.8,29167.2,77714.8,62352.2,83793.4,60496.5,101117.5,57127.7,87407.2,26237.3,19757.3,28045.3,2599.9,62338.8,81932.7,56013.6,38008.8,78987.8,142753.3,4040.8,101114.6,19779.9,19970.6,87313.7,82785.1,19012.1,101140.4,101387.8,45413.0,53526.4,144.5,0.0,87776.6,18340.1,25751.5
Volda Campus SpareBank 1 Arena,56788.2,59894.7,71048.3,71247.5,90039.6,70935.9,74287.2,86044.7,71111.1,57997.3,73537.8,70546.7,95839.3,90722.5,59791.3,42984.2,68386.4,113987.7,88666.1,56906.8,70941.7,33559.3,80371.3,104562.3,82787.3,60785.4,1164.6,10968.8,74367.2,59203.0,732.9,86349.6,68383.8,62342.7,68761.2,74730.1,57864.2,42922.5,66696.3,59805.1,63864.7,81704.4,10407.2,70850.0,95757.9,18637.9,57092.1,60804.5,59574.7,59318.3,82309.3,68893.1,112484.9,57983.7,114445.1,59390.9,57116.4,114244.7,85530.2,85900.3,107486.0,108526.6,84918.0,88711.1,33878.4,10623.1,70072.5,80444.6,557.5,63700.2,73392.0,68529.7,59730.6,67194.3,109495.1,65570.6,60023.1,60826.7,85992.7,56900.6,33552.7,70888.2,30135.3,62658.5,71469.4,61114.8,114297.7,58342.3,64346.3,60110.6,10718.8,77161.2,48871.9,63249.8,63304.1,59573.0,112521.6,104918.2,112481.4,1076.2,102049.9,72202.0,59027.4,67295.6,74382.2,118050.9,33510.7,70773.2,126992.2,79150.6,70937.1,71243.0,82336.4,59773.6,79651.9,86004.9,53340.1,85241.9,47262.5,34431.4,7421.4,63309.5,59564.2,85450.0,102002.9,116203.9,34558.6,104935.8,30672.4,854.2,62084.1,71172.6,60107.3,85042.1,34184.4,114343.2,88424.2,80058.5,86323.8,57091.0,86979.9,104933.0,71195.2,71385.8,126964.5,115195.7,70427.4,104958.7,105206.1,77823.5,34411.4,87498.0,87642.5,0.0,69755.0,62388.4
"Ålesund, 6003 Ålesund",15438.0,9579.9,4112.4,4311.6,23103.6,4000.0,7351.3,35294.1,4175.2,13437.7,6601.9,3610.7,45088.7,121085.6,127113.5,33062.6,1514.9,143874.5,37915.5,124229.0,4005.7,43234.8,13435.3,82403.9,32036.7,23679.7,68296.5,59166.9,23616.6,126525.2,69351.4,61162.5,1317.1,17783.1,1491.4,7794.2,13304.7,32922.8,3671.1,9841.3,27381.8,14768.5,59152.0,3914.1,45007.3,85960.1,124414.3,9336.4,126897.0,126640.5,15373.3,1623.2,142371.7,83579.9,63694.5,126713.1,124438.6,63494.1,18594.3,152435.9,56735.4,57776.0,34167.4,21775.1,43359.0,58856.9,3136.5,29694.0,69852.4,27589.6,6456.0,1658.2,10519.0,4169.1,139381.9,4093.0,15463.5,23720.9,60805.6,124222.8,43228.2,3952.3,52029.5,25552.8,4533.4,9816.2,63547.1,125664.5,5734.0,9634.3,58949.4,144483.4,70766.2,6517.7,26198.3,126895.2,142408.4,82759.8,142368.2,68367.5,169372.1,5266.1,126349.6,2782.0,23631.6,147937.7,44609.9,3837.3,76241.6,12214.6,4001.2,4307.1,31585.8,127095.8,28901.3,60817.9,16045.0,18306.0,69156.7,101753.6,62361.5,26203.8,10827.1,59374.7,51252.3,65453.3,42156.4,82777.4,38787.7,69067.1,7897.3,4236.6,9705.3,18106.1,43998.7,63592.6,37673.5,29935.9,60647.8,124413.2,20044.0,82774.6,4259.2,4449.9,76213.8,64445.1,3491.4,82800.3,83047.7,27072.9,35186.3,20562.0,20706.5,69436.5,0.0,7411.4
Åse helsehus,8393.7,2715.0,9294.1,9493.3,28285.3,9181.7,12532.9,29514.3,9356.9,6393.4,11783.6,8792.4,39309.0,114041.3,120069.2,26018.3,6632.2,136830.2,32135.7,117184.7,9187.4,36190.5,18617.0,76624.2,26257.0,16635.4,61252.2,52122.6,17836.9,119480.9,62307.1,54118.2,6629.5,10738.8,7006.9,12975.9,6260.4,25878.5,4942.0,3207.0,20337.5,19950.2,52107.7,9095.7,39227.5,78915.8,117370.0,4456.3,119852.6,119596.2,20555.0,7138.8,135327.4,76535.6,57914.8,119668.8,117394.3,57714.4,23776.0,146656.1,50955.7,51996.3,28387.6,26956.8,36314.7,51812.6,8318.2,23914.3,62808.1,20545.3,11637.7,6775.4,3949.3,5440.0,132337.6,3705.9,8419.2,16676.6,53761.3,117178.5,36183.9,9134.0,44985.2,18508.5,9715.1,4450.6,57767.4,118620.2,2481.6,3614.5,51905.1,137439.1,63721.9,1385.1,19154.0,119850.9,135364.1,76980.1,135323.9,61323.2,162327.8,10447.8,119305.3,5541.3,17851.8,140893.4,37565.6,9018.9,70461.9,17396.3,9182.8,9488.7,25806.1,120051.5,23121.6,53773.6,9000.7,23487.6,62112.4,94709.3,55317.2,19159.5,3782.8,52330.4,45472.6,59673.6,35112.1,76997.7,31743.4,62022.8,592.4,9418.3,3467.6,23287.8,36954.4,57812.9,31893.8,23528.2,53603.5,117368.9,25225.7,76994.8,9440.9,9631.6,70434.1,58665.3,8673.1,77020.6,77268.0,21293.2,28142.0,25743.7,25888.2,62392.2,8000.7,0.0
