,Depot,"Spjelkavik, 6010 Ålesund",APOTEKERGATA 5,"Parkgata 2, 6003 Ålesund",Alnes Fyr og opplevelsessenter,Anno,Atlanterhavsparken,"Tennfjord, 6264 Tennfjord","Ålesund, 6002 Ålesund",Blindheim omsorgssenter,"Valderøy, 6050 Valderøya",Brooklyn - 24 / 26,Bunnpris Brattvåg,Bunnpris Bryggja,Bunnpris Eid,Bunnpris Hareid,Bunnpris Nørve,Bunnpris Oldeide,Bunnpris Sjøholt,Bunnpris Stryn,NEDRE STRANDGATE 9,Bunnpris Ulsteinvik,Bunnpris Valderøy,Bunnpris Valldal,Bunnpris Vatne,Bunnpris Vedde,Bunnpris Volda,Bunnpris Ørsta,"Digernessundet, 6057 Ellingsøy","Eidsgata 12, 6770 Nordfjordeid","Volda, 6100 Volda","Dregesvegen 2, 6200 Stranda","Ålesund, 6008 Ålesund",Ebbegarden barnehage,"Eidet, 6008 Ålesund",Ellingsøy barnehage,Gamle Blindheimsveg 25,Eurospar Hareid,LARSGÅRDSVEGEN 19,Eurospar Moa,Eurospar Sykkylven,Eurospar Valderøy,Eurospar Ørsta,Rasmus Rønnebergs gate 21,"Brattvåg, 6270 Brattvåg","Grodås, 6698 Hornindal",Felleskjøpet Stryn,Felleskjøpet Ålesund,"Nordfjordeid, 6770 Nordfjordeid","Nordfjordeid, 6770 Nordfjordeid","Valderhaug, 6050 Valderøya","Hatlahaugen, Ålesund","Gate 1, 6718 Deknepollen","Hellesylt, 6218 Hellesylt",Helsehuset Stella Maris,"Sjukehusveien 14, 6770 Nordfjordeid",Isehaug kafeteria,"Haramsøya, 6270 Brattvåg",Godøya post i butikk,Joker Hjelledalen,Joker Stordal,Joker Tomrefjord,Joker Vatne,Vigra post i butikk,"Ulsteinvik, 6065 Ulsteinvik",Kiwi Meieribygget Ørsta,SUNDGATA 8,Kiwi Skodje,Kiwi Volda,Kiwi Sykkylven,SKARBØVIKGATA 25,NØRVEGATA 23,SPJELKAVIKVEGEN 42,"Eggesbønes, 6008 Ålesund",Kiwi Deknepollen,NEDRE KLOKKERSUNDVEGEN 2,FLISNESVEGEN 1,"Fiskarstrand, 6037 Eidsnes",Kiwi Stranda,Kiwi Stryn,Kiwi Ulsteinvik,RASMUS RØNNEBERGS GATE 6,Kiwi Myrvåg,Kiwi Langevåg,NEDRE STRANDGATE 51,LERSTADVEGEN 545,Kiwi Vestnes,Kiwi Nordfjordeid,SMEDGARDEN 1,"Vallekrysset, 6013 Ålesund","Ørsta, 6150 Ørsta",Matstova,Meny Fosnavåg,LERSTADVEGEN 291,"Sula, 6030 Langevåg",minibakeriet,"Måløy, 6700 Måløy","Valldal, 6210 Valldal","Måløy, 6700 Måløy",Naustet Grill,"Innviksvegen, 6793 Innvik","Skateflukaia, 6002 Ålesund",Nordfjord hotell,Nørve barnehage,Obs Bygg Digernes,"Oldeide, 6718 Deknepollen",Quality Hotel Ulstein,KONGENS GATE 6,"Remmemsvik, 6264 Tennfjord","Langelandsvegen 47, 6010 Ålesund","Storgata 16, 6002 Ålesund",Sjøbua,"Sjøholt, 6240 Sjøholt",Sjøkanten Café,Skodje barnehage,"Stranda, 6200 Stranda",SOLAVÅGSEIDET 76,Spar Ellingsøy,Spar Fosnavåg,Spar Hornindal,Spar Hovdebygda,Spar Langevåg,Spjelkavikvegen 61,Spar Svingen,Spar Søvik,Spar Tresfjord,Spar Ulsteinvik,Spar Valldal,Spar Vartdal,Spar Volda,Øvre Geilegrend 1,"Keiser Wilhelms gate 29, 6003 Ålesund",Spjelkavik omsorgssenter,"Ålesund lufthavn, 6040 Vigra",St1 Ulsteinvik,St1 Vestnes,St1 Ørskog,Stette barnehage,"Strandafjellet, 6200 Stranda","Stryn, 6783 Stryn","Vigra, 6040 Vigra",Sylteormen bakeri og kafe,Mai Thai Massage,Trankokeriet Antikk,"Longva, 6264 Tennfjord","Vestnes, 6390 Vestnes","Ålesund, 6002 Ålesund",St1 Valldal,Valldal sjukeheim,Valle barnehage,Vartdal helsetun,Vigra barnehage,"Vigra, 6040 Vigra",Volda Campus SpareBank 1 Arena,"Ålesund, 6003 Ålesund",Åse helsehus
Depot,0.0,541.1,1313.6,1342.1,2510.7,1303.3,1688.1,2044.6,1330.2,454.8,1588.4,1258.7,2637.9,9661.4,8166.8,2432.1,1111.5,11116.0,2250.5,7965.7,1310.0,3154.6,1874.8,5060.1,1836.8,946.8,4602.4,3991.4,1365.5,8065.0,4736.6,4125.6,1106.2,695.7,1177.6,1538.3,418.0,2422.0,1033.6,525.8,1939.3,2065.4,3944.5,1297.0,2627.4,5683.9,8005.8,607.8,8136.9,8087.9,2080.6,1158.3,10992.2,5430.5,3726.0,8107.9,8004.3,3715.8,2126.1,9701.6,3491.3,3674.8,2027.6,2362.4,3176.1,3913.0,1211.6,1751.3,4761.9,1974.5,1534.0,1132.8,514.7,1109.2,10764.0,1065.9,534.5,956.6,4073.8,7963.7,3153.9,1296.5,3697.2,1112.3,1352.5,618.7,3715.0,8059.9,1006.7,537.6,3919.9,9190.7,4970.2,853.5,1167.8,8126.5,10997.4,5088.0,11003.5,4610.5,11519.9,1427.5,8072.5,1100.9,1356.2,11390.2,3224.6,1286.9,4697.6,1842.2,1299.1,1332.5,2015.3,8173.9,1671.2,4076.2,331.7,2140.8,4808.0,6637.3,4198.9,1173.5,489.2,3930.2,2931.4,4001.7,3089.1,5092.3,2683.9,4701.2,737.6,1335.7,547.5,2076.7,3244.3,3727.8,2235.2,1685.1,4111.9,7983.2,2259.1,5091.2,1326.8,1347.7,4669.8,3824.3,1270.7,5084.2,5122.3,1568.2,2441.1,2303.3,2331.8,4702.1,1190.4,781.9
"Spjelkavik, 6010 Ålesund",525.6,0.0,867.6,896.1,2064.7,857.3,1242.1,1680.4,884.2,355.7,1142.4,812.7,2273.7,9776.8,8282.2,2547.5,665.5,11231.4,1886.3,8081.1,864.0,3270.0,1428.8,4695.9,1472.6,1062.2,4717.8,4106.8,1001.3,8180.4,4852.0,4026.5,660.2,596.6,731.6,1092.3,318.9,2537.4,587.6,131.2,1840.2,1619.4,4059.9,851.0,2263.2,5799.3,8121.2,243.6,8252.3,8203.3,1634.6,712.3,11107.6,5331.4,3361.8,8223.3,8119.7,3351.6,1680.1,9459.0,3127.1,3310.6,1663.4,1916.4,3291.5,4028.4,765.6,1387.1,4877.3,1875.4,1088.0,686.8,150.5,663.2,10879.4,571.6,435.4,1072.0,3974.7,8079.1,3269.3,850.5,3812.6,1227.7,906.5,245.9,3350.8,8175.3,512.4,143.0,4035.3,9306.1,5085.6,359.2,1283.2,8241.9,11112.8,4723.8,11118.9,4725.9,11635.3,981.5,8187.9,654.9,992.0,11505.6,3340.0,840.9,4333.4,1396.2,853.1,886.5,1651.1,8289.3,1307.0,3977.1,447.1,1694.8,4923.4,6752.7,4314.3,1288.9,125.0,3831.1,2567.2,3637.5,3204.5,4728.1,2799.3,4816.6,243.3,889.7,152.9,1630.7,3359.7,3363.6,1871.0,1320.9,4012.8,8098.6,1813.1,4727.0,880.8,901.7,4305.6,3460.1,824.7,4720.0,4758.1,1204.0,2556.5,1857.3,1885.8,4817.5,744.4,287.6
APOTEKERGATA 5,1315.4,841.0,0.0,28.5,1506.1,10.5,394.4,2307.1,28.1,1145.5,294.7,84.3,2900.4,10566.6,9072.0,3337.3,266.6,12021.2,2546.8,8870.9,29.7,4059.8,870.2,5356.4,2099.3,1852.0,5507.6,4896.6,1661.8,8970.2,5641.8,4816.3,244.1,1386.4,296.6,533.7,1108.7,3327.2,405.1,874.5,2630.0,1060.8,4849.7,90.8,2889.9,6589.1,8911.0,847.2,9042.1,8993.1,1076.0,277.3,11897.4,6121.2,4022.3,9013.1,8909.5,3978.3,1121.5,10119.5,3787.6,3937.3,2290.1,1357.8,4081.3,4818.2,122.5,2047.6,5667.1,2665.2,240.3,287.9,922.9,480.7,11669.2,443.8,1225.2,1861.8,4764.5,8868.9,4059.1,41.1,4602.4,2017.5,69.3,869.5,4011.3,8965.1,615.2,835.4,4825.1,10095.9,5875.4,574.4,2073.0,9031.7,11902.6,5384.3,11908.7,5515.7,12425.1,116.6,8977.7,403.9,1652.5,12295.4,4129.8,101.8,4960.1,837.6,114.0,18.9,2311.6,9079.1,1967.5,4766.9,1236.9,1136.2,5713.2,7542.5,5104.1,2078.7,914.8,4620.9,3193.9,4298.0,3994.3,5388.6,3589.1,5606.4,694.8,33.6,852.0,1072.1,4149.5,4024.1,2531.5,1796.5,4802.6,8888.4,1254.5,5387.5,13.2,34.1,4932.3,4120.6,75.0,5380.5,5418.6,1864.5,3346.3,1298.7,1327.2,5607.3,164.5,670.9
"Parkgata 2, 6003 Ålesund",1346.8,872.4,31.4,0.0,1537.5,41.9,425.8,2338.5,59.5,1176.9,326.1,115.7,2931.8,10598.0,9103.4,3368.7,298.0,12052.6,2578.2,8902.3,61.1,4091.2,901.6,5387.8,2130.7,1883.4,5539.0,4928.0,1693.2,9001.6,5673.2,4847.7,275.5,1417.8,328.0,565.1,1140.1,3358.6,436.5,905.9,2661.4,1092.2,4881.1,122.2,2921.3,6620.5,8942.4,878.6,9073.5,9024.5,1107.4,308.7,11928.8,6152.6,4053.7,9044.5,8940.9,4009.7,1152.9,10150.9,3819.0,3968.7,2321.5,1389.2,4112.7,4849.6,153.9,2079.0,5698.5,2696.6,271.7,319.3,954.3,512.1,11700.6,475.2,1256.6,1893.2,4795.9,8900.3,4090.5,72.5,4633.8,2048.9,100.7,900.9,4042.7,8996.5,646.6,866.8,4856.5,10127.3,5906.8,605.8,2104.4,9063.1,11934.0,5415.7,11940.1,5547.1,12456.5,131.3,9009.1,435.3,1683.9,12326.8,4161.2,133.2,4991.5,869.0,145.4,20.9,2343.0,9110.5,1998.9,4798.3,1268.3,1167.6,5744.6,7573.9,5135.5,2110.1,946.2,4652.3,3225.3,4329.4,4025.7,5420.0,3620.5,5637.8,726.2,64.7,883.4,1103.5,4180.9,4055.5,2562.9,1827.9,4834.0,8919.8,1285.9,5418.9,27.9,48.8,4963.7,4152.0,106.4,5411.9,5450.0,1895.9,3377.7,1330.1,1358.6,5638.7,195.9,702.3
Alnes Fyr og opplevelsessenter,2521.4,2047.0,1500.6,1529.1,0.0,1490.3,1875.1,3059.1,1517.2,2351.5,1775.4,1445.7,3652.4,11772.6,10278.0,4543.3,1472.6,13227.2,3752.8,10076.9,1497.0,5265.8,1072.4,6562.4,2851.3,3058.0,6713.6,6102.6,2867.8,10176.2,6847.8,6022.3,1450.1,2592.4,1502.6,1285.7,2314.7,4533.2,1611.1,2080.5,3836.0,1263.0,6055.7,1484.0,3641.9,7795.1,10117.0,2053.2,10248.1,10199.1,1010.8,1483.3,13103.4,7327.2,5228.3,10219.1,10115.5,4730.3,441.8,11325.5,4993.6,4689.3,3042.1,1589.1,5287.3,6024.2,1398.6,3041.1,6873.1,3871.2,1721.0,1493.9,2128.9,1686.7,12875.2,1649.8,2431.2,3067.8,5970.5,10074.9,5265.1,1483.5,5808.4,3223.5,1539.5,2075.5,5217.3,10171.1,1821.2,2041.4,6031.1,11301.9,7081.4,1780.4,3279.0,10237.7,13108.6,6590.3,13114.7,6721.7,13631.1,1614.5,10183.7,1609.9,2858.5,13501.4,5335.8,1473.9,5712.1,1589.6,1486.1,1519.5,3517.6,10285.1,2961.0,5972.9,2442.9,1888.2,6919.2,8748.5,6310.1,3284.7,2120.8,5826.9,3945.9,5504.0,5200.3,6594.6,4795.1,6812.4,1900.8,1522.7,2058.0,1303.4,5355.5,5230.1,3737.5,2548.5,6008.6,10094.4,1485.8,6593.5,1513.8,1534.7,5684.3,5326.6,1457.7,6586.5,6624.6,3070.5,4552.3,1530.0,1558.5,6813.3,1364.9,1876.9
Anno,1304.9,830.5,10.3,38.8,1495.6,0.0,393.2,2296.6,26.9,1135.0,293.5,73.8,2889.9,10556.1,9061.5,3326.8,256.1,12010.7,2536.3,8860.4,19.2,4049.3,859.7,5345.9,2088.8,1841.5,5497.1,4886.1,1651.3,8959.7,5631.3,4805.8,233.6,1375.9,286.1,523.2,1098.2,3316.7,394.6,864.0,2619.5,1050.3,4839.2,80.3,2879.4,6578.6,8900.5,836.7,9031.6,8982.6,1065.5,266.8,11886.9,6110.7,4011.8,9002.6,8899.0,3967.8,1111.0,10109.0,3777.1,3926.8,2279.6,1347.3,4070.8,4807.7,112.0,2037.1,5656.6,2654.7,239.1,277.4,912.4,470.2,11658.7,433.3,1214.7,1851.3,4754.0,8858.4,4048.6,30.6,4591.9,2007.0,61.7,859.0,4000.8,8954.6,604.7,824.9,4814.6,10085.4,5864.9,563.9,2062.5,9021.2,11892.1,5373.8,11898.2,5505.2,12414.6,126.9,8967.2,393.4,1642.0,12284.9,4119.3,91.3,4949.6,827.1,103.5,29.2,2301.1,9068.6,1957.0,4756.4,1226.4,1125.7,5702.7,7532.0,5093.6,2068.2,904.3,4610.4,3183.4,4287.5,3983.8,5378.1,3578.6,5595.9,684.3,32.4,841.5,1061.6,4139.0,4013.6,2521.0,1786.0,4792.1,8877.9,1244.0,5377.0,23.5,44.4,4921.8,4110.1,64.5,5370.0,5408.1,1854.0,3335.8,1288.2,1316.7,5596.8,154.0,660.4
Atlanterhavsparken,1685.1,1210.7,399.1,427.6,1875.8,394.7,0.0,2676.8,398.7,1515.2,223.0,454.0,3270.1,10936.3,9441.7,3707.0,636.3,12390.9,2916.5,9240.6,396.4,4429.5,1239.9,5726.1,2469.0,2221.7,5877.3,5266.3,2031.5,9339.9,6011.5,5186.0,613.8,1756.1,666.3,903.4,1478.4,3696.9,774.8,1244.2,2999.7,1430.5,5219.4,460.5,3259.6,6958.8,9280.7,1216.9,9411.8,9362.8,1445.7,647.0,12267.1,6490.9,4392.0,9382.8,9279.2,4348.0,1491.2,10489.2,4157.3,4307.0,2659.8,1727.5,4451.0,5187.9,492.2,2417.3,6036.8,3034.9,232.2,657.6,1292.6,850.4,12038.9,813.5,1594.9,2231.5,5134.2,9238.6,4428.8,410.8,4972.1,2387.2,338.7,1239.2,4381.0,9334.8,984.9,1205.1,5194.8,10465.6,6245.1,944.1,2442.7,9401.4,12272.3,5754.0,12278.4,5885.4,12794.8,373.2,9347.4,773.6,2022.2,12665.1,4499.5,471.5,5329.8,1207.3,483.7,418.0,2681.3,9448.8,2337.2,5136.6,1606.6,1505.9,6082.9,7912.2,5473.8,2448.4,1284.5,4990.6,3563.6,4667.7,4364.0,5758.3,3958.8,5976.1,1064.5,404.2,1221.7,1441.8,4519.2,4393.8,2901.2,2166.2,5172.3,9258.1,1624.2,5757.2,412.3,433.2,5302.0,4490.3,444.7,5750.2,5788.3,2234.2,3716.0,1668.4,1696.9,5977.0,534.2,1040.6
"Tennfjord, 6264 Tennfjord",2047.7,1682.9,2297.5,2326.0,3060.4,2287.2,2672.0,0.0,2314.1,1877.8,2572.3,2242.6,1089.5,11298.9,9804.3,4069.6,2127.9,12753.5,1698.2,9443.5,2293.9,4792.1,2424.5,4507.8,282.2,2584.3,6239.9,5628.9,823.2,9702.5,6374.1,5060.0,2122.6,1957.4,2194.0,1960.5,1841.0,4059.5,2050.0,1618.9,2873.7,2615.1,5582.0,2280.9,1079.0,7321.4,9483.6,1624.2,9774.4,9725.4,2630.3,2174.7,12629.7,6364.9,2644.6,9745.4,9482.1,2167.4,2675.8,9270.9,2939.0,1847.1,199.9,2912.1,4813.6,5550.5,2195.5,961.3,6399.4,2908.9,2517.9,2149.2,1617.7,2125.6,12401.5,2086.7,1957.5,2594.1,5008.2,9441.5,4791.4,2280.4,5334.7,2749.8,2336.4,1524.8,2633.6,9697.4,2080.5,1567.7,5557.4,9783.3,6607.7,1874.3,2805.3,9764.0,12634.9,4535.7,12641.0,6248.0,12997.7,2411.4,9710.0,2117.3,813.9,13027.7,4862.1,2270.8,3149.2,1667.4,2283.0,2316.4,1463.0,9811.4,881.2,5010.6,1969.2,1234.0,6445.5,8115.1,5836.4,2811.0,1619.0,4864.6,1383.0,3449.4,4726.6,4540.0,4321.4,6338.7,1812.9,2319.6,1584.3,2626.4,4881.8,2646.4,1682.9,608.2,5046.3,9461.0,2808.8,4538.9,2310.7,2331.6,3121.4,2665.1,2254.6,4531.9,4570.0,1053.7,4078.6,2853.0,2881.5,6339.6,2161.8,1894.9
"Ålesund, 6002 Ålesund",1333.6,859.2,18.2,39.5,1524.3,28.7,412.6,2325.3,0.0,1163.7,312.9,102.5,2918.6,10584.8,9090.2,3355.5,284.8,12039.4,2565.0,8889.1,47.9,4078.0,888.4,5374.6,2117.5,1870.2,5525.8,4914.8,1680.0,8988.4,5660.0,4834.5,262.3,1404.6,314.8,551.9,1126.9,3345.4,423.3,892.7,2648.2,1079.0,4867.9,109.0,2908.1,6607.3,8929.2,865.4,9060.3,9011.3,1094.2,295.5,11915.6,6139.4,4040.5,9031.3,8927.7,3996.5,1139.7,10137.7,3805.8,3955.5,2308.3,1376.0,4099.5,4836.4,140.7,2065.8,5685.3,2683.4,258.5,306.1,941.1,498.9,11687.4,462.0,1243.4,1880.0,4782.7,8887.1,4077.3,59.3,4620.6,2035.7,87.5,887.7,4029.5,8983.3,633.4,853.6,4843.3,10114.1,5893.6,592.6,2091.2,9049.9,11920.8,5402.5,11926.9,5533.9,12443.3,127.6,8995.9,422.1,1670.7,12313.6,4148.0,120.0,4978.3,855.8,132.2,29.9,2329.8,9097.3,1985.7,4785.1,1255.1,1154.4,5731.4,7560.7,5122.3,2096.9,933.0,4639.1,3212.1,4316.2,4012.5,5406.8,3607.3,5624.6,713.0,5.5,870.2,1090.3,4167.7,4042.3,2549.7,1814.7,4820.8,8906.6,1272.7,5405.7,24.2,45.1,4950.5,4138.8,93.2,5398.7,5436.8,1882.7,3364.5,1316.9,1345.4,5625.5,182.7,689.1
Blindheim omsorgssenter,465.3,360.6,1133.1,1161.6,2330.2,1122.8,1507.6,1864.1,1149.7,0.0,1407.9,1078.2,2457.4,9716.5,8221.9,2487.2,931.0,11171.1,2070.0,8020.8,1129.5,3209.7,1694.3,4879.6,1656.3,1001.9,4657.5,4046.5,1185.0,8120.1,4791.7,3908.3,925.7,478.4,997.1,1357.8,93.7,2477.1,853.1,345.3,1722.0,1884.9,3999.6,1116.5,2446.9,5739.0,8060.9,427.3,8192.0,8143.0,1900.1,977.8,11047.3,5213.2,3545.5,8163.0,8059.4,3535.3,1945.6,9642.7,3310.8,3494.3,1847.1,2181.9,3231.2,3968.1,1031.1,1570.8,4817.0,1757.2,1353.5,952.3,334.2,928.7,10819.1,885.4,317.2,1011.7,3856.5,8018.8,3209.0,1116.0,3752.3,1167.4,1172.0,438.2,3534.5,8115.0,826.2,357.1,3975.0,9245.8,5025.3,673.0,1222.9,8181.6,11052.5,4907.5,11058.6,4665.6,11575.0,1247.0,8127.6,920.4,1175.7,11445.3,3279.7,1106.4,4517.1,1661.7,1118.6,1152.0,1834.8,8229.0,1490.7,3858.9,386.8,1960.3,4863.1,6692.4,4254.0,1228.6,308.7,3712.9,2750.9,3821.2,3144.2,4911.8,2739.0,4756.3,557.1,1155.2,367.0,1896.2,3299.4,3547.3,2054.7,1504.6,3894.6,8038.3,2078.6,4910.7,1146.3,1167.2,4489.3,3643.8,1090.2,4903.7,4941.8,1387.7,2496.2,2122.8,2151.3,4757.2,1009.9,601.4
"Valderøy, 6050 Valderøya",1582.1,1107.7,296.1,324.6,1772.8,291.7,216.1,2573.8,295.7,1412.2,0.0,351.0,3167.1,10833.3,9338.7,3604.0,533.3,12287.9,2813.5,9137.6,293.4,4326.5,1136.9,5623.1,2366.0,2118.7,5774.3,5163.3,1928.5,9236.9,5908.5,5083.0,510.8,1653.1,563.3,800.4,1375.4,3593.9,671.8,1141.2,2896.7,1327.5,5116.4,357.5,3156.6,6855.8,9177.7,1113.9,9308.8,9259.8,1342.7,544.0,12164.1,6387.9,4289.0,9279.8,9176.2,4245.0,1388.2,10386.2,4054.3,4204.0,2556.8,1624.5,4348.0,5084.9,389.2,2314.3,5933.8,2931.9,129.2,554.6,1189.6,747.4,11935.9,710.5,1491.9,2128.5,5031.2,9135.6,4325.8,307.8,4869.1,2284.2,235.7,1136.2,4278.0,9231.8,881.9,1102.1,5091.8,10362.6,6142.1,841.1,2339.7,9298.4,12169.3,5651.0,12175.4,5782.4,12691.8,270.2,9244.4,670.6,1919.2,12562.1,4396.5,368.5,5226.8,1104.3,380.7,315.0,2578.3,9345.8,2234.2,5033.6,1503.6,1402.9,5979.9,7809.2,5370.8,2345.4,1181.5,4887.6,3460.6,4564.7,4261.0,5655.3,3855.8,5873.1,961.5,301.2,1118.7,1338.8,4416.2,4290.8,2798.2,2063.2,5069.3,9155.1,1521.2,5654.2,309.3,330.2,5199.0,4387.3,341.7,5647.2,5685.3,2131.2,3613.0,1565.4,1593.9,5874.0,431.2,937.6
Brooklyn - 24 / 26,1266.4,792.0,98.3,126.8,1457.1,88.0,472.8,2258.1,114.9,1096.5,373.1,0.0,2851.4,10517.6,9023.0,3288.3,217.6,11972.2,2497.8,8821.9,94.7,4010.8,821.2,5307.4,2050.3,1803.0,5458.6,4847.6,1612.8,8921.2,5592.8,4767.3,195.1,1337.4,247.6,484.7,1059.7,3278.2,356.1,825.5,2581.0,1011.8,4800.7,59.9,2840.9,6540.1,8862.0,798.2,8993.1,8944.1,1027.0,228.3,11848.4,6072.2,3973.3,8964.1,8860.5,3929.3,1072.5,10070.5,3738.6,3888.3,2241.1,1308.8,4032.3,4769.2,52.7,1998.6,5618.1,2616.2,318.7,238.9,873.9,431.7,11620.2,394.8,1176.2,1812.8,4715.5,8819.9,4010.1,65.7,4553.4,1968.5,137.2,820.5,3962.3,8916.1,566.2,786.4,4776.1,10046.9,5826.4,525.4,2024.0,8982.7,11853.6,5335.3,11859.7,5466.7,12376.1,212.2,8928.7,354.9,1603.5,12246.4,4080.8,49.8,4911.1,788.6,62.0,117.2,2262.6,9030.1,1918.5,4717.9,1187.9,1087.2,5664.2,7493.5,5055.1,2029.7,865.8,4571.9,3144.9,4249.0,3945.3,5339.6,3540.1,5557.4,645.8,120.4,803.0,1023.1,4100.5,3975.1,2482.5,1747.5,4753.6,8839.4,1205.5,5338.5,111.5,132.4,4883.3,4071.6,66.3,5331.5,5369.6,1815.5,3297.3,1249.7,1278.2,5558.3,115.5,621.9
Bunnpris Brattvåg,2628.1,2263.3,2877.9,2906.4,3640.8,2867.6,3252.4,1090.1,2894.5,2458.2,3152.7,2823.0,0.0,11879.3,10384.7,4650.0,2708.3,13333.9,2278.6,10023.9,2874.3,5372.5,3004.9,5088.2,882.3,3164.7,6820.3,6209.3,1403.6,10282.9,6954.5,5640.4,2703.0,2537.8,2774.4,2540.9,2421.4,4639.9,2630.4,2199.3,3454.1,3195.5,6162.4,2861.3,19.4,7901.8,10064.0,2204.6,10354.8,10305.8,3210.7,2755.1,13210.1,6945.3,3517.8,10325.8,10062.5,1372.5,3256.2,9851.3,3519.4,2720.3,1073.1,3492.5,5394.0,6130.9,2775.9,1541.7,6979.8,3489.3,3098.3,2729.6,2198.1,2706.0,12981.9,2667.1,2537.9,3174.5,5588.6,10021.9,5371.8,2860.8,5915.1,3330.2,2916.8,2105.2,3506.8,10277.8,2660.9,2148.1,6137.8,10363.7,7188.1,2454.7,3385.7,10344.4,13215.3,5116.1,13221.4,6828.4,13578.1,2991.8,10290.4,2697.7,1394.3,13608.1,5442.5,2851.2,2354.3,2247.8,2863.4,2896.8,2043.4,10391.8,1461.6,5591.0,2549.6,1814.4,7025.9,8695.5,6416.8,3391.4,2199.4,5445.0,1176.7,4029.8,5307.0,5120.4,4901.8,6919.1,2393.3,2900.0,2164.7,3206.8,5462.2,3519.6,2263.3,1188.6,5626.7,10041.4,3389.2,5119.3,2891.1,2912.0,2326.5,3538.3,2835.0,5112.3,5150.4,1634.1,4659.0,3433.4,3461.9,6920.0,2742.2,2475.3
Bunnpris Bryggja,9405.0,9530.8,10303.3,10331.8,11500.4,10293.0,10677.8,11034.3,10319.9,9444.5,10578.1,10248.4,11627.6,0.0,1985.3,7291.3,10101.2,1502.0,11240.2,4659.2,10299.7,6686.5,10864.5,10565.2,10826.5,9675.3,4889.4,5593.8,10355.2,1986.6,5050.0,7581.0,10095.9,9685.4,10167.3,10528.0,9407.7,7288.1,10023.3,9515.5,9334.8,11055.1,5506.8,10286.7,11617.1,4310.9,4699.3,9597.5,2017.7,2028.1,11070.3,10148.0,1378.2,5809.5,12715.7,2043.7,4697.8,12705.5,11115.8,6395.1,10700.5,12664.5,11017.3,11352.1,6703.9,5514.0,10201.3,10741.0,5048.9,9345.0,10523.7,10122.5,9504.4,10098.9,1150.0,10055.6,9524.2,9685.1,7529.2,4657.2,6685.8,10286.2,6058.0,9840.8,10342.2,9608.4,12704.7,2012.9,9996.4,9527.3,5522.4,5884.2,7331.0,9843.2,9896.3,2030.3,1383.4,10593.1,1389.5,4897.5,6862.9,10417.2,2047.2,10090.6,10345.9,1776.2,6678.8,10276.6,13687.3,10831.9,10288.8,10322.2,11005.0,2017.7,10660.9,7531.6,9067.6,11130.5,7168.8,4109.7,5300.4,9902.0,9478.9,7486.2,11921.1,12991.4,6761.9,10597.4,6746.9,5032.2,9727.3,10325.4,9537.2,11066.4,6734.8,12717.5,11224.9,10674.8,7617.6,4676.7,11248.8,10596.3,10316.5,10337.4,13659.5,12814.0,10260.4,10589.3,10627.4,10557.9,7013.2,11293.0,11321.5,4989.1,10180.1,9771.6
Bunnpris Eid,7555.6,7681.4,8453.9,8482.4,9651.0,8443.6,8828.4,9184.9,8470.5,7595.1,8728.7,8399.0,9778.2,1993.7,0.0,5589.3,8251.8,3495.7,9390.8,2781.8,8450.3,4984.5,9015.1,8687.8,8977.1,7825.9,3040.0,3744.4,8505.8,114.5,3200.6,5703.6,8246.5,7836.0,8317.9,8678.6,7558.3,5586.1,8173.9,7666.1,7457.4,9205.7,3657.4,8437.3,9767.7,2461.5,2821.9,7748.1,54.9,79.0,9220.9,8298.6,3371.9,3932.1,10866.3,80.9,2820.4,10856.1,9266.4,4517.7,8823.1,10815.1,9167.9,9502.7,5001.9,3664.6,8351.9,8891.6,3199.5,7467.6,8674.3,8273.1,7655.0,8249.5,3143.7,8206.2,7674.8,7835.7,5651.8,2779.8,4983.8,8436.8,4740.8,7991.4,8492.8,7759.0,10855.3,163.5,8147.0,7677.9,3673.0,4006.8,6013.8,7993.8,8046.9,82.7,3377.1,8715.7,3383.2,3048.1,4974.5,8567.8,158.8,8241.2,8496.5,3769.9,4976.8,8427.2,11837.9,8982.5,8439.4,8472.8,9155.6,54.9,8811.5,5654.2,7218.2,9281.1,5851.6,2232.3,3451.0,8052.6,7629.5,5608.8,10071.7,11142.0,5059.9,8720.0,4897.5,3182.8,7877.9,8476.0,7687.8,9217.0,5032.8,10868.1,9375.5,8825.4,5740.2,2799.3,9399.4,8718.9,8467.1,8488.0,11810.1,10964.6,8411.0,8711.9,8750.0,8708.5,5163.8,9443.6,9472.1,3139.7,8330.7,7922.2
Bunnpris Hareid,2424.9,2550.7,3323.2,3351.7,4520.3,3312.9,3697.7,4054.2,3339.8,2464.4,3598.0,3268.3,4647.5,7310.1,6269.2,0.0,3121.1,8764.7,4260.1,6068.1,3319.6,803.3,3884.4,7069.7,3846.4,2434.2,2641.4,2761.3,3375.1,6167.4,2775.6,6135.2,3115.8,2705.3,3187.2,3547.9,2427.6,70.7,3043.2,2535.4,3948.9,4075.0,2674.3,3306.6,4637.0,3786.3,6108.2,2617.4,6239.3,6190.3,4090.2,3167.9,8640.9,6123.6,5735.6,6210.3,6106.7,5725.4,4135.7,7804.0,5500.9,5684.4,4037.2,4372.0,824.8,2681.5,3221.2,3760.9,2800.9,3984.1,3543.6,3142.4,2524.3,3118.8,8412.7,3075.5,2544.1,2444.0,6083.4,6066.1,802.6,3306.1,1345.9,2599.7,3362.1,2628.3,5724.6,6162.3,3016.3,2547.2,2689.9,7293.1,2618.9,2863.1,2655.2,6228.9,8646.1,7097.6,8652.2,2649.5,9622.3,3437.1,6174.9,3110.5,3365.8,9038.9,873.3,3296.5,6707.2,3851.8,3308.7,3342.1,4024.9,6276.3,3680.8,6085.8,2087.5,4150.4,2456.7,4739.7,2476.8,2660.9,2498.8,5939.8,4941.0,6011.3,737.8,7101.9,3914.4,2740.2,2747.2,3345.3,2557.1,4086.3,893.0,5737.4,4244.8,3694.7,6121.5,6085.6,4268.7,7100.8,3336.4,3357.3,6679.4,5833.9,3280.3,7093.8,7131.9,3577.8,4177.7,4312.9,4341.4,2741.1,3200.0,2791.5
Bunnpris Nørve,1131.5,657.1,248.4,276.9,1445.5,238.1,622.9,2157.0,265.0,961.6,523.2,193.5,2750.3,10382.7,8888.1,3153.4,0.0,11837.3,2362.9,8687.0,244.8,3875.9,809.6,5172.5,1949.2,1668.1,5323.7,4712.7,1477.9,8786.3,5457.9,4632.4,34.0,1202.5,105.4,473.1,924.8,3143.3,213.2,690.6,2446.1,1000.2,4665.8,231.8,2739.8,6405.2,8727.1,663.3,8858.2,8809.2,1015.4,86.1,11713.5,5937.3,3838.4,8829.2,8725.6,3828.2,1060.9,9935.6,3603.7,3787.2,2140.0,1297.2,3897.4,4634.3,146.4,1863.7,5483.2,2481.3,468.8,41.8,739.0,247.6,11485.3,259.9,1041.3,1677.9,4580.6,8685.0,3875.2,231.3,4418.5,1833.6,287.3,685.6,3827.4,8781.2,431.3,651.5,4641.2,9912.0,5691.5,390.5,1889.1,8847.8,11718.7,5200.4,11724.8,5331.8,12241.2,362.3,8793.8,157.8,1468.6,12111.5,3945.9,221.7,4810.0,777.0,233.9,267.3,2127.7,8895.2,1783.6,4583.0,1053.0,1075.6,5529.3,7358.6,4920.2,1894.8,730.9,4437.0,3043.8,4114.1,3810.4,5204.7,3405.2,5422.5,510.9,270.5,668.1,1011.5,3965.6,3840.2,2347.6,1735.9,4618.7,8704.5,1193.9,5203.6,261.6,282.5,4782.2,3936.7,205.5,5196.6,5234.7,1680.6,3162.4,1238.1,1266.6,5423.4,125.2,487.0
Bunnpris Oldeide,10906.4,11032.2,11804.7,11833.2,13001.8,11794.4,12179.2,12535.7,11821.3,10945.9,12079.5,11749.8,13129.0,1501.4,3486.7,8757.1,11602.6,0.0,12741.6,6160.6,11801.1,8152.3,12365.9,12066.6,12327.9,11176.7,6390.8,7095.2,11856.6,3488.0,6551.4,9082.4,11597.3,11186.8,11668.7,12029.4,10909.1,8753.9,11524.7,11016.9,10836.2,12556.5,7008.2,11788.1,13118.5,5812.3,6200.7,11098.9,3519.1,3529.5,12571.7,11649.4,273.1,7310.9,14217.1,3545.1,6199.2,14206.9,12617.2,7896.5,12201.9,14165.9,12518.7,12853.5,8169.7,7015.4,11702.7,12242.4,6550.3,10846.4,12025.1,11623.9,11005.8,11600.3,404.6,11557.0,11025.6,11186.5,9030.6,6158.6,8151.6,11787.6,7523.8,11342.2,11843.6,11109.8,14206.1,3514.3,11497.8,11028.7,7023.8,7385.6,8796.8,11344.6,11397.7,3531.7,267.9,12094.5,301.9,6398.9,8364.3,11918.6,3548.6,11592.0,11847.3,688.6,8144.6,11778.0,15188.7,12333.3,11790.2,11823.6,12506.4,3519.1,12162.3,9033.0,10569.0,12631.9,8634.6,5611.1,6801.8,11403.4,10980.3,8987.6,13422.5,14492.8,8227.7,12098.8,8248.3,6533.6,11228.7,11826.8,11038.6,12567.8,8200.6,14218.9,12726.3,12176.2,9119.0,6178.1,12750.2,12097.7,11817.9,11838.8,15160.9,14315.4,11761.8,12090.7,12128.8,12059.3,8514.6,12794.4,12822.9,6490.5,11681.5,11273.0
Bunnpris Sjøholt,2258.0,1893.2,2540.3,2568.8,3737.4,2530.0,2914.8,1694.6,2556.9,2088.1,2815.1,2485.4,2287.9,11509.2,10014.6,4279.9,2338.2,12963.8,0.0,9249.1,2536.7,5002.4,3101.5,2870.1,1486.8,2794.6,6450.2,5839.2,1045.9,9912.8,6584.4,4517.7,2332.9,1764.4,2404.3,2687.4,2042.7,4269.8,2260.3,1829.2,2680.7,3292.1,5792.3,2523.7,2277.4,7531.7,9289.2,1834.5,9984.7,9935.7,3307.3,2385.0,12840.0,6170.5,1536.0,9955.7,9287.7,3365.8,3352.8,7633.2,1301.3,2295.7,1677.6,3589.1,5023.9,5760.8,2438.3,748.8,6609.7,2715.9,2760.7,2359.5,1828.0,2335.9,12611.8,2297.0,1888.6,2804.4,4503.8,9247.1,5001.7,2523.2,5545.0,2960.1,2579.2,1735.1,1525.0,9907.7,2290.8,1778.0,5767.7,8145.6,6818.0,2084.6,3015.6,9974.3,12845.2,2898.0,12851.3,6458.3,12803.3,2654.2,9920.3,2327.6,1036.6,13238.0,5072.4,2513.6,4347.6,2394.3,2525.8,2559.2,842.6,10021.7,892.7,4468.3,2179.5,1960.9,6655.8,7920.7,6046.7,3021.3,1829.3,4671.6,2581.4,1811.7,4936.9,2902.3,4531.7,6549.0,2023.2,2562.4,1794.6,3303.4,5092.1,1537.8,74.4,1335.1,4600.7,9266.6,3485.8,2901.2,2553.5,2574.4,4319.8,1634.3,2497.4,2894.2,2932.3,860.7,4288.9,3530.0,3558.5,6549.9,2417.1,2105.2
Bunnpris Stryn,7946.3,8072.1,8844.6,8873.1,10041.7,8834.3,9219.1,9425.3,8861.2,7985.8,9119.4,8789.7,10018.6,4660.5,2780.5,6056.6,8642.5,6162.5,9233.3,0.0,8841.0,5451.8,9405.8,7032.8,9217.5,8216.6,3443.5,4162.1,8746.2,2678.7,3368.8,4837.4,8637.2,7923.7,8708.6,9069.3,7949.0,6053.4,8564.6,8056.8,6591.2,9596.4,4053.1,8828.0,10008.1,2273.6,70.4,8138.8,2750.6,2701.6,9611.6,8689.3,6038.7,3065.9,10506.6,2721.6,57.9,11096.5,9657.1,1751.0,7956.9,11055.5,9408.3,9893.4,5469.2,4082.3,8742.6,8874.5,3367.7,6601.4,9065.0,8663.8,8045.7,8640.2,5810.5,8596.9,8047.9,8226.4,4785.6,28.3,5451.1,8827.5,5208.1,8382.1,8883.5,8149.7,10495.6,2730.3,8537.7,8068.6,4039.1,1240.1,6481.1,8384.5,8437.6,2740.2,6043.9,7060.7,6050.0,3430.8,3618.4,8958.5,2686.2,8631.9,8736.9,6436.7,5444.1,8817.9,12078.3,9373.2,8830.1,8863.5,8998.1,2787.6,9018.4,4788.0,7608.9,9671.8,6318.9,1366.1,3918.3,8443.3,8020.2,4742.6,10312.1,10514.8,5527.2,7065.0,5288.2,3384.5,8268.6,8866.7,8078.5,9607.7,5500.1,10508.4,9218.0,9065.8,4874.0,17.5,9790.1,7063.9,8857.8,8878.7,12050.5,10604.9,8801.7,7056.9,7095.0,8509.3,5554.5,9834.3,9862.8,3345.5,8721.4,8312.9
NEDRE STRANDGATE 9,1302.0,827.6,49.7,78.2,1492.7,45.3,395.7,2293.7,54.1,1132.1,296.0,70.9,2887.0,10553.2,9058.6,3323.9,253.2,12007.8,2533.4,8857.5,0.0,4046.4,856.8,5343.0,2085.9,1838.6,5494.2,4883.2,1648.4,8956.8,5628.4,4802.9,230.7,1373.0,283.2,520.3,1095.3,3313.8,391.7,861.1,2616.6,1047.4,4836.3,77.4,2876.5,6575.7,8897.6,833.8,9028.7,8979.7,1062.6,263.9,11884.0,6107.8,4008.9,8999.7,8896.1,3964.9,1108.1,10106.1,3774.2,3923.9,2276.7,1344.4,4067.9,4804.8,109.1,2034.2,5653.7,2651.8,241.6,274.5,909.5,467.3,11655.8,430.4,1211.8,1848.4,4751.1,8855.5,4045.7,27.7,4589.0,2004.1,60.1,856.1,3997.9,8951.7,601.8,822.0,4811.7,10082.5,5862.0,561.0,2059.6,9018.3,11889.2,5370.9,11895.3,5502.3,12411.7,135.1,8964.3,390.5,1639.1,12282.0,4116.4,88.4,4946.7,824.2,100.6,68.6,2298.2,9065.7,1954.1,4753.5,1223.5,1122.8,5699.8,7529.1,5090.7,2065.3,901.4,4607.5,3180.5,4284.6,3980.9,5375.2,3575.7,5593.0,681.4,59.6,838.6,1058.7,4136.1,4010.7,2518.1,1783.1,4789.2,8875.0,1241.1,5374.1,62.9,83.8,4918.9,4107.2,61.6,5367.1,5405.2,1851.1,3332.9,1285.3,1313.8,5593.9,151.1,657.5
Bunnpris Ulsteinvik,3200.8,3326.6,4099.1,4127.6,5296.2,4088.8,4473.6,4830.1,4115.7,3240.3,4373.9,4044.2,5423.4,6702.8,5661.9,802.9,3897.0,8157.4,5036.0,5460.8,4095.5,0.0,4660.3,7845.6,4622.3,3210.1,2034.1,2154.0,4151.0,5560.1,2168.3,6911.1,3891.7,3481.2,3963.1,4323.8,3203.5,799.7,3819.1,3311.3,4724.8,4850.9,2067.0,4082.5,5412.9,3179.0,5500.9,3393.3,5632.0,5583.0,4866.1,3943.8,8033.6,5516.3,6511.5,5603.0,5499.4,6501.3,4911.6,7196.7,6276.8,6460.3,4813.1,5147.9,83.4,2074.2,3997.1,4536.8,2193.6,4760.0,4319.5,3918.3,3300.2,3894.7,7805.4,3851.4,3320.0,3219.9,6859.3,5458.8,10.4,4082.0,738.6,3375.6,4138.0,3404.2,6500.5,5555.0,3792.2,3323.1,2082.6,6685.8,2011.6,3639.0,3431.1,5621.6,8038.8,7873.5,8044.9,2042.2,9015.0,4213.0,5567.6,3886.4,4141.7,8431.6,85.8,4072.4,7483.1,4627.7,4084.6,4118.0,4800.8,5669.0,4456.7,6861.7,2863.4,4926.3,1849.4,4132.4,1869.5,3436.8,3274.7,6715.7,5716.9,6787.2,231.9,7877.8,3307.1,2132.9,3523.1,4121.2,3333.0,4862.2,139.5,6513.3,5020.7,4470.6,6897.4,5478.3,5044.6,7876.7,4112.3,4133.2,7455.3,6609.8,4056.2,7869.7,7907.8,4353.7,3573.4,5088.8,5117.3,2133.8,3975.9,3567.4
Bunnpris Valderøy,1881.2,1406.8,860.4,888.9,1071.4,850.1,1234.9,2418.9,877.0,1711.3,1135.2,805.5,3012.2,11132.4,9637.8,3903.1,832.4,12587.0,3112.6,9436.7,856.8,4625.6,0.0,5922.2,2211.1,2417.8,6073.4,5462.4,2227.6,9536.0,6207.6,5382.1,809.9,1952.2,862.4,645.5,1674.5,3893.0,970.9,1440.3,3195.8,206.3,5415.5,843.8,3001.7,7154.9,9476.8,1413.0,9607.9,9558.9,641.3,843.1,12463.2,6687.0,4588.1,9578.9,9475.3,4090.1,686.8,10685.3,4353.4,4049.1,2401.9,869.5,4647.1,5384.0,758.4,2400.9,6232.9,3231.0,1080.8,853.7,1488.7,1046.5,12235.0,1009.6,1791.0,2427.6,5330.3,9434.7,4624.9,843.3,5168.2,2583.3,899.3,1435.3,4577.1,9530.9,1181.0,1401.2,5390.9,10661.7,6441.2,1140.2,2638.8,9597.5,12468.4,5950.1,12474.5,6081.5,12990.9,974.3,9543.5,969.7,2218.3,12861.2,4695.6,833.7,5071.9,949.4,845.9,879.3,2877.4,9644.9,2320.8,5332.7,1802.7,1248.0,6279.0,8108.3,5669.9,2644.5,1480.6,5186.7,3305.7,4863.8,4560.1,5954.4,4154.9,6172.2,1260.6,882.5,1417.8,583.8,4715.3,4589.9,3097.3,1908.3,5368.4,9454.2,766.2,5953.3,873.6,894.5,5044.1,4686.4,817.5,5946.3,5984.4,2430.3,3912.1,810.4,838.9,6173.1,724.7,1236.7
Bunnpris Valldal,5071.6,4706.8,5353.9,5382.4,6551.0,5343.6,5728.4,4508.2,5370.5,4901.7,5628.7,5299.0,5101.5,10563.1,8683.1,7093.5,5151.8,12065.1,2880.6,7139.5,5350.3,7816.0,5915.1,0.0,4300.4,5608.2,8252.6,8652.8,3859.5,8581.3,8177.9,3101.8,5146.5,4578.0,5217.9,5501.0,4856.3,7083.4,5073.9,4642.8,5190.3,6105.7,8605.9,5337.3,5091.0,7082.7,7191.1,4648.1,8653.2,8604.2,6120.9,5198.6,11941.3,4754.6,4135.8,8624.2,7153.6,6179.4,6166.4,5411.8,1586.1,4895.5,4491.2,6402.7,7837.5,8574.4,5251.9,3562.4,8176.8,5200.5,5574.3,5173.1,4641.6,5149.5,11713.1,5110.6,4702.2,5618.0,3087.9,7152.5,7815.3,5336.8,8358.6,5773.7,5392.8,4548.7,4124.8,8632.9,5104.4,4591.6,8581.3,5924.2,9631.6,4898.2,5829.2,8642.8,11946.5,66.2,11952.6,8239.9,10735.2,5467.8,8588.8,5141.2,3850.2,12339.3,7886.0,5327.2,7161.2,5207.9,5339.4,5372.8,3656.2,8690.2,3706.3,3052.4,4993.1,4774.5,9469.4,6504.8,8727.4,5834.9,4642.9,3304.8,5395.0,4144.0,7750.5,70.5,7345.3,8193.6,4836.8,5376.0,4608.2,6117.0,7905.7,4137.6,2888.0,4148.7,3184.8,7119.6,6299.4,69.4,5367.1,5388.0,7133.4,4234.1,5311.0,62.4,100.5,3674.3,7102.5,6343.6,6372.1,8154.6,5230.7,4918.8
Bunnpris Vatne,1843.5,1478.7,2093.3,2121.8,2856.2,2083.0,2467.8,279.3,2109.9,1673.6,2368.1,2038.4,885.3,11094.7,9600.1,3865.4,1923.7,12549.3,1494.0,9239.3,2089.7,4587.9,2220.3,4303.6,0.0,2380.1,6035.7,5424.7,619.0,9498.3,6169.9,4855.8,1918.4,1753.2,1989.8,1756.3,1636.8,3855.3,1845.8,1414.7,2669.5,2410.9,5377.8,2076.7,874.8,7117.2,9279.4,1420.0,9570.2,9521.2,2426.1,1970.5,12425.5,6160.7,2707.0,9541.2,9277.9,1963.2,2471.6,9066.7,2734.8,1909.5,262.3,2707.9,4609.4,5346.3,1991.3,757.1,6195.2,2704.7,2313.7,1945.0,1413.5,1921.4,12197.3,1882.5,1753.3,2389.9,4804.0,9237.3,4587.2,2076.2,5130.5,2545.6,2132.2,1320.6,2696.0,9493.2,1876.3,1363.5,5353.2,9579.1,6403.5,1670.1,2601.1,9559.8,12430.7,4331.5,12436.8,6043.8,12793.5,2207.2,9505.8,1913.1,609.7,12823.5,4657.9,2066.6,2945.0,1463.2,2078.8,2112.2,1258.8,9607.2,677.0,4806.4,1765.0,1029.8,6241.3,7910.9,5632.2,2606.8,1414.8,4660.4,1178.8,3245.2,4522.4,4335.8,4117.2,6134.5,1608.7,2115.4,1380.1,2422.2,4677.6,2708.8,1478.7,404.0,4842.1,9256.8,2604.6,4334.7,2106.5,2127.4,2917.2,2727.5,2050.4,4327.7,4365.8,849.5,3874.4,2648.8,2677.3,6135.4,1957.6,1690.7
Bunnpris Vedde,961.6,1087.4,1859.9,1888.4,3057.0,1849.6,2234.4,2590.9,1876.5,1001.1,2134.7,1805.0,3184.2,9674.8,8440.1,2445.5,1657.8,11129.4,2796.8,8239.0,1856.3,3168.0,2421.1,5606.4,2383.1,0.0,4875.7,4264.7,1911.8,8338.3,5009.9,4671.9,1652.5,1242.0,1723.9,2084.6,964.3,2435.4,1579.9,1072.1,2485.6,2611.7,4217.8,1843.3,3173.7,5957.2,8279.1,1154.1,8410.2,8361.2,2626.9,1704.6,11005.6,5976.8,4272.3,8381.2,8277.6,4262.1,2672.4,9974.9,4037.6,4221.1,2573.9,2908.7,3189.5,4186.3,1757.9,2297.6,5035.2,2520.8,2080.3,1679.1,1061.0,1655.5,10777.4,1612.2,1080.8,9.8,4620.1,8237.0,3167.3,1842.8,3710.6,188.5,1898.8,1165.0,4261.3,8333.2,1553.0,1083.9,4193.2,9464.0,4983.6,1399.8,244.0,8399.8,11010.8,5634.3,11016.9,4883.8,11793.2,1973.8,8345.8,1647.2,1902.5,11403.6,3238.0,1833.2,5243.9,2388.5,1845.4,1878.8,2561.6,8447.2,2217.5,4622.5,624.2,2687.1,4821.4,6910.6,4472.2,249.7,1035.5,4476.5,3477.7,4548.0,3102.5,5638.6,2957.2,4974.5,1283.9,1882.0,1093.8,2623.0,3257.7,4274.1,2781.5,2231.4,4658.2,8256.5,2805.4,5637.5,1873.1,1894.0,5216.1,4370.6,1817.0,5630.5,5668.6,2114.5,2714.4,2849.6,2878.1,4975.4,1736.7,1328.2
Bunnpris Volda,4596.8,4722.6,5495.1,5523.6,6692.2,5484.8,5869.6,6226.1,5511.7,4636.3,5769.9,5440.2,6819.4,5472.4,3649.1,2630.5,5293.0,6974.4,6432.0,3448.0,5491.5,2025.7,6056.3,8259.2,6018.3,4867.1,0.0,785.6,5547.0,3547.3,181.9,5275.0,5287.7,4877.2,5359.1,5719.8,4599.5,2627.3,5215.1,4707.3,4930.8,6246.9,698.6,5478.5,6808.9,1166.2,3488.1,4789.3,3619.2,3570.2,6262.1,5339.8,6850.6,3503.5,7907.5,3590.2,3486.6,7897.3,6307.6,5183.9,7672.8,7856.3,6209.1,6543.9,2043.1,705.8,5393.1,5932.8,180.8,4941.0,5715.5,5314.3,4696.2,5290.7,6622.4,5247.4,4716.0,4876.9,5223.2,3446.0,2025.0,5478.0,1782.0,5032.6,5534.0,4800.2,7896.5,3542.2,5188.2,4719.1,714.2,4673.0,3055.0,5035.0,5088.1,3608.8,6855.8,8287.1,6861.9,12.7,7002.2,5609.0,3554.8,5282.4,5537.7,7248.6,2018.0,5468.4,8879.1,6023.7,5480.6,5514.0,6196.8,3656.2,5852.7,5225.6,4259.4,6322.3,2892.8,2119.6,492.2,5093.8,4670.7,5180.2,7112.9,8183.2,2101.1,8291.4,1938.7,159.3,4919.1,5517.2,4729.0,6258.2,2074.0,7909.3,6416.7,5866.6,5311.6,3465.5,6440.6,8290.3,5508.3,5529.2,8851.3,8005.8,5452.2,8283.3,8321.4,5749.7,2205.0,6484.8,6513.3,121.0,5371.9,4963.4
Bunnpris Ørsta,3996.1,4121.9,4894.4,4922.9,6091.5,4884.1,5268.9,5625.4,4911.0,4035.6,5169.2,4839.5,6218.7,6198.5,4375.2,2742.9,4692.3,7700.5,5831.3,4174.1,4890.8,2138.1,5455.6,8640.9,5417.6,4266.4,789.9,0.0,4946.3,4273.4,924.1,6001.1,4687.0,4276.5,4758.4,5119.1,3998.8,2739.7,4614.4,4106.6,4330.1,5646.2,132.0,4877.8,6208.2,1892.3,4214.2,4188.6,4345.3,4296.3,5661.4,4739.1,7576.7,4229.6,7306.8,4316.3,4212.7,7296.6,5706.9,5910.0,7072.1,7255.6,5608.4,5943.2,2155.5,123.6,4792.4,5332.1,949.4,4340.3,5114.8,4713.6,4095.5,4690.0,7348.5,4646.7,4115.3,4276.2,5949.3,4172.1,2137.4,4877.3,1894.4,4431.9,4933.3,4199.5,7295.8,4268.3,4587.5,4118.4,132.0,5399.1,3167.4,4434.3,4487.4,4334.9,7581.9,8668.8,7588.0,798.0,7728.3,5008.3,4280.9,4681.7,4937.0,7974.7,2130.4,4867.7,8278.4,5423.0,4879.9,4913.3,5596.1,4382.3,5252.0,5951.7,3658.7,5721.6,3005.2,2845.7,386.4,4493.1,4070.0,5906.3,6512.2,7582.5,2213.5,8673.1,1338.0,888.7,4318.4,4916.5,4128.3,5657.5,2186.4,7308.6,5816.0,5265.9,6037.7,4191.6,5839.9,8672.0,4907.6,4928.5,8250.6,7405.1,4851.5,8665.0,8703.1,5149.0,1604.3,5884.1,5912.6,889.6,4771.2,4362.7
"Digernessundet, 6057 Ellingsøy",1363.4,998.6,1645.7,1674.2,2842.8,1635.4,2020.2,813.0,1662.3,1193.5,1920.5,1590.8,1406.3,10614.6,9120.0,3385.3,1443.6,12069.2,1051.7,8759.2,1642.1,4107.8,2206.9,3861.3,605.2,1900.0,5555.6,4944.6,0.0,9018.2,5689.8,4375.7,1438.3,1273.1,1509.7,1805.8,1156.7,3375.2,1365.7,934.6,2189.4,2397.5,4897.7,1629.1,1395.8,6637.1,8799.3,939.9,9090.1,9041.1,2412.7,1490.4,11945.4,5680.6,2527.2,9061.1,8797.8,2484.2,2458.2,8624.4,2292.5,2443.2,796.0,2694.5,4129.3,4866.2,1543.7,519.7,5715.1,2224.6,1866.1,1464.9,933.4,1441.3,11717.2,1402.4,1273.2,1909.8,4323.9,8757.2,4107.1,1628.6,4650.4,2065.5,1684.6,840.5,2516.2,9013.1,1396.2,883.4,4873.1,9136.8,5923.4,1190.0,2121.0,9079.7,11950.6,3889.2,11956.7,5563.7,12313.4,1759.6,9025.7,1433.0,59.5,12343.4,4177.8,1619.0,3466.0,1512.7,1631.2,1664.6,816.5,9127.1,439.6,4326.3,1284.9,1079.3,5761.2,7430.8,5152.1,2126.7,934.7,4180.3,1699.8,2802.9,4042.3,3893.5,3637.1,5654.4,1128.6,1667.8,900.0,2408.8,4197.5,2529.0,1036.4,453.5,4362.0,8776.7,2591.2,3892.4,1658.9,1679.8,3438.2,2625.5,1602.8,3885.4,3923.5,369.4,3394.3,2635.4,2663.9,5655.3,1522.5,1210.6
"Eidsgata 12, 6770 Nordfjordeid",7505.0,7630.8,8403.3,8431.8,9600.4,8393.0,8777.8,9134.3,8419.9,7544.5,8678.1,8348.4,9727.6,1990.0,118.1,5538.7,8201.2,3492.0,9340.2,2683.6,8399.7,4933.9,8964.5,8589.6,8926.5,7775.3,2989.4,3693.8,8455.2,0.0,3150.0,5605.4,8195.9,7785.4,8267.3,8628.0,7507.7,5535.5,8123.3,7615.5,7359.2,9155.1,3606.8,8386.7,9717.1,2394.1,2723.7,7697.5,90.5,41.5,9170.3,8248.0,3368.2,3833.9,10815.7,61.5,2722.2,10805.5,9215.8,4419.5,8724.9,10764.5,9117.3,9452.1,4951.3,3614.0,8301.3,8841.0,3148.9,7369.4,8623.7,8222.5,7604.4,8198.9,3140.0,8155.6,7624.2,7785.1,5553.6,2681.6,4933.2,8386.2,4690.2,7940.8,8442.2,7708.4,10804.7,142.3,8096.4,7627.3,3622.4,3908.6,5963.2,7943.2,7996.3,68.9,3373.4,8617.5,3379.5,2997.5,4876.3,8517.2,60.6,8190.6,8445.9,3766.2,4926.2,8376.6,11787.3,8931.9,8388.8,8422.2,9105.0,117.9,8760.9,5556.0,7167.6,9230.5,5801.0,2134.1,3400.4,8002.0,7578.9,5510.6,10021.1,11091.4,5009.3,8621.8,4846.9,3132.2,7827.3,8425.4,7637.2,9166.4,4982.2,10817.5,9324.9,8774.8,5642.0,2701.1,9348.8,8620.7,8416.5,8437.4,11759.5,10914.0,8360.4,8613.7,8651.8,8657.9,5113.2,9393.0,9421.5,3089.1,8280.1,7871.6
"Volda, 6100 Volda",4732.8,4858.6,5631.1,5659.6,6828.2,5620.8,6005.6,6362.1,5647.7,4772.3,5905.9,5576.2,6955.4,5399.2,3575.9,2766.5,5429.0,6901.2,6568.0,3374.8,5627.5,2161.7,6192.3,8186.0,6154.3,5003.1,176.6,921.6,5683.0,3474.1,0.0,5201.8,5423.7,5013.2,5495.1,5855.8,4735.5,2763.3,5351.1,4843.3,5066.8,6382.9,834.6,5614.5,6944.9,1093.0,3414.9,4925.3,3546.0,3497.0,6398.1,5475.8,6777.4,3430.3,8043.5,3517.0,3413.4,8033.3,6443.6,5110.7,7808.8,7992.3,6345.1,6679.9,2179.1,841.8,5529.1,6068.8,107.6,5077.0,5851.5,5450.3,4832.2,5426.7,6549.2,5383.4,4852.0,5012.9,5150.0,3372.8,2161.0,5614.0,1918.0,5168.6,5670.0,4936.2,8032.5,3469.0,5324.2,4855.1,850.2,4599.8,3191.0,5171.0,5224.1,3535.6,6782.6,8213.9,6788.7,163.9,6929.0,5745.0,3481.6,5418.4,5673.7,7175.4,2154.0,5604.4,9015.1,6159.7,5616.6,5650.0,6332.8,3583.0,5988.7,5152.4,4395.4,6458.3,3028.8,2046.4,628.2,5229.8,4806.7,5107.0,7248.9,8319.2,2237.1,8218.2,2074.7,86.2,5055.1,5653.2,4865.0,6394.2,2210.0,8045.3,6552.7,6002.6,5238.4,3392.3,6576.6,8217.1,5644.3,5665.2,8987.3,8141.8,5588.2,8210.1,8248.2,5885.7,2341.0,6620.8,6649.3,78.6,5507.9,5099.4
"Dregesvegen 2, 6200 Stranda",4137.0,4032.3,4804.8,4833.3,6001.9,4794.5,5179.3,5038.8,4821.4,3893.5,5079.6,4749.9,5632.1,7577.5,5697.5,6158.9,4602.7,9079.5,4520.4,4847.6,4801.2,6881.4,5366.0,3090.6,4831.0,4673.6,5267.0,5985.6,4359.7,5595.7,5192.3,0.0,4597.4,3537.2,4668.8,5029.5,3815.5,6148.8,4524.8,4017.0,2204.7,5556.6,5876.6,4788.2,5621.6,4097.1,4887.7,4099.0,5667.6,5618.6,5571.8,4649.5,8955.7,1769.0,5775.6,5638.6,4886.2,6710.0,5617.3,6583.5,3225.9,6535.3,5021.8,5853.6,6902.9,5905.8,4702.8,4488.0,5191.2,2214.9,5025.2,4624.0,4005.9,4600.4,8727.5,4557.1,3661.4,4683.4,102.3,4845.6,6880.7,4787.7,7031.6,4839.1,4843.7,4109.9,5764.6,5647.3,4497.9,4028.8,5862.6,6072.6,8304.6,4344.7,4894.6,5657.2,8960.9,3118.5,8967.0,5254.3,8401.8,4918.7,5603.2,4592.1,4350.4,9353.7,6951.4,4778.1,7691.8,5333.4,4790.3,4823.7,4611.6,5704.6,4631.9,49.4,4058.5,5305.1,8142.4,3519.2,5741.8,4900.3,3980.4,319.2,5925.6,5783.8,6815.9,3122.8,5035.9,5208.0,4228.8,4826.9,4038.7,5567.9,6971.1,5777.4,4527.8,4679.3,183.4,4865.1,5750.3,3121.7,4818.0,4838.9,7664.0,5873.9,4761.9,3114.7,3152.8,4122.8,4793.1,5794.5,5823.0,5169.0,4681.6,4273.1
"Ålesund, 6008 Ålesund",1106.0,631.6,240.6,269.1,1437.7,230.3,615.1,2131.5,257.2,936.1,515.4,185.7,2724.8,10357.2,8862.6,3127.9,33.1,11811.8,2337.4,8661.5,237.0,3850.4,801.8,5147.0,1923.7,1642.6,5298.2,4687.2,1452.4,8760.8,5432.4,4606.9,0.0,1177.0,79.9,465.3,899.3,3117.8,195.7,665.1,2420.6,992.4,4640.3,224.0,2714.3,6379.7,8701.6,637.8,8832.7,8783.7,1007.6,60.6,11688.0,5911.8,3812.9,8803.7,8700.1,3802.7,1053.1,9910.1,3578.2,3761.7,2114.5,1289.4,3871.9,4608.8,138.6,1838.2,5457.7,2455.8,461.0,54.4,713.5,260.2,11459.8,234.4,1015.8,1652.4,4555.1,8659.5,3849.7,223.5,4393.0,1808.1,279.5,660.1,3801.9,8755.7,405.8,626.0,4615.7,9886.5,5666.0,365.0,1863.6,8822.3,11693.2,5174.9,11699.3,5306.3,12215.7,354.5,8768.3,170.4,1443.1,12086.0,3920.4,213.9,4784.5,769.2,226.1,259.5,2102.2,8869.7,1758.1,4557.5,1027.5,1067.8,5503.8,7333.1,4894.7,1869.3,705.4,4411.5,3018.3,4088.6,3784.9,5179.2,3379.7,5397.0,485.4,262.7,642.6,1003.7,3940.1,3814.7,2322.1,1728.1,4593.2,8679.0,1186.1,5178.1,253.8,274.7,4756.7,3911.2,197.7,5171.1,5209.2,1655.1,3136.9,1230.3,1258.8,5397.9,117.4,461.5
Ebbegarden barnehage,706.5,601.8,1374.3,1402.8,2571.4,1364.0,1748.8,1954.2,1390.9,463.0,1649.1,1319.4,2547.5,9957.7,8463.1,2728.4,1172.2,11412.3,1762.2,7926.7,1370.7,3450.9,1935.5,4571.8,1746.4,1243.1,4898.7,4287.7,1275.1,8361.3,5032.9,3543.2,1166.9,0.0,1238.3,1599.0,385.0,2718.3,1094.3,586.5,1356.9,2126.1,4240.8,1357.7,2537.0,5980.2,7966.8,668.5,8433.2,8384.2,2141.3,1219.0,11288.5,4848.1,3237.7,8404.2,7965.3,3625.4,2186.8,9334.9,3003.0,3584.4,1937.2,2423.1,3472.4,4209.3,1272.3,1403.4,5058.2,1392.1,1594.7,1193.5,575.4,1169.9,11060.3,1126.6,230.9,1252.9,3491.4,7924.7,3450.2,1357.2,3993.5,1408.6,1413.2,679.4,3226.7,8356.2,1067.4,598.3,4216.2,9151.7,5266.5,914.2,1464.1,8422.8,11293.7,4599.7,11299.8,4906.8,11480.9,1488.2,8368.8,1161.6,1265.8,11686.5,3520.9,1347.6,4607.2,1902.9,1359.8,1393.2,1527.0,8470.2,1547.3,3493.8,628.0,2201.5,5104.3,6598.3,4495.2,1469.8,549.9,3347.8,2841.0,3513.4,3385.4,4604.0,2980.2,4997.5,798.3,1396.4,608.2,2137.4,3540.6,3239.5,1746.9,1594.7,3529.5,7944.2,2319.8,4602.9,1387.5,1408.4,4579.4,3336.0,1331.4,4595.9,4634.0,1038.2,2737.4,2364.0,2392.5,4998.4,1251.1,842.6
"Eidet, 6008 Ålesund",1158.0,683.6,314.9,343.4,1512.0,304.6,689.4,2183.5,331.5,988.1,589.7,260.0,2776.8,10409.2,8914.6,3179.9,107.4,11863.8,2389.4,8713.5,311.3,3902.4,876.1,5199.0,1975.7,1694.6,5350.2,4739.2,1504.4,8812.8,5484.4,4658.9,84.9,1229.0,0.0,539.6,951.3,3169.8,247.7,717.1,2472.6,1066.7,4692.3,298.3,2766.3,6431.7,8753.6,689.8,8884.7,8835.7,1081.9,94.9,11740.0,5963.8,3864.9,8855.7,8752.1,3854.7,1127.4,9962.1,3630.2,3813.7,2166.5,1363.7,3923.9,4660.8,212.9,1890.2,5509.7,2507.8,535.3,128.7,765.5,323.3,11511.8,286.4,1067.8,1704.4,4607.1,8711.5,3901.7,297.8,4445.0,1860.1,353.8,712.1,3853.9,8807.7,457.8,678.0,4667.7,9938.5,5718.0,417.0,1915.6,8874.3,11745.2,5226.9,11751.3,5358.3,12267.7,428.8,8820.3,244.7,1495.1,12138.0,3972.4,288.2,4836.5,843.5,300.4,333.8,2154.2,8921.7,1810.1,4609.5,1079.5,1142.1,5555.8,7385.1,4946.7,1921.3,757.4,4463.5,3070.3,4140.6,3836.9,5231.2,3431.7,5449.0,537.4,337.0,694.6,1078.0,3992.1,3866.7,2374.1,1802.4,4645.2,8731.0,1260.4,5230.1,328.1,349.0,4808.7,3963.2,272.0,5223.1,5261.2,1707.1,3188.9,1304.6,1333.1,5449.9,191.7,513.5
Ellingsøy barnehage,1541.4,1067.0,520.6,549.1,1283.5,510.3,895.1,1962.2,537.2,1371.5,795.4,465.7,2555.5,10792.6,9298.0,3563.3,492.6,12247.2,2681.1,9096.9,517.0,4285.8,647.6,5490.7,1754.4,2078.0,5733.6,5122.6,1806.1,9196.2,5867.8,5042.3,470.1,1612.4,522.6,0.0,1334.7,3553.2,631.1,1100.5,2856.0,838.2,5075.7,504.0,2545.0,6815.1,9137.0,1073.2,9268.1,9219.1,853.4,503.3,12123.4,6347.2,4156.6,9239.1,9135.5,3633.4,898.9,10253.8,3921.9,3592.4,1945.2,1135.2,4307.3,5044.2,418.6,1944.2,5893.1,2891.2,741.0,513.9,1148.9,706.7,11895.2,669.8,1451.2,2087.8,4990.5,9094.9,4285.1,503.5,4828.4,2243.5,559.5,1095.5,4145.6,9191.1,841.2,1061.4,5051.1,10321.9,6101.4,800.4,2299.0,9257.7,12128.6,5518.6,12134.7,5741.7,12651.1,634.5,9203.7,629.9,1796.8,12521.4,4355.8,493.9,4615.2,492.7,506.1,539.5,2445.9,9305.1,1864.1,4992.9,1462.9,791.3,5939.2,7768.5,5330.1,2304.7,1140.8,4846.9,2849.0,4432.3,4220.3,5522.9,3815.1,5832.4,920.8,542.7,1078.0,849.5,4375.5,4158.4,2665.8,1451.6,5028.6,9114.4,1031.9,5521.8,533.8,554.7,4587.4,4254.9,477.7,5514.8,5552.9,2036.6,3572.3,1076.1,1104.6,5833.3,384.9,896.9
Gamle Blindheimsveg 25,437.4,332.7,1105.2,1133.7,2302.3,1094.9,1479.7,1836.2,1121.8,96.1,1380.0,1050.3,2429.5,9688.6,8194.0,2459.3,903.1,11143.2,2042.1,7992.9,1101.6,3181.8,1666.4,4851.7,1628.4,974.0,4629.6,4018.6,1157.1,8092.2,4763.8,3826.8,897.8,396.9,969.2,1329.9,0.0,2449.2,825.2,317.4,1640.5,1857.0,3971.7,1088.6,2419.0,5711.1,8033.0,399.4,8164.1,8115.1,1872.2,949.9,11019.4,5131.7,3517.6,8135.1,8031.5,3507.4,1917.7,9614.8,3282.9,3466.4,1819.2,2154.0,3203.3,3940.2,1003.2,1542.9,4789.1,1675.7,1325.6,924.4,306.3,900.8,10791.2,857.5,235.7,983.8,3775.0,7990.9,3181.1,1088.1,3724.4,1139.5,1144.1,410.3,3506.6,8087.1,798.3,329.2,3947.1,9217.9,4997.4,645.1,1195.0,8153.7,11024.6,4879.6,11030.7,4637.7,11547.1,1219.1,8099.7,892.5,1147.8,11417.4,3251.8,1078.5,4489.2,1633.8,1090.7,1124.1,1806.9,8201.1,1462.8,3777.4,358.9,1932.4,4835.2,6664.5,4226.1,1200.7,280.8,3631.4,2723.0,3793.3,3116.3,4883.9,2711.1,4728.4,529.2,1127.3,339.1,1868.3,3271.5,3519.4,2026.8,1476.7,3813.1,8010.4,2050.7,4882.8,1118.4,1139.3,4461.4,3615.9,1062.3,4875.8,4913.9,1321.8,2468.3,2094.9,2123.4,4729.3,982.0,573.5
Eurospar Hareid,2465.7,2591.5,3364.0,3392.5,4561.1,3353.7,3738.5,4095.0,3380.6,2505.2,3638.8,3309.1,4688.3,7297.1,6256.2,67.8,3161.9,8751.7,4300.9,6055.1,3360.4,790.3,3925.2,7110.5,3887.2,2475.0,2628.4,2748.3,3415.9,6154.4,2762.6,6176.0,3156.6,2746.1,3228.0,3588.7,2468.4,0.0,3084.0,2576.2,3989.7,4115.8,2661.3,3347.4,4677.8,3773.3,6095.2,2658.2,6226.3,6177.3,4131.0,3208.7,8627.9,6110.6,5776.4,6197.3,6093.7,5766.2,4176.5,7791.0,5541.7,5725.2,4078.0,4412.8,811.8,2668.5,3262.0,3801.7,2787.9,4024.9,3584.4,3183.2,2565.1,3159.6,8399.7,3116.3,2584.9,2484.8,6124.2,6053.1,789.6,3346.9,1332.9,2640.5,3402.9,2669.1,5765.4,6149.3,3057.1,2588.0,2676.9,7280.1,2605.9,2903.9,2696.0,6215.9,8633.1,7138.4,8639.2,2636.5,9609.3,3477.9,6161.9,3151.3,3406.6,9025.9,860.3,3337.3,6748.0,3892.6,3349.5,3382.9,4065.7,6263.3,3721.6,6126.6,2128.3,4191.2,2443.7,4726.7,2463.8,2701.7,2539.6,5980.6,4981.8,6052.1,724.8,7142.7,3901.4,2727.2,2788.0,3386.1,2597.9,4127.1,880.0,5778.2,4285.6,3735.5,6162.3,6072.6,4309.5,7141.6,3377.2,3398.1,6720.2,5874.7,3321.1,7134.6,7172.7,3618.6,4167.7,4353.7,4382.2,2728.1,3240.8,2832.3
LARSGÅRDSVEGEN 19,1037.2,562.8,380.7,409.2,1577.8,370.4,755.2,2062.7,397.3,867.3,655.5,325.8,2656.0,10288.4,8793.8,3059.1,178.6,11743.0,2268.6,8592.7,377.1,3781.6,941.9,5078.2,1854.9,1573.8,5229.4,4618.4,1383.6,8692.0,5363.6,4538.1,173.3,1108.2,244.7,605.4,830.5,3049.0,0.0,596.3,2351.8,1132.5,4571.5,364.1,2645.5,6310.9,8632.8,569.0,8763.9,8714.9,1147.7,225.4,11619.2,5843.0,3744.1,8734.9,8631.3,3733.9,1193.2,9841.3,3509.4,3692.9,2045.7,1429.5,3803.1,4540.0,278.7,1769.4,5388.9,2387.0,601.1,198.8,644.7,158.1,11391.0,135.6,947.0,1583.6,4486.3,8590.7,3780.9,363.6,4324.2,1739.3,419.6,591.3,3733.1,8686.9,307.0,557.2,4546.9,9817.7,5597.2,296.2,1794.8,8753.5,11624.4,5106.1,11630.5,5237.5,12146.9,494.6,8699.5,141.0,1374.3,12017.2,3851.6,354.0,4715.7,909.3,366.2,399.6,2033.4,8800.9,1689.3,4488.7,958.7,1207.9,5435.0,7264.3,4825.9,1800.5,636.6,4342.7,2949.5,4019.8,3716.1,5110.4,3310.9,5328.2,416.6,402.8,573.8,1143.8,3871.3,3745.9,2253.3,1703.2,4524.4,8610.2,1326.2,5109.3,393.9,414.8,4687.9,3842.4,337.8,5102.3,5140.4,1586.3,3068.1,1370.4,1398.9,5329.1,257.5,392.7
Eurospar Moa,519.5,127.5,891.3,919.8,2088.4,881.0,1265.8,1623.5,907.9,349.6,1166.1,836.4,2216.8,9770.7,8276.1,2541.4,689.2,11225.3,1829.4,8075.0,887.7,3263.9,1452.5,4639.0,1415.7,1056.1,4711.7,4100.7,944.4,8174.3,4845.9,4020.4,683.9,590.5,755.3,1116.0,312.8,2531.3,611.3,0.0,1834.1,1643.1,4053.8,874.7,2206.3,5793.2,8115.1,186.7,8246.2,8197.2,1658.3,736.0,11101.5,5325.3,3304.9,8217.2,8113.6,3294.7,1703.8,9402.1,3070.2,3253.7,1606.5,1940.1,3285.4,4022.3,789.3,1330.2,4871.2,1869.3,1111.7,710.5,134.5,686.9,10873.3,595.3,429.3,1065.9,3968.6,8073.0,3263.2,874.2,3806.5,1221.6,930.2,185.4,3293.9,8169.2,536.1,82.5,4029.2,9300.0,5079.5,382.9,1277.1,8235.8,11106.7,4666.9,11112.8,4719.8,11629.2,1005.2,8181.8,678.6,935.1,11499.5,3333.9,864.6,4276.5,1419.9,876.8,910.2,1594.2,8283.2,1250.1,3971.0,441.0,1718.5,4917.3,6746.6,4308.2,1282.8,118.9,3825.0,2510.3,3580.6,3198.4,4671.2,2793.2,4810.5,268.5,913.4,92.4,1654.4,3353.6,3306.7,1814.1,1264.0,4006.7,8092.5,1836.8,4670.1,904.5,925.4,4248.7,3403.2,848.4,4663.1,4701.2,1147.1,2550.4,1881.0,1909.5,4811.4,768.1,350.5
Eurospar Sykkylven,1962.9,1858.2,2630.7,2659.2,3827.8,2620.4,3005.2,2864.7,2647.3,1719.4,2905.5,2575.8,3458.0,9336.8,7456.8,3984.8,2428.6,10838.8,2672.7,6606.9,2627.1,4707.3,3191.9,5207.6,2656.9,2499.5,4933.9,4322.9,2185.6,7355.0,5068.1,2223.4,2423.3,1363.1,2494.7,2855.4,1641.4,3974.7,2350.7,1842.9,0.0,3382.5,4276.0,2614.1,3447.5,5856.4,6647.0,1924.9,7426.9,7377.9,3397.7,2475.4,10715.0,3528.3,4148.2,7397.9,6645.5,4535.9,3443.2,8342.8,3913.5,4494.9,2847.7,3679.5,4728.8,4244.5,2528.7,2313.9,5093.4,35.2,2851.1,2449.9,1831.8,2426.3,10486.8,2383.0,1487.3,2509.3,2171.6,6604.9,4706.6,2613.6,5249.9,2665.0,2669.6,1935.8,4137.2,7406.6,2323.8,1854.7,4251.4,7831.9,6522.9,2170.6,2720.5,7416.5,10720.2,5235.5,10726.3,4942.0,10161.1,2744.6,7362.5,2418.0,2176.3,11113.0,4777.3,2604.0,5517.7,3159.3,2616.2,2649.6,2437.5,7463.9,2457.8,2174.0,1884.4,3131.0,6360.7,5278.5,4530.4,2726.2,1806.3,2028.0,3751.5,4423.9,4641.8,5239.8,3015.4,5032.7,2054.7,2652.8,1864.6,3393.8,4797.0,4150.0,2657.4,2505.2,2209.7,6624.4,3576.2,5238.7,2643.9,2664.8,5489.9,4246.5,2587.8,5231.7,5269.8,1948.7,2772.6,3620.4,3648.9,5033.6,2507.5,2099.0
Eurospar Valderøy,2070.0,1595.6,1049.2,1077.7,1260.2,1038.9,1423.7,2607.7,1065.8,1900.1,1324.0,994.3,3201.0,11321.2,9826.6,4091.9,1021.2,12775.8,3301.4,9625.5,1045.6,4814.4,204.1,6111.0,2399.9,2606.6,6262.2,5651.2,2416.4,9724.8,6396.4,5570.9,998.7,2141.0,1051.2,834.3,1863.3,4081.8,1159.7,1629.1,3384.6,0.0,5604.3,1032.6,3190.5,7343.7,9665.6,1601.8,9796.7,9747.7,830.1,1031.9,12652.0,6875.8,4776.9,9767.7,9664.1,4278.9,875.6,10874.1,4542.2,4237.9,2590.7,820.4,4835.9,5572.8,947.2,2589.7,6421.7,3419.8,1269.6,1042.5,1677.5,1235.3,12423.8,1198.4,1979.8,2616.4,5519.1,9623.5,4813.7,1032.1,5357.0,2772.1,1088.1,1624.1,4765.9,9719.7,1369.8,1590.0,5579.7,10850.5,6630.0,1329.0,2827.6,9786.3,12657.2,6138.9,12663.3,6270.3,13179.7,1163.1,9732.3,1158.5,2407.1,13050.0,4884.4,1022.5,5260.7,1138.2,1034.7,1068.1,3066.2,9833.7,2509.6,5521.5,1991.5,1436.8,6467.8,8297.1,5858.7,2833.3,1669.4,5375.5,3494.5,5052.6,4748.9,6143.2,4343.7,6361.0,1449.4,1071.3,1606.6,534.7,4904.1,4778.7,3286.1,2097.1,5557.2,9643.0,717.1,6142.1,1062.4,1083.3,5232.9,4875.2,1006.3,6135.1,6173.2,2619.1,4100.9,761.3,789.8,6361.9,913.5,1425.5
Eurospar Ørsta,3942.9,4068.7,4841.2,4869.7,6038.3,4830.9,5215.7,5572.2,4857.8,3982.4,5116.0,4786.3,6165.5,6084.4,4261.1,2655.5,4639.1,7586.4,5778.1,4060.0,4837.6,2050.7,5402.4,8587.7,5364.4,4213.2,702.5,131.7,4893.1,4159.3,836.7,5887.0,4633.8,4223.3,4705.2,5065.9,3945.6,2652.3,4561.2,4053.4,4276.9,5593.0,0.0,4824.6,6155.0,1778.2,4100.1,4135.4,4231.2,4182.2,5608.2,4685.9,7462.6,4115.5,7253.6,4202.2,4098.6,7243.4,5653.7,5795.9,7018.9,7202.4,5555.2,5890.0,2068.1,51.9,4739.2,5278.9,862.0,4287.1,5061.6,4660.4,4042.3,4636.8,7234.4,4593.5,4062.1,4223.0,5835.2,4058.0,2050.0,4824.1,1807.0,4378.7,4880.1,4146.3,7242.6,4154.2,4534.3,4065.2,60.3,5285.0,3080.0,4381.1,4434.2,4220.8,7467.8,8615.6,7473.9,710.6,7614.2,4955.1,4166.8,4628.5,4883.8,7860.6,2043.0,4814.5,8225.2,5369.8,4826.7,4860.1,5542.9,4268.2,5198.8,5837.6,3605.5,5668.4,2917.8,2731.6,299.0,4439.9,4016.8,5792.2,6459.0,7529.3,2126.1,8619.9,1284.8,801.3,4265.2,4863.3,4075.1,5604.3,2099.0,7255.4,5762.8,5212.7,5923.6,4077.5,5786.7,8618.8,4854.4,4875.3,8197.4,7351.9,4798.3,8611.8,8649.9,5095.8,1551.1,5830.9,5859.4,802.2,4718.0,4309.5
Rasmus Rønnebergs gate 21,1298.8,824.4,80.7,109.2,1489.5,70.4,455.2,2290.5,97.3,1128.9,355.5,55.8,2883.8,10550.0,9055.4,3320.7,250.0,12004.6,2530.2,8854.3,77.1,4043.2,853.6,5339.8,2082.7,1835.4,5491.0,4880.0,1645.2,8953.6,5625.2,4799.7,227.5,1369.8,280.0,517.1,1092.1,3310.6,388.5,857.9,2613.4,1044.2,4833.1,0.0,2873.3,6572.5,8894.4,830.6,9025.5,8976.5,1059.4,260.7,11880.8,6104.6,4005.7,8996.5,8892.9,3961.7,1104.9,10102.9,3771.0,3920.7,2273.5,1341.2,4064.7,4801.6,83.3,2031.0,5650.5,2648.6,301.1,271.3,906.3,464.1,11652.6,427.2,1208.6,1845.2,4747.9,8852.3,4042.5,48.1,4585.8,2000.9,119.6,852.9,3994.7,8948.5,598.6,818.8,4808.5,10079.3,5858.8,557.8,2056.4,9015.1,11886.0,5367.7,11892.1,5499.1,12408.5,194.6,8961.1,387.3,1635.9,12278.8,4113.2,47.2,4943.5,821.0,59.4,99.6,2295.0,9062.5,1950.9,4750.3,1220.3,1119.6,5696.6,7525.9,5087.5,2062.1,898.2,4604.3,3177.3,4281.4,3977.7,5372.0,3572.5,5589.8,678.2,102.8,835.4,1055.5,4132.9,4007.5,2514.9,1779.9,4786.0,8871.8,1237.9,5370.9,93.9,114.8,4915.7,4104.0,78.2,5363.9,5402.0,1847.9,3329.7,1282.1,1310.6,5590.7,147.9,654.3
"Brattvåg, 6270 Brattvåg",2622.5,2257.7,2872.3,2900.8,3635.2,2862.0,3246.8,1084.5,2888.9,2452.6,3147.1,2817.4,19.4,11873.7,10379.1,4644.4,2702.7,13328.3,2273.0,10018.3,2868.7,5366.9,2999.3,5082.6,876.7,3159.1,6814.7,6203.7,1398.0,10277.3,6948.9,5634.8,2697.4,2532.2,2768.8,2535.3,2415.8,4634.3,2624.8,2193.7,3448.5,3189.9,6156.8,2855.7,0.0,7896.2,10058.4,2199.0,10349.2,10300.2,3205.1,2749.5,13204.5,6939.7,3512.2,10320.2,10056.9,1391.9,3250.6,9845.7,3513.8,2714.7,1067.5,3486.9,5388.4,6125.3,2770.3,1536.1,6974.2,3483.7,3092.7,2724.0,2192.5,2700.4,12976.3,2661.5,2532.3,3168.9,5583.0,10016.3,5366.2,2855.2,5909.5,3324.6,2911.2,2099.6,3501.2,10272.2,2655.3,2142.5,6132.2,10358.1,7182.5,2449.1,3380.1,10338.8,13209.7,5110.5,13215.8,6822.8,13572.5,2986.2,10284.8,2692.1,1388.7,13602.5,5436.9,2845.6,2373.7,2242.2,2857.8,2891.2,2037.8,10386.2,1456.0,5585.4,2544.0,1808.8,7020.3,8689.9,6411.2,3385.8,2193.8,5439.4,1196.1,4024.2,5301.4,5114.8,4896.2,6913.5,2387.7,2894.4,2159.1,3201.2,5456.6,3514.0,2257.7,1183.0,5621.1,10035.8,3383.6,5113.7,2885.5,2906.4,2345.9,3532.7,2829.4,5106.7,5144.8,1628.5,4653.4,3427.8,3456.3,6914.4,2736.6,2469.7
"Grodås, 6698 Hornindal",5672.7,5798.5,6571.0,6599.5,7768.1,6560.7,6945.5,7302.0,6587.6,5712.2,6845.8,6516.1,7895.3,4306.2,2482.9,3783.0,6368.9,5808.2,7507.9,2281.8,6567.4,3178.2,7132.2,7093.0,7094.2,5943.0,1169.9,1888.5,6622.9,2381.1,1095.2,4108.8,6363.6,5953.1,6435.0,6795.7,5675.4,3779.8,6291.0,5783.2,5862.6,7322.8,1779.5,6554.4,7884.8,0.0,2321.9,5865.2,2453.0,2404.0,7338.0,6415.7,5684.4,2337.3,8983.4,2424.0,2320.4,8973.2,7383.5,4017.7,7228.3,8932.2,7285.0,7619.8,3195.6,1808.7,6469.0,7008.7,1094.1,5872.8,6791.4,6390.2,5772.1,6366.6,5456.2,6323.3,5791.9,5952.8,4057.0,2279.8,3177.5,6553.9,2934.5,6108.5,6609.9,5876.1,8972.4,2376.0,6264.1,5795.0,1765.5,3506.8,4207.5,6110.9,6164.0,2442.6,5689.6,7120.9,5695.7,1157.2,5836.0,6684.9,2388.6,6358.3,6613.6,6082.4,3170.5,6544.3,9955.0,7099.6,6556.5,6589.9,7272.7,2490.0,6928.6,4059.4,5335.3,7398.2,4045.3,953.4,1644.7,6169.7,5746.6,4014.0,8188.8,9259.1,3253.6,7125.2,3014.6,1110.9,5995.0,6593.1,5804.9,7334.1,3226.5,8985.2,7492.6,6942.5,4145.4,2299.3,7516.5,7124.1,6584.2,6605.1,9927.2,9081.7,6528.1,7117.1,7155.2,6825.6,3280.9,7560.7,7589.2,1071.9,6447.8,6039.3
Felleskjøpet Stryn,7989.9,8115.7,8888.2,8916.7,10085.3,8877.9,9262.7,9468.9,8904.8,8029.4,9163.0,8833.3,10062.2,4704.1,2824.1,6100.2,8686.1,6206.1,9276.9,68.1,8884.6,5495.4,9449.4,7081.8,9261.1,8260.2,3487.1,4205.7,8789.8,2722.3,3412.4,4881.0,8680.8,7967.3,8752.2,9112.9,7992.6,6097.0,8608.2,8100.4,6634.8,9640.0,4096.7,8871.6,10051.7,2317.2,0.0,8182.4,2794.2,2745.2,9655.2,8732.9,6082.3,3109.5,10550.2,2765.2,80.9,11140.1,9700.7,1800.0,8000.5,11099.1,9451.9,9937.0,5512.8,4125.9,8786.2,8918.1,3411.3,6645.0,9108.6,8707.4,8089.3,8683.8,5854.1,8640.5,8091.5,8270.0,4829.2,56.9,5494.7,8871.1,5251.7,8425.7,8927.1,8193.3,10539.2,2773.9,8581.3,8112.2,4082.7,1289.1,6524.7,8428.1,8481.2,2783.8,6087.5,7109.7,6093.6,3474.4,3655.4,9002.1,2729.8,8675.5,8780.5,6480.3,5487.7,8861.5,12121.9,9416.8,8873.7,8907.1,9041.7,2831.2,9062.0,4831.6,7652.5,9715.4,6362.5,1409.7,3961.9,8486.9,8063.8,4786.2,10355.7,10558.4,5570.8,7114.0,5331.8,3428.1,8312.2,8910.3,8122.1,9651.3,5543.7,10552.0,9261.6,9109.4,4917.6,83.6,9833.7,7112.9,8901.4,8922.3,12094.1,10648.5,8845.3,7105.9,7144.0,8552.9,5598.1,9877.9,9906.4,3389.1,8765.0,8356.5
Felleskjøpet Ålesund,606.0,241.2,837.0,865.5,2034.1,826.7,1211.5,1631.5,853.6,436.1,1111.8,782.1,2224.8,9857.2,8362.6,2627.9,634.9,11311.8,1837.4,8161.5,833.4,3350.4,1398.2,4647.0,1423.7,1142.6,4798.2,4187.2,952.4,8260.8,4932.4,4106.9,629.6,677.0,701.0,1061.7,399.3,2617.8,557.0,177.2,1920.6,1588.8,4140.3,820.4,2214.3,5879.7,8201.6,0.0,8332.7,8283.7,1604.0,681.7,11188.0,5411.8,3312.9,8303.7,8200.1,3302.7,1649.5,9410.1,3078.2,3261.7,1614.5,1885.8,3371.9,4108.8,735.0,1338.2,4957.7,1955.8,1057.4,656.2,213.5,632.6,10959.8,593.7,515.8,1152.4,4055.1,8159.5,3349.7,819.9,3893.0,1308.1,875.9,160.1,3301.9,8255.7,644.7,126.0,4115.7,9386.5,5166.0,381.3,1363.6,8322.3,11193.2,4674.9,11199.3,4806.3,11715.7,950.9,8268.3,624.3,943.1,11586.0,3420.4,810.3,4284.5,1365.6,822.5,855.9,1602.2,8369.7,1258.1,4057.5,527.5,1664.2,5003.8,6833.1,4394.7,1369.3,205.4,3911.5,2518.3,3588.6,3284.9,4679.2,2879.7,4897.0,371.2,859.1,142.6,1600.1,3440.1,3314.7,1822.1,1272.0,4093.2,8179.0,1782.5,4678.1,850.2,871.1,4256.7,3411.2,794.1,4671.1,4709.2,1155.1,2636.9,1826.7,1855.2,4897.9,713.8,453.2
"Nordfjordeid, 6770 Nordfjordeid",7574.0,7699.8,8472.3,8500.8,9669.4,8462.0,8846.8,9203.3,8488.9,7613.5,8747.1,8417.4,9796.6,2025.7,61.0,5607.7,8270.2,3527.7,9409.2,2751.4,8468.7,5002.9,9033.5,8657.4,8995.5,7844.3,3058.4,3762.8,8524.2,93.7,3219.0,5673.2,8264.9,7854.4,8336.3,8697.0,7576.7,5604.5,8192.3,7684.5,7427.0,9224.1,3675.8,8455.7,9786.1,2461.9,2791.5,7766.5,0.0,48.6,9239.3,8317.0,3403.9,3901.7,10884.7,50.5,2790.0,10874.5,9284.8,4487.3,8792.7,10833.5,9186.3,9521.1,5020.3,3683.0,8370.3,8910.0,3217.9,7437.2,8692.7,8291.5,7673.4,8267.9,3175.7,8224.6,7693.2,7854.1,5621.4,2749.4,5002.2,8455.2,4759.2,8009.8,8511.2,7777.4,10873.7,193.5,8165.4,7696.3,3691.4,3976.4,6032.2,8012.2,8065.3,52.3,3409.1,8685.3,3415.2,3066.5,4944.1,8586.2,128.4,8259.6,8514.9,3801.9,4995.2,8445.6,11856.3,9000.9,8457.8,8491.2,9174.0,68.1,8829.9,5623.8,7236.6,9299.5,5870.0,2201.9,3469.4,8071.0,7647.9,5578.4,10090.1,11160.4,5078.3,8689.6,4915.9,3201.2,7896.3,8494.4,7706.2,9235.4,5051.2,10886.5,9393.9,8843.8,5709.8,2768.9,9417.8,8688.5,8485.5,8506.4,11828.5,10983.0,8429.4,8681.5,8719.6,8726.9,5182.2,9462.0,9490.5,3158.1,8349.1,7940.6
"Nordfjordeid, 6770 Nordfjordeid",7525.4,7651.2,8423.7,8452.2,9620.8,8413.4,8798.2,9154.7,8440.3,7564.9,8698.5,8368.8,9748.0,2035.1,78.9,5559.1,8221.6,3537.1,9360.6,2702.8,8420.1,4954.3,8984.9,8608.8,8946.9,7795.7,3009.8,3714.2,8475.6,45.1,3170.4,5624.6,8216.3,7805.8,8287.7,8648.4,7528.1,5555.9,8143.7,7635.9,7378.4,9175.5,3627.2,8407.1,9737.5,2413.3,2742.9,7717.9,49.0,0.0,9190.7,8268.4,3413.3,3853.1,10836.1,20.0,2741.4,10825.9,9236.2,4438.7,8744.1,10784.9,9137.7,9472.5,4971.7,3634.4,8321.7,8861.4,3169.3,7388.6,8644.1,8242.9,7624.8,8219.3,3185.1,8176.0,7644.6,7805.5,5572.8,2700.8,4953.6,8406.6,4710.6,7961.2,8462.6,7728.8,10825.1,186.8,8116.8,7647.7,3642.8,3927.8,5983.6,7963.6,8016.7,56.2,3418.5,8636.7,3424.6,3017.9,4895.5,8537.6,79.8,8211.0,8466.3,3811.3,4946.6,8397.0,11807.7,8952.3,8409.2,8442.6,9125.4,86.0,8781.3,5575.2,7188.0,9250.9,5821.4,2153.3,3420.8,8022.4,7599.3,5529.8,10041.5,11111.8,5029.7,8641.0,4867.3,3152.6,7847.7,8445.8,7657.6,9186.8,5002.6,10837.9,9345.3,8795.2,5661.2,2720.3,9369.2,8639.9,8436.9,8457.8,11779.9,10934.4,8380.8,8632.9,8671.0,8678.3,5133.6,9413.4,9441.9,3109.5,8300.5,7892.0
"Valderhaug, 6050 Valderøya",2092.7,1618.3,1071.9,1100.4,1007.4,1061.6,1446.4,2630.4,1088.5,1922.8,1346.7,1017.0,3223.7,11343.9,9849.3,4114.6,1043.9,12798.5,3324.1,9648.2,1068.3,4837.1,643.7,6133.7,2422.6,2629.3,6284.9,5673.9,2439.1,9747.5,6419.1,5593.6,1021.4,2163.7,1073.9,857.0,1886.0,4104.5,1182.4,1651.8,3407.3,834.3,5627.0,1055.3,3213.2,7366.4,9688.3,1624.5,9819.4,9770.4,0.0,1054.6,12674.7,6898.5,4799.6,9790.4,9686.8,4301.6,622.8,10896.8,4564.9,4260.6,2613.4,1160.4,4858.6,5595.5,969.9,2612.4,6444.4,3442.5,1292.3,1065.2,1700.2,1258.0,12446.5,1221.1,2002.5,2639.1,5541.8,9646.2,4836.4,1054.8,5379.7,2794.8,1110.8,1646.8,4788.6,9742.4,1392.5,1612.7,5602.4,10873.2,6652.7,1351.7,2850.3,9809.0,12679.9,6161.6,12686.0,6293.0,13202.4,1185.8,9755.0,1181.2,2429.8,13072.7,4907.1,1045.2,5283.4,1160.9,1057.4,1090.8,3088.9,9856.4,2532.3,5544.2,2014.2,1459.5,6490.5,8319.8,5881.4,2856.0,1692.1,5398.2,3517.2,5075.3,4771.6,6165.9,4366.4,6383.7,1472.1,1094.0,1629.3,874.7,4926.8,4801.4,3308.8,2119.8,5579.9,9665.7,1057.1,6164.8,1085.1,1106.0,5255.6,4897.9,1029.0,6157.8,6195.9,2641.8,4123.6,1101.3,1129.8,6384.6,936.2,1448.2
"Hatlahaugen, Ålesund",1141.3,666.9,298.2,326.7,1495.3,287.9,672.7,2166.8,314.8,971.4,573.0,243.3,2760.1,10392.5,8897.9,3163.2,90.7,11847.1,2372.7,8696.8,294.6,3885.7,859.4,5182.3,1959.0,1677.9,5333.5,4722.5,1487.7,8796.1,5467.7,4642.2,68.2,1212.3,102.9,522.9,934.6,3153.1,231.0,700.4,2455.9,1050.0,4675.6,281.6,2749.6,6415.0,8736.9,673.1,8868.0,8819.0,1065.2,0.0,11723.3,5947.1,3848.2,8839.0,8735.4,3838.0,1110.7,9945.4,3613.5,3797.0,2149.8,1347.0,3907.2,4644.1,196.2,1873.5,5493.0,2491.1,518.6,112.0,748.8,306.6,11495.1,269.7,1051.1,1687.7,4590.4,8694.8,3885.0,281.1,4428.3,1843.4,337.1,695.4,3837.2,8791.0,441.1,661.3,4651.0,9921.8,5701.3,400.3,1898.9,8857.6,11728.5,5210.2,11734.6,5341.6,12251.0,412.1,8803.6,228.0,1478.4,12121.3,3955.7,271.5,4819.8,826.8,283.7,317.1,2137.5,8905.0,1793.4,4592.8,1062.8,1125.4,5539.1,7368.4,4930.0,1904.6,740.7,4446.8,3053.6,4123.9,3820.2,5214.5,3415.0,5432.3,520.7,320.3,677.9,1061.3,3975.4,3850.0,2357.4,1785.7,4628.5,8714.3,1243.7,5213.4,311.4,332.3,4792.0,3946.5,255.3,5206.4,5244.5,1690.4,3172.2,1287.9,1316.4,5433.2,175.0,496.8
"Gate 1, 6718 Deknepollen",10799.8,10925.6,11698.1,11726.6,12895.2,11687.8,12072.6,12429.1,11714.7,10839.3,11972.9,11643.2,13022.4,1394.8,3380.1,8650.5,11496.0,301.3,12635.0,6054.0,11694.5,8045.7,12259.3,11960.0,12221.3,11070.1,6284.2,6988.6,11750.0,3381.4,6444.8,8975.8,11490.7,11080.2,11562.1,11922.8,10802.5,8647.3,11418.1,10910.3,10729.6,12449.9,6901.6,11681.5,13011.9,5705.7,6094.1,10992.3,3412.5,3422.9,12465.1,11542.8,0.0,7204.3,14110.5,3438.5,6092.6,14100.3,12510.6,7789.9,12095.3,14059.3,12412.1,12746.9,8063.1,6908.8,11596.1,12135.8,6443.7,10739.8,11918.5,11517.3,10899.2,11493.7,298.0,11450.4,10919.0,11079.9,8924.0,6052.0,8045.0,11681.0,7417.2,11235.6,11737.0,11003.2,14099.5,3407.7,11391.2,10922.1,6917.2,7279.0,8690.2,11238.0,11291.1,3425.1,5.2,11987.9,33.2,6292.3,8257.7,11812.0,3442.0,11485.4,11740.7,439.5,8038.0,11671.4,15082.1,12226.7,11683.6,11717.0,12399.8,3412.5,12055.7,8926.4,10462.4,12525.3,8528.0,5504.5,6695.2,11296.8,10873.7,8881.0,13315.9,14386.2,8121.1,11992.2,8141.7,6427.0,11122.1,11720.2,10932.0,12461.2,8094.0,14112.3,12619.7,12069.6,9012.4,6071.5,12643.6,11991.1,11711.3,11732.2,15054.3,14208.8,11655.2,11984.1,12022.2,11952.7,8408.0,12687.8,12716.3,6383.9,11574.9,11166.4
"Hellesylt, 6218 Hellesylt",5457.6,5352.9,6125.4,6153.9,7322.5,6115.1,6499.9,6359.4,6142.0,5214.1,6400.2,6070.5,6952.7,5808.5,3928.5,6111.1,5923.3,7310.5,6167.4,3078.6,6121.8,5506.3,6686.6,4755.7,6151.6,5994.2,3498.0,4216.6,5680.3,3826.7,3423.3,1771.5,5918.0,4857.8,5989.4,6350.1,5136.1,6107.9,5845.4,5337.6,3525.3,6877.2,4107.6,6108.8,6942.2,2328.1,3118.7,5419.6,3898.6,3849.6,6892.4,5970.1,7186.7,0.0,7440.7,3869.6,3117.2,8030.6,6937.9,4814.5,4891.0,7989.6,6342.4,7174.2,5523.7,4136.8,6023.4,5808.6,3422.2,3535.5,6345.8,5944.6,5326.5,5921.0,6958.5,5877.7,4982.0,6004.0,1719.7,3076.6,5505.6,6108.3,5262.6,6159.7,6164.3,5430.5,7429.7,3878.3,5818.5,5349.4,4093.6,4303.6,6535.6,5665.3,6215.2,3888.2,7191.9,4783.6,7198.0,3485.3,6632.8,6239.3,3834.2,5912.7,5671.0,7584.7,5498.6,6098.7,9012.4,6654.0,6110.9,6144.3,5932.2,3935.6,5952.5,1722.1,5379.1,6625.7,6373.4,1750.2,3972.8,6220.9,5301.0,1676.7,7246.2,7448.9,5581.7,4787.9,5342.7,3439.0,5549.4,6147.5,5359.3,6888.5,5554.6,7442.5,6152.1,5999.9,1808.1,3096.1,7070.9,4786.8,6138.6,6159.5,8984.6,7539.0,6082.5,4779.8,4817.9,5443.4,5609.0,7115.1,7143.6,3400.0,6002.2,5593.7
Helsehuset Stella Maris,3738.8,3374.0,4021.1,4049.6,5218.2,4010.8,4395.6,2643.4,4037.7,3568.9,4295.9,3966.2,3520.6,12990.0,11375.7,5760.7,3819.0,14444.6,1547.8,10525.8,4017.5,6483.2,4582.3,4146.8,2713.3,4275.4,7931.0,7320.0,2526.7,11273.9,8065.2,5794.4,3813.7,3245.2,3885.1,4168.2,3523.5,5750.6,3741.1,3310.0,4161.5,4772.9,7273.1,4004.5,3510.1,9012.5,10565.9,3315.3,11345.8,11296.8,4788.1,3865.8,14320.8,7447.2,0.0,11316.8,10564.4,4598.5,4833.6,8909.9,2578.0,810.9,2526.9,5069.9,6504.7,7241.6,3919.1,2229.6,8090.5,4196.7,4241.5,3840.3,3308.8,3816.7,14092.6,3777.8,3369.4,4285.2,5780.5,10523.8,6482.5,4004.0,7025.8,4440.9,4060.0,3215.9,26.6,11325.5,3771.6,3258.8,7248.5,9422.3,8298.8,3565.4,4496.4,11335.4,14326.0,4174.7,14332.1,7939.1,14080.0,4135.0,11281.4,3808.4,2517.4,14718.8,6553.2,3994.4,5580.3,3875.1,4006.6,4040.0,2323.4,11382.8,2373.5,5745.0,3660.3,3441.7,8136.6,9197.4,7527.5,4502.1,3310.1,5997.4,3814.1,910.2,6417.7,4179.0,6012.5,8029.8,3504.0,4043.2,3275.4,4784.2,6572.9,31.9,1555.2,2815.9,5877.4,10543.3,4966.6,4177.9,4034.3,4055.2,5552.5,135.9,3978.2,4170.9,4209.0,2341.5,5769.7,5010.8,5039.3,8030.7,3897.9,3586.0
"Sjukehusveien 14, 6770 Nordfjordeid",7539.9,7665.7,8438.2,8466.7,9635.3,8427.9,8812.7,9169.2,8454.8,7579.4,8713.0,8383.3,9762.5,2045.9,81.2,5573.6,8236.1,3547.9,9375.1,2717.3,8434.6,4968.8,8999.4,8623.3,8961.4,7810.2,3024.3,3728.7,8490.1,59.6,3184.9,5639.1,8230.8,7820.3,8302.2,8662.9,7542.6,5570.4,8158.2,7650.4,7392.9,9190.0,3641.7,8421.6,9752.0,2427.8,2757.4,7732.4,51.3,14.5,9205.2,8282.9,3424.1,3867.6,10850.6,0.0,2755.9,10840.4,9250.7,4453.2,8758.6,10799.4,9152.2,9487.0,4986.2,3648.9,8336.2,8875.9,3183.8,7403.1,8658.6,8257.4,7639.3,8233.8,3195.9,8190.5,7659.1,7820.0,5587.3,2715.3,4968.1,8421.1,4725.1,7975.7,8477.1,7743.3,10839.6,201.3,8131.3,7662.2,3657.3,3942.3,5998.1,7978.1,8031.2,70.7,3429.3,8651.2,3435.4,3032.4,4910.0,8552.1,94.3,8225.5,8480.8,3822.1,4961.1,8411.5,11822.2,8966.8,8423.7,8457.1,9139.9,88.3,8795.8,5589.7,7202.5,9265.4,5835.9,2167.8,3435.3,8036.9,7613.8,5544.3,10056.0,11126.3,5044.2,8655.5,4881.8,3167.1,7862.2,8460.3,7672.1,9201.3,5017.1,10852.4,9359.8,8809.7,5675.7,2734.8,9383.7,8654.4,8451.4,8472.3,11794.4,10948.9,8395.3,8647.4,8685.5,8692.8,5148.1,9427.9,9456.4,3124.0,8315.0,7906.5
Isehaug kafeteria,7984.2,8110.0,8882.5,8911.0,10079.6,8872.2,9257.0,9463.2,8899.1,8023.7,9157.3,8827.6,10056.5,4698.4,2818.4,6094.5,8680.4,6200.4,9271.2,59.2,8878.9,5489.7,9443.7,7053.5,9255.4,8254.5,3481.4,4200.0,8784.1,2716.6,3406.7,4875.3,8675.1,7961.6,8746.5,9107.2,7986.9,6091.3,8602.5,8094.7,6629.1,9634.3,4091.0,8865.9,10046.0,2311.5,81.1,8176.7,2788.5,2739.5,9649.5,8727.2,6076.6,3103.8,10544.5,2759.5,0.0,11134.4,9695.0,1771.7,7994.8,11093.4,9446.2,9931.3,5507.1,4120.2,8780.5,8912.4,3405.6,6639.3,9102.9,8701.7,8083.6,8678.1,5848.4,8634.8,8085.8,8264.3,4823.5,51.2,5489.0,8865.4,5246.0,8420.0,8921.4,8187.6,10533.5,2768.2,8575.6,8106.5,4077.0,1260.8,6519.0,8422.4,8475.5,2778.1,6081.8,7081.4,6087.9,3468.7,3649.7,8996.4,2724.1,8669.8,8774.8,6474.6,5482.0,8855.8,12116.2,9411.1,8868.0,8901.4,9036.0,2825.5,9056.3,4825.9,7646.8,9709.7,6356.8,1404.0,3956.2,8481.2,8058.1,4780.5,10350.0,10552.7,5565.1,7085.7,5326.1,3422.4,8306.5,8904.6,8116.4,9645.6,5538.0,10546.3,9255.9,9103.7,4911.9,63.3,9828.0,7084.6,8895.7,8916.6,12088.4,10642.8,8839.6,7077.6,7115.7,8547.2,5592.4,9872.2,9900.7,3383.4,8759.3,8350.8
"Haramsøya, 6270 Brattvåg",3698.0,3333.2,3947.8,3976.3,4710.7,3937.5,4322.3,2160.0,3964.4,3528.1,4222.6,3892.9,1377.3,12949.2,11454.6,5719.9,3778.2,14403.8,3348.5,11093.8,3944.2,6442.4,4074.8,6158.1,1952.2,4234.6,7890.2,7279.2,2473.5,11352.8,8024.4,6710.3,3772.9,3607.7,3844.3,3610.8,3491.3,5709.8,3700.3,3269.2,4524.0,4265.4,7232.3,3931.2,1392.5,8971.7,11133.9,3274.5,11424.7,11375.7,4280.6,3825.0,14280.0,8015.2,4587.7,11395.7,11132.4,0.0,4326.1,10921.2,4589.3,3790.2,2143.0,4562.4,6463.9,7200.8,3845.8,2611.6,8049.7,4559.2,4168.2,3799.5,3268.0,3775.9,14051.8,3737.0,3607.8,4244.4,6658.5,11091.8,6441.7,3930.7,6985.0,4400.1,3986.7,3175.1,4576.7,11347.7,3730.8,3218.0,7207.7,11433.6,8258.0,3524.6,4455.6,11414.3,14285.2,6186.0,14291.3,7898.3,14648.0,4061.7,11360.3,3767.6,2464.2,14678.0,6512.4,3921.1,1064.1,3317.7,3933.3,3966.7,3113.3,11461.7,2531.5,6660.9,3619.5,2884.3,8095.8,9765.4,7486.7,4461.3,3269.3,6514.9,790.8,5099.7,6376.9,6190.3,5971.7,7989.0,3463.2,3969.9,3234.6,4276.7,6532.1,4589.5,3333.2,2258.5,6696.6,11111.3,4459.1,6189.2,3961.0,3981.9,1036.3,4608.2,3904.9,6182.2,6220.3,2704.0,5728.9,4503.3,4531.8,7989.9,3812.1,3545.2
Godøya post i butikk,2139.7,1665.3,1118.9,1147.4,451.0,1108.6,1493.4,2677.4,1135.5,1969.8,1393.7,1064.0,3270.7,11390.9,9896.3,4161.6,1090.9,12845.5,3371.1,9695.2,1115.3,4884.1,690.7,6180.7,2469.6,2676.3,6331.9,5720.9,2486.1,9794.5,6466.1,5640.6,1068.4,2210.7,1120.9,904.0,1933.0,4151.5,1229.4,1698.8,3454.3,881.3,5674.0,1102.3,3260.2,7413.4,9735.3,1671.5,9866.4,9817.4,629.1,1101.6,12721.7,6945.5,4846.6,9837.4,9733.8,4348.6,0.0,10943.8,4611.9,4307.6,2660.4,1207.4,4905.6,5642.5,1016.9,2659.4,6491.4,3489.5,1339.3,1112.2,1747.2,1305.0,12493.5,1268.1,2049.5,2686.1,5588.8,9693.2,4883.4,1101.8,5426.7,2841.8,1157.8,1693.8,4835.6,9789.4,1439.5,1659.7,5649.4,10920.2,6699.7,1398.7,2897.3,9856.0,12726.9,6208.6,12733.0,6340.0,13249.4,1232.8,9802.0,1228.2,2476.8,13119.7,4954.1,1092.2,5330.4,1207.9,1104.4,1137.8,3135.9,9903.4,2579.3,5591.2,2061.2,1506.5,6537.5,8366.8,5928.4,2903.0,1739.1,5445.2,3564.2,5122.3,4818.6,6212.9,4413.4,6430.7,1519.1,1141.0,1676.3,921.7,4973.8,4848.4,3355.8,2166.8,5626.9,9712.7,1104.1,6211.8,1132.1,1153.0,5302.6,4944.9,1076.0,6204.8,6242.9,2688.8,4170.6,1148.3,1176.8,6431.6,983.2,1495.2
Joker Hjelledalen,9678.7,9498.9,10146.0,10174.5,11343.1,10135.7,10520.5,9300.3,10162.6,9693.8,10420.8,10091.1,9893.6,6392.9,4512.9,7789.0,9943.9,7894.9,7672.7,1748.5,10142.4,7184.2,10707.2,5307.1,9092.5,9949.0,5175.9,5894.5,8651.6,4411.1,5101.2,6569.8,9938.6,9370.1,10010.0,10293.1,9648.4,7785.8,9866.0,9434.9,8323.6,10897.8,5785.5,10129.4,9883.1,4006.0,1800.1,9440.2,4483.0,4434.0,10913.0,9990.7,7771.1,4798.3,8927.9,4454.0,1762.6,10971.5,10958.5,0.0,6378.2,9687.6,9283.3,11194.8,7201.6,5814.7,10044.0,8354.5,5100.1,8333.8,10366.4,9965.2,9433.7,9941.6,7542.9,9902.7,9494.3,9958.8,6518.0,1761.5,7183.5,10128.9,6940.5,10114.5,10184.9,9340.8,8916.9,4462.7,9896.5,9383.7,5771.5,533.2,8213.5,9690.3,10170.0,4472.6,7776.3,5335.0,7782.4,5163.2,5344.2,10259.9,4418.6,9933.3,8642.3,8169.1,7176.5,10119.3,11953.3,10000.0,10131.5,10164.9,8448.3,4520.0,8498.4,6520.4,9341.3,9566.6,8051.3,3098.5,5650.7,10175.7,9435.0,6475.0,10187.1,8936.1,7259.6,5339.3,7020.6,5116.9,9628.9,10168.1,9400.3,10909.1,7232.5,8929.7,7680.1,8940.8,6606.4,1728.6,11091.5,5338.2,10159.2,10180.1,11925.5,9026.2,10103.1,5331.2,5369.3,8466.4,7286.9,11135.7,11164.2,5077.9,10022.8,9710.9
Joker Stordal,3500.3,3135.5,3782.6,3811.1,4979.7,3772.3,4157.1,2936.9,3799.2,3330.4,4057.4,3727.7,3530.2,10699.1,8819.1,5522.2,3580.5,12201.1,1309.3,7969.2,3779.0,6244.7,4343.8,1590.2,2729.1,4036.9,7692.5,7081.5,2288.2,8717.3,7826.7,3237.8,3575.2,3006.7,3646.6,3929.7,3285.0,5512.1,3502.6,3071.5,3923.0,4534.4,7034.6,3766.0,3519.7,7218.7,8009.3,3076.8,8789.2,8740.2,4549.6,3627.3,12077.3,4890.6,2564.5,8760.2,8007.8,4608.1,4595.1,6353.3,0.0,3324.2,2919.9,4831.4,6266.2,7003.1,3680.6,1991.1,7852.0,3958.2,4003.0,3601.8,3070.3,3578.2,11849.1,3539.3,3130.9,4046.7,3223.9,7967.2,6244.0,3765.5,6787.3,4202.4,3821.5,2977.4,2553.5,8768.9,3533.1,3020.3,7010.0,6865.7,8060.3,3326.9,4257.9,8778.8,12082.5,1618.1,12088.6,7700.6,11523.4,3896.5,8724.8,3569.9,2278.9,12475.3,6314.7,3755.9,5589.9,3636.6,3768.1,3801.5,2084.9,8826.2,2135.0,3188.4,3421.8,3203.2,7898.1,6640.8,7289.0,4263.6,3071.6,3440.8,3823.7,2572.7,6179.2,1622.4,5774.0,7791.3,3265.5,3804.7,3036.9,4545.7,6334.4,2566.3,1316.7,2577.4,3320.8,7986.7,4728.1,1621.3,3795.8,3816.7,5562.1,2662.8,3739.7,1614.3,1652.4,2103.0,5531.2,4772.3,4800.8,7792.2,3659.4,3347.5
Joker Tomrefjord,3687.8,3323.0,3937.6,3966.1,4700.5,3927.3,4312.1,1852.4,3954.2,3517.9,4212.4,3882.7,2729.6,12939.0,11444.4,5709.7,3768.0,14393.6,2298.9,11083.6,3934.0,6432.2,4064.6,4897.9,1922.3,4224.4,7880.0,7269.0,2463.3,11342.6,8014.2,6545.5,3762.7,3597.5,3834.1,3600.6,3481.1,5699.6,3690.1,3259.0,4513.8,4255.2,7222.1,3921.0,2719.1,8961.5,11123.7,3264.3,11414.5,11365.5,4270.4,3814.8,14269.8,8005.0,813.3,11385.5,11122.2,3807.5,4315.9,9661.0,3329.1,0.0,1735.9,4552.2,6453.7,7190.6,3835.6,2601.4,8039.5,4549.0,4158.0,3789.3,3257.8,3765.7,14041.6,3726.8,3597.6,4234.2,6531.6,11081.6,6431.5,3920.5,6974.8,4389.9,3976.5,3164.9,802.3,11337.5,3720.6,3207.8,7197.5,10173.4,8247.8,3514.4,4445.4,11404.1,14275.0,4925.8,14281.1,7888.1,14637.8,4051.5,11350.1,3757.4,2454.0,14667.8,6502.2,3910.9,4789.3,3307.5,3923.1,3956.5,3074.5,11451.5,2521.3,6496.1,3609.3,2874.1,8085.6,9755.2,7476.5,4451.1,3259.1,6504.7,3023.1,1661.3,6366.7,4930.1,5961.5,7978.8,3453.0,3959.7,3224.4,4266.5,6521.9,815.1,2306.3,2248.3,6628.5,11101.1,4448.9,4929.0,3950.8,3971.7,4761.5,833.8,3894.7,4922.0,4960.1,2693.8,5718.7,4493.1,4521.6,7979.7,3801.9,3535.0
Joker Vatne,2028.1,1663.3,2277.9,2306.4,3040.8,2267.6,2652.4,192.7,2294.5,1858.2,2552.7,2223.0,1069.9,11279.3,9784.7,4050.0,2108.3,12733.9,1678.6,9423.9,2274.3,4772.5,2404.9,4488.2,262.6,2564.7,6220.3,5609.3,803.6,9682.9,6354.5,5040.4,2103.0,1937.8,2174.4,1940.9,1821.4,4039.9,2030.4,1599.3,2854.1,2595.5,5562.4,2261.3,1059.4,7301.8,9464.0,1604.6,9754.8,9705.8,2610.7,2155.1,12610.1,6345.3,2533.8,9725.8,9462.5,2147.8,2656.2,9251.3,2919.4,1736.3,0.0,2892.5,4794.0,5530.9,2175.9,941.7,6379.8,2889.3,2498.3,2129.6,1598.1,2106.0,12381.9,2067.1,1937.9,2574.5,4988.6,9421.9,4771.8,2260.8,5315.1,2730.2,2316.8,1505.2,2522.8,9677.8,2060.9,1548.1,5537.8,9763.7,6588.1,1854.7,2785.7,9744.4,12615.3,4516.1,12621.4,6228.4,12978.1,2391.8,9690.4,2097.7,794.3,13008.1,4842.5,2251.2,3129.6,1647.8,2263.4,2296.8,1443.4,9791.8,861.6,4991.0,1949.6,1214.4,6425.9,8095.5,5816.8,2791.4,1599.4,4845.0,1363.4,3381.8,4707.0,4520.4,4301.8,6319.1,1793.3,2300.0,1564.7,2606.8,4862.2,2535.6,1663.3,588.6,5026.7,9441.4,2789.2,4519.3,2291.1,2312.0,3101.8,2554.3,2235.0,4512.3,4550.4,1034.1,4059.0,2833.4,2861.9,6320.0,2142.2,1875.3
Vigra post i butikk,2373.5,1899.1,1352.7,1381.2,1576.7,1342.4,1727.2,2911.2,1369.3,2203.6,1627.5,1297.8,3504.5,11624.7,10130.1,4395.4,1324.7,13079.3,3604.9,9929.0,1349.1,5117.9,870.8,6414.5,2703.4,2910.1,6565.7,5954.7,2719.9,10028.3,6699.9,5874.4,1302.2,2444.5,1354.7,1137.8,2166.8,4385.3,1463.2,1932.6,3688.1,815.2,5907.8,1336.1,3494.0,7647.2,9969.1,1905.3,10100.2,10051.2,1146.6,1335.4,12955.5,7179.3,5080.4,10071.2,9967.6,4582.4,1192.1,11177.6,4845.7,4541.4,2894.2,0.0,5139.4,5876.3,1250.7,2893.2,6725.2,3723.3,1573.1,1346.0,1981.0,1538.8,12727.3,1501.9,2283.3,2919.9,5822.6,9927.0,5117.2,1335.6,5660.5,3075.6,1391.6,1927.6,5069.4,10023.2,1673.3,1893.5,5883.2,11154.0,6933.5,1632.5,3131.1,10089.8,12960.7,6442.4,12966.8,6573.8,13483.2,1466.6,10035.8,1462.0,2710.6,13353.5,5187.9,1326.0,5564.2,1441.7,1338.2,1371.6,3369.7,10137.2,2813.1,5825.0,2295.0,1740.3,6771.3,8600.6,6162.2,3136.8,1972.9,5679.0,3798.0,5356.1,5052.4,6446.7,4647.2,6664.5,1752.9,1374.8,1910.1,284.4,5207.6,5082.2,3589.6,2400.6,5860.7,9946.5,271.1,6445.6,1365.9,1386.8,5536.4,5178.7,1309.8,6438.6,6476.7,2922.6,4404.4,388.6,417.1,6665.4,1217.0,1729.0
"Ulsteinvik, 6065 Ulsteinvik",3228.0,3353.8,4126.3,4154.8,5323.4,4116.0,4500.8,4857.3,4142.9,3267.5,4401.1,4071.4,5450.6,6715.7,5674.8,830.1,3924.2,8170.3,5063.2,5473.7,4122.7,86.8,4687.5,7872.8,4649.5,3237.3,2047.0,2166.9,4178.2,5573.0,2181.2,6938.3,3918.9,3508.4,3990.3,4351.0,3230.7,826.9,3846.3,3338.5,4752.0,4878.1,2079.9,4109.7,5440.1,3191.9,5513.8,3420.5,5644.9,5595.9,4893.3,3971.0,8046.5,5529.2,6538.7,5615.9,5512.3,6528.5,4938.8,7209.6,6304.0,6487.5,4840.3,5175.1,0.0,2087.1,4024.3,4564.0,2206.5,4787.2,4346.7,3945.5,3327.4,3921.9,7818.3,3878.6,3347.2,3247.1,6886.5,5471.7,86.1,4109.2,751.5,3402.8,4165.2,3431.4,6527.7,5567.9,3819.4,3350.3,2095.5,6698.7,2024.5,3666.2,3458.3,5634.5,8051.7,7900.7,8057.8,2055.1,9027.9,4240.2,5580.5,3913.6,4168.9,8444.5,98.7,4099.6,7510.3,4654.9,4111.8,4145.2,4828.0,5681.9,4483.9,6888.9,2890.6,4953.5,1862.3,4145.3,1882.4,3464.0,3301.9,6742.9,5744.1,6814.4,173.7,7905.0,3320.0,2145.8,3550.3,4148.4,3360.2,4889.4,68.2,6540.5,5047.9,4497.8,6924.6,5491.2,5071.8,7903.9,4139.5,4160.4,7482.5,6637.0,4083.4,7896.9,7935.0,4380.9,3586.3,5116.0,5144.5,2146.7,4003.1,3594.6
Kiwi Meieribygget Ørsta,3906.3,4032.1,4804.6,4833.1,6001.7,4794.3,5179.1,5535.6,4821.2,3945.8,5079.4,4749.7,6128.9,6114.9,4291.6,2661.3,4602.5,7616.9,5741.5,4090.5,4801.0,2056.5,5365.8,8551.1,5327.8,4176.6,708.3,112.2,4856.5,4189.8,842.5,5917.5,4597.2,4186.7,4668.6,5029.3,3909.0,2658.1,4524.6,4016.8,4240.3,5556.4,50.4,4788.0,6118.4,1808.7,4130.6,4098.8,4261.7,4212.7,5571.6,4649.3,7493.1,4146.0,7217.0,4232.7,4129.1,7206.8,5617.1,5826.4,6982.3,7165.8,5518.6,5853.4,2073.9,0.0,4702.6,5242.3,867.8,4250.5,5025.0,4623.8,4005.7,4600.2,7264.9,4556.9,4025.5,4186.4,5865.7,4088.5,2055.8,4787.5,1812.8,4342.1,4843.5,4109.7,7206.0,4184.7,4497.7,4028.6,44.7,5315.5,3085.8,4344.5,4397.6,4251.3,7498.3,8579.0,7504.4,716.4,7644.7,4918.5,4197.3,4591.9,4847.2,7891.1,2048.8,4777.9,8188.6,5333.2,4790.1,4823.5,5506.3,4298.7,5162.2,5868.1,3568.9,5631.8,2923.6,2762.1,304.8,4403.3,3980.2,5822.7,6422.4,7492.7,2131.9,8583.3,1248.2,807.1,4228.6,4826.7,4038.5,5567.7,2104.8,7218.8,5726.2,5176.1,5954.1,4108.0,5750.1,8582.2,4817.8,4838.7,8160.8,7315.3,4761.7,8575.2,8613.3,5059.2,1514.5,5794.3,5822.8,808.0,4681.4,4272.9
SUNDGATA 8,1215.5,741.1,113.3,141.8,1406.2,103.0,487.8,2207.2,129.9,1045.6,388.1,58.4,2800.5,10466.7,8972.1,3237.4,166.7,11921.3,2446.9,8771.0,109.7,3959.9,770.3,5256.5,1999.4,1752.1,5407.7,4796.7,1561.9,8870.3,5541.9,4716.4,144.2,1286.5,196.7,433.8,1008.8,3227.3,305.2,774.6,2530.1,960.9,4749.8,95.6,2790.0,6489.2,8811.1,747.3,8942.2,8893.2,976.1,177.4,11797.5,6021.3,3922.4,8913.2,8809.6,3878.4,1021.6,10019.6,3687.7,3837.4,2190.2,1257.9,3981.4,4718.3,0.0,1947.7,5567.2,2565.3,333.7,188.0,823.0,380.8,11569.3,343.9,1125.3,1761.9,4664.6,8769.0,3959.2,96.2,4502.5,1917.6,152.2,769.6,3911.4,8865.2,515.3,735.5,4725.2,9996.0,5775.5,474.5,1973.1,8931.8,11802.7,5284.4,11808.8,5415.8,12325.2,227.2,8877.8,304.0,1552.6,12195.5,4029.9,85.5,4860.2,737.7,97.7,132.2,2211.7,8979.2,1867.6,4667.0,1137.0,1036.3,5613.3,7442.6,5004.2,1978.8,814.9,4521.0,3094.0,4198.1,3894.4,5288.7,3489.2,5506.5,594.9,135.4,752.1,972.2,4049.6,3924.2,2431.6,1696.6,4702.7,8788.5,1154.6,5287.6,126.5,147.4,4832.4,4020.7,70.4,5280.6,5318.7,1764.6,3246.4,1198.8,1227.3,5507.4,64.6,571.0
Kiwi Skodje,1747.3,1382.5,2029.6,2058.1,3058.8,2019.3,2404.1,966.1,2046.2,1577.4,2304.4,1974.7,1559.4,10998.5,9503.9,3769.2,1827.5,12453.1,751.4,8882.5,2026.0,4491.7,2422.9,3561.0,758.3,2283.9,5939.5,5328.5,522.8,9402.1,6073.7,4499.0,1822.2,1396.4,1893.6,1958.9,1540.6,3759.1,1749.6,1318.5,2312.7,2613.5,5281.6,2013.0,1548.9,7021.0,8922.6,1323.8,9474.0,9425.0,2628.7,1874.3,12329.3,5803.9,2226.9,9445.0,8921.1,2637.3,2674.2,8324.1,1992.2,2596.3,949.1,2910.5,4513.2,5250.1,1927.6,0.0,6099.0,2347.9,2250.0,1848.8,1317.3,1825.2,12101.1,1786.3,1520.6,2293.7,4447.2,8880.5,4491.0,2012.5,5034.3,2449.4,2068.5,1224.4,2215.9,9397.0,1780.1,1267.3,5257.0,8836.5,6307.3,1573.9,2504.9,9463.6,12334.5,3588.9,12340.6,5947.6,12436.7,2143.5,9409.6,1816.9,513.5,12727.3,4561.7,2002.9,3619.1,1665.8,2015.1,2048.5,516.2,9511.0,164.2,4449.6,1668.8,1232.4,6145.1,7554.1,5536.0,2510.6,1318.6,4303.6,1852.9,2502.6,4426.2,3593.2,4021.0,6038.3,1512.5,2051.7,1283.9,2624.8,4581.4,2228.7,736.1,606.6,4485.3,8900.0,2807.2,3592.1,2042.8,2063.7,3591.3,2325.2,1986.7,3585.1,3623.2,492.7,3778.2,2851.4,2879.9,6039.2,1906.4,1594.5
Kiwi Volda,4770.3,4896.1,5668.6,5697.1,6865.7,5658.3,6043.1,6399.6,5685.2,4809.8,5943.4,5613.7,6992.9,5413.5,3590.2,2804.0,5466.5,6915.5,6605.5,3389.1,5665.0,2199.2,6229.8,8200.3,6191.8,5040.6,190.9,959.1,5720.5,3488.4,116.2,5216.1,5461.2,5050.7,5532.6,5893.3,4773.0,2800.8,5388.6,4880.8,5104.3,6420.4,872.1,5652.0,6982.4,1107.3,3429.2,4962.8,3560.3,3511.3,6435.6,5513.3,6791.7,3444.6,8081.0,3531.3,3427.7,8070.8,6481.1,5125.0,7846.3,8029.8,6382.6,6717.4,2216.6,879.3,5566.6,6106.3,0.0,5114.5,5889.0,5487.8,4869.7,5464.2,6563.5,5420.9,4889.5,5050.4,5164.3,3387.1,2198.5,5651.5,1955.5,5206.1,5707.5,4973.7,8070.0,3483.3,5361.7,4892.6,887.7,4614.1,3228.5,5208.5,5261.6,3549.9,6796.9,8228.2,6803.0,178.2,6943.3,5782.5,3495.9,5455.9,5711.2,7189.7,2191.5,5641.9,9052.6,6197.2,5654.1,5687.5,6370.3,3597.3,6026.2,5166.7,4432.9,6495.8,3066.3,2060.7,665.7,5267.3,4844.2,5121.3,7286.4,8356.7,2274.6,8232.5,2112.2,131.9,5092.6,5690.7,4902.5,6431.7,2247.5,8082.8,6590.2,6040.1,5252.7,3406.6,6614.1,8231.4,5681.8,5702.7,9024.8,8179.3,5625.7,8224.4,8262.5,5923.2,2378.5,6658.3,6686.8,92.9,5545.4,5136.9
Kiwi Sykkylven,1994.8,1890.1,2662.6,2691.1,3859.7,2652.3,3037.1,2896.6,2679.2,1751.3,2937.4,2607.7,3489.9,9344.7,7464.7,4016.7,2460.5,10846.7,2704.6,6614.8,2659.0,4739.2,3223.8,5215.5,2688.8,2531.4,4941.8,4330.8,2217.5,7362.9,5076.0,2231.3,2455.2,1395.0,2526.6,2887.3,1673.3,4006.6,2382.6,1874.8,31.9,3414.4,4283.9,2646.0,3479.4,5864.3,6654.9,1956.8,7434.8,7385.8,3429.6,2507.3,10722.9,3536.2,4180.1,7405.8,6653.4,4567.8,3475.1,8350.7,3945.4,4526.8,2879.6,3711.4,4760.7,4252.4,2560.6,2345.8,5101.3,0.0,2883.0,2481.8,1863.7,2458.2,10494.7,2414.9,1519.2,2541.2,2179.5,6612.8,4738.5,2645.5,5281.8,2696.9,2701.5,1967.7,4169.1,7414.5,2355.7,1886.6,4259.3,7839.8,6554.8,2202.5,2752.4,7424.4,10728.1,5243.4,10734.2,4949.9,10169.0,2776.5,7370.4,2449.9,2208.2,11120.9,4809.2,2635.9,5549.6,3191.2,2648.1,2681.5,2469.4,7471.8,2489.7,2181.9,1916.3,3162.9,6392.6,5286.4,4538.3,2758.1,1838.2,2035.9,3783.4,4455.8,4673.7,5247.7,3023.3,5040.6,2086.6,2684.7,1896.5,3425.7,4828.9,4181.9,2689.3,2537.1,2217.6,6632.3,3608.1,5246.6,2675.8,2696.7,5521.8,4278.4,2619.7,5239.6,5277.7,1980.6,2780.5,3652.3,3680.8,5041.5,2539.4,2130.9
SKARBØVIKGATA 25,1527.2,1052.8,241.2,269.7,1717.9,236.8,234.5,2518.9,240.8,1357.3,134.8,296.1,3112.2,10778.4,9283.8,3549.1,478.4,12233.0,2758.6,9082.7,238.5,4271.6,1082.0,5568.2,2311.1,2063.8,5719.4,5108.4,1873.6,9182.0,5853.6,5028.1,455.9,1598.2,508.4,745.5,1320.5,3539.0,616.9,1086.3,2841.8,1272.6,5061.5,302.6,3101.7,6800.9,9122.8,1059.0,9253.9,9204.9,1287.8,489.1,12109.2,6333.0,4234.1,9224.9,9121.3,4190.1,1333.3,10331.3,3999.4,4149.1,2501.9,1569.6,4293.1,5030.0,334.3,2259.4,5878.9,2877.0,0.0,499.7,1134.7,692.5,11881.0,655.6,1437.0,2073.6,4976.3,9080.7,4270.9,252.9,4814.2,2229.3,180.8,1081.3,4223.1,9176.9,827.0,1047.2,5036.9,10307.7,6087.2,786.2,2284.8,9243.5,12114.4,5596.1,12120.5,5727.5,12636.9,215.3,9189.5,615.7,1864.3,12507.2,4341.6,313.6,5171.9,1049.4,325.8,260.1,2523.4,9290.9,2179.3,4978.7,1448.7,1348.0,5925.0,7754.3,5315.9,2290.5,1126.6,4832.7,3405.7,4509.8,4206.1,5600.4,3800.9,5818.2,906.6,246.3,1063.8,1283.9,4361.3,4235.9,2743.3,2008.3,5014.4,9100.2,1466.3,5599.3,254.4,275.3,5144.1,4332.4,286.8,5592.3,5630.4,2076.3,3558.1,1510.5,1539.0,5819.1,376.3,882.7
NØRVEGATA 23,1148.7,674.3,265.6,294.1,1462.7,255.3,640.1,2174.2,282.2,978.8,540.4,210.7,2767.5,10399.9,8905.3,3170.6,43.6,11854.5,2380.1,8704.2,262.0,3893.1,826.8,5189.7,1966.4,1685.3,5340.9,4729.9,1495.1,8803.5,5475.1,4649.6,51.2,1219.7,122.6,490.3,942.0,3160.5,202.1,707.8,2463.3,1017.4,4683.0,249.0,2757.0,6422.4,8744.3,680.5,8875.4,8826.4,1032.6,103.3,11730.7,5954.5,3855.6,8846.4,8742.8,3845.4,1078.1,9952.8,3620.9,3804.4,2157.2,1314.4,3914.6,4651.5,163.6,1880.9,5500.4,2498.5,486.0,0.0,756.2,236.5,11502.5,274.4,1058.5,1695.1,4597.8,8702.2,3892.4,248.5,4435.7,1850.8,304.5,702.8,3844.6,8798.4,445.8,668.7,4658.4,9929.2,5708.7,407.7,1906.3,8865.0,11735.9,5217.6,11742.0,5349.0,12258.4,379.5,8811.0,146.7,1485.8,12128.7,3963.1,238.9,4827.2,794.2,251.1,284.5,2144.9,8912.4,1800.8,4600.2,1070.2,1092.8,5546.5,7375.8,4937.4,1912.0,748.1,4454.2,3061.0,4131.3,3827.6,5221.9,3422.4,5439.7,528.1,287.7,685.3,1028.7,3982.8,3857.4,2364.8,1753.1,4635.9,8721.7,1211.1,5220.8,278.8,299.7,4799.4,3953.9,222.7,5213.8,5251.9,1697.8,3179.6,1255.3,1283.8,5440.6,142.4,504.2
SPJELKAVIKVEGEN 42,512.7,158.1,926.7,955.2,2123.8,916.4,1301.2,1603.7,943.3,342.8,1201.5,871.8,2197.0,9763.9,8269.3,2534.6,724.6,11218.5,1809.6,8068.2,923.1,3257.1,1487.9,4619.2,1395.9,1049.3,4704.9,4093.9,924.6,8167.5,4839.1,4013.6,719.3,583.7,790.7,1151.4,306.0,2524.5,646.7,139.2,1827.3,1678.5,4047.0,910.1,2186.5,5786.4,8108.3,220.9,8239.4,8190.4,1693.7,771.4,11094.7,5318.5,3285.1,8210.4,8106.8,3274.9,1739.2,9382.3,3050.4,3233.9,1586.7,1975.5,3278.6,4015.5,824.7,1310.4,4864.4,1862.5,1147.1,745.9,0.0,722.3,10866.5,660.0,422.5,1059.1,3961.8,8066.2,3256.4,909.6,3799.7,1214.8,965.6,160.5,3274.1,8162.4,600.8,116.7,4022.4,9293.2,5072.7,447.6,1270.3,8229.0,11099.9,4647.1,11106.0,4713.0,11622.4,1040.6,8175.0,714.0,915.3,11492.7,3327.1,900.0,4256.7,1455.3,912.2,945.6,1574.4,8276.4,1230.3,3964.2,434.2,1753.9,4910.5,6739.8,4301.4,1276.0,22.4,3818.2,2490.5,3560.8,3191.6,4651.4,2786.4,4803.7,354.6,948.8,126.6,1689.8,3346.8,3286.9,1794.3,1244.2,3999.9,8085.7,1872.2,4650.3,939.9,960.8,4228.9,3383.4,883.8,4643.3,4681.4,1127.3,2543.6,1916.4,1944.9,4804.6,803.5,398.9
"Eggesbønes, 6008 Ålesund",1120.2,645.8,445.7,474.2,1642.8,435.4,820.2,2145.7,462.3,950.3,720.5,390.8,2739.0,10371.4,8876.8,3142.1,243.6,11826.0,2351.6,8675.7,442.1,3864.6,1006.9,5161.2,1937.9,1656.8,5312.4,4701.4,1466.6,8775.0,5446.6,4621.1,238.3,1191.2,309.7,670.4,913.5,3132.0,157.0,679.3,2434.8,1197.5,4654.5,429.1,2728.5,6393.9,8715.8,652.0,8846.9,8797.9,1212.7,290.4,11702.2,5926.0,3827.1,8817.9,8714.3,3816.9,1258.2,9924.3,3592.4,3775.9,2128.7,1494.5,3886.1,4623.0,343.7,1852.4,5471.9,2470.0,666.1,232.2,727.7,0.0,11474.0,218.6,1030.0,1666.6,4569.3,8673.7,3863.9,428.6,4407.2,1822.3,484.6,674.3,3816.1,8769.9,390.0,640.2,4629.9,9900.7,5680.2,379.2,1877.8,8836.5,11707.4,5189.1,11713.5,5320.5,12229.9,559.6,8782.5,174.4,1457.3,12100.2,3934.6,419.0,4798.7,974.3,431.2,464.6,2116.4,8883.9,1772.3,4571.7,1041.7,1272.9,5518.0,7347.3,4908.9,1883.5,719.6,4425.7,3032.5,4102.8,3799.1,5193.4,3393.9,5411.2,499.6,467.8,656.8,1208.8,3954.3,3828.9,2336.3,1786.2,4607.4,8693.2,1391.2,5192.3,458.9,479.8,4770.9,3925.4,402.8,5185.3,5223.4,1669.3,3151.1,1435.4,1463.9,5412.1,322.5,475.7
Kiwi Deknepollen,10558.5,10684.3,11456.8,11485.3,12653.9,11446.5,11831.3,12187.8,11473.4,10598.0,11731.6,11401.9,12781.1,1153.5,3138.8,8409.2,11254.7,402.2,12393.7,5812.7,11453.2,7804.4,12018.0,11718.7,11980.0,10828.8,6042.9,6747.3,11508.7,3140.1,6203.5,8734.5,11249.4,10838.9,11320.8,11681.5,10561.2,8406.0,11176.8,10669.0,10488.3,12208.6,6660.3,11440.2,12770.6,5464.4,5852.8,10751.0,3171.2,3181.6,12223.8,11301.5,278.4,6963.0,13869.2,3197.2,5851.3,13859.0,12269.3,7548.6,11854.0,13818.0,12170.8,12505.6,7821.8,6667.5,11354.8,11894.5,6202.4,10498.5,11677.2,11276.0,10657.9,11252.4,0.0,11209.1,10677.7,10838.6,8682.7,5810.7,7803.7,11439.7,7175.9,10994.3,11495.7,10761.9,13858.2,3166.4,11149.9,10680.8,6675.9,7037.7,8448.9,10996.7,11049.8,3183.8,283.6,11746.6,289.7,6051.0,8016.4,11570.7,3200.7,11244.1,11499.4,676.4,7796.7,11430.1,14840.8,11985.4,11442.3,11475.7,12158.5,3171.2,11814.4,8685.1,10221.1,12284.0,8286.7,5263.2,6453.9,11055.5,10632.4,8639.7,13074.6,14144.9,7879.8,11750.9,7900.4,6185.7,10880.8,11478.9,10690.7,12219.9,7852.7,13871.0,12378.4,11828.3,8771.1,5830.2,12402.3,11749.8,11470.0,11490.9,14813.0,13967.5,11413.9,11742.8,11780.9,11711.4,8166.7,12446.5,12475.0,6142.6,11333.6,10925.1
NEDRE KLOKKERSUNDVEGEN 2,1050.8,565.7,453.3,481.8,1650.4,443.0,827.8,2088.6,469.9,880.9,728.1,398.4,2681.9,10302.0,8807.4,3072.7,251.2,11756.6,2294.5,8606.3,449.7,3795.2,1014.5,5104.1,1880.8,1587.4,5243.0,4632.0,1409.5,8705.6,5377.2,4551.7,245.9,1121.8,317.3,678.0,844.1,3062.6,138.1,599.2,2365.4,1205.1,4585.1,436.7,2671.4,6324.5,8646.4,594.9,8777.5,8728.5,1220.3,298.0,11632.8,5856.6,3770.0,8748.5,8644.9,3759.8,1265.8,9867.2,3535.3,3718.8,2071.6,1502.1,3816.7,4553.6,351.3,1795.3,5402.5,2400.6,673.7,272.5,670.6,230.7,11404.6,0.0,960.6,1597.2,4499.9,8604.3,3794.5,436.2,4337.8,1752.9,492.2,617.2,3759.0,8700.5,233.7,583.1,4560.5,9831.3,5610.8,275.6,1808.4,8767.1,11638.0,5132.0,11644.1,5251.1,12160.5,567.2,8713.1,222.4,1400.2,12030.8,3865.2,426.6,4741.6,981.9,438.8,472.2,2059.3,8814.5,1715.2,4502.3,972.3,1280.5,5448.6,7277.9,4839.5,1814.1,650.2,4356.3,2975.4,4045.7,3729.7,5136.3,3324.5,5341.8,419.5,475.4,599.7,1216.4,3884.9,3771.8,2279.2,1729.1,4538.0,8623.8,1398.8,5135.2,466.5,487.4,4713.8,3868.3,410.4,5128.2,5166.3,1612.2,3081.7,1443.0,1471.5,5342.7,330.1,395.6
FLISNESVEGEN 1,546.9,442.2,1214.7,1243.2,2411.8,1204.4,1589.2,1945.7,1231.3,303.4,1489.5,1159.8,2539.0,9798.1,8303.5,2568.8,1012.6,11252.7,1875.9,8040.4,1211.1,3291.3,1775.9,4685.5,1737.9,1083.5,4739.1,4128.1,1266.6,8201.7,4873.3,3656.9,1007.3,227.0,1078.7,1439.4,225.4,2558.7,934.7,426.9,1470.6,1966.5,4081.2,1198.1,2528.5,5820.6,8080.5,508.9,8273.6,8224.6,1981.7,1059.4,11128.9,4961.8,3351.4,8244.6,8079.0,3616.9,2027.2,9448.6,3116.7,3575.9,1928.7,2263.5,3312.8,4049.7,1112.7,1517.1,4898.6,1505.8,1435.1,1033.9,415.8,1010.3,10900.7,967.0,0.0,1093.3,3605.1,8038.4,3290.6,1197.6,3833.9,1249.0,1253.6,519.8,3340.4,8196.6,907.8,438.7,4056.6,9265.4,5106.9,754.6,1304.5,8263.2,11134.1,4713.4,11140.2,4747.2,11594.6,1328.6,8209.2,1002.0,1257.3,11526.9,3361.3,1188.0,4598.7,1743.3,1200.2,1233.6,1640.7,8310.6,1572.3,3607.5,468.4,2041.9,4944.7,6712.0,4335.6,1310.2,390.3,3461.5,2832.5,3627.1,3225.8,4717.7,2820.6,4837.9,638.7,1236.8,448.6,1977.8,3381.0,3353.2,1860.6,1586.2,3643.2,8057.9,2160.2,4716.6,1227.9,1248.8,4570.9,3449.7,1171.8,4709.6,4747.7,1151.9,2577.8,2204.4,2232.9,4838.8,1091.5,683.0
"Fiskarstrand, 6037 Eidsnes",971.4,1097.2,1869.7,1898.2,3066.8,1859.4,2244.2,2600.7,1886.3,1010.9,2144.5,1814.8,3194.0,9684.6,8449.9,2455.3,1667.6,11139.2,2806.6,8248.8,1866.1,3177.8,2430.9,5616.2,2392.9,9.8,4885.5,4274.5,1921.6,8348.1,5019.7,4681.7,1662.3,1251.8,1733.7,2094.4,974.1,2445.2,1589.7,1081.9,2495.4,2621.5,4227.6,1853.1,3183.5,5967.0,8288.9,1163.9,8420.0,8371.0,2636.7,1714.4,11015.4,5986.6,4282.1,8391.0,8287.4,4271.9,2682.2,9984.7,4047.4,4230.9,2583.7,2918.5,3199.3,4196.1,1767.7,2307.4,5045.0,2530.6,2090.1,1688.9,1070.8,1665.3,10787.2,1622.0,1090.6,0.0,4629.9,8246.8,3177.1,1852.6,3720.4,198.3,1908.6,1174.8,4271.1,8343.0,1562.8,1093.7,4203.0,9473.8,4993.4,1409.6,253.8,8409.6,11020.6,5644.1,11026.7,4893.6,11803.0,1983.6,8355.6,1657.0,1912.3,11413.4,3247.8,1843.0,5253.7,2398.3,1855.2,1888.6,2571.4,8457.0,2227.3,4632.3,634.0,2696.9,4831.2,6920.4,4482.0,259.5,1045.3,4486.3,3487.5,4557.8,3112.3,5648.4,2967.0,4984.3,1293.7,1891.8,1103.6,2632.8,3267.5,4283.9,2791.3,2241.2,4668.0,8266.3,2815.2,5647.3,1882.9,1903.8,5225.9,4380.4,1826.8,5640.3,5678.4,2124.3,2724.2,2859.4,2887.9,4985.2,1746.5,1338.0
Kiwi Stranda,4100.4,3995.7,4768.2,4796.7,5965.3,4757.9,5142.7,5002.2,4784.8,3856.9,5043.0,4713.3,5595.5,7540.9,5660.9,6122.3,4566.1,9042.9,4512.8,4811.0,4764.6,6844.8,5329.4,3083.0,4794.4,4637.0,5230.4,5949.0,4323.1,5559.1,5155.7,98.8,4560.8,3500.6,4632.2,4992.9,3778.9,6112.2,4488.2,3980.4,2168.1,5520.0,5840.0,4751.6,5585.0,4060.5,4851.1,4062.4,5631.0,5582.0,5535.2,4612.9,8919.1,1732.4,5768.0,5602.0,4849.6,6673.4,5580.7,6546.9,3218.3,6527.7,4985.2,5817.0,6866.3,5869.2,4666.2,4451.4,5154.6,2178.3,4988.6,4587.4,3969.3,4563.8,8690.9,4520.5,3624.8,4646.8,0.0,4809.0,6844.1,4751.1,6995.0,4802.5,4807.1,4073.3,5757.0,5610.7,4461.3,3992.2,5826.0,6036.0,8268.0,4308.1,4858.0,5620.6,8924.3,3110.9,8930.4,5217.7,8365.2,4882.1,5566.6,4555.5,4313.8,9317.1,6914.8,4741.5,7655.2,5296.8,4753.7,4787.1,4575.0,5668.0,4595.3,49.4,4021.9,5268.5,8105.8,3482.6,5705.2,4863.7,3943.8,282.6,5889.0,5776.2,6779.3,3115.2,4999.3,5171.4,4192.2,4790.3,4002.1,5531.3,6934.5,5769.8,4520.2,4642.7,171.7,4828.5,5713.7,3114.1,4781.4,4802.3,7627.4,5866.3,4725.3,3107.1,3145.2,4086.2,4756.5,5757.9,5786.4,5132.4,4645.0,4236.5
Kiwi Stryn,7949.9,8075.7,8848.2,8876.7,10045.3,8837.9,9222.7,9428.9,8864.8,7989.4,9123.0,8793.3,10022.2,4664.1,2784.1,6060.2,8646.1,6166.1,9236.9,28.1,8844.6,5455.4,9409.4,7045.9,9221.1,8220.2,3447.1,4165.7,8749.8,2682.3,3372.4,4841.0,8640.8,7927.3,8712.2,9072.9,7952.6,6057.0,8568.2,8060.4,6594.8,9600.0,4056.7,8831.6,10011.7,2277.2,52.7,8142.4,2754.2,2705.2,9615.2,8692.9,6042.3,3069.5,10510.2,2725.2,51.2,11100.1,9660.7,1764.1,7960.5,11059.1,9411.9,9897.0,5472.8,4085.9,8746.2,8878.1,3371.3,6605.0,9068.6,8667.4,8049.3,8643.8,5814.1,8600.5,8051.5,8230.0,4789.2,0.0,5454.7,8831.1,5211.7,8385.7,8887.1,8153.3,10499.2,2733.9,8541.3,8072.2,4042.7,1253.2,6484.7,8388.1,8441.2,2743.8,6047.5,7073.8,6053.6,3434.4,3615.4,8962.1,2689.8,8635.5,8740.5,6440.3,5447.7,8821.5,12081.9,9376.8,8833.7,8867.1,9001.7,2791.2,9022.0,4791.6,7612.5,9675.4,6322.5,1369.7,3921.9,8446.9,8023.8,4746.2,10315.7,10518.4,5530.8,7078.1,5291.8,3388.1,8272.2,8870.3,8082.1,9611.3,5503.7,10512.0,9221.6,9069.4,4877.6,45.6,9793.7,7077.0,8861.4,8882.3,12054.1,10608.5,8805.3,7070.0,7108.1,8512.9,5558.1,9837.9,9866.4,3349.1,8725.0,8316.5
Kiwi Ulsteinvik,3201.3,3327.1,4099.6,4128.1,5296.7,4089.3,4474.1,4830.6,4116.2,3240.8,4374.4,4044.7,5423.9,6703.3,5662.4,803.4,3897.5,8157.9,5036.5,5461.3,4096.0,10.4,4660.8,7846.1,4622.8,3210.6,2034.6,2154.5,4151.5,5560.6,2168.8,6911.6,3892.2,3481.7,3963.6,4324.3,3204.0,800.2,3819.6,3311.8,4725.3,4851.4,2067.5,4083.0,5413.4,3179.5,5501.4,3393.8,5632.5,5583.5,4866.6,3944.3,8034.1,5516.8,6512.0,5603.5,5499.9,6501.8,4912.1,7197.2,6277.3,6460.8,4813.6,5148.4,83.9,2074.7,3997.6,4537.3,2194.1,4760.5,4320.0,3918.8,3300.7,3895.2,7805.9,3851.9,3320.5,3220.4,6859.8,5459.3,0.0,4082.5,739.1,3376.1,4138.5,3404.7,6501.0,5555.5,3792.7,3323.6,2083.1,6686.3,2012.1,3639.5,3431.6,5622.1,8039.3,7874.0,8045.4,2042.7,9015.5,4213.5,5568.1,3886.9,4142.2,8432.1,86.3,4072.9,7483.6,4628.2,4085.1,4118.5,4801.3,5669.5,4457.2,6862.2,2863.9,4926.8,1849.9,4132.9,1870.0,3437.3,3275.2,6716.2,5717.4,6787.7,232.4,7878.3,3307.6,2133.4,3523.6,4121.7,3333.5,4862.7,140.0,6513.8,5021.2,4471.1,6897.9,5478.8,5045.1,7877.2,4112.8,4133.7,7455.8,6610.3,4056.7,7870.2,7908.3,4354.2,3573.9,5089.3,5117.8,2134.3,3976.4,3567.9
RASMUS RØNNEBERGS GATE 6,1294.0,819.6,32.6,61.1,1484.7,22.3,407.1,2285.7,49.2,1124.1,307.4,62.9,2879.0,10545.2,9050.6,3315.9,245.2,11999.8,2525.4,8849.5,29.0,4038.4,848.8,5335.0,2077.9,1830.6,5486.2,4875.2,1640.4,8948.8,5620.4,4794.9,222.7,1365.0,275.2,512.3,1087.3,3305.8,383.7,853.1,2608.6,1039.4,4828.3,49.7,2868.5,6567.7,8889.6,825.8,9020.7,8971.7,1054.6,255.9,11876.0,6099.8,4000.9,8991.7,8888.1,3956.9,1100.1,10098.1,3766.2,3915.9,2268.7,1336.4,4059.9,4796.8,96.8,2026.2,5645.7,2643.8,253.0,266.5,901.5,459.3,11647.8,422.4,1203.8,1840.4,4743.1,8847.5,4037.7,0.0,4581.0,1996.1,71.5,848.1,3989.9,8943.7,593.8,814.0,4803.7,10074.5,5854.0,553.0,2051.6,9010.3,11881.2,5362.9,11887.3,5494.3,12403.7,146.5,8956.3,382.5,1631.1,12274.0,4108.4,60.7,4938.7,816.2,72.9,51.5,2290.2,9057.7,1946.1,4745.5,1215.5,1114.8,5691.8,7521.1,5082.7,2057.3,893.4,4599.5,3172.5,4276.6,3972.9,5367.2,3567.7,5585.0,673.4,54.7,830.6,1050.7,4128.1,4002.7,2510.1,1775.1,4781.2,8867.0,1233.1,5366.1,45.8,66.7,4910.9,4099.2,53.6,5359.1,5397.2,1843.1,3324.9,1277.3,1305.8,5585.9,143.1,649.5
Kiwi Myrvåg,3735.7,3861.5,4634.0,4662.5,5831.1,4623.7,5008.5,5365.0,4650.6,3775.2,4908.8,4579.1,5958.3,6061.2,5404.7,1337.8,4431.9,7515.8,5570.9,5203.6,4630.4,733.0,5195.2,8380.5,5157.2,3745.0,1776.9,1896.8,4685.9,5302.9,1911.1,7030.6,4426.6,4016.1,4498.0,4858.7,3738.4,1334.6,4354.0,3846.2,5259.7,5385.8,1809.8,4617.4,5947.8,2921.8,5243.7,3928.2,5374.8,5325.8,5401.0,4478.7,7392.0,5259.1,7046.4,5345.8,5242.2,7036.2,5446.5,6939.5,6811.7,6995.2,5348.0,5682.8,750.4,1817.0,4532.0,5071.7,1936.4,5294.9,4854.4,4453.2,3835.1,4429.6,7163.8,4386.3,3854.9,3754.8,6978.8,5201.6,732.3,4616.9,0.0,3910.5,4672.9,3939.1,7035.4,5297.8,4327.1,3858.0,1825.4,6428.6,1351.7,4173.9,3966.0,5364.4,7397.2,8408.4,7403.3,1785.0,8757.8,4747.9,5310.4,4421.3,4676.6,7790.0,725.3,4607.3,8018.0,5162.6,4619.5,4652.9,5335.7,5411.8,4991.6,6981.2,3398.3,5461.2,1189.5,3875.2,1612.3,3971.7,3809.6,6935.8,6251.8,7322.1,808.4,8412.7,3049.9,1875.7,4058.0,4656.1,3867.9,5397.1,781.3,7048.2,5555.6,5005.5,7067.2,5221.1,5579.5,8411.6,4647.2,4668.1,7990.2,7144.7,4591.1,8404.6,8442.7,4888.6,3316.2,5623.7,5652.2,1876.6,4510.8,4102.3
Kiwi Langevåg,1126.0,1251.8,2024.3,2052.8,3221.4,2014.0,2398.8,2755.3,2040.9,1165.5,2299.1,1969.4,3348.6,9839.2,8604.5,2609.9,1822.2,11293.8,2961.2,8403.4,2020.7,3332.4,2585.5,5770.8,2547.5,193.3,5040.1,4429.1,2076.2,8502.7,5174.3,4836.3,1816.9,1406.4,1888.3,2249.0,1128.7,2599.8,1744.3,1236.5,2650.0,2776.1,4382.2,2007.7,3338.1,6121.6,8443.5,1318.5,8574.6,8525.6,2791.3,1869.0,11170.0,6141.2,4436.7,8545.6,8442.0,4426.5,2836.8,10139.3,4202.0,4385.5,2738.3,3073.1,3353.9,4350.7,1922.3,2462.0,5199.6,2685.2,2244.7,1843.5,1225.4,1819.9,10941.8,1776.6,1245.2,203.1,4784.5,8401.4,3331.7,2007.2,3875.0,0.0,2063.2,1329.4,4425.7,8497.6,1717.4,1248.3,4357.6,9628.4,5148.0,1564.2,77.8,8564.2,11175.2,5798.7,11181.3,5048.2,11957.6,2138.2,8510.2,1811.6,2066.9,11568.0,3402.4,1997.6,5408.3,2552.9,2009.8,2043.2,2726.0,8611.6,2381.9,4786.9,788.6,2851.5,4985.8,7075.0,4636.6,83.5,1199.9,4640.9,3642.1,4712.4,3266.9,5803.0,3121.6,5138.9,1448.3,2046.4,1258.2,2787.4,3422.1,4438.5,2945.9,2395.8,4822.6,8420.9,2969.8,5801.9,2037.5,2058.4,5380.5,4535.0,1981.4,5794.9,5833.0,2278.9,2878.8,3014.0,3042.5,5139.8,1901.1,1492.6
NEDRE STRANDGATE 51,1346.4,872.0,71.1,99.6,1537.1,66.7,335.6,2338.1,64.7,1176.5,235.9,115.3,2931.4,10597.6,9103.0,3368.3,297.6,12052.2,2577.8,8901.9,57.7,4090.8,901.2,5387.4,2130.3,1883.0,5538.6,4927.6,1692.8,9001.2,5672.8,4847.3,275.1,1417.4,327.6,564.7,1139.7,3358.2,436.1,905.5,2661.0,1091.8,4880.7,121.8,2920.9,6620.1,8942.0,878.2,9073.1,9024.1,1107.0,308.3,11928.4,6152.2,4053.3,9044.1,8940.5,4009.3,1152.5,10150.5,3818.6,3968.3,2321.1,1388.8,4112.3,4849.2,153.5,2078.6,5698.1,2696.2,181.5,318.9,953.9,511.7,11700.2,474.8,1256.2,1892.8,4795.5,8899.9,4090.1,72.1,4633.4,2048.5,0.0,900.5,4042.3,8996.1,646.2,866.4,4856.1,10126.9,5906.4,605.4,2104.0,9062.7,11933.6,5415.3,11939.7,5546.7,12456.1,75.0,9008.7,434.9,1683.5,12326.4,4160.8,132.8,4991.1,868.6,145.0,90.0,2342.6,9110.1,1998.5,4797.9,1267.9,1167.2,5744.2,7573.5,5135.1,2109.7,945.8,4651.9,3224.9,4329.0,4025.3,5419.6,3620.1,5637.4,725.8,70.2,883.0,1103.1,4180.5,4055.1,2562.5,1827.5,4833.6,8919.4,1285.5,5418.5,84.3,105.2,4963.3,4151.6,106.0,5411.5,5449.6,1895.5,3377.3,1329.7,1358.2,5638.3,195.5,701.9
LERSTADVEGEN 545,614.4,249.6,867.8,896.3,2064.9,857.5,1242.3,1551.9,884.4,444.5,1142.6,812.9,2145.2,9865.6,8371.0,2636.3,665.7,11320.2,1757.8,8169.9,864.2,3358.8,1429.0,4567.4,1344.1,1151.0,4806.6,4195.6,872.8,8269.2,4940.8,4115.3,660.4,685.4,731.8,1092.5,407.7,2626.2,587.8,185.6,1929.0,1619.6,4148.7,851.2,2134.7,5888.1,8210.0,162.0,8341.1,8292.1,1634.8,712.5,11196.4,5420.2,3233.3,8312.1,8208.5,3223.1,1680.3,9330.5,2998.6,3182.1,1534.9,1916.6,3380.3,4117.2,765.8,1258.6,4966.1,1964.2,1088.2,687.0,165.6,663.4,10968.2,624.5,524.2,1160.8,4063.5,8167.9,3358.1,850.7,3901.4,1316.5,906.7,0.0,3222.3,8264.1,647.2,134.4,4124.1,9394.9,5174.4,412.1,1372.0,8330.7,11201.6,4595.3,11207.7,4814.7,11724.1,981.7,8276.7,655.1,863.5,11594.4,3428.8,841.1,4204.9,1396.4,853.3,886.7,1522.6,8378.1,1178.5,4065.9,535.9,1695.0,5012.2,6841.5,4403.1,1377.7,166.9,3919.9,2438.7,3509.0,3293.3,4599.6,2888.1,4905.4,379.6,889.9,151.0,1630.9,3448.5,3235.1,1742.5,1192.4,4101.6,8187.4,1813.3,4598.5,881.0,901.9,4177.1,3331.6,824.9,4591.5,4629.6,1075.5,2645.3,1857.5,1886.0,4906.3,744.6,461.6
Kiwi Vestnes,3724.1,3359.3,4006.4,4034.9,5203.5,3996.1,4380.9,2628.7,4023.0,3554.2,4281.2,3951.5,3505.9,12975.3,11361.0,5746.0,3804.3,14429.9,1533.1,10511.1,4002.8,6468.5,4567.6,4132.1,2698.6,4260.7,7916.3,7305.3,2512.0,11259.2,8050.5,5779.7,3799.0,3230.5,3870.4,4153.5,3508.8,5735.9,3726.4,3295.3,4146.8,4758.2,7258.4,3989.8,3495.4,8997.8,10551.2,3300.6,11331.1,11282.1,4773.4,3851.1,14306.1,7432.5,28.6,11302.1,10549.7,4583.8,4818.9,8895.2,2563.3,796.2,2512.2,5055.2,6490.0,7226.9,3904.4,2214.9,8075.8,4182.0,4226.8,3825.6,3294.1,3802.0,14077.9,3763.1,3354.7,4270.5,5765.8,10509.1,6467.8,3989.3,7011.1,4426.2,4045.3,3201.2,0.0,11310.8,3756.9,3244.1,7233.8,9407.6,8284.1,3550.7,4481.7,11320.7,14311.3,4160.0,14317.4,7924.4,14065.3,4120.3,11266.7,3793.7,2502.7,14704.1,6538.5,3979.7,5565.6,3860.4,3991.9,4025.3,2308.7,11368.1,2358.8,5730.3,3645.6,3427.0,8121.9,9182.7,7512.8,4487.4,3295.4,5982.7,3799.4,895.5,6403.0,4164.3,5997.8,8015.1,3489.3,4028.5,3260.7,4769.5,6558.2,30.4,1540.5,2801.2,5862.7,10528.6,4951.9,4163.2,4019.6,4040.5,5537.8,121.2,3963.5,4156.2,4194.3,2326.8,5755.0,4996.1,5024.6,8016.0,3883.2,3571.3
Kiwi Nordfjordeid,7472.2,7598.0,8370.5,8399.0,9567.6,8360.2,8745.0,9101.5,8387.1,7511.7,8645.3,8315.6,9694.8,2016.6,193.8,5505.9,8168.4,3518.6,9307.4,2726.4,8366.9,4901.1,8931.7,8632.4,8893.7,7742.5,2956.6,3661.0,8422.4,151.1,3117.2,5648.2,8163.1,7752.6,8234.5,8595.2,7474.9,5502.7,8090.5,7582.7,7402.0,9122.3,3574.0,8353.9,9684.3,2378.1,2766.5,7664.7,222.8,180.4,9137.5,8215.2,3394.8,3876.7,10782.9,200.4,2765.0,10772.7,9183.0,4462.3,8767.7,10731.7,9084.5,9419.3,4918.5,3581.2,8268.5,8808.2,3116.1,7412.2,8590.9,8189.7,7571.6,8166.1,3166.6,8122.8,7591.4,7752.3,5596.4,2724.4,4900.4,8353.4,4657.4,7908.0,8409.4,7675.6,10771.9,0.0,8063.6,7594.5,3589.6,3951.4,5930.4,7910.4,7963.5,194.8,3400.0,8660.3,3406.1,2964.7,5015.2,8484.4,199.5,8157.8,8413.1,3792.8,4893.4,8343.8,11754.5,8899.1,8356.0,8389.4,9072.2,226.2,8728.1,5598.8,7134.8,9197.7,5768.2,2176.9,3367.6,7969.2,7546.1,5553.4,9988.3,11058.6,4976.5,8664.6,4814.1,3099.4,7794.5,8392.6,7604.4,9133.6,4949.4,10784.7,9292.1,8742.0,5684.8,2743.9,9316.0,8663.5,8383.7,8404.6,11726.7,10881.2,8327.6,8656.5,8694.6,8625.1,5080.4,9360.2,9388.7,3056.3,8247.3,7838.8
SMEDGARDEN 1,982.7,497.6,617.6,646.1,1814.7,607.3,992.1,2077.0,634.2,812.8,892.4,562.7,2670.3,10233.9,8739.3,3004.6,415.5,11688.5,2282.9,8538.2,614.0,3727.1,1178.8,5092.5,1869.2,1519.3,5174.9,4563.9,1397.9,8637.5,5309.1,4483.6,410.2,1053.7,481.6,842.3,776.0,2994.5,302.4,531.1,2297.3,1369.4,4517.0,601.0,2659.8,6256.4,8578.3,637.3,8709.4,8660.4,1384.6,462.3,11564.7,5788.5,3758.4,8680.4,8576.8,3748.2,1430.1,9855.6,3523.7,3707.2,2060.0,1666.4,3748.6,4485.5,515.6,1783.7,5334.4,2332.5,838.0,436.8,607.6,395.0,11336.5,233.1,892.5,1529.1,4431.8,8536.2,3726.4,600.5,4269.7,1684.8,656.5,659.6,3747.4,8632.4,0.0,552.4,4492.4,9763.2,5542.7,346.0,1740.3,8699.0,11569.9,5120.4,11576.0,5183.0,12092.4,731.5,8645.0,386.7,1388.6,11962.7,3797.1,590.9,4730.0,1146.2,603.1,636.5,2047.7,8746.4,1703.6,4434.2,904.2,1444.8,5380.5,7209.8,4771.4,1746.0,582.1,4288.2,2963.8,4034.1,3661.6,5124.7,3256.4,5273.7,351.4,639.7,545.9,1380.7,3816.8,3760.2,2267.6,1717.5,4469.9,8555.7,1563.1,5123.6,630.8,651.7,4702.2,3856.7,574.7,5116.6,5154.7,1600.6,3013.6,1607.3,1635.8,5274.6,494.4,327.5
"Vallekrysset, 6013 Ålesund",531.9,139.9,841.4,869.9,2038.5,831.1,1215.9,1572.4,858.0,362.0,1116.2,786.5,2165.7,9783.1,8288.5,2553.8,639.3,11237.7,1778.3,8087.4,837.8,3276.3,1402.6,4587.9,1364.6,1068.5,4724.1,4113.1,893.3,8186.7,4858.3,4032.8,634.0,602.9,705.4,1066.1,325.2,2543.7,561.4,75.9,1846.5,1593.2,4066.2,824.8,2155.2,5805.6,8127.5,135.6,8258.6,8209.6,1608.4,686.1,11113.9,5337.7,3253.8,8229.6,8126.0,3243.6,1653.9,9351.0,3019.1,3202.6,1555.4,1890.2,3297.8,4034.7,739.4,1279.1,4883.6,1881.7,1061.8,660.6,112.2,637.0,10885.7,598.1,441.7,1078.3,3981.0,8085.4,3275.6,824.3,3818.9,1234.0,880.3,146.5,3242.8,8181.6,537.5,0.0,4041.6,9312.4,5091.9,385.7,1289.5,8248.2,11119.1,4615.8,11125.2,4732.2,11641.6,955.3,8194.2,628.7,884.0,11511.9,3346.3,814.7,4225.4,1370.0,826.9,860.3,1543.1,8295.6,1199.0,3983.4,453.4,1668.6,4929.7,6759.0,4320.6,1295.2,113.5,3837.4,2459.2,3529.5,3210.8,4620.1,2805.6,4822.9,269.9,863.5,41.3,1604.5,3366.0,3255.6,1763.0,1212.9,4019.1,8104.9,1786.9,4619.0,854.6,875.5,4197.6,3352.1,798.5,4612.0,4650.1,1096.0,2562.8,1831.1,1859.6,4823.8,718.2,351.9
"Ørsta, 6150 Ørsta",3907.2,4033.0,4805.5,4834.0,6002.6,4795.2,5180.0,5536.5,4822.1,3946.7,5080.3,4750.6,6129.8,6070.2,4246.9,2672.7,4603.4,7572.2,5742.4,4045.8,4801.9,2067.9,5366.7,8552.0,5328.7,4177.5,719.7,123.6,4857.4,4145.1,853.9,5872.8,4598.1,4187.6,4669.5,5030.2,3909.9,2669.5,4525.5,4017.7,4241.2,5557.3,61.8,4788.9,6119.3,1764.0,4085.9,4099.7,4217.0,4168.0,5572.5,4650.2,7448.4,4101.3,7217.9,4188.0,4084.4,7207.7,5618.0,5781.7,6983.2,7166.7,5519.5,5854.3,2085.3,43.8,4703.5,5243.2,879.2,4251.4,5025.9,4624.7,4006.6,4601.1,7220.2,4557.8,4026.4,4187.3,5821.0,4043.8,2067.2,4788.4,1824.2,4343.0,4844.4,4110.6,7206.9,4140.0,4498.6,4029.5,0.0,5270.8,3097.2,4345.4,4398.5,4206.6,7453.6,8579.9,7459.7,727.8,7600.0,4919.4,4152.6,4592.8,4848.1,7846.4,2060.2,4778.8,8189.5,5334.1,4791.0,4824.4,5507.2,4254.0,5163.1,5823.4,3569.8,5632.7,2935.0,2717.4,316.2,4404.2,3981.1,5778.0,6423.3,7493.6,2143.3,8584.2,1249.1,818.5,4229.5,4827.6,4039.4,5568.6,2116.2,7219.7,5727.1,5177.0,5909.4,4063.3,5751.0,8583.1,4818.7,4839.6,8161.7,7316.2,4762.6,8576.1,8614.2,5060.1,1515.4,5795.2,5823.7,819.4,4682.3,4273.8
Matstova,9168.1,9293.9,10066.4,10094.9,11263.5,10056.1,10440.9,9813.9,10083.0,9207.6,10341.2,10011.5,10407.2,5882.3,4002.3,7278.4,9864.3,7384.3,8186.3,1237.9,10062.8,6673.6,10627.6,5820.7,9606.1,9438.4,4665.3,5383.9,9165.2,3900.5,4590.6,6059.2,9859.0,9145.5,9930.4,10291.1,9170.8,7275.2,9786.4,9278.6,7813.0,10818.2,5274.9,10049.8,10396.7,3495.4,1289.5,9360.6,3972.4,3923.4,10833.4,9911.1,7260.5,4287.7,9441.5,3943.4,1252.0,11485.1,10878.9,538.9,6891.8,10201.2,9796.9,11115.2,6691.0,5304.1,9964.4,8868.1,4589.5,7823.2,10286.8,9885.6,9267.5,9862.0,7032.3,9818.7,9269.7,9448.2,6007.4,1250.9,6672.9,10049.3,6429.9,9603.9,10105.3,9371.5,9430.5,3952.1,9759.5,9290.4,5260.9,0.0,7702.9,9606.3,9659.4,3962.0,7265.7,5848.6,7271.8,4652.6,4833.6,10180.3,3908.0,9853.7,9155.9,7658.5,6665.9,10039.7,12466.9,10513.6,10051.9,10085.3,8961.9,4009.4,9012.0,6009.8,8830.7,10080.2,7540.7,2587.9,5140.1,9665.1,9242.0,5964.4,10700.7,9449.7,6749.0,5852.9,6510.0,4606.3,9490.4,10088.5,9300.3,10829.5,6721.9,9443.3,8193.7,9454.4,6095.8,1218.0,11011.9,5851.8,10079.6,10100.5,12439.1,9539.8,10023.5,5844.8,5882.9,8980.0,6776.3,11056.1,11084.6,4567.3,9943.2,9534.7
Meny Fosnavåg,5012.7,5138.5,5911.0,5939.5,7108.1,5900.7,6285.5,6642.0,5927.6,5052.2,6185.8,5856.1,7235.3,7338.2,6681.7,2614.8,5708.9,8792.8,6847.9,6480.6,5907.4,2010.0,6472.2,9657.5,6434.2,5022.0,3053.9,3173.8,5962.9,6579.9,3188.1,8307.6,5703.6,5293.1,5775.0,6135.7,5015.4,2611.6,5631.0,5123.2,6536.7,6662.8,3086.8,5894.4,7224.8,4198.8,6520.7,5205.2,6651.8,6602.8,6678.0,5755.7,8669.0,6536.1,8323.4,6622.8,6519.2,8313.2,6723.5,8216.5,8088.7,8272.2,6625.0,6959.8,2027.4,3094.0,5809.0,6348.7,3213.4,6571.9,6131.4,5730.2,5112.1,5706.6,8440.8,5663.3,5131.9,5031.8,8255.8,6478.6,2009.3,5893.9,1362.3,5187.5,5949.9,5216.1,8312.4,6574.8,5604.1,5135.0,3102.4,7705.6,0.0,5450.9,5243.0,6641.4,8674.2,9685.4,8680.3,3062.0,10034.8,6024.9,6587.4,5698.3,5953.6,9067.0,2002.3,5884.3,9295.0,6439.6,5896.5,5929.9,6612.7,6688.8,6268.6,8258.2,4675.3,6738.2,195.0,5152.2,2889.3,5248.7,5086.6,8212.8,7528.8,8599.1,2085.4,9689.7,4326.9,3152.7,5335.0,5933.1,5144.9,6674.1,2058.3,8325.2,6832.6,6282.5,8344.2,6498.1,6856.5,9688.6,5924.2,5945.1,9267.2,8421.7,5868.1,9681.6,9719.7,6165.6,4593.2,6900.7,6929.2,3153.6,5787.8,5379.3
LERSTADVEGEN 291,840.3,355.2,605.2,633.7,1802.3,594.9,979.7,1881.8,621.8,670.4,880.0,550.3,2475.1,10091.5,8596.9,2862.2,403.1,11546.1,2087.7,8395.8,601.6,3584.7,1166.4,4897.3,1674.0,1376.9,5032.5,4421.5,1202.7,8495.1,5166.7,4341.2,397.8,911.3,469.2,829.9,633.6,2852.1,325.2,388.7,2154.9,1357.0,4374.6,588.6,2464.6,6114.0,8435.9,388.1,8567.0,8518.0,1372.2,449.9,11422.3,5646.1,3563.2,8538.0,8434.4,3553.0,1417.7,9660.4,3328.5,3512.0,1864.8,1654.0,3606.2,4343.1,503.2,1588.5,5192.0,2190.1,825.6,424.4,463.8,400.8,11194.1,271.2,750.1,1386.7,4289.4,8393.8,3584.0,588.1,4127.3,1542.4,644.1,410.4,3552.2,8490.0,352.0,376.3,4350.0,9620.8,5400.3,0.0,1597.9,8556.6,11427.5,4925.2,11433.6,5040.6,11950.0,719.1,8502.6,392.5,1193.4,11820.3,3654.7,578.5,4534.8,1133.8,590.7,624.1,1852.5,8604.0,1508.4,4291.8,761.8,1432.4,5238.1,7067.4,4629.0,1603.6,439.7,4145.8,2768.6,3838.9,3519.2,4929.5,3114.0,5131.3,209.0,627.3,392.9,1368.3,3674.4,3565.0,2072.4,1522.3,4327.5,8413.3,1550.7,4928.4,618.4,639.3,4507.0,3661.5,562.3,4921.4,4959.5,1405.4,2871.2,1594.9,1623.4,5132.2,482.0,185.1
"Sula, 6030 Langevåg",1182.1,1307.9,2080.4,2108.9,3277.5,2070.1,2454.9,2811.4,2097.0,1221.6,2355.2,2025.5,3404.7,9895.3,8660.6,2666.0,1878.3,11349.9,3017.3,8459.5,2076.8,3388.5,2641.6,5826.9,2603.6,249.4,5096.2,4485.2,2132.3,8558.8,5230.4,4892.4,1873.0,1462.5,1944.4,2305.1,1184.8,2655.9,1800.4,1292.6,2706.1,2832.2,4438.3,2063.8,3394.2,6177.7,8499.6,1374.6,8630.7,8581.7,2847.4,1925.1,11226.1,6197.3,4492.8,8601.7,8498.1,4482.6,2892.9,10195.4,4258.1,4441.6,2794.4,3129.2,3410.0,4406.8,1978.4,2518.1,5255.7,2741.3,2300.8,1899.6,1281.5,1876.0,10997.9,1832.7,1301.3,259.2,4840.6,8457.5,3387.8,2063.3,3931.1,80.6,2119.3,1385.5,4481.8,8553.7,1773.5,1304.4,4413.7,9684.5,5204.1,1620.3,0.0,8620.3,11231.3,5854.8,11237.4,5104.3,12013.7,2194.3,8566.3,1867.7,2123.0,11624.1,3458.5,2053.7,5464.4,2609.0,2065.9,2099.3,2782.1,8667.7,2438.0,4843.0,844.7,2907.6,5041.9,7131.1,4692.7,61.8,1256.0,4697.0,3698.2,4768.5,3323.0,5859.1,3177.7,5195.0,1504.4,2102.5,1314.3,2843.5,3478.2,4494.6,3002.0,2451.9,4878.7,8477.0,3025.9,5858.0,2093.6,2114.5,5436.6,4591.1,2037.5,5851.0,5889.1,2335.0,2934.9,3070.1,3098.6,5195.9,1957.2,1548.7
minibakeriet,7540.7,7666.5,8439.0,8467.5,9636.1,8428.7,8813.5,9170.0,8455.6,7580.2,8713.8,8384.1,9763.3,1996.3,49.2,5574.4,8236.9,3498.3,9375.9,2783.2,8435.4,4969.6,9000.2,8689.2,8962.2,7811.0,3025.1,3729.5,8490.9,99.6,3185.7,5705.0,8231.6,7821.1,8303.0,8663.7,7543.4,5571.2,8159.0,7651.2,7458.8,9190.8,3642.5,8422.4,9752.8,2446.6,2823.3,7733.2,56.5,80.6,9206.0,8283.7,3374.5,3933.5,10851.4,82.5,2821.8,10841.2,9251.5,4519.1,8824.5,10800.2,9153.0,9487.8,4987.0,3649.7,8337.0,8876.7,3184.6,7469.0,8659.4,8258.2,7640.1,8234.6,3146.3,8191.3,7659.9,7820.8,5653.2,2781.2,4968.9,8421.9,4725.9,7976.5,8477.9,7744.1,10840.4,148.6,8132.1,7663.0,3658.1,4008.2,5998.9,7978.9,8032.0,0.0,3379.7,8717.1,3385.8,3033.2,4975.9,8552.9,160.2,8226.3,8481.6,3772.5,4961.9,8412.3,11823.0,8967.6,8424.5,8457.9,9140.7,49.0,8796.6,5655.6,7203.3,9266.2,5836.7,2233.7,3436.1,8037.7,7614.6,5610.2,10056.8,11127.1,5045.0,8721.4,4882.6,3167.9,7863.0,8461.1,7672.9,9202.1,5017.9,10853.2,9360.6,8810.5,5741.6,2800.7,9384.5,8720.3,8452.2,8473.1,11795.2,10949.7,8396.1,8713.3,8751.4,8693.6,5148.9,9428.7,9457.2,3124.8,8315.8,7907.3
"Måløy, 6700 Måløy",10805.0,10930.8,11703.3,11731.8,12900.4,11693.0,12077.8,12434.3,11719.9,10844.5,11978.1,11648.4,13027.6,1400.0,3385.3,8655.7,11501.2,306.5,12640.2,6059.2,11699.7,8050.9,12264.5,11965.2,12226.5,11075.3,6289.4,6993.8,11755.2,3386.6,6450.0,8981.0,11495.9,11085.4,11567.3,11928.0,10807.7,8652.5,11423.3,10915.5,10734.8,12455.1,6906.8,11686.7,13017.1,5710.9,6099.3,10997.5,3417.7,3428.1,12470.3,11548.0,5.2,7209.5,14115.7,3443.7,6097.8,14105.5,12515.8,7795.1,12100.5,14064.5,12417.3,12752.1,8068.3,6914.0,11601.3,12141.0,6448.9,10745.0,11923.7,11522.5,10904.4,11498.9,303.2,11455.6,10924.2,11085.1,8929.2,6057.2,8050.2,11686.2,7422.4,11240.8,11742.2,11008.4,14104.7,3412.9,11396.4,10927.3,6922.4,7284.2,8695.4,11243.2,11296.3,3430.3,0.0,11993.1,38.4,6297.5,8262.9,11817.2,3447.2,11490.6,11745.9,444.7,8043.2,11676.6,15087.3,12231.9,11688.8,11722.2,12405.0,3417.7,12060.9,8931.6,10467.6,12530.5,8533.2,5509.7,6700.4,11302.0,10878.9,8886.2,13321.1,14391.4,8126.3,11997.4,8146.9,6432.2,11127.3,11725.4,10937.2,12466.4,8099.2,14117.5,12624.9,12074.8,9017.6,6076.7,12648.8,11996.3,11716.5,11737.4,15059.5,14214.0,11660.4,11989.3,12027.4,11957.9,8413.2,12693.0,12721.5,6389.1,11580.1,11171.6
"Valldal, 6210 Valldal",5097.3,4732.5,5379.6,5408.1,6576.7,5369.3,5754.1,4533.9,5396.2,4927.4,5654.4,5324.7,5127.2,10588.8,8708.8,7119.2,5177.5,12090.8,2906.3,7165.2,5376.0,7841.7,5940.8,64.2,4326.1,5633.9,8278.3,8678.5,3885.2,8607.0,8203.6,3127.5,5172.2,4603.7,5243.6,5526.7,4882.0,7109.1,5099.6,4668.5,5216.0,6131.4,8631.6,5363.0,5116.7,7108.4,7216.8,4673.8,8678.9,8629.9,6146.6,5224.3,11967.0,4780.3,4161.5,8649.9,7179.3,6205.1,6192.1,5437.5,1611.8,4921.2,4516.9,6428.4,7863.2,8600.1,5277.6,3588.1,8202.5,5226.2,5600.0,5198.8,4667.3,5175.2,11738.8,5136.3,4727.9,5643.7,3113.6,7178.2,7841.0,5362.5,8384.3,5799.4,5418.5,4574.4,4150.5,8658.6,5130.1,4617.3,8607.0,5949.9,9657.3,4923.9,5854.9,8668.5,11972.2,0.0,11978.3,8265.6,10760.9,5493.5,8614.5,5166.9,3875.9,12365.0,7911.7,5352.9,7186.9,5233.6,5365.1,5398.5,3681.9,8715.9,3732.0,3078.1,5018.8,4800.2,9495.1,6530.5,8753.1,5860.6,4668.6,3330.5,5420.7,4169.7,7776.2,4.3,7371.0,8219.3,4862.5,5401.7,4633.9,6142.7,7931.4,4163.3,2913.7,4174.4,3210.5,7145.3,6325.1,9.1,5392.8,5413.7,7159.1,4259.8,5336.7,7.5,64.8,3700.0,7128.2,6369.3,6397.8,8180.3,5256.4,4944.5
"Måløy, 6700 Måløy",10807.7,10933.5,11706.0,11734.5,12903.1,11695.7,12080.5,12437.0,11722.6,10847.2,11980.8,11651.1,13030.3,1402.7,3388.0,8658.4,11503.9,309.2,12642.9,6061.9,11702.4,8053.6,12267.2,11967.9,12229.2,11078.0,6292.1,6996.5,11757.9,3389.3,6452.7,8983.7,11498.6,11088.1,11570.0,11930.7,10810.4,8655.2,11426.0,10918.2,10737.5,12457.8,6909.5,11689.4,13019.8,5713.6,6102.0,11000.2,3420.4,3430.8,12473.0,11550.7,36.4,7212.2,14118.4,3446.4,6100.5,14108.2,12518.5,7797.8,12103.2,14067.2,12420.0,12754.8,8071.0,6916.7,11604.0,12143.7,6451.6,10747.7,11926.4,11525.2,10907.1,11501.6,305.9,11458.3,10926.9,11087.8,8931.9,6059.9,8052.9,11688.9,7425.1,11243.5,11744.9,11011.1,14107.4,3415.6,11399.1,10930.0,6925.1,7286.9,8698.1,11245.9,11299.0,3433.0,41.6,11995.8,0.0,6300.2,8265.6,11819.9,3449.9,11493.3,11748.6,441.0,8045.9,11679.3,15090.0,12234.6,11691.5,11724.9,12407.7,3420.4,12063.6,8934.3,10470.3,12533.2,8535.9,5512.4,6703.1,11304.7,10881.6,8888.9,13323.8,14394.1,8129.0,12000.1,8149.6,6434.9,11130.0,11728.1,10939.9,12469.1,8101.9,14120.2,12627.6,12077.5,9020.3,6079.4,12651.5,11999.0,11719.2,11740.1,15062.2,14216.7,11663.1,11992.0,12030.1,11960.6,8415.9,12695.7,12724.2,6391.8,11582.8,11174.3
Naustet Grill,4607.7,4733.5,5506.0,5534.5,6703.1,5495.7,5880.5,6237.0,5522.6,4647.2,5780.8,5451.1,6830.3,5459.7,3636.4,2641.4,5303.9,6961.7,6442.9,3435.3,5502.4,2036.6,6067.2,8246.5,6029.2,4878.0,12.7,796.5,5557.9,3534.6,169.2,5262.3,5298.6,4888.1,5370.0,5730.7,4610.4,2638.2,5226.0,4718.2,4941.7,6257.8,709.5,5489.4,6819.8,1153.5,3475.4,4800.2,3606.5,3557.5,6273.0,5350.7,6837.9,3490.8,7918.4,3577.5,3473.9,7908.2,6318.5,5171.2,7683.7,7867.2,6220.0,6554.8,2054.0,716.7,5404.0,5943.7,168.1,4951.9,5726.4,5325.2,4707.1,5301.6,6609.7,5258.3,4726.9,4887.8,5210.5,3433.3,2035.9,5488.9,1792.9,5043.5,5544.9,4811.1,7907.4,3529.5,5199.1,4730.0,725.1,4660.3,3065.9,5045.9,5099.0,3596.1,6843.1,8274.4,6849.2,0.0,6989.5,5619.9,3542.1,5293.3,5548.6,7235.9,2028.9,5479.3,8890.0,6034.6,5491.5,5524.9,6207.7,3643.5,5863.6,5212.9,4270.3,6333.2,2903.7,2106.9,503.1,5104.7,4681.6,5167.5,7123.8,8194.1,2112.0,8278.7,1949.6,172.0,4930.0,5528.1,4739.9,6269.1,2084.9,7920.2,6427.6,5877.5,5298.9,3452.8,6451.5,8277.6,5519.2,5540.1,8862.2,8016.7,5463.1,8270.6,8308.7,5760.6,2215.9,6495.7,6524.2,108.3,5382.8,4974.3
"Innviksvegen, 6793 Innvik",11499.0,11624.8,12397.3,12425.8,13594.4,12387.0,12771.8,12978.0,12413.9,11538.5,12672.1,12342.4,13571.3,6859.8,4971.6,9609.3,12195.2,8361.8,12786.0,3613.2,12393.7,9004.5,12958.5,10623.6,12770.2,11769.3,6996.2,7714.8,12298.9,4869.8,6921.5,8390.1,12189.9,11476.4,12261.3,12622.0,11501.7,9606.1,12117.3,11609.5,10143.9,13149.1,7605.8,12380.7,13560.8,5826.3,3646.0,11691.5,4941.7,4892.7,13164.3,12242.0,8238.0,6618.6,14059.3,4912.7,3644.5,14649.2,13209.8,5341.8,11509.6,14608.2,12961.0,13446.1,9021.9,7635.0,12295.3,12427.2,6920.4,10154.1,12617.7,12216.5,11598.4,12192.9,8009.8,12149.6,11600.6,11779.1,8338.3,3603.9,9003.8,12380.2,8760.8,11934.8,12436.2,11702.4,14048.3,5011.5,12090.4,11621.3,7591.8,4830.9,10033.8,11937.2,11990.3,4931.3,8243.2,10651.5,8249.3,6983.5,0.0,12511.2,4877.3,12184.6,12289.6,8636.0,8996.8,12370.6,15631.0,12925.9,12382.8,12416.2,12550.8,4978.7,12571.1,8340.7,11161.6,13224.5,9871.6,4918.8,7471.0,11996.0,11572.9,8295.3,13864.8,14067.5,9079.9,10655.8,8840.9,6937.2,11821.3,12419.4,11631.2,13160.4,9052.8,14061.1,12770.7,12618.5,8426.7,3630.7,13342.8,10654.7,12410.5,12431.4,15603.2,14157.6,12354.4,10647.7,10685.8,12062.0,9107.2,13387.0,13415.5,6898.2,12274.1,11865.6
"Skateflukaia, 6002 Ålesund",1427.0,952.6,116.6,133.9,1617.7,127.1,369.1,2418.7,144.7,1257.1,269.4,195.9,3012.0,10678.2,9183.6,3448.9,378.2,12132.8,2658.4,8982.5,138.3,4171.4,981.8,5468.0,2210.9,1963.6,5619.2,5008.2,1773.4,9081.8,5753.4,4927.9,355.7,1498.0,408.2,645.3,1220.3,3438.8,516.7,986.1,2741.6,1172.4,4961.3,202.4,3001.5,6700.7,9022.6,958.8,9153.7,9104.7,1187.6,388.9,12009.0,6232.8,4133.9,9124.7,9021.1,4089.9,1233.1,10231.1,3899.2,4048.9,2401.7,1469.4,4192.9,4929.8,234.1,2159.2,5778.7,2776.8,215.0,399.5,1034.5,592.3,11780.8,555.4,1336.8,1973.4,4876.1,8980.5,4170.7,152.7,4714.0,2129.1,80.6,981.1,4122.9,9076.7,726.8,947.0,4936.7,10207.5,5987.0,686.0,2184.6,9143.3,12014.2,5495.9,12020.3,5627.3,12536.7,0.0,9089.3,515.5,1764.1,12407.0,4241.4,213.4,5071.7,949.2,225.6,124.3,2423.2,9190.7,2079.1,4878.5,1348.5,1247.8,5824.8,7654.1,5215.7,2190.3,1026.4,4732.5,3305.5,4409.6,4105.9,5500.2,3700.7,5718.0,806.4,149.9,963.6,1183.7,4261.1,4135.7,2643.1,1908.1,4914.2,9000.0,1366.1,5499.1,103.4,94.3,5043.9,4232.2,186.6,5492.1,5530.2,1976.1,3457.9,1410.3,1438.8,5718.9,276.1,782.5
Nordfjord hotell,7548.9,7674.7,8447.2,8475.7,9644.3,8436.9,8821.7,9178.2,8463.8,7588.4,8722.0,8392.3,9771.5,2058.6,170.4,5582.6,8245.1,3560.6,9384.1,2694.2,8443.6,4977.8,9008.4,8600.2,8970.4,7819.2,3033.3,3737.7,8499.1,68.6,3193.9,5616.0,8239.8,7829.3,8311.2,8671.9,7551.6,5579.4,8167.2,7659.4,7369.8,9199.0,3650.7,8430.6,9761.0,2404.7,2734.3,7741.4,140.5,91.5,9214.2,8291.9,3436.8,3844.5,10859.6,101.3,2732.8,10849.4,9259.7,4430.1,8735.5,10808.4,9161.2,9496.0,4995.2,3657.9,8345.2,8884.9,3192.8,7380.0,8667.6,8266.4,7648.3,8242.8,3208.6,8199.5,7668.1,7829.0,5564.2,2692.2,4977.1,8430.1,4734.1,7984.7,8486.1,7752.3,10848.6,210.3,8140.3,7671.2,3666.3,3919.2,6007.1,7987.1,8040.2,130.1,3442.0,8628.1,3448.1,3041.4,4886.9,8561.1,0.0,8234.5,8489.8,3834.8,4970.1,8420.5,11831.2,8975.8,8432.7,8466.1,9148.9,177.5,8804.8,5566.6,7211.5,9274.4,5844.9,2144.7,3444.3,8045.9,7622.8,5521.2,10065.0,11135.3,5053.2,8632.4,4890.8,3176.1,7871.2,8469.3,7681.1,9210.3,5026.1,10861.4,9368.8,8818.7,5652.6,2711.7,9392.7,8631.3,8460.4,8481.3,11803.4,10957.9,8404.3,8624.3,8662.4,8701.8,5157.1,9436.9,9465.4,3133.0,8324.0,7915.5
Nørve barnehage,1120.9,646.5,385.3,413.8,1582.4,375.0,759.8,2146.4,401.9,951.0,660.1,330.4,2739.7,10372.1,8877.5,3142.8,163.3,11826.7,2352.3,8676.4,381.7,3865.3,946.5,5161.9,1938.6,1657.5,5313.1,4702.1,1467.3,8775.7,5447.3,4621.8,170.9,1191.9,242.3,610.0,914.2,3132.7,147.0,680.0,2435.5,1137.1,4655.2,368.7,2729.2,6394.6,8716.5,652.7,8847.6,8798.6,1152.3,223.0,11702.9,5926.7,3827.8,8818.6,8715.0,3817.6,1197.8,9925.0,3593.1,3776.6,2129.4,1434.1,3886.8,4623.7,283.3,1853.1,5472.6,2470.7,605.7,148.2,728.4,181.4,11474.7,219.3,1030.7,1667.3,4570.0,8674.4,3864.6,368.2,4407.9,1823.0,424.2,675.0,3816.8,8770.6,390.7,640.9,4630.6,9901.4,5680.9,379.9,1878.5,8837.2,11708.1,5189.8,11714.2,5321.2,12230.6,499.2,8783.2,0.0,1458.0,12100.9,3935.3,358.6,4799.4,913.9,370.8,404.2,2117.1,8884.6,1773.0,4572.4,1042.4,1212.5,5518.7,7348.0,4909.6,1884.2,720.3,4426.4,3033.2,4103.5,3799.8,5194.1,3394.6,5411.9,500.3,407.4,657.5,1148.4,3955.0,3829.6,2337.0,1786.9,4608.1,8693.9,1330.8,5193.0,398.5,419.4,4771.6,3926.1,342.4,5186.0,5224.1,1670.0,3151.8,1375.0,1403.5,5412.8,262.1,476.4
Obs Bygg Digernes,1355.2,990.4,1637.5,1666.0,2834.6,1627.2,2012.0,804.8,1654.1,1185.3,1912.3,1582.6,1398.1,10606.4,9111.8,3377.1,1435.4,12061.0,1043.5,8751.0,1633.9,4099.6,2198.7,3853.1,597.0,1891.8,5547.4,4936.4,56.3,9010.0,5681.6,4367.5,1430.1,1264.9,1501.5,1797.6,1148.5,3367.0,1357.5,926.4,2181.2,2389.3,4889.5,1620.9,1387.6,6628.9,8791.1,931.7,9081.9,9032.9,2404.5,1482.2,11937.2,5672.4,2519.0,9052.9,8789.6,2476.0,2450.0,8616.2,2284.3,2435.0,787.8,2686.3,4121.1,4858.0,1535.5,511.5,5706.9,2216.4,1857.9,1456.7,925.2,1433.1,11709.0,1394.2,1265.0,1901.6,4315.7,8749.0,4098.9,1620.4,4642.2,2057.3,1676.4,832.3,2508.0,9004.9,1388.0,875.2,4864.9,9128.6,5915.2,1181.8,2112.8,9071.5,11942.4,3881.0,11948.5,5555.5,12305.2,1751.4,9017.5,1424.8,0.0,12335.2,4169.6,1610.8,3457.8,1504.5,1623.0,1656.4,808.3,9118.9,431.4,4318.1,1276.7,1071.1,5753.0,7422.6,5143.9,2118.5,926.5,4172.1,1691.6,2794.7,4034.1,3885.3,3628.9,5646.2,1120.4,1659.6,891.8,2400.6,4189.3,2520.8,1028.2,445.3,4353.8,8768.5,2583.0,3884.2,1650.7,1671.6,3430.0,2617.3,1594.6,3877.2,3915.3,361.2,3386.1,2627.2,2655.7,5647.1,1514.3,1202.4
"Oldeide, 6718 Deknepollen",11182.4,11308.2,12080.7,12109.2,13277.8,12070.4,12455.2,12811.7,12097.3,11221.9,12355.5,12025.8,13405.0,1777.4,3762.7,9033.1,11878.6,683.9,13017.6,6436.6,12077.1,8428.3,12641.9,12342.6,12603.9,11452.7,6666.8,7371.2,12132.6,3764.0,6827.4,9358.4,11873.3,11462.8,11944.7,12305.4,11185.1,9029.9,11800.7,11292.9,11112.2,12832.5,7284.2,12064.1,13394.5,6088.3,6476.7,11374.9,3795.1,3805.5,12847.7,11925.4,439.5,7586.9,14493.1,3821.1,6475.2,14482.9,12893.2,8172.5,12477.9,14441.9,12794.7,13129.5,8445.7,7291.4,11978.7,12518.4,6826.3,11122.4,12301.1,11899.9,11281.8,11876.3,680.6,11833.0,11301.6,11462.5,9306.6,6434.6,8427.6,12063.6,7799.8,11618.2,12119.6,11385.8,14482.1,3790.3,11773.8,11304.7,7299.8,7661.6,9072.8,11620.6,11673.7,3807.7,444.7,12370.5,446.3,6674.9,8640.3,12194.6,3824.6,11868.0,12123.3,0.0,8420.6,12054.0,15464.7,12609.3,12066.2,12099.6,12782.4,3795.1,12438.3,9309.0,10845.0,12907.9,8910.6,5887.1,7077.8,11679.4,11256.3,9263.6,13698.5,14768.8,8503.7,12374.8,8524.3,6809.6,11504.7,12102.8,11314.6,12843.8,8476.6,14494.9,13002.3,12452.2,9395.0,6454.1,13026.2,12373.7,12093.9,12114.8,15436.9,14591.4,12037.8,12366.7,12404.8,12335.3,8790.6,13070.4,13098.9,6766.5,11957.5,11549.0
Quality Hotel Ulstein,3259.0,3384.8,4157.3,4185.8,5354.4,4147.0,4531.8,4888.3,4173.9,3298.5,4432.1,4102.4,5481.6,6681.2,5640.3,861.1,3955.2,8135.8,5094.2,5439.2,4153.7,81.9,4718.5,7903.8,4680.5,3268.3,2012.5,2132.4,4209.2,5538.5,2146.7,6969.3,3949.9,3539.4,4021.3,4382.0,3261.7,857.9,3877.3,3369.5,4783.0,4909.1,2045.4,4140.7,5471.1,3157.4,5479.3,3451.5,5610.4,5561.4,4924.3,4002.0,8012.0,5494.7,6569.7,5581.4,5477.8,6559.5,4969.8,7175.1,6335.0,6518.5,4871.3,5206.1,99.3,2052.6,4055.3,4595.0,2172.0,4818.2,4377.7,3976.5,3358.4,3952.9,7783.8,3909.6,3378.2,3278.1,6917.5,5437.2,81.2,4140.2,717.0,3433.8,4196.2,3462.4,6558.7,5533.4,3850.4,3381.3,2061.0,6664.2,1990.0,3697.2,3489.3,5600.0,8017.2,7931.7,8023.3,2020.6,8993.4,4271.2,5546.0,3944.6,4199.9,8410.0,0.0,4130.6,7541.3,4685.9,4142.8,4176.2,4859.0,5647.4,4514.9,6919.9,2921.6,4984.5,1827.8,4110.8,1847.9,3495.0,3332.9,6773.9,5775.1,6845.4,251.8,7936.0,3285.5,2111.3,3581.3,4179.4,3391.2,4920.4,130.2,6571.5,5078.9,4528.8,6955.6,5456.7,5102.8,7934.9,4170.5,4191.4,7513.5,6668.0,4114.4,7927.9,7966.0,4411.9,3551.8,5147.0,5175.5,2112.2,4034.1,3625.6
KONGENS GATE 6,1293.4,819.0,86.0,114.5,1484.1,75.7,460.5,2285.1,102.6,1123.5,360.8,50.4,2878.4,10544.6,9050.0,3315.3,244.6,11999.2,2524.8,8848.9,82.4,4037.8,848.2,5334.4,2077.3,1830.0,5485.6,4874.6,1639.8,8948.2,5619.8,4794.3,222.1,1364.4,274.6,511.7,1086.7,3305.2,383.1,852.5,2608.0,1038.8,4827.7,47.6,2867.9,6567.1,8889.0,825.2,9020.1,8971.1,1054.0,255.3,11875.4,6099.2,4000.3,8991.1,8887.5,3956.3,1099.5,10097.5,3765.6,3915.3,2268.1,1335.8,4059.3,4796.2,77.9,2025.6,5645.1,2643.2,306.4,265.9,900.9,458.7,11647.2,421.8,1203.2,1839.8,4742.5,8846.9,4037.1,53.4,4580.4,1995.5,124.9,847.5,3989.3,8943.1,593.2,813.4,4803.1,10073.9,5853.4,552.4,2051.0,9009.7,11880.6,5362.3,11886.7,5493.7,12403.1,199.9,8955.7,381.9,1630.5,12273.4,4107.8,0.0,4938.1,815.6,36.1,104.9,2289.6,9057.1,1945.5,4744.9,1214.9,1114.2,5691.2,7520.5,5082.1,2056.7,892.8,4598.9,3171.9,4276.0,3972.3,5366.6,3567.1,5584.4,672.8,108.1,830.0,1050.1,4127.5,4002.1,2509.5,1774.5,4780.6,8866.4,1232.5,5365.5,99.2,120.1,4910.3,4098.6,83.5,5358.5,5396.6,1842.5,3324.3,1276.7,1305.2,5585.3,142.5,648.9
"Remmemsvik, 6264 Tennfjord",4687.4,4322.6,4937.2,4965.7,5700.1,4926.9,5311.7,3149.4,4953.8,4517.5,5212.0,4882.3,2366.7,13938.6,12444.0,6709.3,4767.6,15393.2,4337.9,12083.2,4933.6,7431.8,5064.2,7147.5,2941.6,5224.0,8879.6,8268.6,3462.9,12342.2,9013.8,7699.7,4762.3,4597.1,4833.7,4600.2,4480.7,6699.2,4689.7,4258.6,5513.4,5254.8,8221.7,4920.6,2381.9,9961.1,12123.3,4263.9,12414.1,12365.1,5270.0,4814.4,15269.4,9004.6,5577.1,12385.1,12121.8,1062.6,5315.5,11910.6,5578.7,4779.6,3132.4,5551.8,7453.3,8190.2,4835.2,3601.0,9039.1,5548.6,5157.6,4788.9,4257.4,4765.3,15041.2,4726.4,4597.2,5233.8,7647.9,12081.2,7431.1,4920.1,7974.4,5389.5,4976.1,4164.5,5566.1,12337.1,4720.2,4207.4,8197.1,12423.0,9247.4,4514.0,5445.0,12403.7,15274.6,7175.4,15280.7,8887.7,15637.4,5051.1,12349.7,4757.0,3453.6,15667.4,7501.8,4910.5,0.0,4307.1,4922.7,4956.1,4102.7,12451.1,3520.9,7650.3,4608.9,3873.7,9085.2,10754.8,8476.1,5450.7,4258.7,7504.3,1780.2,6089.1,7366.3,7179.7,6961.1,8978.4,4452.6,4959.3,4224.0,5266.1,7521.5,5578.9,4322.6,3247.9,7686.0,12100.7,5448.5,7178.6,4950.4,4971.3,128.6,5597.6,4894.3,7171.6,7209.7,3693.4,6718.3,5492.7,5521.2,8979.3,4801.5,4534.6
"Langelandsvegen 47, 6010 Ålesund",1856.9,1382.5,836.1,864.6,1599.0,825.8,1210.6,1664.5,852.7,1687.0,1110.9,781.2,2257.8,11108.1,9613.5,3878.8,808.1,12562.7,2383.4,9412.4,832.5,4601.3,963.1,5193.0,1456.7,2393.5,6049.1,5438.1,1508.4,9511.7,6183.3,5357.8,785.6,1927.9,838.1,499.1,1650.2,3868.7,946.6,1416.0,3171.5,1153.7,5391.2,819.5,2247.3,7130.6,9452.5,1388.7,9583.6,9534.6,1168.9,818.8,12438.9,6662.7,3858.9,9554.6,9451.0,3335.7,1214.4,9956.1,3624.2,3294.7,1647.5,1450.7,4622.8,5359.7,734.1,1646.5,6208.6,3206.7,1056.5,829.4,1464.4,1022.2,12210.7,985.3,1766.7,2403.3,5306.0,9410.4,4600.6,819.0,5143.9,2559.0,875.0,1411.0,3847.9,9506.6,1156.7,1376.9,5366.6,10468.5,6416.9,1115.9,2614.5,9573.2,12444.1,5220.9,12450.2,6057.2,12966.6,950.0,9519.2,945.4,1499.1,12836.9,4671.3,809.4,4317.5,0.0,821.6,855.0,2148.2,9620.6,1566.4,5308.4,1778.4,493.6,6254.7,8084.0,5645.6,2620.2,1456.3,5162.4,2551.3,4134.6,4535.8,5225.2,4130.6,6147.9,1236.3,858.2,1393.5,1165.0,4691.0,3860.7,2368.1,1153.9,5344.1,9429.9,1347.4,5224.1,849.3,870.2,4289.7,3957.2,793.2,5217.1,5255.2,1738.9,3887.8,1391.6,1420.1,6148.8,700.4,1212.4
"Storgata 16, 6002 Ålesund",1312.1,837.7,104.7,133.2,1502.8,94.4,479.2,2303.8,121.3,1142.2,379.5,69.1,2897.1,10563.3,9068.7,3334.0,263.3,12017.9,2543.5,8867.6,101.1,4056.5,866.9,5353.1,2096.0,1848.7,5504.3,4893.3,1658.5,8966.9,5638.5,4813.0,240.8,1383.1,293.3,530.4,1105.4,3323.9,401.8,871.2,2626.7,1057.5,4846.4,66.3,2886.6,6585.8,8907.7,843.9,9038.8,8989.8,1072.7,274.0,11894.1,6117.9,4019.0,9009.8,8906.2,3975.0,1118.2,10116.2,3784.3,3934.0,2286.8,1354.5,4078.0,4814.9,96.6,2044.3,5663.8,2661.9,325.1,284.6,919.6,477.4,11665.9,440.5,1221.9,1858.5,4761.2,8865.6,4055.8,72.1,4599.1,2014.2,143.6,866.2,4008.0,8961.8,611.9,832.1,4821.8,10092.6,5872.1,571.1,2069.7,9028.4,11899.3,5381.0,11905.4,5512.4,12421.8,218.6,8974.4,400.6,1649.2,12292.1,4126.5,36.1,4956.8,834.3,0.0,123.6,2308.3,9075.8,1964.2,4763.6,1233.6,1132.9,5709.9,7539.2,5100.8,2075.4,911.5,4617.6,3190.6,4294.7,3991.0,5385.3,3585.8,5603.1,691.5,126.8,848.7,1068.8,4146.2,4020.8,2528.2,1793.2,4799.3,8885.1,1251.2,5384.2,117.9,138.8,4929.0,4117.3,102.2,5377.2,5415.3,1861.2,3343.0,1295.4,1323.9,5604.0,161.2,667.6
Sjøbua,1337.3,862.9,21.9,14.4,1528.0,32.4,416.3,2329.0,50.0,1167.4,316.6,106.2,2922.3,10588.5,9093.9,3359.2,288.5,12043.1,2568.7,8892.8,51.6,4081.7,892.1,5378.3,2121.2,1873.9,5529.5,4918.5,1683.7,8992.1,5663.7,4838.2,266.0,1408.3,318.5,555.6,1130.6,3349.1,427.0,896.4,2651.9,1082.7,4871.6,112.7,2911.8,6611.0,8932.9,869.1,9064.0,9015.0,1097.9,299.2,11919.3,6143.1,4044.2,9035.0,8931.4,4000.2,1143.4,10141.4,3809.5,3959.2,2312.0,1379.7,4103.2,4840.1,144.4,2069.5,5689.0,2687.1,262.2,309.8,944.8,502.6,11691.1,465.7,1247.1,1883.7,4786.4,8890.8,4081.0,63.0,4624.3,2039.4,91.2,891.4,4033.2,8987.0,637.1,857.3,4847.0,10117.8,5897.3,596.3,2094.9,9053.6,11924.5,5406.2,11930.6,5537.6,12447.0,121.8,8999.6,425.8,1674.4,12317.3,4151.7,123.7,4982.0,859.5,135.9,0.0,2333.5,9101.0,1989.4,4788.8,1258.8,1158.1,5735.1,7564.4,5126.0,2100.6,936.7,4642.8,3215.8,4319.9,4016.2,5410.5,3611.0,5628.3,716.7,55.2,873.9,1094.0,4171.4,4046.0,2553.4,1818.4,4824.5,8910.3,1276.4,5409.4,18.4,39.3,4954.2,4142.5,96.9,5402.4,5440.5,1886.4,3368.2,1320.6,1349.1,5629.2,186.4,692.8
"Sjøholt, 6240 Sjøholt",2019.7,1654.9,2302.0,2330.5,3499.1,2291.7,2676.5,1456.3,2318.6,1849.8,2576.8,2247.1,2049.6,11270.9,9776.3,4041.6,2099.9,12725.5,845.2,9012.2,2298.4,4764.1,2863.2,3654.8,1248.5,2556.3,6211.9,5600.9,807.6,9674.5,6346.1,4628.7,2094.6,1526.1,2166.0,2449.1,1804.4,4031.5,2022.0,1590.9,2442.4,3053.8,5554.0,2285.4,2039.1,7293.4,9052.3,1596.2,9746.4,9697.4,3069.0,2146.7,12601.7,5933.6,2320.7,9717.4,9050.8,3127.5,3114.5,8417.9,2086.0,3080.4,1439.3,3350.8,4785.6,5522.5,2200.0,510.5,6371.4,2477.6,2522.4,2121.2,1589.7,2097.6,12373.5,2058.7,1650.3,2566.1,4576.9,9010.2,4763.4,2284.9,5306.7,2721.8,2340.9,1496.8,2309.7,9669.4,2052.5,1539.7,5529.4,8930.3,6579.7,1846.3,2777.3,9736.0,12606.9,3682.7,12613.0,6220.0,12566.4,2415.9,9682.0,2089.3,798.3,12999.7,4834.1,2275.3,4109.3,2156.0,2287.5,2320.9,0.0,9783.4,654.4,4579.3,1941.2,1722.6,6417.5,7683.8,5808.4,2783.0,1591.0,4433.3,2343.1,2596.4,4698.6,3687.0,4293.4,6310.7,1784.9,2324.1,1556.3,3065.1,4853.8,2322.5,829.9,1096.8,4615.0,9029.7,3247.5,3685.9,2315.2,2336.1,4081.5,2419.0,2259.1,3678.9,3717.0,622.4,4050.6,3291.7,3320.2,6311.6,2178.8,1866.9
Sjøkanten Café,7581.8,7707.6,8480.1,8508.6,9677.2,8469.8,8854.6,9211.1,8496.7,7621.3,8754.9,8425.2,9804.4,2029.4,64.7,5615.5,8278.0,3531.4,9417.0,2792.1,8476.5,5010.7,9041.3,8698.1,9003.3,7852.1,3066.2,3770.6,8532.0,134.4,3226.8,5713.9,8272.7,7862.2,8344.1,8704.8,7584.5,5612.3,8200.1,7692.3,7467.7,9231.9,3683.6,8463.5,9793.9,2487.7,2832.2,7774.3,65.2,89.3,9247.1,8324.8,3407.6,3942.4,10892.5,91.2,2830.7,10882.3,9292.6,4528.0,8833.4,10841.3,9194.1,9528.9,5028.1,3690.8,8378.1,8917.8,3225.7,7477.9,8700.5,8299.3,7681.2,8275.7,3179.4,8232.4,7701.0,7861.9,5662.1,2790.1,5010.0,8463.0,4767.0,8017.6,8519.0,7785.2,10881.5,189.7,8173.2,7704.1,3699.2,4017.1,6040.0,8020.0,8073.1,93.0,3412.8,8726.0,3418.9,3074.3,4984.8,8594.0,169.1,8267.4,8522.7,3805.6,5003.0,8453.4,11864.1,9008.7,8465.6,8499.0,9181.8,0.0,8837.7,5664.5,7244.4,9307.3,5877.8,2242.6,3477.2,8078.8,7655.7,5619.1,10097.9,11168.2,5086.1,8730.3,4923.7,3209.0,7904.1,8502.2,7714.0,9243.2,5059.0,10894.3,9401.7,8851.6,5750.5,2809.6,9425.6,8729.2,8493.3,8514.2,11836.3,10990.8,8437.2,8722.2,8760.3,8734.7,5190.0,9469.8,9498.3,3165.9,8356.9,7948.4
Skodje barnehage,1668.8,1304.0,1951.1,1979.6,2980.3,1940.8,2325.6,887.6,1967.7,1498.9,2225.9,1896.2,1480.9,10920.0,9425.4,3690.7,1749.0,12374.6,893.3,9024.4,1947.5,4413.2,2344.4,3702.9,679.8,2205.4,5861.0,5250.0,444.3,9323.6,5995.2,4640.9,1743.7,1538.3,1815.1,1880.4,1462.1,3680.6,1671.1,1240.0,2454.6,2535.0,5203.1,1934.5,1470.4,6942.5,9064.5,1245.3,9395.5,9346.5,2550.2,1795.8,12250.8,5945.8,2368.8,9366.5,9063.0,2558.8,2595.7,8466.0,2134.1,2517.8,870.6,2832.0,4434.7,5171.6,1849.1,156.4,6020.5,2489.8,2171.5,1770.3,1238.8,1746.7,12022.6,1707.8,1578.6,2215.2,4589.1,9022.4,4412.5,1934.0,4955.8,2370.9,1990.0,1145.9,2357.8,9318.5,1701.6,1188.8,5178.5,8978.4,6228.8,1495.4,2426.4,9385.1,12256.0,3730.8,12262.1,5869.1,12578.6,2065.0,9331.1,1738.4,435.0,12648.8,4483.2,1924.4,3540.6,1587.3,1936.6,1970.0,658.1,9432.5,0.0,4591.5,1590.3,1153.9,6066.6,7696.0,5457.5,2432.1,1240.1,4445.5,1774.4,2644.5,4347.7,3735.1,3942.5,5959.8,1434.0,1973.2,1205.4,2546.3,4502.9,2370.6,878.0,528.1,4627.2,9041.9,2728.7,3734.0,1964.3,1985.2,3512.8,2467.1,1908.2,3727.0,3765.1,634.6,3699.7,2772.9,2801.4,5960.7,1827.9,1516.0
"Stranda, 6200 Stranda",4087.6,3982.9,4755.4,4783.9,5952.5,4745.1,5129.9,4989.4,4772.0,3844.1,5030.2,4700.5,5582.7,7528.1,5648.1,6109.5,4553.3,9030.1,4486.6,4798.2,4751.8,6832.0,5316.6,3056.8,4781.6,4624.2,5217.6,5936.2,4310.3,5546.3,5142.9,49.4,4548.0,3487.8,4619.4,4980.1,3766.1,6099.4,4475.4,3967.6,2155.3,5507.2,5827.2,4738.8,5572.2,4047.7,4838.3,4049.6,5618.2,5569.2,5522.4,4600.1,8906.3,1719.6,5741.8,5589.2,4836.8,6660.6,5567.9,6534.1,3192.1,6501.5,4972.4,5804.2,6853.5,5856.4,4653.4,4438.6,5141.8,2165.5,4975.8,4574.6,3956.5,4551.0,8678.1,4507.7,3612.0,4634.0,52.9,4796.2,6831.3,4738.3,6982.2,4789.7,4794.3,4060.5,5730.8,5597.9,4448.5,3979.4,5813.2,6023.2,8255.2,4295.3,4845.2,5607.8,8911.5,3084.7,8917.6,5204.9,8352.4,4869.3,5553.8,4542.7,4301.0,9304.3,6902.0,4728.7,7642.4,5284.0,4740.9,4774.3,4562.2,5655.2,4582.5,0.0,4009.1,5255.7,8093.0,3469.8,5692.4,4850.9,3931.0,269.8,5876.2,5750.0,6766.5,3089.0,4986.5,5158.6,4179.4,4777.5,3989.3,5518.5,6921.7,5743.6,4494.0,4629.9,149.8,4815.7,5700.9,3087.9,4768.6,4789.5,7614.6,5840.1,4712.5,3080.9,3119.0,4073.4,4743.7,5745.1,5773.6,5119.6,4632.2,4223.7
SOLAVÅGSEIDET 76,337.4,463.2,1235.7,1264.2,2432.8,1225.4,1610.2,1966.7,1252.3,376.9,1510.5,1180.8,2560.0,9329.7,7835.1,2100.4,1033.6,10784.3,2172.6,7634.0,1232.1,2822.9,1796.9,4982.2,1758.9,615.1,4270.7,3659.7,1287.6,7733.3,4404.9,4047.7,1028.3,617.8,1099.7,1460.4,340.1,2090.3,955.7,447.9,1861.4,1987.5,3612.8,1219.1,2549.5,5352.2,7674.1,529.9,7805.2,7756.2,2002.7,1080.4,10660.5,5352.6,3648.1,7776.2,7672.6,3637.9,2048.2,9369.9,3413.4,3596.9,1949.7,2284.5,2844.4,3581.3,1133.7,1673.4,4430.2,1896.6,1456.1,1054.9,436.8,1031.3,10432.3,988.0,456.6,624.9,3995.9,7632.0,2822.2,1218.6,3365.5,780.6,1274.6,540.8,3637.1,7728.2,928.8,459.7,3588.2,8859.0,4638.5,775.6,836.1,7794.8,10665.7,5010.1,10671.8,4278.8,11188.2,1349.6,7740.8,1023.0,1278.3,11058.5,2892.9,1209.0,4619.7,1764.3,1221.2,1254.6,1937.4,7842.2,1593.3,3998.3,0.0,2062.9,4476.3,6305.6,3867.2,841.8,411.3,3852.3,2853.5,3923.8,2757.4,5014.4,2352.2,4369.5,659.7,1257.8,469.6,1998.8,2912.6,3649.9,2157.3,1607.2,4034.0,7651.5,2181.2,5013.3,1248.9,1269.8,4591.9,3746.4,1192.8,5006.3,5044.4,1490.3,2109.4,2225.4,2253.9,4370.4,1112.5,704.0
Spar Ellingsøy,2146.1,1671.7,1125.3,1153.8,1888.2,1115.0,1499.8,1226.2,1141.9,1976.2,1400.1,1070.4,1819.5,11397.3,9902.7,4168.0,1097.3,12851.9,1945.1,9690.4,1121.7,4890.5,1252.3,4754.7,1018.4,2682.7,6338.3,5727.3,1070.1,9800.9,6472.5,5306.9,1074.8,2204.3,1127.3,788.3,1939.4,4157.9,1235.8,1705.2,3120.6,1442.9,5680.4,1108.7,1809.0,7419.8,9730.5,1677.9,9872.8,9823.8,1458.1,1108.0,12728.1,6611.8,3420.6,9843.8,9729.0,2897.4,1503.6,9517.8,3185.9,2856.4,1209.2,1739.9,4912.0,5648.9,1023.3,1208.2,6497.8,3155.8,1345.7,1118.6,1753.6,1311.4,12499.9,1274.5,2055.9,2692.5,5255.1,9688.4,4889.8,1108.2,5433.1,2848.2,1164.2,1700.2,3409.6,9795.8,1445.9,1666.1,5655.8,10030.2,6706.1,1405.1,2903.7,9862.4,12733.3,4782.6,12739.4,6346.4,13244.6,1239.2,9808.4,1234.6,1060.8,13126.1,4960.5,1098.6,3879.2,495.2,1110.8,1144.2,1709.9,9909.8,1128.1,5257.5,2067.6,0.0,6543.9,8362.0,5934.8,2909.4,1745.5,5111.5,2113.0,3696.3,4825.0,4786.9,4419.8,6437.1,1525.5,1147.4,1682.7,1454.2,4980.2,3422.4,1929.8,715.6,5293.2,9707.9,1636.6,4785.8,1138.5,1159.4,3851.4,3518.9,1082.4,4778.8,4816.9,1300.6,4177.0,1680.8,1709.3,6438.0,989.6,1501.6
Spar Fosnavåg,4846.2,4972.0,5744.5,5773.0,6941.6,5734.2,6119.0,6475.5,5761.1,4885.7,6019.3,5689.6,7068.8,7171.7,6515.2,2448.3,5542.4,8626.3,6681.4,6314.1,5740.9,1843.5,6305.7,9491.0,6267.7,4855.5,2887.4,3007.3,5796.4,6413.4,3021.6,8141.1,5537.1,5126.6,5608.5,5969.2,4848.9,2445.1,5464.5,4956.7,6370.2,6496.3,2920.3,5727.9,7058.3,4032.3,6354.2,5038.7,6485.3,6436.3,6511.5,5589.2,8502.5,6369.6,8156.9,6456.3,6352.7,8146.7,6557.0,8050.0,7922.2,8105.7,6458.5,6793.3,1860.9,2927.5,5642.5,6182.2,3046.9,6405.4,5964.9,5563.7,4945.6,5540.1,8274.3,5496.8,4965.4,4865.3,8089.3,6312.1,1842.8,5727.4,1195.8,5021.0,5783.4,5049.6,8145.9,6408.3,5437.6,4968.5,2935.9,7539.1,194.3,5284.4,5076.5,6474.9,8507.7,9518.9,8513.8,2895.5,9868.3,5858.4,6420.9,5531.8,5787.1,8900.5,1835.8,5717.8,9128.5,6273.1,5730.0,5763.4,6446.2,6522.3,6102.1,8091.7,4508.8,6571.7,0.0,4985.7,2722.8,5082.2,4920.1,8046.3,7362.3,8432.6,1918.9,9523.2,4160.4,2986.2,5168.5,5766.6,4978.4,6507.6,1891.8,8158.7,6666.1,6116.0,8177.7,6331.6,6690.0,9522.1,5757.7,5778.6,9100.7,8255.2,5701.6,9515.1,9553.2,5999.1,4426.7,6734.2,6762.7,2987.1,5621.3,5212.8
Spar Hornindal,6619.7,6745.5,7518.0,7546.5,8715.1,7507.7,7892.5,8098.7,7534.6,6659.2,7792.8,7463.1,8692.0,4104.3,2224.3,4730.0,7315.9,5606.3,7906.7,1374.4,7514.4,4125.2,8079.2,6495.0,7890.9,6890.0,2116.9,2835.5,7419.6,2122.5,2042.2,3510.8,7310.6,6597.1,7382.0,7742.7,6622.4,4726.8,7238.0,6730.2,5264.6,8269.8,2726.5,7501.4,8681.5,947.0,1414.5,6812.2,2194.4,2145.4,8285.0,7362.7,5482.5,1739.3,9180.0,2165.4,1413.0,9769.9,8330.5,3110.3,6630.3,9728.9,8081.7,8566.8,4142.6,2755.7,7416.0,7547.9,2041.1,5274.8,7738.4,7337.2,6719.1,7313.6,5254.3,7270.3,6721.3,6899.8,3459.0,1372.4,4124.5,7500.9,3881.5,7055.5,7556.9,6823.1,9169.0,2174.1,7211.1,6742.0,2712.5,2599.4,5154.5,7057.9,7111.0,2184.0,5487.7,6522.9,5493.8,2104.2,4928.6,7631.9,2130.0,7305.3,7410.3,5880.5,4117.5,7491.3,10751.7,8046.6,7503.5,7536.9,7671.5,2231.4,7691.8,3461.4,6282.3,8345.2,4992.3,0.0,2591.7,7116.7,6693.6,3416.0,8985.5,9188.2,4200.6,6527.2,3961.6,2057.9,6942.0,7540.1,6751.9,8281.1,4173.5,9181.8,7891.4,7739.2,3547.4,1391.9,8463.5,6526.1,7531.2,7552.1,10723.9,9278.3,7475.1,6519.1,6557.2,7182.7,4227.9,8507.7,8536.2,2018.9,7394.8,6986.3
Spar Hovdebygda,4191.7,4317.5,5090.0,5118.5,6287.1,5079.7,5464.5,5821.0,5106.6,4231.2,5364.8,5035.1,6414.3,5954.6,4131.3,2469.0,4887.9,7456.6,6026.9,3930.2,5086.4,1864.2,5651.2,8741.4,5613.2,4462.0,503.5,380.5,5141.9,4029.5,637.7,5757.2,4882.6,4472.1,4954.0,5314.7,4194.4,2465.8,4810.0,4302.2,4525.7,5841.8,293.5,5073.4,6403.8,1648.4,3970.3,4384.2,4101.4,4052.4,5857.0,4934.7,7332.8,3985.7,7502.4,4072.4,3968.8,7492.2,5902.5,5666.1,7267.7,7451.2,5804.0,6138.8,1881.6,300.7,4988.0,5527.7,663.0,4535.9,5310.4,4909.2,4291.1,4885.6,7104.6,4842.3,4310.9,4471.8,5705.4,3928.2,1863.5,5072.9,1620.5,4627.5,5128.9,4395.1,7491.4,4024.4,4783.1,4314.0,309.1,5155.2,2893.5,4629.9,4683.0,4091.0,7338.0,8769.3,7344.1,511.6,7484.4,5203.9,4037.0,4877.3,5132.6,7730.8,1856.5,5063.3,8474.0,5618.6,5075.5,5108.9,5791.7,4138.4,5447.6,5707.8,3854.3,5917.2,2731.3,2601.8,0.0,4688.7,4265.6,5662.4,6707.8,7778.1,1939.6,8773.6,1533.6,602.3,4514.0,5112.1,4323.9,5853.1,1912.5,7504.2,6011.6,5461.5,5793.8,3947.7,6035.5,8772.5,5103.2,5124.1,8446.2,7600.7,5047.1,8765.5,8803.6,5344.6,1799.9,6079.7,6108.2,603.2,4966.8,4558.3
Spar Langevåg,1188.1,1313.9,2086.4,2114.9,3283.5,2076.1,2460.9,2817.4,2103.0,1227.6,2361.2,2031.5,3410.7,9901.3,8666.6,2672.0,1884.3,11355.9,3023.3,8465.5,2082.8,3394.5,2647.6,5832.9,2609.6,255.4,5102.2,4491.2,2138.3,8564.8,5236.4,4898.4,1879.0,1468.5,1950.4,2311.1,1190.8,2661.9,1806.4,1298.6,2712.1,2838.2,4444.3,2069.8,3400.2,6183.7,8505.6,1380.6,8636.7,8587.7,2853.4,1931.1,11232.1,6203.3,4498.8,8607.7,8504.1,4488.6,2898.9,10201.4,4264.1,4447.6,2800.4,3135.2,3416.0,4412.8,1984.4,2524.1,5261.7,2747.3,2306.8,1905.6,1287.5,1882.0,11003.9,1838.7,1307.3,265.2,4846.6,8463.5,3393.8,2069.3,3937.1,86.6,2125.3,1391.5,4487.8,8559.7,1779.5,1310.4,4419.7,9690.5,5210.1,1626.3,56.5,8626.3,11237.3,5860.8,11243.4,5110.3,12019.7,2200.3,8572.3,1873.7,2129.0,11630.1,3464.5,2059.7,5470.4,2615.0,2071.9,2105.3,2788.1,8673.7,2444.0,4849.0,850.7,2913.6,5047.9,7137.1,4698.7,0.0,1262.0,4703.0,3704.2,4774.5,3329.0,5865.1,3183.7,5201.0,1510.4,2108.5,1320.3,2849.5,3484.2,4500.6,3008.0,2457.9,4884.7,8483.0,3031.9,5864.0,2099.6,2120.5,5442.6,4597.1,2043.5,5857.0,5895.1,2341.0,2940.9,3076.1,3104.6,5201.9,1963.2,1554.7
Spjelkavikvegen 61,490.3,135.7,908.2,936.7,2105.3,897.9,1282.7,1602.4,924.8,320.4,1183.0,853.3,2195.7,9741.5,8246.9,2512.2,706.1,11196.1,1808.3,8045.8,904.6,3234.7,1469.4,4617.9,1394.6,1026.9,4682.5,4071.5,923.3,8145.1,4816.7,3991.2,700.8,561.3,772.2,1132.9,283.6,2502.1,628.2,120.4,1804.9,1660.0,4024.6,891.6,2185.2,5764.0,8085.9,202.4,8217.0,8168.0,1675.2,752.9,11072.3,5296.1,3283.8,8188.0,8084.4,3273.6,1720.7,9381.0,3049.1,3232.6,1585.4,1957.0,3256.2,3993.1,806.2,1309.1,4842.0,1840.1,1128.6,727.4,25.5,703.8,10844.1,660.5,400.1,1036.7,3939.4,8043.8,3234.0,891.1,3777.3,1192.4,947.1,159.2,3272.8,8140.0,601.3,115.4,4000.0,9270.8,5050.3,448.1,1247.9,8206.6,11077.5,4645.8,11083.6,4690.6,11600.0,1022.1,8152.6,695.5,914.0,11470.3,3304.7,881.5,4255.4,1436.8,893.7,927.1,1573.1,8254.0,1229.0,3941.8,411.8,1735.4,4888.1,6717.4,4279.0,1253.6,0.0,3795.8,2489.2,3559.5,3169.2,4650.1,2764.0,4781.3,332.2,930.3,125.3,1671.3,3324.4,3285.6,1793.0,1242.9,3977.5,8063.3,1853.7,4649.0,921.4,942.3,4227.6,3382.1,865.3,4642.0,4680.1,1126.0,2521.2,1897.9,1926.4,4782.2,785.0,376.5
Spar Svingen,3950.5,3845.8,4618.3,4646.8,5815.4,4608.0,4992.8,4852.3,4634.9,3707.0,4893.1,4563.4,5445.6,7485.1,5605.1,5972.4,4416.2,8987.1,4660.3,4755.2,4614.7,6694.9,5179.5,3306.1,4644.5,4487.1,5174.6,5893.2,4173.2,5503.3,5099.9,321.9,4410.9,3350.7,4482.3,4843.0,3629.0,5962.3,4338.3,3830.5,2018.2,5370.1,5784.2,4601.7,5435.1,4004.7,4795.3,3912.5,5575.2,5526.2,5385.3,4463.0,8863.3,1676.6,5991.1,5546.2,4793.8,6523.5,5430.8,6491.1,3441.4,6482.5,4835.3,5667.1,6716.4,5813.4,4516.3,4301.5,5098.8,2028.4,4838.7,4437.5,3819.4,4413.9,8635.1,4370.6,3474.9,4496.9,270.1,4753.2,6694.2,4601.2,6939.2,4652.6,4657.2,3923.4,5980.1,5554.9,4311.4,3842.3,5770.2,5980.2,8212.2,4158.2,4708.1,5564.8,8868.5,3334.0,8874.6,5161.9,8309.4,4732.2,5510.8,4405.6,4163.9,9261.3,6764.9,4591.6,7505.3,5146.9,4603.8,4637.2,4425.1,5612.2,4445.4,272.5,3872.0,5118.6,8050.0,3426.8,5649.4,4713.8,3793.9,0.0,5739.1,5999.3,6629.4,3338.3,4849.4,5115.6,4042.3,4640.4,3852.2,5381.4,6784.6,5992.9,4645.0,4492.8,190.5,4772.7,5563.8,3337.2,4631.5,4652.4,7477.5,6089.4,4575.4,3330.2,3368.3,3936.3,4606.6,5608.0,5636.5,5076.6,4495.1,4086.6
Spar Søvik,2918.7,2553.9,3168.5,3197.0,3931.4,3158.2,3543.0,1380.7,3185.1,2748.8,3443.3,3113.6,1181.3,12169.9,10675.3,4940.6,2998.9,13624.5,2569.2,10314.5,3164.9,5663.1,3295.5,5378.8,1172.9,3455.3,7110.9,6499.9,1694.2,10573.5,7245.1,5931.0,2993.6,2828.4,3065.0,2831.5,2712.0,4930.5,2921.0,2489.9,3744.7,3486.1,6453.0,3151.9,1196.5,8192.4,10354.6,2495.2,10645.4,10596.4,3501.3,3045.7,13500.7,7235.9,3808.4,10616.4,10353.1,799.2,3546.8,10141.9,3810.0,3010.9,1363.7,3783.1,5684.6,6421.5,3066.5,1832.3,7270.4,3779.9,3388.9,3020.2,2488.7,2996.6,13272.5,2957.7,2828.5,3465.1,5879.2,10312.5,5662.4,3151.4,6205.7,3620.8,3207.4,2395.8,3797.4,10568.4,2951.5,2438.7,6428.4,10654.3,7478.7,2745.3,3676.3,10635.0,13505.9,5406.7,13512.0,7119.0,13868.7,3282.4,10581.0,2988.3,1684.9,13898.7,5733.1,3141.8,1781.0,2538.4,3154.0,3187.4,2334.0,10682.4,1752.2,5881.6,2840.2,2105.0,7316.5,8986.1,6707.4,3682.0,2490.0,5735.6,0.0,4320.4,5597.6,5411.0,5192.4,7209.7,2683.9,3190.6,2455.3,3497.4,5752.8,3810.2,2553.9,1479.2,5917.3,10332.0,3679.8,5409.9,3181.7,3202.6,1753.2,3828.9,3125.6,5402.9,5441.0,1924.7,4949.6,3724.0,3752.5,7210.6,3032.8,2765.9
Spar Tresfjord,4021.3,3656.5,4303.6,4332.1,5500.7,4293.3,4678.1,3457.9,4320.2,3851.4,4578.4,4248.7,4051.2,13253.4,11373.4,6043.2,4101.5,14727.1,1830.3,10523.5,4300.0,6765.7,4864.8,4144.5,3250.1,4557.9,8213.5,7602.5,2809.2,11271.6,8347.7,5792.1,4096.2,3527.7,4167.6,4450.7,3806.0,6033.1,4023.6,3592.5,4444.0,5055.4,7555.6,4287.0,4040.7,9295.0,10563.6,3597.8,11343.5,11294.5,5070.6,4148.3,14603.3,7444.9,910.3,11314.5,10562.1,5129.1,5116.1,8907.6,2575.7,1670.0,3386.0,5352.4,6787.2,7524.1,4201.6,2512.1,8373.0,4479.2,4524.0,4122.8,3591.3,4099.2,14375.1,4060.3,3651.9,4567.7,5778.2,10521.5,6765.0,4286.5,7308.3,4723.4,4342.5,3498.4,899.3,11323.2,4054.1,3541.3,7531.0,9420.0,8581.3,3847.9,4778.9,11333.1,14608.5,4172.4,14614.6,8221.6,14077.7,4417.5,11279.1,4090.9,2799.9,15001.3,6835.7,4276.9,6110.9,4157.6,4289.1,4322.5,2605.9,11380.5,2656.0,5742.7,3942.8,3724.2,8419.1,9195.1,7810.0,4784.6,3592.6,5995.1,4344.7,0.0,6700.2,4176.7,6295.0,8312.3,3786.5,4325.7,3557.9,5066.7,6855.4,912.1,1837.7,3098.4,5875.1,10541.0,5249.1,4175.6,4316.8,4337.7,6083.1,1008.6,4260.7,4168.6,4206.7,2624.0,6052.2,5293.3,5321.8,8313.2,4180.4,3868.5
Spar Ulsteinvik,3133.3,3259.1,4031.6,4060.1,5228.7,4021.3,4406.1,4762.6,4048.2,3172.8,4306.4,3976.7,5355.9,6782.6,5741.7,735.4,3829.5,8237.2,4968.5,5540.6,4028.0,239.8,4592.8,7778.1,4554.8,3142.6,2113.9,2233.8,4083.5,5639.9,2248.1,6843.6,3824.2,3413.7,3895.6,4256.3,3136.0,732.2,3751.6,3243.8,4657.3,4783.4,2146.8,4015.0,5345.4,3258.8,5580.7,3325.8,5711.8,5662.8,4798.6,3876.3,8113.4,5596.1,6444.0,5682.8,5579.2,6433.8,4844.1,7276.5,6209.3,6392.8,4745.6,5080.4,172.3,2154.0,3929.6,4469.3,2273.4,4692.5,4252.0,3850.8,3232.7,3827.2,7885.2,3783.9,3252.5,3152.4,6791.8,5538.6,239.1,4014.5,818.4,3308.1,4070.5,3336.7,6433.0,5634.8,3724.7,3255.6,2162.4,6765.6,2091.4,3571.5,3363.6,5701.4,8118.6,7806.0,8124.7,2122.0,9094.8,4145.5,5647.4,3818.9,4074.2,8511.4,255.9,4004.9,7415.6,4560.2,4017.1,4050.5,4733.3,5748.8,4389.2,6794.2,2795.9,4858.8,1929.2,4212.2,1949.3,3369.3,3207.2,6648.2,5649.4,6719.7,0.0,7810.3,3386.9,2212.7,3455.6,4053.7,3265.5,4794.7,240.5,6445.8,4953.2,4403.1,6829.9,5558.1,4977.1,7809.2,4044.8,4065.7,7387.8,6542.3,3988.7,7802.2,7840.3,4286.2,3653.2,5021.3,5049.8,2213.6,3908.4,3499.9
Spar Valldal,5101.6,4736.8,5383.9,5412.4,6581.0,5373.6,5758.4,4538.2,5400.5,4931.7,5658.7,5329.0,5131.5,10593.1,8713.1,7123.5,5181.8,12095.1,2910.6,7169.5,5380.3,7846.0,5945.1,68.5,4330.4,5638.2,8282.6,8682.8,3889.5,8611.3,8207.9,3131.8,5176.5,4608.0,5247.9,5531.0,4886.3,7113.4,5103.9,4672.8,5220.3,6135.7,8635.9,5367.3,5121.0,7112.7,7221.1,4678.1,8683.2,8634.2,6150.9,5228.6,11971.3,4784.6,4165.8,8654.2,7183.6,6209.4,6196.4,5441.8,1616.1,4925.5,4521.2,6432.7,7867.5,8604.4,5281.9,3592.4,8206.8,5230.5,5604.3,5203.1,4671.6,5179.5,11743.1,5140.6,4732.2,5648.0,3117.9,7182.5,7845.3,5366.8,8388.6,5803.7,5422.8,4578.7,4154.8,8662.9,5134.4,4621.6,8611.3,5954.2,9661.6,4928.2,5859.2,8672.8,11976.5,4.3,11982.6,8269.9,10765.2,5497.8,8618.8,5171.2,3880.2,12369.3,7916.0,5357.2,7191.2,5237.9,5369.4,5402.8,3686.2,8720.2,3736.3,3082.4,5023.1,4804.5,9499.4,6534.8,8757.4,5864.9,4672.9,3334.8,5425.0,4174.0,7780.5,0.0,7375.3,8223.6,4866.8,5406.0,4638.2,6147.0,7935.7,4167.6,2918.0,4178.7,3214.8,7149.6,6329.4,13.4,5397.1,5418.0,7163.4,4264.1,5341.0,11.8,69.1,3704.3,7132.5,6373.6,6402.1,8184.6,5260.7,4948.8
Spar Vartdal,2679.5,2805.3,3577.8,3606.3,4774.9,3567.5,3952.3,4308.8,3594.4,2719.0,3852.6,3522.9,4902.1,7325.4,5502.1,3890.7,3375.7,8827.4,4514.7,5301.0,3574.2,3285.9,4139.0,7324.3,4101.0,2949.8,1937.7,1326.7,3629.7,5400.3,2071.9,5051.3,3370.4,2959.9,3441.8,3802.5,2682.2,3887.5,3297.8,2790.0,3013.5,4329.6,1279.8,3561.2,4891.6,3019.2,5341.1,2872.0,5472.2,5423.2,4344.8,3422.5,8703.6,5356.5,5990.2,5443.2,5339.6,5980.0,4390.3,7036.9,5755.5,5939.0,4291.8,4626.6,3303.3,1248.3,3475.8,4015.5,2097.2,3023.7,3798.2,3397.0,2778.9,3373.4,8475.4,3330.1,2798.7,2959.6,4999.5,5299.0,3285.2,3560.7,3042.2,3115.3,3616.7,2882.9,5979.2,5395.2,3270.9,2801.8,1255.2,6526.0,4315.2,3117.7,3170.8,5461.8,8708.8,7352.2,8714.9,1945.8,8855.2,3691.7,5407.8,3365.1,3620.4,9101.6,3278.2,3551.1,6961.8,4106.4,3563.3,3596.7,4279.5,5509.2,3935.4,5001.9,2342.1,4405.0,4153.0,3972.6,1534.2,3176.5,2753.4,4855.9,5195.6,6265.9,3361.3,7356.5,0.0,2036.5,3001.8,3599.9,2811.7,4340.9,3334.2,5992.0,4499.4,3949.3,5037.6,5318.5,4523.3,7355.4,3591.0,3611.9,6934.0,6088.5,3534.9,7348.4,7386.5,3832.4,287.7,4567.5,4596.0,2037.4,3454.6,3046.1
Spar Volda,4694.1,4819.9,5592.4,5620.9,6789.5,5582.1,5966.9,6323.4,5609.0,4733.6,5867.2,5537.5,6916.7,5412.0,3588.7,2727.8,5390.3,6914.0,6529.3,3387.6,5588.8,2123.0,6153.6,8198.8,6115.6,4964.4,161.6,882.9,5644.3,3486.9,77.0,5214.6,5385.0,4974.5,5456.4,5817.1,4696.8,2724.6,5312.4,4804.6,5028.1,6344.2,795.9,5575.8,6906.2,1105.8,3427.7,4886.6,3558.8,3509.8,6359.4,5437.1,6790.2,3443.1,8004.8,3529.8,3426.2,7994.6,6404.9,5123.5,7770.1,7953.6,6306.4,6641.2,2140.4,803.1,5490.4,6030.1,120.4,5038.3,5812.8,5411.6,4793.5,5388.0,6562.0,5344.7,4813.3,4974.2,5162.8,3385.6,2122.3,5575.3,1879.3,5129.9,5631.3,4897.5,7993.8,3481.8,5285.5,4816.4,811.5,4612.6,3152.3,5132.3,5185.4,3548.4,6795.4,8226.7,6801.5,174.3,6941.8,5706.3,3494.4,5379.7,5635.0,7188.2,2115.3,5565.7,8976.4,6121.0,5577.9,5611.3,6294.1,3595.8,5950.0,5165.2,4356.7,6419.6,2990.1,2059.2,589.5,5191.1,4768.0,5119.8,7210.2,8280.5,2198.4,8231.0,2036.0,0.0,5016.4,5614.5,4826.3,6355.5,2171.3,8006.6,6514.0,5963.9,5251.2,3405.1,6537.9,8229.9,5605.6,5626.5,8948.6,8103.1,5549.5,8222.9,8261.0,5847.0,2302.3,6582.1,6610.6,91.4,5469.2,5060.7
Øvre Geilegrend 1,731.6,246.5,725.9,754.4,1923.0,715.6,1100.4,1813.4,742.5,561.7,1000.7,671.0,2406.7,9982.8,8488.2,2753.5,523.8,11437.4,2019.3,8287.1,722.3,3476.0,1287.1,4828.9,1605.6,1268.2,4923.8,4312.8,1134.3,8386.4,5058.0,4232.5,518.5,802.6,589.9,950.6,524.9,2743.4,445.9,267.5,2046.2,1477.7,4265.9,709.3,2396.2,6005.3,8327.2,376.6,8458.3,8409.3,1492.9,570.6,11313.6,5537.4,3494.8,8429.3,8325.7,3484.6,1538.4,9592.0,3260.1,3443.6,1796.4,1774.7,3497.5,4234.4,623.9,1520.1,5083.3,2081.4,946.3,545.1,324.4,521.5,11085.4,429.9,641.4,1278.0,4180.7,8285.1,3475.3,708.8,4018.6,1433.7,764.8,375.3,3483.8,8381.3,370.7,288.8,4241.3,9512.1,5291.6,217.5,1489.2,8447.9,11318.8,4856.8,11324.9,4931.9,11841.3,839.8,8393.9,513.2,1125.0,11711.6,3546.0,699.2,4466.4,1254.5,711.4,744.8,1784.1,8495.3,1440.0,4183.1,653.1,1553.1,5129.4,6958.7,4520.3,1494.9,331.0,4037.1,2700.2,3770.5,3410.5,4861.1,3005.3,5022.6,0.0,748.0,282.3,1489.0,3565.7,3496.6,2004.0,1453.9,4218.8,8304.6,1671.4,4860.0,739.1,760.0,4438.6,3593.1,683.0,4853.0,4891.1,1337.0,2762.5,1715.6,1744.1,5023.5,602.7,146.1
"Keiser Wilhelms gate 29, 6003 Ålesund",1328.1,853.7,12.7,34.0,1518.8,23.2,407.1,2319.8,40.8,1158.2,307.4,97.0,2913.1,10579.3,9084.7,3350.0,279.3,12033.9,2559.5,8883.6,42.4,4072.5,882.9,5369.1,2112.0,1864.7,5520.3,4909.3,1674.5,8982.9,5654.5,4829.0,256.8,1399.1,309.3,546.4,1121.4,3339.9,417.8,887.2,2642.7,1073.5,4862.4,103.5,2902.6,6601.8,8923.7,859.9,9054.8,9005.8,1088.7,290.0,11910.1,6133.9,4035.0,9025.8,8922.2,3991.0,1134.2,10132.2,3800.3,3950.0,2302.8,1370.5,4094.0,4830.9,135.2,2060.3,5679.8,2677.9,253.0,300.6,935.6,493.4,11681.9,456.5,1237.9,1874.5,4777.2,8881.6,4071.8,53.8,4615.1,2030.2,82.0,882.2,4024.0,8977.8,627.9,848.1,4837.8,10108.6,5888.1,587.1,2085.7,9044.4,11915.3,5397.0,11921.4,5528.4,12437.8,122.1,8990.4,416.6,1665.2,12308.1,4142.5,114.5,4972.8,850.3,126.7,24.4,2324.3,9091.8,1980.2,4779.6,1249.6,1148.9,5725.9,7555.2,5116.8,2091.4,927.5,4633.6,3206.6,4310.7,4007.0,5401.3,3601.8,5619.1,707.5,0.0,864.7,1084.8,4162.2,4036.8,2544.2,1809.2,4815.3,8901.1,1267.2,5400.2,18.7,39.6,4945.0,4133.3,87.7,5393.2,5431.3,1877.2,3359.0,1311.4,1339.9,5620.0,177.2,683.6
Spjelkavik omsorgssenter,548.5,156.5,851.3,879.8,2048.4,841.0,1225.8,1582.3,867.9,378.6,1126.1,796.4,2175.6,9799.7,8305.1,2570.4,649.2,11254.3,1788.2,8104.0,847.7,3292.9,1412.5,4597.8,1374.5,1085.1,4740.7,4129.7,903.2,8203.3,4874.9,4049.4,643.9,619.5,715.3,1076.0,341.8,2560.3,571.3,92.5,1863.1,1603.1,4082.8,834.7,2165.1,5822.2,8144.1,145.5,8275.2,8226.2,1618.3,696.0,11130.5,5354.3,3263.7,8246.2,8142.6,3253.5,1663.8,9360.9,3029.0,3212.5,1565.3,1900.1,3314.4,4051.3,749.3,1289.0,4900.2,1898.3,1071.7,670.5,128.8,646.9,10902.3,608.0,458.3,1094.9,3997.6,8102.0,3292.2,834.2,3835.5,1250.6,890.2,156.4,3252.7,8198.2,554.1,41.3,4058.2,9329.0,5108.5,395.6,1306.1,8264.8,11135.7,4625.7,11141.8,4748.8,11658.2,965.2,8210.8,638.6,893.9,11528.5,3362.9,824.6,4235.3,1379.9,836.8,870.2,1553.0,8312.2,1208.9,4000.0,470.0,1678.5,4946.3,6775.6,4337.2,1311.8,130.1,3854.0,2469.1,3539.4,3227.4,4630.0,2822.2,4839.5,286.5,873.4,0.0,1614.4,3382.6,3265.5,1772.9,1222.8,4035.7,8121.5,1796.8,4628.9,864.5,885.4,4207.5,3362.0,808.4,4621.9,4660.0,1105.9,2579.4,1841.0,1869.5,4840.4,728.1,368.5
"Ålesund lufthavn, 6040 Vigra",2089.1,1614.7,1068.3,1096.8,1292.3,1058.0,1442.8,2626.8,1084.9,1919.2,1343.1,1013.4,3220.1,11340.3,9845.7,4111.0,1040.3,12794.9,3320.5,9644.6,1064.7,4833.5,586.4,6130.1,2419.0,2625.7,6281.3,5670.3,2435.5,9743.9,6415.5,5590.0,1017.8,2160.1,1070.3,853.4,1882.4,4100.9,1178.8,1648.2,3403.7,530.8,5623.4,1051.7,3209.6,7362.8,9684.7,1620.9,9815.8,9766.8,862.2,1051.0,12671.1,6894.9,4796.0,9786.8,9683.2,4298.0,907.7,10893.2,4561.3,4257.0,2609.8,285.7,4855.0,5591.9,966.3,2608.8,6440.8,3438.9,1288.7,1061.6,1696.6,1254.4,12442.9,1217.5,1998.9,2635.5,5538.2,9642.6,4832.8,1051.2,5376.1,2791.2,1107.2,1643.2,4785.0,9738.8,1388.9,1609.1,5598.8,10869.6,6649.1,1348.1,2846.7,9805.4,12676.3,6158.0,12682.4,6289.4,13198.8,1182.2,9751.4,1177.6,2426.2,13069.1,4903.5,1041.6,5279.8,1157.3,1053.8,1087.2,3085.3,9852.8,2528.7,5540.6,2010.6,1455.9,6486.9,8316.2,5877.8,2852.4,1688.5,5394.6,3513.6,5071.7,4768.0,6162.3,4362.8,6380.1,1468.5,1090.4,1625.7,0.0,4923.2,4797.8,3305.2,2116.2,5576.3,9662.1,182.4,6161.2,1081.5,1102.4,5252.0,4894.3,1025.4,6154.2,6192.3,2638.2,4120.0,226.6,255.1,6381.0,932.6,1444.6
St1 Ulsteinvik,3300.6,3426.4,4198.9,4227.4,5396.0,4188.6,4573.4,4929.9,4215.5,3340.1,4473.7,4144.0,5523.2,6742.5,5701.6,902.7,3996.8,8197.1,5135.8,5500.5,4195.3,143.1,4760.1,7945.4,4722.1,3309.9,2073.8,2193.7,4250.8,5599.8,2208.0,7010.9,3991.5,3581.0,4062.9,4423.6,3303.3,899.5,3918.9,3411.1,4824.6,4950.7,2106.7,4182.3,5512.7,3218.7,5540.6,3493.1,5671.7,5622.7,4965.9,4043.6,8073.3,5556.0,6611.3,5642.7,5539.1,6601.1,5011.4,7236.4,6376.6,6560.1,4912.9,5247.7,72.6,2113.9,4096.9,4636.6,2233.3,4859.8,4419.3,4018.1,3400.0,3994.5,7845.1,3951.2,3419.8,3319.7,6959.1,5498.5,142.4,4181.8,778.3,3475.4,4237.8,3504.0,6600.3,5594.7,3892.0,3422.9,2122.3,6725.5,2051.3,3738.8,3530.9,5661.3,8078.5,7973.3,8084.6,2081.9,9054.7,4312.8,5607.3,3986.2,4241.5,8471.3,125.5,4172.2,7582.9,4727.5,4184.4,4217.8,4900.6,5708.7,4556.5,6961.5,2963.2,5026.1,1889.1,4172.1,1909.2,3536.6,3374.5,6815.5,5816.7,6887.0,246.3,7977.6,3346.8,2172.6,3622.9,4221.0,3432.8,4962.0,0.0,6613.1,5120.5,4570.4,6997.2,5518.0,5144.4,7976.5,4212.1,4233.0,7555.1,6709.6,4156.0,7969.5,8007.6,4453.5,3613.1,5188.6,5217.1,2173.5,4075.7,3667.2
St1 Vestnes,3747.0,3382.2,4029.3,4057.8,5226.4,4019.0,4403.8,2651.6,4045.9,3577.1,4304.1,3974.4,3528.8,12998.2,11383.9,5768.9,3827.2,14452.8,1556.0,10534.0,4025.7,6491.4,4590.5,4155.0,2721.5,4283.6,7939.2,7328.2,2534.9,11282.1,8073.4,5802.6,3821.9,3253.4,3893.3,4176.4,3531.7,5758.8,3749.3,3318.2,4169.7,4781.1,7281.3,4012.7,3518.3,9020.7,10574.1,3323.5,11354.0,11305.0,4796.3,3874.0,14329.0,7455.4,31.8,11325.0,10572.6,4606.7,4841.8,8918.1,2586.2,819.1,2535.1,5078.1,6512.9,7249.8,3927.3,2237.8,8098.7,4204.9,4249.7,3848.5,3317.0,3824.9,14100.8,3786.0,3377.6,4293.4,5788.7,10532.0,6490.7,4012.2,7034.0,4449.1,4068.2,3224.1,34.8,11333.7,3779.8,3267.0,7256.7,9430.5,8307.0,3573.6,4504.6,11343.6,14334.2,4182.9,14340.3,7947.3,14088.2,4143.2,11289.6,3816.6,2525.6,14727.0,6561.4,4002.6,5588.5,3883.3,4014.8,4048.2,2331.6,11391.0,2381.7,5753.2,3668.5,3449.9,8144.8,9205.6,7535.7,4510.3,3318.3,6005.6,3822.3,918.4,6425.9,4187.2,6020.7,8038.0,3512.2,4051.4,3283.6,4792.4,6581.1,0.0,1563.4,2824.1,5885.6,10551.5,4974.8,4186.1,4042.5,4063.4,5560.7,144.1,3986.4,4179.1,4217.2,2349.7,5777.9,5019.0,5047.5,8038.9,3906.1,3594.2
St1 Ørskog,2240.8,1876.0,2523.1,2551.6,3720.2,2512.8,2897.6,1677.4,2539.7,2070.9,2797.9,2468.2,2270.7,11492.0,9997.4,4262.7,2321.0,12946.6,73.4,9233.3,2519.5,4985.2,3084.3,2883.0,1469.6,2777.4,6433.0,5822.0,1028.7,9895.6,6567.2,4530.6,2315.7,1747.2,2387.1,2670.2,2025.5,4252.6,2243.1,1812.0,2663.5,3274.9,5775.1,2506.5,2260.2,7514.5,9273.4,1817.3,9967.5,9918.5,3290.1,2367.8,12822.8,6154.7,1548.9,9938.5,9271.9,3348.6,3335.6,7646.1,1314.2,2308.6,1660.4,3571.9,5006.7,5743.6,2421.1,731.6,6592.5,2698.7,2743.5,2342.3,1810.8,2318.7,12594.6,2279.8,1871.4,2787.2,4516.7,9231.3,4984.5,2506.0,5527.8,2942.9,2562.0,1717.9,1537.9,9890.5,2273.6,1760.8,5750.5,8158.5,6800.8,2067.4,2998.4,9957.1,12828.0,2910.9,12834.1,6441.1,12787.5,2637.0,9903.1,2310.4,1019.4,13220.8,5055.2,2496.4,4330.4,2377.1,2508.6,2542.0,825.4,10004.5,875.5,4481.2,2162.3,1943.7,6638.6,7904.9,6029.5,3004.1,1812.1,4654.4,2564.2,1824.6,4919.7,2915.2,4514.5,6531.8,2006.0,2545.2,1777.4,3286.2,5074.9,1550.7,0.0,1317.9,4613.6,9250.8,3468.6,2914.1,2536.3,2557.2,4302.6,1647.2,2480.2,2907.1,2945.2,843.5,4271.7,3512.8,3541.3,6532.7,2399.9,2088.0
Stette barnehage,1678.5,1313.7,1795.1,1823.6,2558.0,1784.8,2169.6,610.1,1811.7,1508.6,2069.9,1740.2,1203.4,10929.7,9435.1,3700.4,1758.7,12384.3,1329.0,9074.3,1791.5,4422.9,1922.1,4138.6,402.3,2215.1,5870.7,5259.7,454.0,9333.3,6004.9,4690.8,1744.6,1588.2,1797.1,1458.1,1471.8,3690.3,1680.8,1249.7,2504.5,2112.7,5212.8,1778.5,1192.9,6952.2,9114.4,1255.0,9405.2,9356.2,2127.9,1777.8,12260.5,5995.7,2804.5,9376.2,9112.9,2281.3,2173.4,8901.7,2569.8,2240.3,593.1,2409.7,4444.4,5181.3,1693.1,592.1,6030.2,2539.7,2015.5,1780.0,1248.5,1756.4,12032.3,1717.5,1588.3,2224.9,4639.0,9072.3,4422.2,1778.0,4965.5,2380.6,1834.0,1155.6,2793.5,9328.2,1711.3,1198.5,5188.2,9414.1,6238.5,1505.1,2436.1,9394.8,12265.7,4166.5,12271.8,5878.8,12628.5,1909.0,9340.8,1748.1,444.7,12658.5,4492.9,1768.4,3263.1,1165.0,1780.6,1814.0,1093.8,9442.2,512.0,4641.4,1600.0,731.6,6076.3,7745.9,5467.2,2441.8,1249.8,4495.4,1496.9,3080.2,4357.4,4170.8,3952.2,5969.5,1443.7,1817.2,1215.1,2124.0,4512.6,2806.3,1313.7,0.0,4677.1,9091.8,2306.4,4169.7,1808.3,1829.2,3235.3,2902.8,1752.2,4162.7,4200.8,684.5,3709.4,2350.6,2379.1,5970.4,1659.4,1525.7
"Strandafjellet, 6200 Stranda",4130.9,4026.2,4798.7,4827.2,5995.8,4788.4,5173.2,5032.7,4815.3,3887.4,5073.5,4743.8,5626.0,7614.5,5734.5,6152.8,4596.6,9116.5,4619.6,4884.6,4795.1,6875.3,5359.9,3189.8,4824.9,4667.5,5304.0,6022.6,4353.6,5632.7,5229.3,186.2,4591.3,3531.1,4662.7,5023.4,3809.4,6142.7,4518.7,4010.9,2198.6,5550.5,5913.6,4782.1,5615.5,4134.1,4924.7,4092.9,5704.6,5655.6,5565.7,4643.4,8992.7,1806.0,5874.8,5675.6,4923.2,6703.9,5611.2,6620.5,3325.1,6634.5,5015.7,5847.5,6896.8,5942.8,4696.7,4481.9,5228.2,2208.8,5019.1,4617.9,3999.8,4594.3,8764.5,4551.0,3655.3,4677.3,155.2,4882.6,6874.6,4781.6,7068.6,4833.0,4837.6,4103.8,5863.8,5684.3,4491.8,4022.7,5899.6,6109.6,8341.6,4338.6,4888.5,5694.2,8997.9,3217.7,9004.0,5291.3,8438.8,4912.6,5640.2,4586.0,4344.3,9390.7,6945.3,4772.0,7685.7,5327.3,4784.2,4817.6,4605.5,5741.6,4625.8,156.2,4052.4,5299.0,8179.4,3556.2,5778.8,4894.2,3974.3,192.2,5919.5,5883.0,6809.8,3222.0,5029.8,5245.0,4222.7,4820.8,4032.6,5561.8,6965.0,5876.6,4627.0,4673.2,0.0,4902.1,5744.2,3220.9,4811.9,4832.8,7657.9,5973.1,4755.8,3213.9,3252.0,4116.7,4787.0,5788.4,5816.9,5206.0,4675.5,4267.0
"Stryn, 6783 Stryn",7966.2,8092.0,8864.5,8893.0,10061.6,8854.2,9239.0,9445.2,8881.1,8005.7,9139.3,8809.6,10038.5,4680.4,2800.4,6076.5,8662.4,6182.4,9253.2,19.9,8860.9,5471.7,9425.7,7015.3,9237.4,8236.5,3463.4,4182.0,8766.1,2698.6,3388.7,4857.3,8657.1,7943.6,8728.5,9089.2,7968.9,6073.3,8584.5,8076.7,6611.1,9616.3,4073.0,8847.9,10028.0,2293.5,88.9,8158.7,2770.5,2721.5,9631.5,8709.2,6058.6,3085.8,10526.5,2741.5,63.1,11116.4,9677.0,1733.5,7976.8,11075.4,9428.2,9913.3,5489.1,4102.2,8762.5,8894.4,3387.6,6621.3,9084.9,8683.7,8065.6,8660.1,5830.4,8616.8,8067.8,8246.3,4805.5,48.2,5471.0,8847.4,5228.0,8402.0,8903.4,8169.6,10515.5,2750.2,8557.6,8088.5,4059.0,1222.6,6501.0,8404.4,8457.5,2760.1,6063.8,7043.2,6069.9,3450.7,3637.1,8978.4,2706.1,8651.8,8756.8,6456.6,5464.0,8837.8,12098.2,9393.1,8850.0,8883.4,9018.0,2807.5,9038.3,4807.9,7628.8,9691.7,6338.8,1386.0,3938.2,8463.2,8040.1,4762.5,10332.0,10534.7,5547.1,7047.5,5308.1,3404.4,8288.5,8886.6,8098.4,9627.6,5520.0,10528.3,9237.9,9085.7,4893.9,0.0,9810.0,7046.4,8877.7,8898.6,12070.4,10624.8,8821.6,7039.4,7077.5,8529.2,5574.4,9854.2,9882.7,3365.4,8741.3,8332.8
"Vigra, 6040 Vigra",2262.4,1788.0,1241.6,1270.1,1465.6,1231.3,1616.1,2800.1,1258.2,2092.5,1516.4,1186.7,3393.4,11513.6,10019.0,4284.3,1213.6,12968.2,3493.8,9817.9,1238.0,5006.8,759.7,6303.4,2592.3,2799.0,6454.6,5843.6,2608.8,9917.2,6588.8,5763.3,1191.1,2333.4,1243.6,1026.7,2055.7,4274.2,1352.1,1821.5,3577.0,704.1,5796.7,1225.0,3382.9,7536.1,9858.0,1794.2,9989.1,9940.1,1035.5,1224.3,12844.4,7068.2,4969.3,9960.1,9856.5,4471.3,1081.0,11066.5,4734.6,4430.3,2783.1,269.9,5028.3,5765.2,1139.6,2782.1,6614.1,3612.2,1462.0,1234.9,1869.9,1427.7,12616.2,1390.8,2172.2,2808.8,5711.5,9815.9,5006.1,1224.5,5549.4,2964.5,1280.5,1816.5,4958.3,9912.1,1562.2,1782.4,5772.1,11042.9,6822.4,1521.4,3020.0,9978.7,12849.6,6331.3,12855.7,6462.7,13372.1,1355.5,9924.7,1350.9,2599.5,13242.4,5076.8,1214.9,5453.1,1330.6,1227.1,1260.5,3258.6,10026.1,2702.0,5713.9,2183.9,1629.2,6660.2,8489.5,6051.1,3025.7,1861.8,5567.9,3686.9,5245.0,4941.3,6335.6,4536.1,6553.4,1641.8,1263.7,1799.0,173.3,5096.5,4971.1,3478.5,2289.5,5749.6,9835.4,0.0,6334.5,1254.8,1275.7,5425.3,5067.6,1198.7,6327.5,6365.6,2811.5,4293.3,373.1,401.6,6554.3,1105.9,1617.9
Sylteormen bakeri og kafe,5095.8,4731.0,5378.1,5406.6,6575.2,5367.8,5752.6,4532.4,5394.7,4925.9,5652.9,5323.2,5125.7,10587.3,8707.3,7117.7,5176.0,12089.3,2904.8,7163.7,5374.5,7840.2,5939.3,62.7,4324.6,5632.4,8276.8,8677.0,3883.7,8605.5,8202.1,3126.0,5170.7,4602.2,5242.1,5525.2,4880.5,7107.6,5098.1,4667.0,5214.5,6129.9,8630.1,5361.5,5115.2,7106.9,7215.3,4672.3,8677.4,8628.4,6145.1,5222.8,11965.5,4778.8,4160.0,8648.4,7177.8,6203.6,6190.6,5436.0,1610.3,4919.7,4515.4,6426.9,7861.7,8598.6,5276.1,3586.6,8201.0,5224.7,5598.5,5197.3,4665.8,5173.7,11737.3,5134.8,4726.4,5642.2,3112.1,7176.7,7839.5,5361.0,8382.8,5797.9,5417.0,4572.9,4149.0,8657.1,5128.6,4615.8,8605.5,5948.4,9655.8,4922.4,5853.4,8667.0,11970.7,8.9,11976.8,8264.1,10759.4,5492.0,8613.0,5165.4,3874.4,12363.5,7910.2,5351.4,7185.4,5232.1,5363.6,5397.0,3680.4,8714.4,3730.5,3076.6,5017.3,4798.7,9493.6,6529.0,8751.6,5859.1,4667.1,3329.0,5419.2,4168.2,7774.7,13.2,7369.5,8217.8,4861.0,5400.2,4632.4,6141.2,7929.9,4161.8,2912.2,4172.9,3209.0,7143.8,6323.6,0.0,5391.3,5412.2,7157.6,4258.3,5335.2,17.2,69.4,3698.5,7126.7,6367.8,6396.3,8178.8,5254.9,4943.0
Mai Thai Massage,1328.6,854.2,13.2,30.5,1519.3,23.7,407.6,2320.3,41.3,1158.7,307.9,97.5,2913.6,10579.8,9085.2,3350.5,279.8,12034.4,2560.0,8884.1,42.9,4073.0,883.4,5369.6,2112.5,1865.2,5520.8,4909.8,1675.0,8983.4,5655.0,4829.5,257.3,1399.6,309.8,546.9,1121.9,3340.4,418.3,887.7,2643.2,1074.0,4862.9,104.0,2903.1,6602.3,8924.2,860.4,9055.3,9006.3,1089.2,290.5,11910.6,6134.4,4035.5,9026.3,8922.7,3991.5,1134.7,10132.7,3800.8,3950.5,2303.3,1371.0,4094.5,4831.4,135.7,2060.8,5680.3,2678.4,253.5,301.1,936.1,493.9,11682.4,457.0,1238.4,1875.0,4777.7,8882.1,4072.3,54.3,4615.6,2030.7,82.5,882.7,4024.5,8978.3,628.4,848.6,4838.3,10109.1,5888.6,587.6,2086.2,9044.9,11915.8,5397.5,11921.9,5528.9,12438.3,103.4,8990.9,417.1,1665.7,12308.6,4143.0,115.0,4973.3,850.8,127.2,20.9,2324.8,9092.3,1980.7,4780.1,1250.1,1149.4,5726.4,7555.7,5117.3,2091.9,928.0,4634.1,3207.1,4311.2,4007.5,5401.8,3602.3,5619.6,708.0,46.5,865.2,1085.3,4162.7,4037.3,2544.7,1809.7,4815.8,8901.6,1267.7,5400.7,0.0,20.9,4945.5,4133.8,88.2,5393.7,5431.8,1877.7,3359.5,1311.9,1340.4,5620.5,177.7,684.1
Trankokeriet Antikk,1352.8,878.4,37.4,54.7,1543.5,47.9,431.8,2344.5,65.5,1182.9,332.1,121.7,2937.8,10604.0,9109.4,3374.7,304.0,12058.6,2584.2,8908.3,67.1,4097.2,907.6,5393.8,2136.7,1889.4,5545.0,4934.0,1699.2,9007.6,5679.2,4853.7,281.5,1423.8,334.0,571.1,1146.1,3364.6,442.5,911.9,2667.4,1098.2,4887.1,128.2,2927.3,6626.5,8948.4,884.6,9079.5,9030.5,1113.4,314.7,11934.8,6158.6,4059.7,9050.5,8946.9,4015.7,1158.9,10156.9,3825.0,3974.7,2327.5,1395.2,4118.7,4855.6,159.9,2085.0,5704.5,2702.6,277.7,325.3,960.3,518.1,11706.6,481.2,1262.6,1899.2,4801.9,8906.3,4096.5,78.5,4639.8,2054.9,106.7,906.9,4048.7,9002.5,652.6,872.8,4862.5,10133.3,5912.8,611.8,2110.4,9069.1,11940.0,5421.7,11946.1,5553.1,12462.5,91.4,9015.1,441.3,1689.9,12332.8,4167.2,139.2,4997.5,875.0,151.4,45.1,2349.0,9116.5,2004.9,4804.3,1274.3,1173.6,5750.6,7579.9,5141.5,2116.1,952.2,4658.3,3231.3,4335.4,4031.7,5426.0,3626.5,5643.8,732.2,70.7,889.4,1109.5,4186.9,4061.5,2568.9,1833.9,4840.0,8925.8,1291.9,5424.9,24.2,0.0,4969.7,4158.0,112.4,5417.9,5456.0,1901.9,3383.7,1336.1,1364.6,5644.7,201.9,708.3
"Longva, 6264 Tennfjord",4655.9,4291.1,4905.7,4934.2,5668.6,4895.4,5280.2,3117.9,4922.3,4486.0,5180.5,4850.8,2335.2,13907.1,12412.5,6677.8,4736.1,15361.7,4306.4,12051.7,4902.1,7400.3,5032.7,7116.0,2910.1,5192.5,8848.1,8237.1,3431.4,12310.7,8982.3,7668.2,4730.8,4565.6,4802.2,4568.7,4449.2,6667.7,4658.2,4227.1,5481.9,5223.3,8190.2,4889.1,2350.4,9929.6,12091.8,4232.4,12382.6,12333.6,5238.5,4782.9,15237.9,8973.1,5545.6,12353.6,12090.3,1031.1,5284.0,11879.1,5547.2,4748.1,3100.9,5520.3,7421.8,8158.7,4803.7,3569.5,9007.6,5517.1,5126.1,4757.4,4225.9,4733.8,15009.7,4694.9,4565.7,5202.3,7616.4,12049.7,7399.6,4888.6,7942.9,5358.0,4944.6,4133.0,5534.6,12305.6,4688.7,4175.9,8165.6,12391.5,9215.9,4482.5,5413.5,12372.2,15243.1,7143.9,15249.2,8856.2,15605.9,5019.6,12318.2,4725.5,3422.1,15635.9,7470.3,4879.0,131.9,4275.6,4891.2,4924.6,4071.2,12419.6,3489.4,7618.8,4577.4,3842.2,9053.7,10723.3,8444.6,5419.2,4227.2,7472.8,1748.7,6057.6,7334.8,7148.2,6929.6,8946.9,4421.1,4927.8,4192.5,5234.6,7490.0,5547.4,4291.1,3216.4,7654.5,12069.2,5417.0,7147.1,4918.9,4939.8,0.0,5566.1,4862.8,7140.1,7178.2,3661.9,6686.8,5461.2,5489.7,8947.8,4770.0,4503.1
"Vestnes, 6390 Vestnes",3835.0,3470.2,4117.3,4145.8,5314.4,4107.0,4491.8,2662.0,4133.9,3665.1,4392.1,4062.4,3539.2,13086.2,11471.9,5856.9,3915.2,14540.8,1644.0,10622.0,4113.7,6579.4,4678.5,4243.0,2731.9,4371.6,8027.2,7416.2,2622.9,11370.1,8161.4,5890.6,3909.9,3341.4,3981.3,4264.4,3619.7,5846.8,3837.3,3406.2,4257.7,4869.1,7369.3,4100.7,3528.7,9108.7,10662.1,3411.5,11442.0,11393.0,4884.3,3962.0,14417.0,7543.4,139.5,11413.0,10660.6,4617.1,4929.8,9006.1,2674.2,829.5,2545.5,5166.1,6600.9,7337.8,4015.3,2325.8,8186.7,4292.9,4337.7,3936.5,3405.0,3912.9,14188.8,3874.0,3465.6,4381.4,5876.7,10620.0,6578.7,4100.2,7122.0,4537.1,4156.2,3312.1,128.5,11421.7,3867.8,3355.0,7344.7,9518.5,8395.0,3661.6,4592.6,11431.6,14422.2,4270.9,14428.3,8035.3,14176.2,4231.2,11377.6,3904.6,2613.6,14815.0,6649.4,4090.6,5598.9,3971.3,4102.8,4136.2,2419.6,11479.0,2469.7,5841.2,3756.5,3537.9,8232.8,9293.6,7623.7,4598.3,3406.3,6093.6,3832.7,1006.4,6513.9,4275.2,6108.7,8126.0,3600.2,4139.4,3371.6,4880.4,6669.1,141.3,1651.4,2912.1,5973.6,10639.5,5062.8,4274.1,4130.5,4151.4,5571.1,0.0,4074.4,4267.1,4305.2,2437.7,5865.9,5107.0,5135.5,8126.9,3994.1,3682.2
"Ålesund, 6002 Ålesund",1240.4,766.0,110.3,138.8,1431.1,100.0,484.8,2232.1,126.9,1070.5,385.1,55.4,2825.4,10491.6,8997.0,3262.3,191.6,11946.2,2471.8,8795.9,106.7,3984.8,795.2,5281.4,2024.3,1777.0,5432.6,4821.6,1586.8,8895.2,5566.8,4741.3,169.1,1311.4,221.6,458.7,1033.7,3252.2,330.1,799.5,2555.0,985.8,4774.7,87.8,2814.9,6514.1,8836.0,772.2,8967.1,8918.1,1001.0,202.3,11822.4,6046.2,3947.3,8938.1,8834.5,3903.3,1046.5,10044.5,3712.6,3862.3,2215.1,1282.8,4006.3,4743.2,47.5,1972.6,5592.1,2590.2,330.7,212.9,847.9,405.7,11594.2,368.8,1150.2,1786.8,4689.5,8793.9,3984.1,93.2,4527.4,1942.5,149.2,794.5,3936.3,8890.1,540.2,760.4,4750.1,10020.9,5800.4,499.4,1998.0,8956.7,11827.6,5309.3,11833.7,5440.7,12350.1,224.2,8902.7,328.9,1577.5,12220.4,4054.8,77.7,4885.1,762.6,89.9,129.2,2236.6,9004.1,1892.5,4691.9,1161.9,1061.2,5638.2,7467.5,5029.1,2003.7,839.8,4545.9,3118.9,4223.0,3919.3,5313.6,3514.1,5531.4,619.8,132.4,777.0,997.1,4074.5,3949.1,2456.5,1721.5,4727.6,8813.4,1179.5,5312.5,123.5,144.4,4857.3,4045.6,0.0,5305.5,5343.6,1789.5,3271.3,1223.7,1252.2,5532.3,89.5,595.9
St1 Valldal,5092.1,4727.3,5374.4,5402.9,6571.5,5364.1,5748.9,4528.7,5391.0,4922.2,5649.2,5319.5,5122.0,10583.6,8703.6,7114.0,5172.3,12085.6,2901.1,7160.0,5370.8,7836.5,5935.6,59.0,4320.9,5628.7,8273.1,8673.3,3880.0,8601.8,8198.4,3122.3,5167.0,4598.5,5238.4,5521.5,4876.8,7103.9,5094.4,4663.3,5210.8,6126.2,8626.4,5357.8,5111.5,7103.2,7211.6,4668.6,8673.7,8624.7,6141.4,5219.1,11961.8,4775.1,4156.3,8644.7,7174.1,6199.9,6186.9,5432.3,1606.6,4916.0,4511.7,6423.2,7858.0,8594.9,5272.4,3582.9,8197.3,5221.0,5594.8,5193.6,4662.1,5170.0,11733.6,5131.1,4722.7,5638.5,3108.4,7173.0,7835.8,5357.3,8379.1,5794.2,5413.3,4569.2,4145.3,8653.4,5124.9,4612.1,8601.8,5944.7,9652.1,4918.7,5849.7,8663.3,11967.0,8.0,11973.1,8260.4,10755.7,5488.3,8609.3,5161.7,3870.7,12359.8,7906.5,5347.7,7181.7,5228.4,5359.9,5393.3,3676.7,8710.7,3726.8,3072.9,5013.6,4795.0,9489.9,6525.3,8747.9,5855.4,4663.4,3325.3,5415.5,4164.5,7771.0,12.3,7365.8,8214.1,4857.3,5396.5,4628.7,6137.5,7926.2,4158.1,2908.5,4169.2,3205.3,7140.1,6319.9,14.1,5387.6,5408.5,7153.9,4254.6,5331.5,0.0,57.3,3694.8,7123.0,6364.1,6392.6,8175.1,5251.2,4939.3
Valldal sjukeheim,5123.9,4759.1,5406.2,5434.7,6603.3,5395.9,5780.7,4560.5,5422.8,4954.0,5681.0,5351.3,5153.8,10615.4,8735.4,7145.8,5204.1,12117.4,2932.9,7191.8,5402.6,7868.3,5967.4,90.8,4352.7,5660.5,8304.9,8705.1,3911.8,8633.6,8230.2,3154.1,5198.8,4630.3,5270.2,5553.3,4908.6,7135.7,5126.2,4695.1,5242.6,6158.0,8658.2,5389.6,5143.3,7135.0,7243.4,4700.4,8705.5,8656.5,6173.2,5250.9,11993.6,4806.9,4188.1,8676.5,7205.9,6231.7,6218.7,5464.1,1638.4,4947.8,4543.5,6455.0,7889.8,8626.7,5304.2,3614.7,8229.1,5252.8,5626.6,5225.4,4693.9,5201.8,11765.4,5162.9,4754.5,5670.3,3140.2,7204.8,7867.6,5389.1,8410.9,5826.0,5445.1,4601.0,4177.1,8685.2,5156.7,4643.9,8633.6,5976.5,9683.9,4950.5,5881.5,8695.1,11998.8,61.2,12004.9,8292.2,10787.5,5520.1,8641.1,5193.5,3902.5,12391.6,7938.3,5379.5,7213.5,5260.2,5391.7,5425.1,3708.5,8742.5,3758.6,3104.7,5045.4,4826.8,9521.7,6557.1,8779.7,5887.2,4695.2,3357.1,5447.3,4196.3,7802.8,65.5,7397.6,8245.9,4889.1,5428.3,4660.5,6169.3,7958.0,4189.9,2940.3,4201.0,3237.1,7171.9,6351.7,67.3,5419.4,5440.3,7185.7,4286.4,5363.3,53.2,0.0,3726.6,7154.8,6395.9,6424.4,8206.9,5283.0,4971.1
Valle barnehage,1584.9,1220.1,1867.2,1895.7,3064.3,1856.9,2241.7,1051.9,1883.8,1389.9,2142.0,1812.3,1645.2,10836.1,9341.5,3606.8,1665.1,12290.7,859.9,8519.7,1863.6,4329.3,2428.4,3669.5,844.1,2121.5,5777.1,5166.1,372.8,9239.7,5911.3,4136.2,1659.8,1033.6,1731.2,2044.7,1311.9,3596.7,1587.2,1156.1,1949.9,2619.0,5119.2,1850.6,1634.7,6858.6,8559.8,1161.4,9311.6,9262.6,2634.2,1711.9,12166.9,5441.1,2335.4,9282.6,8558.3,2723.1,2679.7,8432.6,2100.7,2682.1,1034.9,2916.0,4350.8,5087.7,1765.2,501.1,5936.6,1985.1,2087.6,1686.4,1154.9,1662.8,11938.7,1623.9,1157.8,2131.3,4084.4,8517.7,4328.6,1850.1,4871.9,2287.0,1906.1,1062.0,2324.4,9234.6,1617.7,1104.9,5094.6,8945.0,6144.9,1411.5,2342.5,9301.2,12172.1,3697.4,12178.2,5785.2,12073.9,1981.1,9247.2,1654.5,363.5,12564.9,4399.3,1840.5,3704.9,1751.6,1852.7,1886.1,624.7,9348.6,645.0,4086.8,1506.4,1318.2,5982.7,7191.3,5373.6,2348.2,1156.2,3940.8,1938.7,2611.1,4263.8,3701.7,3858.6,5875.9,1350.1,1889.3,1121.5,2630.3,4419.0,2337.2,844.6,692.4,4122.5,8537.2,2812.7,3700.6,1880.4,1901.3,3677.1,2433.7,1824.3,3693.6,3731.7,0.0,3615.8,2856.9,2885.4,5876.8,1744.0,1432.1
Vartdal helsetun,2441.1,2566.9,3339.4,3367.9,4536.5,3329.1,3713.9,4070.4,3356.0,2480.6,3614.2,3284.5,4663.7,7591.9,5768.6,4157.2,3137.3,9093.9,4276.3,5567.5,3335.8,3552.4,3900.6,7085.9,3862.6,2711.4,2204.2,1593.2,3391.3,5666.8,2338.4,4812.9,3132.0,2721.5,3203.4,3564.1,2443.8,4154.0,3059.4,2551.6,2775.1,4091.2,1546.3,3322.8,4653.2,3285.7,5607.6,2633.6,5738.7,5689.7,4106.4,3184.1,8970.1,5623.0,5751.8,5709.7,5606.1,5741.6,4151.9,7303.4,5517.1,5700.6,4053.4,4388.2,3569.8,1514.8,3237.4,3777.1,2363.7,2785.3,3559.8,3158.6,2540.5,3135.0,8741.9,3091.7,2560.3,2721.2,4761.1,5565.5,3551.7,3322.3,3308.7,2876.9,3378.3,2644.5,5740.8,5661.7,3032.5,2563.4,1521.7,6792.5,4581.7,2879.3,2932.4,5728.3,8975.3,7113.8,8981.4,2212.3,9121.7,3453.3,5674.3,3126.7,3382.0,9368.1,3544.7,3312.7,6723.4,3868.0,3324.9,3358.3,4041.1,5775.7,3697.0,4763.5,2103.7,4166.6,4419.5,4239.1,1800.7,2938.1,2515.0,4617.5,4957.2,6027.5,3627.8,7118.1,285.7,2303.0,2763.4,3361.5,2573.3,4102.5,3600.7,5753.6,4261.0,3710.9,4799.2,5585.0,4284.9,7117.0,3352.6,3373.5,6695.6,5850.1,3296.5,7110.0,7148.1,3594.0,0.0,4329.1,4357.6,2303.9,3216.2,2807.7
Vigra barnehage,2310.6,1836.2,1289.8,1318.3,1513.8,1279.5,1664.3,2848.3,1306.4,2140.7,1564.6,1234.9,3441.6,11561.8,10067.2,4332.5,1261.8,13016.4,3542.0,9866.1,1286.2,5055.0,807.9,6351.6,2640.5,2847.2,6502.8,5891.8,2657.0,9965.4,6637.0,5811.5,1239.3,2381.6,1291.8,1074.9,2103.9,4322.4,1400.3,1869.7,3625.2,752.3,5844.9,1273.2,3431.1,7584.3,9906.2,1842.4,10037.3,9988.3,1083.7,1272.5,12892.6,7116.4,5017.5,10008.3,9904.7,4519.5,1129.2,11114.7,4782.8,4478.5,2831.3,389.6,5076.5,5813.4,1187.8,2830.3,6662.3,3660.4,1510.2,1283.1,1918.1,1475.9,12664.4,1439.0,2220.4,2857.0,5759.7,9864.1,5054.3,1272.7,5597.6,3012.7,1328.7,1864.7,5006.5,9960.3,1610.4,1830.6,5820.3,11091.1,6870.6,1569.6,3068.2,10026.9,12897.8,6379.5,12903.9,6510.9,13420.3,1403.7,9972.9,1399.1,2647.7,13290.6,5125.0,1263.1,5501.3,1378.8,1275.3,1308.7,3306.8,10074.3,2750.2,5762.1,2232.1,1677.4,6708.4,8537.7,6099.3,3073.9,1910.0,5616.1,3735.1,5293.2,4989.5,6383.8,4584.3,6601.6,1690.0,1311.9,1847.2,221.5,5144.7,5019.3,3526.7,2337.7,5797.8,9883.6,370.6,6382.7,1303.0,1323.9,5473.5,5115.8,1246.9,6375.7,6413.8,2859.7,4341.5,0.0,28.5,6602.5,1154.1,1666.1
"Vigra, 6040 Vigra",2335.8,1861.4,1315.0,1343.5,1539.0,1304.7,1689.5,2873.5,1331.6,2165.9,1589.8,1260.1,3466.8,11587.0,10092.4,4357.7,1287.0,13041.6,3567.2,9891.3,1311.4,5080.2,833.1,6376.8,2665.7,2872.4,6528.0,5917.0,2682.2,9990.6,6662.2,5836.7,1264.5,2406.8,1317.0,1100.1,2129.1,4347.6,1425.5,1894.9,3650.4,777.5,5870.1,1298.4,3456.3,7609.5,9931.4,1867.6,10062.5,10013.5,1108.9,1297.7,12917.8,7141.6,5042.7,10033.5,9929.9,4544.7,1154.4,11139.9,4808.0,4503.7,2856.5,414.8,5101.7,5838.6,1213.0,2855.5,6687.5,3685.6,1535.4,1308.3,1943.3,1501.1,12689.6,1464.2,2245.6,2882.2,5784.9,9889.3,5079.5,1297.9,5622.8,3037.9,1353.9,1889.9,5031.7,9985.5,1635.6,1855.8,5845.5,11116.3,6895.8,1594.8,3093.4,10052.1,12923.0,6404.7,12929.1,6536.1,13445.5,1428.9,9998.1,1424.3,2672.9,13315.8,5150.2,1288.3,5526.5,1404.0,1300.5,1333.9,3332.0,10099.5,2775.4,5787.3,2257.3,1702.6,6733.6,8562.9,6124.5,3099.1,1935.2,5641.3,3760.3,5318.4,5014.7,6409.0,4609.5,6626.8,1715.2,1337.1,1872.4,246.7,5169.9,5044.5,3551.9,2362.9,5823.0,9908.8,395.8,6407.9,1328.2,1349.1,5498.7,5141.0,1272.1,6400.9,6439.0,2884.9,4366.7,25.2,0.0,6627.7,1179.3,1691.3
Volda Campus SpareBank 1 Arena,4696.0,4821.8,5594.3,5622.8,6791.4,5584.0,5968.8,6325.3,5610.9,4735.5,5869.1,5539.4,6918.6,5378.9,3555.6,2729.7,5392.2,6880.9,6531.2,3354.5,5590.7,2124.9,6155.5,8165.7,6117.5,4966.3,116.6,884.8,5646.2,3453.8,88.4,5181.5,5386.9,4976.4,5458.3,5819.0,4698.7,2726.5,5314.3,4806.5,5030.0,6346.1,797.8,5577.7,6908.1,1072.7,3394.6,4888.5,3525.7,3476.7,6361.3,5439.0,6757.1,3410.0,8006.7,3496.7,3393.1,7996.5,6406.8,5090.4,7772.0,7955.5,6308.3,6643.1,2142.3,805.0,5492.3,6032.0,87.3,5040.2,5814.7,5413.5,4795.4,5389.9,6528.9,5346.6,4815.2,4976.1,5129.7,3352.5,2124.2,5577.2,1881.2,5131.8,5633.2,4899.4,7995.7,3448.7,5287.4,4818.3,813.4,4579.5,3154.2,5134.2,5187.3,3515.3,6762.3,8193.6,6768.4,103.9,6908.7,5708.2,3461.3,5381.6,5636.9,7155.1,2117.2,5567.6,8978.3,6122.9,5579.8,5613.2,6296.0,3562.7,5951.9,5132.1,4358.6,6421.5,2992.0,2026.1,591.4,5193.0,4769.9,5086.7,7212.1,8282.4,2200.3,8197.9,2037.9,104.1,5018.3,5616.4,4828.2,6357.4,2173.2,8008.5,6515.9,5965.8,5218.1,3372.0,6539.8,8196.8,5607.5,5628.4,8950.5,8105.0,5551.4,8189.8,8227.9,5848.9,2304.2,6584.0,6612.5,0.0,5471.1,5062.6
"Ålesund, 6003 Ålesund",1156.5,682.1,315.2,343.7,1512.3,304.9,689.7,2182.0,331.8,986.6,590.0,260.3,2775.3,10407.7,8913.1,3178.4,107.7,11862.3,2387.9,8712.0,311.6,3900.9,876.4,5197.5,1974.2,1693.1,5348.7,4737.7,1502.9,8811.3,5482.9,4657.4,85.2,1227.5,137.7,539.9,949.8,3168.3,246.2,715.6,2471.1,1067.0,4690.8,298.6,2764.8,6430.2,8752.1,688.3,8883.2,8834.2,1082.2,118.4,11738.5,5962.3,3863.4,8854.2,8750.6,3853.2,1127.7,9960.6,3628.7,3812.2,2165.0,1364.0,3922.4,4659.3,213.2,1888.7,5508.2,2506.3,535.6,129.0,764.0,321.8,11510.3,284.9,1066.3,1702.9,4605.6,8710.0,3900.2,298.1,4443.5,1858.6,354.1,710.6,3852.4,8806.2,456.3,676.5,4666.2,9937.0,5716.5,415.5,1914.1,8872.8,11743.7,5225.4,11749.8,5356.8,12266.2,429.1,8818.8,245.0,1493.6,12136.5,3970.9,288.5,4835.0,843.8,300.7,334.1,2152.7,8920.2,1808.6,4608.0,1078.0,1142.4,5554.3,7383.6,4945.2,1919.8,755.9,4462.0,3068.8,4139.1,3835.4,5229.7,3430.2,5447.5,535.9,337.3,693.1,1078.3,3990.6,3865.2,2372.6,1802.7,4643.7,8729.5,1260.7,5228.6,328.4,349.3,4807.2,3961.7,272.3,5221.6,5259.7,1705.6,3187.4,1304.9,1333.4,5448.4,0.0,512.0
Åse helsehus,777.6,292.5,690.2,718.7,1887.3,679.9,1064.7,1888.9,706.8,607.7,965.0,635.3,2482.2,10028.8,8534.2,2799.5,488.1,11483.4,2094.8,8333.1,686.6,3522.0,1251.4,4904.4,1681.1,1314.2,4969.8,4358.8,1209.8,8432.4,5104.0,4278.5,482.8,848.6,554.2,914.9,570.9,2789.4,410.2,343.0,2092.2,1442.0,4311.9,673.6,2471.7,6051.3,8373.2,473.1,8504.3,8455.3,1457.2,534.9,11359.6,5583.4,3570.3,8475.3,8371.7,3560.1,1502.7,9667.5,3335.6,3519.1,1871.9,1739.0,3543.5,4280.4,588.2,1595.6,5129.3,2127.4,910.6,509.4,402.5,485.8,11131.4,394.2,687.4,1324.0,4226.7,8331.1,3521.3,673.1,4064.6,1479.7,729.1,450.8,3559.3,8427.3,335.0,364.3,4287.3,9558.1,5337.6,181.8,1535.2,8493.9,11364.8,4932.3,11370.9,4977.9,11887.3,804.1,8439.9,477.5,1200.5,11757.6,3592.0,663.5,4541.9,1218.8,675.7,709.1,1859.6,8541.3,1515.5,4229.1,699.1,1517.4,5175.4,7004.7,4566.3,1540.9,377.0,4083.1,2775.7,3846.0,3456.5,4936.6,3051.3,5068.6,145.4,712.3,357.8,1453.3,3611.7,3572.1,2079.5,1529.4,4264.8,8350.6,1635.7,4935.5,703.4,724.3,4514.1,3668.6,647.3,4928.5,4966.6,1412.5,2808.5,1679.9,1708.4,5069.5,567.0,0.0
