,Depot,Motorhuset AS,"Lobyvegen 2, 6789 Loen","Loenvegen 2, 6789 Loen","Kongshaug, 6350 Eidsbygda","Tafjord, 6214 Norddal",Alnes Fyr og opplevelsessenter,Anno,"Brattvåg, 6270 Brattvåg",Brattvåg Fjordhotell,AMFI MOA - BRO - NORD - SYD,Bunnpris Brattvåg,Bunnpris Bryggja,Bunnpris Eid,Bunnpris Hareid,"Ikornes, 6222 Ikornnes",Bunnpris Langevåg,Bunnpris Oldeide,Bunnpris Olden,Bunnpris Sjøholt,SKAREGATA 1,Bunnpris Spjelkavik,Bunnpris Stad,Bunnpris Straumgjerde,Bunnpris Stryn,NEDRE STRANDGATE 9,Bunnpris Ulsteinvik,Bunnpris Valderøy,Bunnpris Valldal,Bunnpris Vatne,Bunnpris Vedde,Bunnpris Volda,Bunnpris Ørsta,"Digernessundet, 6057 Ellingsøy","Langelandsvegen 47, 6010 Ålesund",KIPERVIKGATA 5,PARKGATA 11B,"Ålesund, 6008 Ålesund","Eidsgata 12, 6770 Nordfjordeid","Kongensgate 1, 6002 Ålesund","Dregesvegen 2, 6200 Stranda","Kirkegata 4, 6002 Ålesund",Egon Ålesund,"Skulevegen 1, 6770 Nordfjordeid",Gamle Blindheimsveg 25,Eurospar Hareid,LARSGÅRDSVEGEN 19,Eurospar Moa,Eurospar Sykkylven,Eurospar Valderøy,Eurospar Ørsta,Rasmus Rønnebergs gate 21,"Ålesund, 6002 Ålesund",Felleskjøpet Nordfjordeid,Felleskjøpet Volda,"Langevåg, 6030 Langevåg",SKARBØVIKGATA 26,"Ørskog, 6240 Ørskog","Nordfjordeid, 6770 Nordfjordeid","Nordfjordeid, 6770 Nordfjordeid","Løvenvoldgata 6, 6002 Ålesund",APOTEKERGATA 5,"Gate 1, 6718 Deknepollen","Kyaborga 4, 6150 Ørsta","Sjukehusveien 14, 6770 Nordfjordeid",Hornindal skisenter,"Apotekergata 5, 6004 Ålesund",APOTEKERGATA 1-3,KONGENS GATE 28A,Isehaug kafeteria,Godøya post i butikk,Joker Gursken,"Hellesylt, 6218 Hellesylt",Joker Hjelledalen,Joker Larsnes,Joker Loen,Joker Stadlandet,Joker Stordal,Joker Vatne,Vigra post i butikk,Joker Åheim,KONGENS GATE 11,Kiwi Meieribygget Ørsta,"Volda, 6100 Volda",SUNDGATA 8,Kiwi Skodje,Kiwi Volda,Kiwi Sykkylven,SKARBØVIKGATA 25,NØRVEGATA 23,SPJELKAVIKVEGEN 42,Kiwi Deknepollen,"Eggesbønes, 6008 Ålesund",NEDRE KLOKKERSUNDVEGEN 2,FLISNESVEGEN 1,"Kverve, 6008 Ålesund","Fiskarstrand, 6037 Eidsnes",Kiwi Stranda,Kiwi Stryn,Kiwi Ulsteinvik,"Valderøy, 6050 Valderøya",RASMUS RØNNEBERGS GATE 6,Kiwi Myrvåg,Kiwi Langevåg,NEDRE STRANDGATE 51,LERSTADVEGEN 545,Kiwi Vestnes,Kiwi Nordfjordeid,SMEDGARDEN 1,"Vallekrysset, 6013 Ålesund","Ørsta, 6150 Ørsta","Bryggja, 6720 Bryggja",Meny Fosnavåg,LERSTADVEGEN 291,"HIG, 6010 Ålesund",SKATEFLUKAIA 1B,"Selje, 6740 Selje",KEISER WILHELMS GATE 2,"Valldal, 6210 Valldal","Måløy, 6700 Måløy","Tonningsgata, 6783 Stryn","Innviksvegen, 6793 Innvik","Skateflukaia, 6002 Ålesund",SKANSEKAIA 4A,"Søvika, 6065 Ulsteinvik",Nordfjord hotell,Quality Hotel Ulstein,Quality Hotel Waterfront,KONGENS GATE 6,"Remmemsvik, 6264 Tennfjord","Storgata 16, 6002 Ålesund","Stranda, 6200 Stranda",SOLAVÅGSEIDET 76,Spar Ellingsøy,Spar Fiskåbygd,Spar Fosnavåg,Spar Hornindal,Spar Hovdebygda,Spar Langevåg,Spar Raudeberg,Spjelkavikvegen 61,Spar Straumane,Spar Svingen,Spar Søvik,Spar Tresfjord,Spar Ulsteinvik,Spar Valldal,Spar Vartdal,Spar Volda,Øvre Geilegrend 1,BLINDHEIM INDUSTRIVEG 2D,"Ålesund lufthavn, 6040 Vigra",St1 Ulsteinvik,St1 Ørskog,Storfjord Gastropub,"Strandafjellet, 6200 Stranda","Stryn, 6783 Stryn","Vigra, 6040 Vigra",Sunnmøre Folkehøgskule,KONGENS GATE 32A,"Gate 1 17, 6718 Deknepollen",Tik Café & Restaurant,"Brugata 4, 6390 Vestnes","Vestnes, 6390 Vestnes","Ålesund, 6002 Ålesund",KEISER WILHELMS GATE 39,Zuuma,"Borgundvegen 340, 6009 Ålesund"
Depot,0.0,29168.3,122035.4,122752.0,41264.5,59097.6,36130.5,17026.9,41848.8,41842.4,6099.4,41930.2,108445.3,114473.3,20422.4,18590.2,13863.9,131234.3,128074.7,34757.0,17142.8,5821.4,120627.6,25310.5,111588.8,17032.6,30594.5,26462.2,79245.4,28878.2,11039.5,55656.3,46526.7,20458.1,25241.5,16630.4,16639.6,14474.7,113885.0,17160.1,51813.0,17048.8,16740.1,114343.6,3955.1,20282.5,12787.2,5896.0,18032.3,27795.3,46511.8,16940.9,17202.0,114423.6,52529.3,13555.6,19452.0,34498.5,114256.7,114000.3,17376.0,17139.2,129731.5,46579.2,114072.9,92299.6,17281.7,17155.5,17336.3,111798.4,31621.1,50995.0,74230.4,140582.3,56392.2,122006.3,130325.5,53576.9,31008.9,34802.0,93966.3,17004.4,46216.7,56711.2,16163.4,26535.5,57212.2,18240.1,19482.9,14620.6,5821.5,126741.7,13285.2,11661.5,6114.0,14852.1,11080.7,51456.1,111582.6,30587.9,19628.7,16979.1,39389.3,12912.6,17560.3,7205.7,60388.6,113024.3,10437.2,6201.5,46309.2,149579.9,58125.9,9340.7,5985.6,17108.1,111286.1,17074.8,79601.3,129768.2,111763.4,156731.9,18292.9,17352.6,30718.8,113709.4,31969.7,17255.6,16864.1,73083.1,17028.0,51468.3,3404.7,31332.8,77504.9,56516.5,89113.4,49721.3,13563.6,135387.7,5655.1,33382.6,50025.2,48093.8,62294.8,29516.2,79618.9,26147.4,56426.9,8175.0,3241.1,31133.0,31358.5,34515.1,51445.9,51298.3,111773.0,33070.8,28762.1,17345.4,129739.1,46123.6,61662.1,61286.6,16518.3,16753.3,17036.3,18000.0
Motorhuset AS,29512.7,0.0,101711.8,102428.5,67898.1,85731.1,62764.0,43660.4,68482.3,68475.9,32733.0,68563.7,80137.2,94149.8,9313.2,45223.7,31929.5,102926.2,107751.2,61390.5,43776.3,32454.9,92319.5,51944.0,91265.3,43666.1,2286.5,53095.7,105878.9,55511.7,29105.1,33360.1,33633.7,47091.6,51875.0,43264.0,43273.1,41108.2,93561.5,43793.6,78446.5,43682.3,43373.6,94020.1,30588.7,9251.5,39420.7,32529.6,44665.8,54428.8,33072.1,43574.4,43835.6,94100.1,30233.1,31621.2,46085.5,61132.0,93933.2,93676.8,44009.5,43772.8,101423.4,33224.6,93749.4,71976.1,43915.2,43789.1,43969.8,91474.9,58254.6,22686.9,92342.2,120258.7,28084.1,101682.8,102017.4,80210.4,57642.4,61435.5,65658.3,43637.9,33288.0,34415.0,42796.9,53169.0,34916.0,44873.7,46116.4,41254.1,32455.0,98433.6,39918.7,38295.1,32747.5,41485.6,29146.4,78089.6,91259.1,2279.8,46262.2,43612.7,11081.2,30978.2,44193.8,33839.2,87022.1,92700.7,37070.7,32835.1,33383.7,129256.4,29817.9,35974.2,32619.2,43741.6,82978.0,43708.3,106234.8,101460.1,91439.9,136408.4,44926.5,43986.1,2410.7,93385.9,3661.6,43889.1,43497.6,99716.6,43661.5,78101.9,26064.5,57966.3,49196.8,28208.4,68789.9,31242.9,31629.2,107079.6,32288.6,5074.5,76658.7,74727.3,88928.3,1786.1,106252.5,53337.3,34130.7,34808.5,29874.6,57766.5,3050.4,61148.6,78079.4,77931.8,91449.5,59704.4,1743.7,43978.9,101431.0,33457.2,88295.6,87920.1,43151.8,43386.9,43669.8,44633.5
"Lobyvegen 2, 6789 Loen",122031.1,101786.4,0.0,1804.6,160456.8,96354.3,155282.5,136178.9,161041.0,161034.7,125251.4,161122.5,88488.5,56800.3,110272.3,116697.4,128852.8,111753.7,7127.3,146963.8,136294.8,124973.4,129240.1,109630.0,10988.1,136184.6,100847.3,145614.1,118132.9,148070.5,126028.3,68452.7,76486.9,139650.4,144393.5,135782.4,135791.6,133626.7,56212.0,136312.1,89069.6,136200.8,135892.1,56670.7,123107.1,110210.6,131939.1,125048.0,117132.6,146947.3,75885.0,136092.9,136354.0,56750.6,72845.7,128544.4,138604.0,146705.3,56583.8,56327.3,136528.0,136291.2,110250.8,75956.9,56399.9,40337.7,136433.7,136307.5,136488.3,11142.0,150773.1,109029.1,60703.8,39925.8,114426.3,1058.9,138938.1,108267.4,150201.2,153954.0,103134.7,136156.4,76141.1,67542.6,135315.4,141480.0,67367.2,116968.1,138634.9,133772.6,124973.5,107261.1,132437.2,130813.5,129139.0,134004.1,126069.6,88712.7,10926.1,100840.8,138780.7,136131.1,97423.3,127901.4,136712.3,126357.7,149867.4,56108.2,129589.2,125353.5,75752.1,92663.8,116160.0,128492.7,125137.6,136260.1,119898.6,136226.8,118488.8,110287.5,11107.0,35784.6,137444.9,136504.6,101166.5,56036.4,100798.8,136407.6,136016.1,192275.4,136180.0,88725.0,118583.0,150484.8,121803.1,114550.6,33060.5,74709.5,128552.4,115907.1,124807.1,99271.8,88170.1,167286.1,135258.5,101846.7,118506.5,95915.3,67664.0,127327.0,122393.1,150285.0,101472.5,146721.9,88702.6,89043.8,11172.3,152222.8,102702.8,136497.4,110258.4,75937.7,151140.9,150765.3,135670.3,135905.3,136188.3,137152.0
"Loenvegen 2, 6789 Loen",122748.7,102504.0,1805.6,0.0,161174.4,97071.9,156000.1,136896.4,161758.6,161752.3,125969.0,161840.1,89206.1,57517.9,110989.9,117415.0,129570.4,112471.3,7255.3,147681.4,137012.4,125691.0,129957.7,110347.6,11705.7,136902.1,101564.9,146331.7,118850.5,148788.1,126745.9,69170.3,77204.5,140368.0,145111.1,136500.0,136509.2,134344.3,56929.6,137029.7,89787.2,136918.4,136609.6,57388.3,123824.7,110928.1,132656.7,125765.6,117850.2,147664.9,76602.6,136810.5,137071.6,57468.2,73563.3,129262.0,139321.6,147422.9,57301.4,57044.9,137245.6,137008.8,110968.4,76674.5,57117.5,41055.3,137151.3,137025.1,137205.9,11859.6,151490.7,109746.7,61421.4,40643.4,115143.9,994.6,139655.7,108985.0,150918.8,154671.6,103852.3,136873.9,76858.7,68260.2,136033.0,142197.6,68084.8,117685.7,139352.4,134490.2,125691.1,107978.7,133154.8,131531.1,129856.6,134721.7,126787.2,89430.3,11643.7,101558.3,139498.3,136848.7,98140.9,128619.0,137429.9,127075.3,150584.9,56825.8,130306.8,126071.1,76469.7,93381.4,116877.6,129210.3,125855.2,136977.7,120616.2,136944.4,119206.4,111005.1,11824.6,35912.5,138162.5,137222.2,101884.1,56754.0,101516.4,137125.2,136733.7,192993.0,136897.6,89442.6,119300.6,151202.4,122520.7,115268.2,33778.1,75427.1,129270.0,116624.7,125524.7,99989.4,88887.7,168003.7,135976.1,102564.3,119224.1,96632.9,68381.6,128044.6,123110.7,151002.6,102190.1,147439.4,89420.2,89761.4,11889.9,152940.4,103420.4,137215.0,110976.0,76655.2,151858.4,151482.9,136387.9,136622.9,136905.9,137869.6
"Kongshaug, 6350 Eidsbygda",41192.5,67563.0,160597.5,161314.1,0.0,84765.1,57969.3,46208.5,25808.1,25801.8,35605.3,25889.6,146840.1,152868.0,58817.1,44257.7,52258.6,169629.0,166636.8,33306.1,46324.5,35794.5,159022.3,50977.9,150150.9,46214.2,68989.3,48301.0,77794.6,12647.4,49434.2,94051.0,84921.4,21457.5,35772.5,45812.1,45821.2,43200.7,152279.7,46341.8,77480.4,46230.5,45921.7,152738.4,39059.2,58677.3,41513.2,35785.7,43699.8,49634.2,84906.5,46122.6,46383.7,152818.3,90924.0,51950.3,48633.7,33047.7,152651.5,152395.0,46557.7,46320.9,168126.2,84973.9,152467.6,125701.3,46463.4,46337.2,46518.0,150360.5,53460.0,89389.7,99897.8,147826.5,94786.9,160568.4,168720.2,52126.1,10649.8,56640.8,132361.1,46186.0,84611.4,95105.9,45345.0,23217.7,95606.9,43907.6,48664.5,43346.7,35571.9,165136.4,42011.2,40796.7,41218.0,43578.2,49475.4,77123.6,150144.7,68982.7,48810.4,46160.8,77784.0,51307.3,46741.9,34504.5,25657.3,151419.0,40211.0,35388.8,84703.9,187974.6,96520.7,38475.8,36476.2,46289.8,149680.8,46256.5,78150.5,168162.9,150325.6,195294.1,47474.6,46534.3,69113.6,152104.1,70364.4,46437.2,46045.7,57042.5,46209.7,77135.8,41799.5,29421.5,115899.6,94911.2,127675.6,88116.0,51958.3,173782.4,35678.2,71777.3,75692.7,32053.2,37781.1,67910.9,78168.1,64542.2,94821.6,37861.8,39558.5,52971.9,69753.2,33064.2,77113.4,76965.7,150335.1,54909.7,67156.8,46527.0,168133.8,84518.3,24570.9,25408.7,45699.9,45935.0,46217.9,47181.7
"Tafjord, 6214 Norddal",59359.5,85730.0,96350.2,97066.8,84601.3,0.0,89008.5,69904.9,85185.5,85179.1,58977.5,85266.9,131479.8,99791.6,76984.1,40841.9,70425.6,154745.0,102389.5,47443.7,70020.9,58699.5,172231.4,33774.4,85903.6,69910.6,87156.2,79340.2,27444.8,72214.9,67601.1,94688.4,102722.6,63794.8,78119.6,69508.5,69517.7,67352.7,99203.3,70038.2,9232.0,69926.9,69618.1,99662.0,55507.9,76844.2,65665.2,58774.1,41277.1,80673.4,102120.7,69819.0,70080.1,99741.9,99081.4,70117.3,72330.1,47671.7,99575.1,99318.6,70254.1,70017.3,153242.1,102192.6,99391.2,61454.0,70159.8,70033.6,70214.4,86113.2,84499.2,135264.8,35650.5,114897.1,140662.0,96321.1,181929.4,28429.8,74345.6,87680.0,146126.1,69882.4,102376.8,93778.3,69041.4,65624.4,93602.9,41112.5,72360.9,67498.7,58699.6,150252.4,66163.2,64539.6,53283.4,67730.2,67642.4,8875.2,85897.4,87149.6,72506.8,69857.2,123659.1,69474.3,70438.3,60083.8,70029.8,99099.5,63315.3,59079.6,101987.8,135655.1,142395.7,62218.8,58863.7,69986.2,162889.9,69952.9,27800.7,153278.9,86078.2,131046.7,71171.0,70230.7,87280.5,99027.7,88531.4,70133.7,69742.2,116419.8,69906.1,8887.4,59966.4,80791.5,144882.0,140786.3,63428.2,100945.2,70125.2,158898.4,58533.2,89944.3,9727.1,91430.5,55420.9,86077.9,27818.3,72036.7,93899.7,61053.1,55975.3,84011.1,87920.2,47514.5,8865.0,9412.0,86087.8,85948.9,85323.8,70223.5,153249.8,102173.3,71303.3,70927.7,69396.3,69631.4,69914.4,70878.1
Alnes Fyr og opplevelsessenter,36168.3,62538.8,155405.8,156122.5,57913.1,89177.4,0.0,21910.9,58497.3,58491.0,30271.5,58578.8,141815.8,147843.8,53792.9,48670.0,47234.4,164604.8,161445.2,58645.7,22026.9,31471.9,153998.1,55390.2,144959.3,21916.6,63965.0,14250.4,103134.2,45526.8,44409.9,89026.8,79897.2,44346.9,22677.7,21514.5,21523.6,22047.4,147255.5,22044.2,81892.8,21932.9,21624.1,147714.1,34034.9,53653.0,24401.4,30571.6,48112.1,15583.6,79882.3,21825.0,22086.1,147794.1,85899.8,46926.1,24336.1,58387.2,147627.2,147370.8,22260.1,22023.3,163102.0,79949.7,147443.4,130113.6,22165.8,22039.6,22220.4,145168.9,4895.0,84365.5,104310.2,173166.1,89762.7,155376.7,163696.0,77465.7,47657.4,22916.0,127336.8,21888.4,79587.2,90081.7,21047.4,47877.3,90582.7,48319.9,24366.9,22388.4,31249.3,160112.2,24899.4,24823.2,36193.8,22221.6,44451.2,81535.9,144953.1,63958.4,24512.8,21863.2,72759.8,46283.1,22444.3,30546.5,84277.4,146394.8,26464.3,30364.5,79679.7,182950.4,91496.4,27248.0,30310.1,21992.2,144656.6,21958.9,103490.1,163138.7,145133.9,190102.4,23177.0,22236.7,64089.3,147079.9,65340.2,22139.6,21748.1,89731.7,21912.1,81548.1,36775.2,28769.0,110875.4,89887.0,122483.9,83091.7,46934.0,168758.2,31557.4,66753.1,80105.0,64742.4,86183.6,62886.7,103507.7,59517.9,89797.4,28627.5,34534.2,19247.0,64729.0,58403.8,81525.7,81378.1,145143.5,21184.9,62132.6,22229.4,163109.6,79494.1,85550.9,85175.4,21402.3,21637.4,21920.3,22884.1
Anno,17013.8,43384.2,136251.3,136967.9,46296.2,70022.9,21949.8,0.0,46880.4,46874.1,11117.0,46961.9,122661.3,128689.3,34638.4,29515.4,28079.8,145450.3,142290.6,39491.2,652.6,12317.4,134843.5,36235.7,125804.7,118.6,44810.5,12281.5,83979.6,33909.9,25255.4,69872.3,60742.7,25192.4,11060.8,711.9,891.7,2892.9,128100.9,133.3,62738.2,558.6,541.6,128559.6,14880.4,34498.5,5246.8,11417.0,28957.6,13614.6,60727.7,628.0,175.2,128639.5,66745.3,27771.5,2456.4,39232.7,128472.7,128216.2,349.2,112.4,143947.4,60795.2,128288.9,110959.1,254.9,128.7,846.1,126014.4,17440.4,65210.9,85155.6,154011.6,70608.2,136222.2,144541.5,58311.2,36040.5,20621.3,108182.3,514.1,60432.7,70927.1,943.9,31269.8,71428.1,29165.4,2487.3,3233.9,12094.8,140957.7,5744.8,5668.7,17039.3,3067.1,25296.7,62381.3,125798.5,44803.9,2633.1,201.6,53605.2,27128.5,646.3,11391.9,65122.9,127240.2,7309.7,11210.0,60525.1,163795.8,72341.9,8093.4,11155.6,617.9,125502.0,360.3,84335.5,143984.1,125979.4,170947.9,932.6,862.4,44934.8,127925.3,46185.7,341.6,701.2,78114.8,865.1,62393.6,17620.7,17152.1,91720.9,70732.5,103329.4,63937.2,27779.5,149603.6,12402.9,47598.6,60950.5,53125.5,67029.1,43732.2,84353.2,40363.4,70642.9,9473.0,15379.7,16952.3,45574.4,39249.3,62371.2,62223.5,125988.9,18890.1,42978.0,855.2,143955.0,60339.5,66396.3,66020.8,559.4,667.6,546.0,1086.0
"Brattvåg, 6270 Brattvåg",41742.4,68112.9,161147.4,161864.0,25806.6,85315.0,58519.2,46758.4,0.0,47.4,36155.2,135.2,147389.9,153417.9,59367.0,44807.6,52808.5,170178.9,167186.7,33856.0,46874.4,36344.4,159572.2,51527.8,150700.8,46764.1,69539.2,48850.9,78344.5,13420.3,49984.1,94600.9,85471.3,22007.4,36322.4,46362.0,46371.1,43750.6,152829.6,46891.7,78030.3,46780.4,46471.6,153288.3,39609.1,59227.2,42063.1,36335.6,44249.7,50184.1,85456.4,46672.5,46933.6,153368.2,91473.9,52500.2,49183.6,33597.5,153201.4,152944.9,47107.6,46870.8,168676.1,85523.8,153017.5,126251.2,47013.3,46887.1,47067.9,150910.4,54009.9,89939.6,100447.7,148376.4,95336.8,161118.3,169270.1,52676.0,15550.9,57190.7,132911.0,46735.9,85161.3,95655.8,45894.9,23767.6,96156.8,44457.5,49214.4,43896.6,36121.8,165686.4,42561.1,41346.6,41767.9,44128.1,50025.3,77673.5,150694.6,69532.6,49360.3,46710.7,78333.9,51857.2,47291.8,35054.4,51463.9,151968.9,40760.9,35938.7,85253.8,188524.5,97070.6,39025.7,37026.1,46839.7,150230.7,46806.4,78700.4,168712.8,150875.5,195844.0,48024.5,47084.2,69663.4,152654.0,70914.3,46987.1,46595.6,32404.3,46759.6,77685.7,42349.4,29971.4,116449.5,95461.1,128225.5,88665.9,52508.2,174332.3,36228.1,72327.2,76242.6,16343.1,61393.9,68460.8,78718.0,65092.1,95371.6,38411.7,40108.4,53521.8,70303.1,33614.1,77663.3,77515.6,150885.0,55459.6,67706.7,47076.9,168683.7,85068.2,50377.5,51215.3,46249.8,46484.9,46767.8,47731.6
Brattvåg Fjordhotell,41736.1,68106.6,161141.0,161857.7,25800.3,85308.6,58512.9,46752.0,47.4,0.0,36148.9,87.8,147383.6,153411.6,59360.7,44801.2,52802.2,170172.6,167180.4,33849.7,46868.0,36338.0,159565.8,51521.5,150694.4,46757.8,69532.8,48844.6,78338.1,13413.9,49977.7,94594.6,85465.0,22001.1,36316.0,46355.6,46364.8,43744.3,152823.2,46885.3,78024.0,46774.0,46465.3,153281.9,39602.7,59220.8,42056.8,36329.2,44243.3,50177.8,85450.1,46666.1,46927.2,153361.8,91467.6,52493.8,49177.2,33591.2,153195.0,152938.5,47101.2,46864.4,168669.8,85517.5,153011.2,126244.9,47006.9,46880.7,47061.5,150904.1,54003.6,89933.3,100441.4,148370.1,95330.5,161111.9,169263.8,52669.7,15544.6,57184.4,132904.6,46729.5,85155.0,95649.5,45888.6,23761.3,96150.4,44451.2,49208.1,43890.2,36115.4,165680.0,42554.8,41340.2,41761.6,44121.7,50019.0,77667.1,150688.3,69526.2,49353.9,46704.3,78327.5,51850.9,47285.5,35048.1,51457.6,151962.5,40754.5,35932.3,85247.4,188518.1,97064.2,39019.4,37019.8,46833.3,150224.4,46800.0,78694.0,168706.4,150869.1,195837.6,48018.1,47077.8,69657.1,152647.6,70908.0,46980.8,46589.3,32356.8,46753.2,77679.4,42343.0,29965.0,116443.2,95454.8,128219.1,88659.5,52501.8,174326.0,36221.8,72320.9,76236.2,16295.7,61387.6,68454.5,78711.7,65085.7,95365.2,38405.3,40102.0,53515.4,70296.8,33607.8,77657.0,77509.3,150878.7,55453.3,67700.3,47070.6,168677.4,85061.8,50371.2,51208.9,46243.5,46478.5,46761.5,47725.2
AMFI MOA - BRO - NORD - SYD,5972.8,32343.2,125210.3,125926.9,35736.3,58981.8,30409.3,11305.7,36320.6,36314.2,0.0,36402.0,111620.3,117648.3,23597.4,18474.4,17038.8,134409.3,131249.6,29228.8,11421.7,1274.9,123802.5,25194.7,114763.7,11311.4,33769.5,20741.0,73717.2,23350.0,14214.4,58831.2,49701.7,14929.9,19520.3,10909.3,10918.5,8753.5,117059.9,11439.0,51697.2,11327.7,11018.9,117518.6,3839.4,23457.5,7066.0,564.4,17916.6,22074.2,49686.7,11219.8,11480.9,117598.5,55704.2,16730.5,13730.9,28970.3,117431.7,117175.2,11654.9,11418.1,132906.4,49754.1,117247.8,99918.1,11560.6,11434.4,11615.2,114973.4,25900.0,54169.9,74114.6,143749.2,59567.2,125181.2,133500.5,48048.7,25480.7,29080.8,97141.3,11283.2,49391.7,59886.1,10442.2,21007.3,60387.1,18124.4,13761.7,8899.5,1052.3,129916.7,7564.0,5830.0,5998.3,9131.0,14255.7,51340.3,114757.5,33762.9,13907.6,11258.0,42564.2,16087.5,11839.1,1543.7,54860.4,116199.2,4605.6,564.0,49484.1,152754.8,61300.9,3509.1,1255.0,11387.0,114461.0,11353.7,74073.1,132943.1,114938.4,159906.9,12571.8,11631.5,33893.8,116884.3,35144.7,11534.5,11143.0,67554.9,11306.9,51352.6,6579.7,25611.7,80679.9,59691.4,92288.4,52896.2,16738.5,138562.6,1158.6,36557.6,49909.4,42565.6,56766.6,32691.2,74090.7,29322.4,59601.9,2256.4,4338.7,25411.8,34533.4,28986.9,51330.2,51182.5,114947.9,27349.7,31937.0,11624.3,132914.0,49298.5,56133.9,55758.4,10797.1,11032.2,11315.2,12278.9
Bunnpris Brattvåg,41823.9,68194.4,161228.9,161945.5,25888.1,85396.4,58600.7,46839.9,135.2,87.8,36236.7,0.0,147471.4,153499.4,59448.5,44889.0,52890.0,170260.4,167268.2,33937.5,46955.8,36425.8,159653.6,51609.3,150782.3,46845.6,69620.6,48932.4,78425.9,13501.7,50065.5,94682.4,85552.8,22088.9,36403.8,46443.5,46452.6,43832.1,152911.1,46973.1,78111.8,46861.8,46553.1,153369.7,39690.5,59308.6,42144.6,36417.1,44331.2,50265.6,85537.9,46753.9,47015.0,153449.6,91555.4,52581.7,49265.0,33679.0,153282.8,153026.4,47189.0,46952.2,168757.6,85605.3,153099.0,126332.7,47094.7,46968.6,47149.3,150991.9,54091.4,90021.1,100529.2,148457.9,95418.3,161199.8,169351.6,52757.5,15632.4,57272.2,132992.4,46817.4,85242.8,95737.3,45976.4,23849.1,96238.3,44539.0,49295.9,43978.0,36203.2,165767.8,42642.6,41428.0,41849.4,44209.5,50106.8,77754.9,150776.1,69614.0,49441.7,46792.1,78415.3,51938.7,47373.3,35135.9,51545.4,152050.3,40842.3,36020.1,85335.2,188605.9,97152.0,39107.2,37107.6,46921.1,150312.2,46887.8,78781.8,168794.3,150956.9,195925.4,48106.0,47165.6,69744.9,152735.5,70995.8,47068.6,46677.1,32269.0,46841.0,77767.2,42430.8,30052.8,116531.0,95542.6,128306.9,88747.3,52589.6,174413.8,36309.6,72408.7,76324.0,16207.9,61475.4,68542.3,78799.5,65173.5,95453.0,38493.1,40189.8,53603.2,70384.6,33695.6,77744.8,77597.1,150966.5,55541.1,67788.2,47158.4,168765.2,85149.7,50459.0,51296.7,46331.3,46566.3,46849.3,47813.0
Bunnpris Bryggja,126115.9,80106.9,88431.9,89148.6,164501.3,131471.8,159367.2,140263.6,165085.5,165079.1,129336.1,165166.9,0.0,32316.5,88592.8,151815.0,132937.5,23265.2,94471.3,157993.7,140379.6,129058.1,40751.6,144747.5,77985.4,140269.3,79167.8,149698.9,142399.9,152114.9,130113.0,71216.3,80296.5,143694.8,148478.2,139867.2,139876.3,137711.4,32703.3,140396.8,124187.1,140285.5,139976.8,33372.6,127191.9,88531.0,136023.9,129132.8,152250.2,151032.0,79734.8,140177.6,140438.8,33452.5,74885.3,132629.1,142688.7,157735.2,32537.3,33029.2,140612.7,140375.9,21762.3,79887.3,32723.9,75455.2,140518.4,140392.3,140573.0,78195.0,154857.9,57615.9,95821.3,106978.8,52120.6,88402.8,50449.6,143384.9,154245.6,158038.7,14646.2,140241.1,79950.7,72947.6,139400.1,149772.2,72772.2,152085.6,142719.6,137857.3,129058.2,18772.6,136521.9,134898.3,129350.7,138088.8,130154.3,123830.3,77979.2,79161.2,142865.4,140215.9,69931.3,131986.2,140797.0,130442.4,183625.3,32707.8,133673.9,129438.3,80046.4,39555.1,88668.0,132577.4,129222.4,140344.8,31410.1,140311.5,142755.8,21799.0,78160.0,82208.5,141529.7,140589.4,79486.9,33138.0,79119.3,140492.3,140100.8,196319.8,140264.7,123842.5,122667.7,154569.5,33314.6,87058.6,68178.0,76749.0,132637.1,27418.6,128891.8,77592.3,123287.6,171330.5,185531.5,80167.1,142773.4,100000.0,72608.7,131411.7,126477.8,154369.7,79793.0,157751.8,123820.1,124161.4,78169.6,156307.6,81023.2,140582.1,21769.9,80120.0,184898.8,184523.3,139755.0,139990.1,140273.0,141236.7
Bunnpris Eid,94492.7,72202.7,56732.2,57448.8,132878.1,99772.0,127744.0,108640.4,133462.3,133455.9,97712.9,133543.7,32327.4,0.0,80688.6,120115.2,101314.3,55592.6,62771.5,126370.5,108756.4,97434.9,73079.0,113047.8,46285.6,108646.1,71263.7,118075.7,110700.1,120491.7,98489.8,39593.1,48673.2,112071.6,116855.0,108244.0,108253.1,106088.2,861.2,108773.6,92487.4,108662.3,108353.6,894.2,95568.7,80626.9,104400.7,97509.6,120550.4,119408.8,48111.6,108554.4,108815.6,974.2,43262.1,101005.9,111065.5,126112.0,297.8,473.0,108989.5,108752.7,54089.8,48264.1,484.4,43755.4,108895.2,108769.1,108949.8,46495.2,123234.6,79445.4,64121.5,75279.1,84842.6,56703.1,82777.0,111685.1,122622.4,126415.5,46973.7,108617.9,48327.5,41324.4,107776.9,118149.0,41149.0,120385.9,111096.4,106234.1,97435.0,51100.0,104898.7,103275.1,97727.5,106465.6,98531.1,92130.5,46279.4,71257.1,111242.2,108592.6,67839.7,100363.0,109173.8,98819.2,152002.1,1084.6,102050.7,97815.1,48423.2,36502.7,86576.4,100954.2,97599.1,108721.6,63737.6,108688.3,111056.0,54126.5,46460.2,50054.5,109906.5,108966.1,71582.8,983.9,71215.1,108869.1,108477.6,164696.6,108641.5,92142.8,91044.5,122946.3,65642.1,84966.9,36478.3,45125.8,101013.9,59746.0,97268.6,69688.1,91587.9,139707.3,153908.4,72263.0,111073.7,68376.8,40985.5,99788.5,94854.6,122746.5,71888.9,126128.6,92120.3,92461.6,46469.8,124684.4,73119.1,108958.9,54097.4,48496.7,153275.6,152900.1,108131.8,108366.9,108649.8,109613.5
Bunnpris Hareid,20320.0,9401.7,110253.3,110970.0,58705.4,76538.5,53571.3,34467.7,59289.6,59283.3,23540.3,59371.1,88678.7,102691.3,0.0,36031.1,22736.9,111467.7,116292.6,52197.8,34583.7,23262.3,100860.9,42751.3,99806.7,34473.4,10827.9,43903.0,96686.3,46319.1,19912.4,41901.6,42175.2,37899.0,42682.3,34071.3,34080.4,31915.5,102102.9,34601.0,69253.8,34489.7,34180.9,102561.6,21396.0,515.9,30228.0,23336.9,35473.2,45236.2,41613.6,34381.8,34642.9,102641.5,38774.6,22428.6,36892.9,51939.3,102474.7,102218.2,34816.9,34580.1,109964.9,41766.1,102290.8,80517.6,34722.6,34596.4,34777.2,100016.4,49062.0,31228.4,100883.6,128800.2,36625.6,110224.2,110558.9,71017.8,48449.7,52242.8,74199.7,34445.2,41829.5,42956.5,33604.2,43976.4,43457.4,35681.0,36923.7,32061.5,23262.4,106975.1,30726.0,29102.4,23554.9,32293.0,19953.7,68896.9,99800.5,10821.3,37069.6,34420.0,19622.6,21785.6,35001.1,24646.5,77829.5,101242.2,27878.1,23642.4,41925.2,137797.8,38359.3,26781.6,23426.5,34549.0,91519.5,34515.7,97042.2,110001.6,99981.4,144949.9,35733.8,34793.5,10952.2,101927.3,12203.1,34696.4,34305.0,90524.0,34468.9,68909.2,16871.9,48773.7,57738.3,36749.9,77331.4,39784.3,22436.5,115621.1,23096.0,13616.0,67466.1,65534.7,79735.7,9749.6,97059.8,61878.8,42672.2,25615.9,20681.9,48573.8,11591.9,51955.9,68886.8,68739.1,99991.0,50511.7,8995.4,34786.3,109972.5,41998.7,79103.0,78727.4,33959.1,34194.2,34477.1,35440.9
"Ikornes, 6222 Ikornnes",18866.6,45237.0,116699.3,117415.9,44108.3,40866.8,48515.6,29412.0,44692.5,44686.2,18484.6,44774.0,151828.9,120140.7,36491.2,0.0,29932.6,175094.1,122738.6,30615.2,29528.0,18206.5,154826.9,7079.7,106252.7,29417.7,46663.3,38847.3,51794.9,31722.0,27108.2,62262.1,53132.5,23301.9,37626.6,29015.6,29024.7,26859.8,119552.4,29545.2,33582.2,29433.9,29125.2,120011.1,15014.9,36351.3,25172.3,18281.2,557.9,40180.4,53117.6,29326.0,29587.2,120091.0,59135.1,29624.3,31837.2,30356.7,119924.2,119667.7,29761.2,29524.4,173591.2,53185.0,119740.3,81803.1,29666.8,29540.7,29721.5,106462.3,44006.3,67063.7,55999.6,135246.2,72461.0,116670.2,164524.9,49435.2,33852.6,47187.1,128165.7,29389.5,52822.5,63317.0,28548.5,25131.5,63818.0,563.8,31868.0,27005.7,18206.6,170601.5,25670.3,24046.7,12790.4,27237.2,27149.5,33225.3,106246.5,46656.7,32013.8,29364.3,55458.0,28981.3,29945.4,19590.8,56246.9,119448.6,22822.3,18586.7,52915.0,156004.2,74194.7,21725.8,18370.8,29493.2,145485.4,29459.9,52150.8,173627.9,106427.3,151395.8,30678.1,29737.8,46787.6,119376.8,48038.5,29640.7,29249.2,75926.9,29413.1,33237.6,19473.5,40298.6,111704.3,72585.2,83777.3,56327.1,29632.3,179247.5,18040.2,49451.4,31794.4,50937.6,58153.1,45585.0,52168.5,32753.3,63032.7,20560.1,15482.4,43518.1,47427.2,30373.3,33215.2,33067.5,106436.9,45456.0,44830.8,29730.5,173598.9,52729.4,57520.4,57144.9,28903.4,29138.5,29421.4,30385.2
Bunnpris Langevåg,13913.4,31602.9,128882.2,129598.9,52298.8,70131.8,47164.7,28061.1,52883.0,52876.6,17133.7,52964.4,110880.0,121320.2,22857.0,29624.4,0.0,133668.9,134921.6,45791.2,28177.1,16855.6,123062.2,36344.7,118435.6,28066.8,33029.2,37496.4,90279.6,39912.4,2905.1,62503.2,53373.6,31492.3,36275.7,27664.7,27673.8,25508.9,120731.9,28194.3,62847.2,28083.0,27774.3,121190.5,14989.4,22717.2,23821.4,16930.3,29066.5,38829.5,53358.7,27975.1,28236.3,121270.4,59376.2,694.3,30486.3,45532.7,121103.6,120847.1,28410.3,28173.5,132166.1,53426.1,120919.8,99146.5,28315.9,28189.8,28370.6,118645.3,42655.3,53429.6,85264.6,147429.1,58826.8,128853.1,132760.1,64611.2,42043.1,45836.2,96401.0,28038.6,53063.6,63558.1,27197.6,37569.7,64059.1,29274.4,30517.1,25654.8,16855.7,129176.4,24319.4,22695.8,17148.2,25886.3,2946.4,62490.3,118429.4,33022.6,30662.9,28013.4,41823.9,964.3,28594.5,18239.9,71422.8,119871.1,21471.4,17235.8,53156.0,156426.7,60560.6,20374.9,17019.9,28142.3,113720.7,28109.0,90635.5,132202.8,118610.3,163578.8,29327.2,28386.8,33153.5,120556.3,34404.3,28289.8,27898.3,84117.3,28062.2,62502.6,10465.2,42367.0,79939.5,58951.1,95960.3,56568.1,702.3,137822.3,16689.3,35817.2,61059.4,59128.0,73329.1,31950.8,90653.2,32994.3,63273.8,19209.2,14275.3,42167.2,33793.1,45549.3,62480.2,62332.5,118619.9,44105.1,31196.7,28379.6,132173.7,52970.5,72696.3,72320.8,27552.5,27787.6,28070.5,29034.3
Bunnpris Oldeide,149378.6,102920.2,111694.6,112411.3,187764.0,154734.5,182629.9,163526.3,188348.2,188341.8,152598.9,188429.6,23262.7,55579.2,111406.1,175077.7,156200.2,0.0,117734.0,181256.4,163642.3,152320.8,63565.0,168010.2,101248.1,163532.0,101981.2,172961.6,165662.6,175377.6,153375.7,94479.0,103559.2,166957.5,171740.9,163129.9,163139.0,160974.1,55966.0,163659.5,147449.8,163548.2,163239.5,56635.3,150454.6,111344.4,159286.6,152395.5,175512.9,174294.7,102997.5,163440.3,163701.5,56715.2,98148.0,155891.9,165951.4,180997.9,55800.0,56291.9,163875.4,163638.6,2795.6,103150.0,55986.6,98717.9,163781.1,163655.0,163835.7,101457.7,178120.5,80429.2,119084.0,130241.5,74933.9,111665.6,73262.9,166647.6,177508.3,181301.4,37459.6,163503.8,103213.4,96210.3,162662.8,173034.9,96034.9,175348.3,165982.3,161120.0,152320.9,4683.3,159784.6,158161.0,152613.4,161351.5,153417.0,147093.0,101241.8,101974.6,166128.1,163478.6,92744.7,155248.9,164059.7,153705.1,206888.0,55970.5,156936.6,152701.0,103309.1,44545.7,111481.3,155840.1,152485.1,163607.5,47962.6,163574.2,166018.5,2758.9,101422.7,105471.2,164792.4,163852.0,102300.3,56400.7,101932.6,163755.0,163363.5,219582.5,163527.4,147105.2,145930.4,177832.2,56128.0,109871.9,91440.7,100011.7,155899.8,8785.1,152154.5,100405.6,146550.3,194593.2,208794.2,102980.5,166036.1,123262.7,95871.4,154674.4,149740.5,177632.4,102606.3,181014.5,147082.8,147424.1,101432.3,179570.3,103836.6,163844.8,2788.0,103382.7,208161.5,207786.0,163017.7,163252.8,163535.7,164499.4
Bunnpris Olden,128070.5,107825.7,7127.3,7254.3,166496.1,102393.6,161321.8,142218.2,167080.4,167074.0,131290.7,167161.8,94527.8,62839.7,116311.6,122736.8,134892.1,117793.0,0.0,153003.1,142334.1,131012.7,135279.4,115669.3,17027.4,142223.9,106886.7,151653.5,124172.2,154109.8,132067.6,74492.0,82526.2,145689.7,150432.8,141821.8,141830.9,139666.0,62251.3,142351.4,95108.9,142240.1,141931.4,62710.0,129146.5,116249.9,137978.5,131087.4,123172.0,152986.6,81924.3,142132.2,142393.4,62789.9,78885.1,134583.7,144643.4,152744.6,62623.1,62366.6,142567.4,142330.6,116290.2,81996.2,62439.2,46377.0,142473.0,142346.9,142527.6,17181.3,156812.4,115068.4,66743.1,45965.2,120465.6,6225.1,144977.4,114306.7,156240.5,159993.3,109174.1,142195.7,82180.5,73582.0,141354.7,147519.3,73406.6,123007.4,144674.2,139811.9,131012.8,113300.4,138476.5,136852.9,135178.3,140043.4,132108.9,94752.1,16965.5,106880.1,144820.0,142170.4,103462.7,133940.8,142751.6,132397.0,155906.7,62147.5,135628.5,131392.9,81791.4,98703.1,122199.3,134532.0,131177.0,142299.4,125938.0,142266.1,124528.1,116326.9,17146.3,28815.7,143484.3,142543.9,107205.8,62075.7,106838.1,142446.9,142055.4,198314.7,142219.3,94764.3,124622.3,156524.1,127842.5,120589.9,39099.8,80748.8,134591.7,121946.4,130846.4,105311.1,94209.4,173325.4,141297.9,107886.0,124545.8,101954.6,73703.3,133366.3,128432.4,156324.3,107511.9,152761.2,94741.9,95083.2,17211.6,158262.1,108742.1,142536.7,116297.8,81977.0,157180.2,156804.6,141709.6,141944.7,142227.6,143191.4
Bunnpris Sjøholt,34816.6,61187.1,127242.6,127959.2,33292.1,47409.1,58480.6,39377.0,33876.3,33870.0,29229.4,33957.8,140464.1,146492.1,52441.2,30648.4,45882.7,163253.1,133281.9,0.0,39493.0,29418.5,152646.3,37368.6,116796.0,39382.7,62613.3,48812.3,44750.7,20905.8,43058.2,87675.1,78545.5,15295.0,35833.4,38980.6,38989.7,36824.8,145903.8,39510.2,38942.6,39398.9,39090.2,146362.4,30251.9,52301.3,35137.3,29409.7,30090.5,50145.5,78530.6,39291.0,39552.2,146442.4,84548.1,45574.3,41802.2,385.0,146275.5,146019.0,39726.2,39489.4,161750.3,78598.0,146091.7,92346.4,39631.8,39505.7,39686.5,117005.6,53971.3,83013.8,66542.9,114782.7,88411.0,127213.5,162344.3,19082.2,23036.4,57152.1,125985.1,39354.5,78235.5,88730.0,38513.5,10148.6,89231.0,30298.3,41833.0,36970.7,29195.9,158760.5,35635.3,34420.7,28027.4,37202.2,43099.5,38805.7,116789.8,62606.7,41978.9,39329.3,71408.0,44931.4,39910.4,28128.6,25893.9,145043.0,33835.0,29012.8,78327.9,181598.6,90144.7,32099.9,30100.3,39458.2,143304.9,39424.9,45106.6,161787.0,116970.6,161939.1,40643.1,39702.8,62737.6,145728.2,63988.5,39605.7,39214.2,65110.6,39378.1,38598.0,35423.5,29482.4,109523.7,88535.3,94320.6,81740.0,45582.3,167406.5,29302.3,65401.4,62083.4,40121.4,27800.1,61535.0,45124.3,58166.2,88445.7,31485.8,30719.4,53483.1,63377.3,333.1,38575.5,39549.2,116980.2,55421.0,60780.8,39695.5,161757.9,78142.4,27167.4,26791.9,38868.4,39103.5,39386.4,40350.2
SKAREGATA 1,16993.1,43363.5,136230.6,136947.2,46275.5,70002.1,21929.0,638.7,46859.7,46853.3,11096.2,46941.1,122640.6,128668.5,34617.6,29494.7,28059.1,145429.5,142269.9,39470.5,0.0,12296.6,134822.8,36215.0,125784.0,644.4,44789.8,12260.7,83958.9,33889.1,25234.7,69851.5,60721.9,25171.6,11040.0,412.8,592.6,2872.1,128080.2,772.0,62717.5,292.6,278.1,128538.9,14859.7,34477.8,5226.1,11396.3,28936.8,13593.9,60707.0,478.9,813.9,128618.8,66724.5,27750.8,3063.9,39212.0,128452.0,128195.5,987.9,751.1,143926.7,60774.4,128268.1,110938.4,893.6,767.4,288.3,125993.6,17419.7,65190.2,85134.9,153990.9,70587.4,136201.5,144520.7,58290.4,36019.8,20600.5,108161.6,257.7,60411.9,70906.4,827.1,31249.0,71407.4,29144.7,3094.7,3213.2,12074.0,140936.9,5724.1,5648.0,17018.5,3046.4,25275.9,62360.6,125777.8,44783.2,3240.6,445.3,53584.5,27107.8,1172.1,11371.2,65102.1,127219.5,7289.0,11189.3,60504.4,163775.1,72321.2,8072.7,11134.9,71.2,125481.3,780.9,84314.8,143963.4,125958.6,170927.1,1904.8,304.5,44914.1,127904.6,46164.9,867.5,269.2,78094.0,270.5,62372.9,17600.0,17131.4,91700.1,70711.7,103308.6,63916.5,27758.8,149582.9,12382.2,47577.8,60929.7,53104.7,67008.3,43711.4,84332.4,40342.7,70622.2,9452.3,15359.0,16931.5,45553.7,39228.6,62350.4,62202.8,125968.2,18869.4,42957.3,297.3,143934.3,60318.8,66375.6,66000.1,682.6,475.4,289.6,1611.9
Bunnpris Spjelkavik,5798.6,32169.1,125036.1,125752.7,35697.0,58807.7,31571.8,12468.2,36281.2,36274.8,1294.9,36362.6,111446.1,117474.1,23423.2,18300.3,16864.7,134235.1,131075.4,29189.4,12584.1,0.0,123628.3,25020.5,114589.5,12473.9,33595.3,21903.5,73677.8,23310.6,14040.2,58657.1,49527.5,14890.5,20682.8,12071.7,12080.9,9916.0,116885.7,12601.4,51523.0,12490.1,12181.4,117344.4,3665.2,23283.3,8228.5,1337.3,17742.4,23236.6,49512.6,12382.2,12643.3,117424.3,55530.1,16556.3,14893.3,28930.9,117257.5,117001.0,12817.3,12580.5,132732.2,49580.0,117073.7,99743.9,12723.0,12596.8,12777.6,114799.2,27062.4,53995.8,73940.4,143709.8,59393.0,125007.0,133326.3,48009.4,25441.3,30243.3,96967.1,12445.7,49217.5,59712.0,11604.7,20967.9,60212.9,17950.2,14924.2,10061.9,282.6,129742.5,8726.5,7102.8,5824.1,10293.4,14081.5,51166.2,114583.3,33588.7,15070.0,12420.4,42390.0,15913.4,13001.6,1720.0,54821.0,116025.0,5878.5,1397.0,49309.9,152580.6,61126.7,4782.0,1426.9,12549.4,114286.8,12516.1,74033.7,132768.9,114764.2,159732.7,13734.2,12793.9,33719.6,116710.1,34970.5,12696.9,12305.4,67515.5,12469.3,51178.4,6405.5,26774.1,80505.7,59517.3,92114.2,52722.0,16564.3,138388.5,166.3,36383.4,49735.3,42526.2,56727.2,32517.0,74051.4,29148.2,59427.7,3616.3,4164.5,26574.3,34359.2,28947.5,51156.0,51008.3,114773.8,28512.1,31762.8,12786.7,132739.9,49124.3,56094.5,55719.0,11959.6,12194.6,12477.6,13441.3
Bunnpris Stad,121000.4,92315.0,129173.2,129889.8,159385.8,172213.0,154251.7,135148.1,159970.0,159963.6,124220.6,160051.4,40741.2,73057.7,100800.9,154874.1,123417.2,63530.2,135212.5,152878.2,135264.0,123942.6,0.0,185488.7,118726.6,135153.8,91376.0,144583.4,183141.1,146999.4,120592.8,93333.3,102413.5,138579.3,143362.7,134751.7,134760.8,132595.9,73444.6,135281.3,164928.4,135170.0,134861.3,74113.8,122076.4,100739.2,130908.4,124017.3,155309.4,145916.5,101851.8,135062.1,135323.3,74193.7,97002.3,123108.9,137573.2,152619.7,73278.5,73770.4,135497.2,135260.4,62027.4,102004.3,73465.1,116196.4,135402.9,135276.8,135457.5,118936.2,149742.4,69824.0,136562.5,147720.0,64328.7,129144.1,10108.0,184126.1,149130.1,152923.2,26854.4,135125.6,102067.7,95064.6,134284.6,144656.7,94889.2,155144.8,137604.1,132741.8,123942.7,59037.6,131406.4,129782.8,124235.2,132973.3,120634.1,164571.5,118720.4,91369.4,137749.9,135100.4,82139.5,122465.9,135681.5,125326.9,178509.8,73449.0,128558.4,124322.8,102163.4,80296.3,100876.2,127461.9,124106.9,135229.3,17892.1,135196.0,183497.0,62064.1,118901.2,122949.7,136414.2,135473.9,91695.1,73879.2,91327.4,135376.8,134985.3,191204.3,135149.2,164583.7,117552.2,149454.0,45522.8,99266.7,108919.2,98866.0,123116.9,67683.6,123776.3,89800.4,164028.9,166215.0,180416.0,92375.3,183514.6,122117.1,94725.7,126296.2,121362.3,149254.2,92001.1,152636.3,164561.3,164902.6,118910.8,151192.1,93231.4,135466.6,62035.0,102237.0,179783.3,179407.8,134639.5,134874.6,135157.5,136121.2
Bunnpris Straumgjerde,25585.1,51955.5,109659.0,110375.7,50826.8,33826.6,55234.1,36130.5,51411.0,51404.7,25203.1,51492.5,144788.7,113100.5,43209.7,7067.4,36651.2,168053.8,115698.4,37333.7,36246.5,24925.1,185540.3,0.0,99212.4,36136.2,53381.8,45565.8,44754.7,38440.5,33826.7,67771.1,58641.5,30020.4,44345.1,35734.1,35743.2,33578.3,112512.2,36263.8,26542.0,36152.5,35843.7,112970.8,21733.4,43069.8,31890.8,24999.7,7502.6,46899.0,58626.6,36044.6,36305.7,113050.8,64644.1,36342.8,38555.7,37075.3,112883.9,112627.5,36479.7,36242.9,166551.0,58694.0,112700.1,74762.8,36385.4,36259.2,36440.0,99422.1,50724.8,73782.3,48959.4,128205.9,79179.5,109629.9,195238.3,56153.7,40571.2,53905.6,159434.9,36108.0,58331.5,68826.0,35267.0,31850.0,69327.0,7338.1,38586.5,33724.3,24925.1,163561.3,32388.8,30765.2,19509.0,33955.8,33868.0,26185.1,99206.2,53375.2,38732.4,36082.8,62176.5,35699.9,36663.9,26309.3,62965.4,112408.4,29540.9,25305.2,58424.0,148964.0,80913.2,28444.3,25089.3,36211.8,176198.8,36178.5,45110.6,166587.7,99387.1,144355.6,37396.6,36456.3,53506.1,112336.6,54757.0,36359.2,35967.8,82645.4,36131.7,26197.3,26192.0,47017.1,117213.3,79303.8,76737.1,61836.1,36350.8,172207.2,24758.7,56169.9,24754.2,57656.1,64871.6,52303.5,45128.3,38262.3,68541.7,27278.6,22200.9,50236.6,54145.7,37091.8,26174.9,26027.3,99396.7,52174.5,51549.3,36449.0,166558.6,58238.4,64238.9,63863.4,35621.9,35857.0,36139.9,37103.7
Bunnpris Stryn,111510.7,91265.9,10992.9,11709.5,149936.3,85833.8,144762.0,125658.4,150520.5,150514.2,114730.9,150602.0,77968.0,46279.8,99751.8,106177.0,118332.3,101233.2,17032.2,136443.3,125774.3,114452.9,118719.6,99109.5,0.0,125664.1,90326.9,135093.7,107328.5,137550.0,115507.8,57932.2,65966.4,129129.9,133873.0,125262.0,125271.1,123106.2,45691.5,125791.6,78549.1,125680.3,125371.6,46150.2,112586.7,99690.1,121418.7,114527.6,106612.2,136426.8,65364.5,125572.4,125833.5,46230.1,62325.3,118023.9,128083.5,136184.8,46063.3,45806.8,126007.5,125770.7,99730.3,65436.4,45879.4,29817.2,125913.2,125787.1,125967.8,351.2,140252.6,98508.6,50183.3,29121.4,103905.8,10963.8,128417.6,97746.9,139680.7,143433.5,92614.3,125635.9,65620.7,57022.1,124794.9,130959.5,56846.8,106447.6,128114.4,123252.1,114453.0,96740.6,121916.7,120293.1,118618.5,123483.6,115549.1,78192.3,238.9,90320.3,128260.2,125610.6,86902.9,117381.0,126191.8,115837.2,139346.9,45587.7,119068.7,114833.0,65231.6,82143.3,105639.5,117972.2,114617.1,125739.6,109378.2,125706.3,107684.4,99767.0,247.6,45689.5,126924.4,125984.1,90646.0,45515.9,90278.3,125887.1,125495.6,181754.9,125659.5,78204.5,108062.5,139964.3,111282.7,104030.1,22540.0,64189.0,118031.9,105386.6,114286.6,88751.3,77649.6,156765.6,124738.1,91326.2,107702.1,85394.8,57143.5,116806.5,111872.6,139764.5,90952.0,136201.4,78182.1,78523.4,184.2,141702.3,92182.3,125976.9,99737.9,65417.2,140620.4,140244.8,125149.8,125384.9,125667.8,126631.5
NEDRE STRANDGATE 9,17011.3,43381.8,136248.8,136965.5,46293.7,70020.4,21947.3,312.7,46877.9,46871.6,11114.5,46959.4,122658.8,128686.8,34635.9,29513.0,28077.4,145447.8,142288.1,39488.7,650.1,12314.9,134841.0,36233.2,125802.2,0.0,44808.0,12279.0,83977.2,33907.4,25252.9,69869.8,60740.2,25189.9,11058.3,709.4,889.2,2890.4,128098.5,417.5,62735.8,556.1,539.2,128557.1,14877.9,34496.0,5244.4,11414.6,28955.1,13612.2,60725.3,625.5,372.0,128637.0,66742.8,27769.1,2453.9,39230.2,128470.2,128213.7,633.4,396.6,143945.0,60792.7,128286.4,110956.6,539.1,412.9,843.6,126011.9,17438.0,65208.5,85153.2,154009.1,70605.7,136219.7,144539.0,58308.7,36038.0,20618.8,108179.8,511.6,60430.2,70924.7,941.4,31267.3,71425.7,29162.9,2484.8,3231.4,12092.3,140955.2,5742.4,5666.2,17036.8,3064.6,25294.2,62378.9,125796.0,44801.4,2630.6,199.1,53602.7,27126.1,562.2,11389.5,65120.4,127237.7,7307.3,11207.5,60522.6,163793.3,72339.4,8091.0,11153.1,615.4,125499.6,357.8,84333.1,143981.7,125976.9,170945.4,1294.9,859.9,44932.3,127922.9,46183.2,257.5,698.7,78112.3,862.6,62391.1,17618.2,17149.6,91718.4,70730.0,103326.9,63934.7,27777.0,149601.2,12400.4,47596.1,60948.0,53123.0,67026.6,43729.7,84350.7,40360.9,70640.4,9470.5,15377.2,16949.8,45572.0,39246.8,62368.7,62221.0,125986.5,18887.7,42975.5,852.7,143952.6,60337.1,66393.9,66018.3,556.9,665.1,543.6,1001.9
Bunnpris Ulsteinvik,30942.1,2256.8,100813.7,101530.3,69327.5,87160.6,64193.4,45089.8,69911.7,69905.4,34162.4,69993.2,79239.1,93251.7,10742.7,46653.1,33359.0,102028.1,106853.0,62819.9,45205.8,33884.4,91421.3,53373.4,90367.1,45095.5,0.0,54525.1,107308.4,56941.2,30534.5,32461.9,32735.6,48521.1,53304.4,44693.4,44702.5,42537.6,92663.3,45223.1,79875.9,45111.8,44803.0,93122.0,32018.1,10680.9,40850.1,33959.0,46095.3,55858.3,32173.9,45003.9,45265.0,93201.9,29334.9,33050.6,47515.0,62561.4,93035.1,92778.6,45439.0,45202.2,100525.2,32326.5,92851.2,71077.9,45344.7,45218.5,45399.3,90576.7,59684.1,21788.7,91444.0,119360.6,27186.0,100784.6,101119.3,81639.9,59071.8,62864.9,64760.1,45067.3,32389.8,33516.8,44226.3,54598.5,34017.8,46303.1,47545.8,42683.6,33884.4,97535.5,41348.1,39724.5,34177.0,42915.1,30575.8,79519.0,90360.9,43.8,47691.7,45042.1,10183.0,32407.7,45623.2,35268.6,88451.6,91802.6,38500.2,34264.5,32485.6,128358.2,28919.7,37403.7,34048.6,45171.1,82079.8,45137.8,107664.3,100561.9,90541.8,135510.3,46355.9,45415.6,549.0,92487.7,453.3,45318.5,44927.1,101146.1,45091.0,79531.3,27494.0,59395.7,48298.7,27310.3,67891.8,30344.7,33058.6,106181.5,33718.0,4176.4,78088.1,76156.8,90357.8,1695.6,107681.9,52439.2,33232.6,36237.9,31304.0,59195.9,1098.6,62578.0,79508.9,79361.2,90551.3,61133.8,2918.4,45408.3,100532.8,32559.1,89725.1,89349.5,44581.2,44816.3,45099.2,46063.0
Bunnpris Valderøy,26462.3,52832.7,145699.8,146416.4,48207.0,79471.3,14275.4,12204.8,48791.3,48784.9,20565.4,48872.7,132109.8,138137.7,44086.8,38963.9,37528.3,154898.7,151739.1,48939.7,12320.8,21765.8,144292.0,45684.2,135253.2,12210.5,54259.0,0.0,93428.1,35820.7,34703.9,79320.7,70191.1,34640.8,12971.6,11808.4,11817.6,12341.3,137549.4,12338.1,72186.7,12226.8,11918.0,138008.1,24328.9,43947.0,14695.3,20865.5,38406.0,1337.9,70176.2,12118.9,12380.0,138088.0,76193.7,37220.0,14630.0,48681.2,137921.2,137664.7,12554.0,12317.2,153395.9,70243.6,137737.3,120407.6,12459.7,12333.5,12514.3,135462.8,9766.1,74659.4,94604.1,163460.1,80056.6,145670.7,153989.9,67759.6,37951.4,11699.2,117630.8,12182.3,69881.1,80375.6,11341.3,38171.3,80876.6,38613.9,14660.8,12682.4,21543.2,150406.1,15193.3,15117.2,26487.7,12515.6,34745.2,71829.8,135247.0,54252.4,14806.7,12157.1,63053.7,36577.0,12738.2,20840.4,74571.3,136688.7,16758.2,20658.5,69973.6,173244.3,81790.4,17541.9,20604.1,12286.1,134950.5,12252.8,93784.0,153432.6,135427.8,180396.4,13470.9,12530.6,54383.3,137373.8,55634.1,12433.6,12042.1,80025.6,12206.0,71842.1,27069.2,19063.0,101169.3,80180.9,112777.9,73385.7,37228.0,159052.1,21851.4,57047.1,70398.9,55036.3,76477.5,53180.6,93801.7,49811.9,80091.4,18921.5,24828.2,8030.2,55022.9,48697.8,71819.7,71672.0,135437.4,9968.1,52426.5,12523.4,153403.5,69788.0,75844.8,75469.3,11696.2,11931.3,12214.3,13178.0
Bunnpris Valldal,79310.6,105681.1,118037.2,118753.8,77786.1,27443.3,102974.6,83871.0,78370.3,78364.0,73723.4,78451.8,142406.5,110718.3,96935.2,51768.5,90376.7,165671.6,124076.5,44756.3,83987.0,73912.6,183158.1,44701.1,107227.9,83876.7,107107.3,93306.3,0.0,65399.8,87552.3,105615.1,123039.5,59789.1,80327.4,83474.6,83483.7,81318.8,110130.0,84004.3,18976.8,83893.0,83584.2,110588.6,74745.9,96795.3,79631.3,73903.8,52203.7,94639.5,123024.6,83785.1,84046.2,110668.6,110008.1,90068.4,86296.2,44984.4,110501.7,110245.3,84220.2,83983.4,164168.8,123092.0,110317.9,72380.6,84125.9,83999.7,84180.5,107225.7,98465.3,127507.8,46577.2,78142.7,132905.0,118008.1,192856.1,25742.4,67530.4,101646.1,157052.7,83848.5,122729.5,104705.0,83007.5,54642.6,104529.6,52039.2,86327.0,81464.8,73690.0,161179.1,80129.3,78914.8,72521.5,81696.3,87593.5,18840.0,107283.2,107100.7,86472.9,83823.3,115902.1,89425.4,84404.4,72622.6,67342.4,110026.2,78329.0,73506.9,122822.0,146581.8,134638.7,76593.9,74594.3,83952.3,173816.6,83919.0,402.0,164205.5,106980.4,152733.7,85137.1,84196.8,107231.6,109954.4,108482.5,84099.7,83708.3,109604.7,83872.2,18632.2,79917.5,73976.4,154017.7,133029.3,74354.9,111871.8,90076.4,169825.0,73796.3,109895.4,20653.8,84615.4,52733.6,106029.0,419.7,102660.2,104826.4,75979.8,75213.4,97977.1,107871.3,44827.1,18609.8,19583.5,107043.7,99915.0,105274.9,84189.6,164176.4,122636.4,68615.9,68240.4,83362.4,83597.5,83880.4,84844.2
Bunnpris Vatne,28806.2,55176.7,148211.2,148927.8,12647.4,72378.8,45583.0,33822.2,13421.8,13415.5,23219.0,13503.3,134453.7,140481.7,46430.8,31871.3,39872.3,157242.7,154250.5,20919.8,33938.2,23408.2,146635.9,38591.6,137764.6,33827.9,56602.9,35914.7,65408.2,0.0,37047.8,81664.7,72535.1,9071.2,23386.2,33425.8,33434.9,30814.4,139893.4,33955.4,65094.1,33844.1,33535.4,140352.0,26672.8,46290.9,29126.9,23399.4,31313.5,37247.9,72520.2,33736.2,33997.4,140432.0,78537.7,39564.0,36247.3,20661.3,140265.1,140008.7,34171.3,33934.6,155739.9,72587.6,140081.3,113315.0,34077.0,33950.9,34131.7,137974.2,41073.7,77003.4,87511.5,135440.2,82400.6,148182.1,156333.9,39739.8,2391.8,44254.5,119974.7,33799.7,72225.1,82719.6,32958.7,10831.4,83220.6,31521.3,36278.2,30960.4,23185.6,152750.1,29624.9,28410.4,28831.7,31191.9,37089.1,64737.2,137758.4,56596.3,36424.0,33774.5,65397.7,38921.0,34355.6,22118.2,38304.8,139032.6,27824.6,23002.4,72317.6,175588.2,84134.3,26089.5,24089.9,33903.4,137294.5,33870.1,65764.2,155776.6,137939.2,182907.7,35088.3,34147.9,56727.2,139717.8,57978.1,34050.9,33659.4,44656.1,33823.3,64749.5,29413.1,17035.2,103513.3,82524.9,115289.2,75729.6,39571.9,161396.1,23291.9,59391.0,63306.3,19666.9,48457.7,55524.6,65781.8,52155.8,82435.3,25475.4,27172.1,40585.5,57366.9,20677.9,64727.1,64579.4,137948.8,42523.4,54770.5,34140.7,155747.5,72132.0,37218.4,38056.1,33313.6,33548.7,33831.6,34795.3
Bunnpris Vedde,11088.9,28778.5,126057.8,126774.4,49474.3,67307.4,44340.3,25236.6,50058.6,50052.2,14309.2,50140.0,108055.5,118495.8,20032.6,26800.0,2905.1,130844.5,132097.1,42966.8,25352.6,14031.2,120237.8,33520.3,115611.2,25242.4,30204.7,34672.0,87455.2,37088.0,0.0,59678.8,50549.2,28667.9,33451.3,24840.2,24849.4,22684.5,117907.4,25369.9,60022.8,25258.6,24949.9,118366.1,12164.9,19892.7,20997.0,14105.8,26242.1,36005.1,50534.2,25150.7,25411.8,118446.0,56551.8,2596.8,27661.8,42708.3,118279.2,118022.7,25585.8,25349.0,129341.7,50601.7,118095.3,96322.1,25491.5,25365.3,25546.1,115820.9,39830.9,50605.2,82440.2,144604.7,56002.4,126028.7,129935.7,61786.7,39218.7,43011.8,93576.5,25214.1,50239.2,60733.7,24373.2,34745.3,61234.6,26449.9,27692.7,22830.4,14031.3,126351.9,21495.0,19871.3,14323.8,23061.9,41.3,59665.9,115605.0,30198.1,27838.5,25188.9,38999.5,1953.8,25770.1,15415.5,68598.4,117046.7,18647.0,14411.3,50331.6,153602.3,57736.1,17550.5,14195.4,25317.9,110896.3,25284.6,87811.1,129378.4,115785.9,160754.4,26502.7,25562.4,30329.0,117731.8,31579.9,25465.4,25073.9,81292.9,25237.8,59678.1,7640.8,39542.6,77115.1,56126.7,93135.9,53743.7,2604.8,134997.9,13864.9,32992.8,58235.0,56303.6,70504.6,29126.4,87828.7,30169.9,60449.4,16384.8,11450.9,39342.8,30968.7,42724.9,59655.7,59508.1,115795.4,41280.6,28372.3,25555.2,129349.3,50146.0,69871.9,69496.4,24728.1,24963.1,25246.1,26209.8
Bunnpris Volda,55635.5,33345.6,68389.2,69105.8,94020.9,94670.0,88886.8,69783.2,94605.1,94598.7,58855.8,94686.6,91758.4,60827.1,41831.5,62276.7,62457.1,115023.5,74428.5,87513.3,69899.2,58577.7,93328.1,67777.7,57942.6,69788.9,32406.5,79218.5,105598.1,81634.6,59632.6,0.0,9816.1,73214.5,77997.8,69386.8,69395.9,67231.0,60238.8,69916.4,87385.4,69805.2,69496.4,60697.5,56711.5,41769.7,65543.5,58652.4,62712.0,80551.7,9254.4,69697.3,69958.4,60777.4,4404.9,62148.8,72208.4,87254.8,60610.6,60354.1,70132.4,69895.6,113520.7,9407.0,60426.7,38653.4,70038.1,69911.9,70092.7,58152.2,84377.5,40588.2,59019.5,86936.1,45985.4,68360.1,103026.1,106333.3,83765.2,87558.3,66666.9,69760.7,9470.3,1768.7,68919.7,79291.9,1593.3,62547.4,72239.2,67376.9,58577.8,110530.9,66041.5,64417.9,58870.4,67608.4,59673.9,87028.5,57936.4,32399.9,72385.1,69735.5,28982.5,61505.8,70316.6,59962.0,113145.0,59378.1,63193.6,58957.9,9566.1,95933.7,47719.2,62097.0,58742.0,69864.4,83986.6,69831.1,105954.0,113557.4,58117.2,103085.8,71049.3,70109.0,32725.6,60063.2,32358.0,70011.9,69620.4,125839.4,69784.3,87040.7,52187.3,84089.1,50205.5,46109.7,35467.3,6268.6,62156.7,119176.9,58411.4,30830.9,86485.9,100850.1,115051.2,33405.8,105971.7,29519.7,1478.6,60931.3,55997.4,83889.3,33031.7,87271.4,87018.3,87359.6,58126.8,85827.2,34261.9,70101.7,113528.3,9639.6,114418.5,114042.9,69274.6,69509.7,69792.6,70756.4
Bunnpris Ørsta,46514.2,33496.4,76409.1,77125.7,84899.6,102689.9,79765.6,60661.9,85483.8,85477.5,49734.5,85565.3,99778.3,68847.0,41982.3,53155.5,53335.8,123043.4,82448.4,78392.0,60777.9,49456.5,102329.1,58656.4,65962.5,60667.6,32557.3,70097.2,122880.5,72513.3,50511.4,9764.3,0.0,64093.2,68876.6,60265.5,60274.7,58109.8,68258.7,60795.2,95405.3,60683.9,60375.1,68717.4,47590.2,41920.5,56422.2,49531.1,53590.7,71430.4,619.8,60576.0,60837.1,68797.3,6637.3,53027.5,63087.1,78133.6,68630.5,68374.0,61011.1,60774.3,121540.6,687.2,68446.6,46673.3,60916.8,60790.6,60971.4,66172.1,75256.2,40739.0,67039.4,94956.0,46136.3,76380.0,112027.1,97212.0,74644.0,78437.0,75667.9,60639.4,630.3,10819.2,59798.5,70170.6,11320.2,53426.1,63117.9,58255.7,49456.6,118550.8,56920.2,55296.6,49749.1,58487.2,50552.7,95048.4,65956.3,32550.7,63263.8,60614.2,29133.3,52384.5,61195.3,50840.8,104023.7,67398.0,54072.3,49836.6,726.0,103953.6,47870.0,52975.8,49620.7,60743.2,92987.6,60709.9,123236.4,121577.3,66137.1,111105.7,61928.0,60987.7,32876.4,68083.1,32508.8,60890.7,60499.2,116718.2,60663.1,95060.6,43066.1,74967.9,59206.5,46260.5,43487.1,3829.3,53035.5,127196.8,49290.2,30981.8,94505.8,91728.9,105929.9,33556.6,123254.0,20398.4,10534.9,51810.1,46876.2,74768.1,33182.5,78150.1,95038.2,95379.5,66146.7,76705.9,34412.7,60980.5,121548.2,518.3,105297.2,104921.7,60153.4,60388.4,60671.4,61635.1
"Digernessundet, 6057 Ellingsøy",20455.3,46825.8,139860.3,140576.9,21437.9,64027.8,44119.3,25015.7,22022.1,22015.8,14868.1,22103.6,126102.8,132130.8,38079.9,23520.4,31521.4,148891.8,145899.6,15512.7,25131.7,15057.2,138285.0,30240.7,129413.7,25021.4,48252.0,34451.0,60001.2,9051.6,28696.9,73313.8,64184.2,0.0,23979.2,24619.3,24628.4,22463.5,131542.4,25148.9,56743.2,25037.6,24728.9,132001.1,18321.9,37940.0,20776.0,15048.4,22962.5,35784.2,64169.3,24929.7,25190.9,132081.0,70186.8,31213.0,27440.9,15254.2,131914.2,131657.7,25364.9,25128.1,147388.9,64236.7,131730.4,104964.1,25270.5,25144.4,25325.2,129623.3,39610.0,68652.5,79160.6,130033.1,74049.7,139831.2,147983.0,34332.7,11182.3,42790.8,111623.8,24993.2,63874.2,74368.7,24152.2,6708.9,74869.6,23170.4,27471.7,22609.4,14834.6,144399.2,21274.0,20059.4,20480.8,22840.9,28738.2,56386.3,129407.5,48245.4,27617.6,24968.0,57046.7,30570.1,25549.1,13767.3,41144.4,130681.7,19473.7,14651.5,63966.6,167237.3,75783.4,17738.6,15739.0,25096.9,128943.5,25063.6,60357.1,147425.7,129588.3,174556.8,26281.8,25341.5,48376.3,131366.9,49627.2,25244.4,24852.9,53256.5,25016.8,56398.6,21062.2,17628.2,95162.4,74174.0,106938.3,67378.7,31221.0,153045.2,14941.0,51040.1,54955.4,28267.2,43050.6,47173.7,60374.7,43804.9,74084.4,17124.5,18821.2,39121.8,49016.0,15270.8,56376.2,56228.5,129597.9,41059.7,46419.5,25334.2,147396.6,63781.1,42417.9,42042.3,24507.1,24742.2,25025.1,25988.9
"Langelandsvegen 47, 6010 Ålesund",25226.6,51597.1,144464.1,145180.8,35768.6,78235.7,22730.0,10969.2,36352.8,36346.5,19329.8,36434.3,130874.1,136902.1,42851.2,37728.3,36292.7,153663.1,150503.5,35821.2,11085.2,20530.2,143056.4,44448.5,134017.6,10974.9,53023.3,13061.7,80309.7,23382.3,33468.2,78085.1,68955.5,23972.6,0.0,10572.8,10581.9,11105.7,136313.8,11102.5,70951.1,10991.2,10682.4,136772.4,23093.2,42711.3,13459.7,19629.9,37170.4,14394.9,68940.6,10883.3,11144.4,136852.4,74958.1,35984.4,13394.4,35562.7,136685.5,136429.1,11318.4,11081.6,152160.3,69008.0,136501.7,119171.9,11224.1,11097.9,11278.7,134227.2,18220.7,73423.8,93368.5,150341.6,78821.0,144435.1,152754.3,54641.2,25512.9,21401.5,116395.1,10946.7,68645.5,79140.0,10105.7,25732.8,79641.0,37378.2,13425.2,11446.7,20307.6,149170.5,13957.7,13881.5,25252.1,11279.9,33509.5,70594.2,134011.4,53016.7,13571.1,10921.5,61818.1,35341.4,11502.6,19604.8,61452.9,135453.1,15522.6,19422.8,68737.9,172008.6,80554.7,16306.3,19368.4,11050.5,133714.9,11017.2,80665.6,152197.0,134192.2,179160.7,12235.3,11295.0,53147.6,136138.2,54398.5,11197.9,10806.4,67587.2,10970.4,70606.4,25833.5,6624.5,99933.7,78945.3,111542.2,72150.0,35992.4,157816.5,20615.7,55811.4,69163.3,42597.9,63359.1,51945.0,80683.2,48576.2,78855.7,17685.8,23592.5,17732.6,53787.3,35579.3,70584.0,70436.4,134201.8,19670.4,51190.9,11287.7,152167.9,68552.4,62726.4,62350.8,10460.6,10695.7,10978.6,11942.4
KIPERVIKGATA 5,16736.8,43107.2,135974.3,136690.9,46019.2,69745.8,21672.7,914.9,46603.4,46597.0,10839.9,46684.8,122384.3,128412.2,34361.3,29238.4,27802.8,145173.2,142013.6,39214.2,620.5,12040.3,134566.5,35958.7,125527.7,920.6,44533.5,12004.4,83702.6,33632.8,24978.4,69595.2,60465.6,24915.3,10783.7,0.0,667.5,2615.8,127823.9,1048.2,62461.2,791.2,378.0,128282.6,14603.4,34221.5,4969.8,11140.0,28680.5,13337.6,60450.7,578.8,1090.1,128362.5,66468.2,27494.5,3340.1,38955.7,128195.7,127939.2,1264.1,1027.3,143670.4,60518.1,128011.8,110682.1,1169.8,1043.6,908.7,125737.3,17163.4,64933.9,84878.6,153734.6,70331.1,135945.2,144264.4,58034.1,35763.5,20344.2,107905.3,746.8,60155.6,70650.1,581.3,30992.7,71151.1,28888.3,3370.9,2956.9,11817.7,140680.6,5467.8,5391.7,16762.2,2790.1,25019.6,62104.3,125521.5,44526.9,3516.8,721.5,53328.2,26851.5,1448.3,11114.9,64845.8,126963.2,7032.7,10933.0,60248.1,163518.8,72064.9,7816.4,10878.6,691.7,125225.0,1050.4,84058.5,143707.1,125702.3,170670.8,2181.0,925.0,44657.8,127648.3,45908.6,1143.7,502.0,77837.7,665.9,62116.6,17343.7,16875.1,91443.8,70455.4,103052.3,63660.2,27502.5,149326.6,12125.8,47321.5,60673.4,52848.4,66752.0,43455.1,84076.1,40086.4,70365.8,9196.0,15102.7,16675.2,45297.4,38972.3,62094.1,61946.5,125711.9,18613.1,42701.0,917.8,143678.0,60062.5,66119.3,65743.8,493.9,225.2,778.7,1888.1
PARKGATA 11B,16548.4,42918.8,135785.9,136502.5,45830.8,69557.4,21484.3,887.0,46415.0,46408.6,10651.5,46496.4,122195.9,128223.8,34172.9,29050.0,27614.4,144984.8,141825.2,39025.8,592.6,11851.9,134378.1,35770.3,125339.3,892.7,44345.1,11816.0,83514.2,33444.4,24790.0,69406.8,60277.2,24726.9,10595.3,459.8,0.0,2427.4,127635.5,1020.3,62272.8,763.3,350.1,128094.2,14415.0,34033.1,4781.4,10951.6,28492.1,13149.2,60262.3,550.9,1062.2,128174.1,66279.8,27306.1,3312.2,38767.3,128007.3,127750.8,1236.2,999.4,143482.0,60329.7,127823.4,110493.7,1141.9,1015.7,880.8,125548.9,16975.0,64745.5,84690.2,153546.2,70142.7,135756.8,144076.0,57845.7,35575.1,20155.8,107716.9,718.9,59967.2,70461.7,382.4,30804.3,70962.7,28700.0,3343.0,2282.8,11629.3,140492.2,5279.4,5203.3,16573.8,2601.7,24831.2,61915.9,125333.1,44338.5,3488.9,693.6,53139.8,26663.1,1420.4,10926.5,64657.4,126774.8,6844.3,10744.6,60059.7,163330.4,71876.5,7628.0,10690.2,663.8,125036.6,1029.2,83870.1,143518.7,125513.9,170482.4,2153.1,897.1,44469.4,127459.9,45720.2,1115.8,474.1,77649.3,638.0,61928.2,17155.3,16686.7,91255.4,70267.0,102863.9,63471.8,27314.1,149138.2,11937.4,47133.1,60485.0,52660.0,66563.6,43266.7,83887.7,39898.0,70177.4,9007.6,14914.3,16486.8,45109.0,38783.9,61905.7,61758.1,125523.5,18424.7,42512.6,889.9,143489.6,59874.1,65930.9,65555.4,476.9,522.4,750.8,1860.2
"Ålesund, 6008 Ålesund",14447.5,40818.0,133685.0,134401.7,43432.5,67456.6,21884.0,2780.4,44016.7,44010.4,8550.7,44098.2,120095.0,126123.0,32072.1,26949.2,25513.6,142884.0,139724.4,36924.9,2896.4,9751.1,132277.2,33669.4,123238.4,2786.1,42244.2,12215.7,81413.4,31046.2,22689.1,67306.0,58176.4,22626.1,10995.1,2384.0,2393.2,0.0,125534.6,2913.7,60172.0,2802.4,2493.6,125993.3,12314.1,31932.2,2680.6,8850.8,26391.3,13548.9,58161.5,2694.5,2955.6,126073.2,64179.0,25205.3,5205.6,36666.4,125906.4,125649.9,3129.6,2892.8,141381.2,58228.9,125722.6,108392.8,3035.3,2909.1,3089.9,123448.1,17374.7,62644.7,82589.4,151445.3,68041.9,133655.9,141975.2,55744.9,33176.8,20555.5,105616.0,2757.9,57866.4,68360.9,1916.9,28703.5,68861.9,26599.1,5236.4,438.6,9528.5,138391.4,2369.5,3102.4,14473.0,442.4,22730.4,59815.1,123232.2,42237.6,5382.3,2732.7,51038.9,24562.3,3313.8,8825.7,62556.6,124673.9,4743.5,8643.7,57958.8,161229.5,69775.6,5527.2,8589.3,2861.7,122935.8,2828.4,81769.3,141417.9,123413.1,168381.6,4046.5,3106.2,42368.5,125359.1,43619.4,3009.2,2617.7,75251.1,2781.6,59827.3,15054.4,17086.4,89154.6,68166.2,100763.1,61370.9,25213.2,147037.4,9836.6,45032.3,58384.2,50261.8,64462.8,41165.9,81786.9,37797.1,68076.6,6906.7,12813.4,16886.6,43008.2,36683.0,59804.9,59657.2,123422.7,18824.4,40411.7,3099.0,141388.8,57773.3,63830.1,63454.5,2271.8,2506.9,2789.9,3753.6
"Eidsgata 12, 6770 Nordfjordeid",93925.6,71635.7,56182.9,56899.5,132311.0,99222.7,127176.9,108073.3,132895.2,132888.8,97145.8,132976.6,32742.2,564.0,80121.5,119565.9,100747.2,56007.4,62222.2,125803.4,108189.3,96867.8,73493.8,112498.5,45736.3,108079.0,70696.6,117508.6,110150.8,119924.6,97922.7,39026.0,48106.2,111504.5,116287.9,107676.9,107686.0,105521.1,0.0,108206.5,91938.1,108095.2,107786.5,669.3,95001.6,80059.8,103833.6,96942.5,120001.1,118841.7,47544.5,107987.3,108248.5,749.2,42695.0,100438.8,110498.5,125544.9,582.4,325.9,108422.5,108185.7,54504.5,47697.0,398.5,43206.1,108328.1,108202.0,108382.7,45945.9,122667.5,78878.3,63572.2,74729.8,84275.5,56153.8,83191.8,111135.8,122055.3,125848.4,47388.4,108050.8,47760.4,40757.3,107209.8,117581.9,40581.9,119836.5,110529.3,105667.0,96867.9,51514.8,104331.6,102708.0,97160.4,105898.5,97964.0,91581.2,45730.1,70690.0,110675.1,108025.6,67272.6,99795.9,108606.7,98252.1,151435.0,1291.7,101483.6,97248.0,47856.1,36917.5,86009.3,100387.1,97032.1,108154.5,64152.3,108121.2,110506.7,54541.2,45910.9,49505.2,109339.4,108399.0,71015.7,434.6,70648.0,108302.0,107910.5,164129.5,108074.4,91593.4,90477.4,122379.2,66056.8,84399.8,35929.0,44558.7,100446.8,60160.7,96701.5,69121.0,91038.6,139140.2,153341.3,71695.9,110524.4,67809.7,40418.4,99221.4,94287.5,122179.4,71321.8,125561.5,91571.0,91912.3,45920.5,124117.3,72552.0,108391.8,54512.1,47929.7,152708.5,152333.0,107564.7,107799.8,108082.7,109046.5
"Kongensgate 1, 6002 Ålesund",17147.0,43517.5,136384.6,137101.2,46429.5,70156.1,22083.0,133.3,47013.7,47007.3,11250.2,47095.1,122794.6,128822.5,34771.6,29648.7,28213.1,145583.5,142423.9,39624.5,785.9,12450.6,134976.8,36369.0,125938.0,251.8,44943.8,12414.7,84112.9,34043.1,25388.7,70005.5,60875.9,25325.6,11194.0,845.1,1025.0,3026.1,128234.2,0.0,62871.5,691.8,674.9,128692.9,15013.7,34631.8,5380.1,11550.3,29090.8,13747.9,60861.0,761.3,280.0,128772.8,66878.5,27904.8,2561.2,39366.0,128606.0,128349.5,215.9,20.9,144080.7,60928.4,128422.1,111092.4,121.6,4.6,979.3,126147.6,17573.7,65344.2,85288.9,154144.9,70741.4,136355.5,144674.7,58444.4,36173.8,20754.5,108315.6,647.4,60565.9,71060.4,1077.1,31403.0,71561.4,29298.6,2592.1,3367.2,12228.0,141090.9,5878.1,5802.0,17172.5,3200.4,25429.9,62514.6,125931.8,44937.2,2737.9,334.8,53738.5,27261.8,748.7,11525.2,65256.1,127373.5,7443.0,11343.3,60658.4,163929.1,72475.2,8226.7,11288.9,751.1,125635.3,493.6,84468.8,144117.4,126112.6,171081.1,799.3,995.6,45068.0,128058.6,46318.9,444.0,834.5,78248.0,998.4,62526.9,17754.0,17285.4,91854.1,70865.7,103462.6,64070.5,27912.8,149736.9,12536.1,47731.8,61083.7,53258.7,67162.3,43865.4,84486.4,40496.7,70776.1,9606.3,15513.0,17085.5,45707.7,39382.5,62504.4,62356.8,126122.2,19023.4,43111.3,988.4,144088.3,60472.8,66529.6,66154.1,692.6,800.8,679.3,1188.5
"Dregesvegen 2, 6200 Stranda",52074.9,78445.3,89065.5,89782.2,77316.6,9232.0,81723.9,62620.3,77900.8,77894.5,51692.9,77982.3,124195.2,92507.0,69699.5,33557.2,63141.0,147460.3,95104.8,38805.4,62736.3,51414.8,164946.8,26489.8,78618.9,62626.0,79871.6,72055.6,18806.5,64930.3,60316.5,87403.8,95438.0,56510.2,70834.9,62223.9,62233.0,60068.1,91918.7,62753.6,0.0,62642.3,62333.5,92377.3,48223.2,69559.6,58380.6,51489.5,33992.4,73388.8,94836.1,62534.4,62795.5,92457.3,91796.8,62832.6,65045.5,39033.4,92290.4,92034.0,62969.5,62732.7,145957.5,94908.0,92106.6,54169.3,62875.2,62749.0,62929.8,78828.6,77214.6,127980.1,28365.9,107612.4,133377.4,89036.4,174644.8,19791.5,67060.9,80395.4,138841.4,62597.8,95092.2,86493.7,61756.8,58339.8,86318.3,33827.9,65076.3,60214.1,51414.9,142967.8,58878.6,57255.0,45998.8,60445.5,60357.8,628.7,78612.7,79865.0,65222.2,62572.6,116374.4,62189.7,63153.7,52799.1,61391.5,91814.9,56030.7,51795.0,94703.1,128370.5,135111.1,54934.1,51579.1,62701.5,155605.3,62668.3,19162.4,145994.2,78793.6,123762.1,63886.4,62946.1,79995.9,91743.1,81246.8,62849.0,62457.5,109135.2,62621.4,344.6,52681.8,73506.9,137597.4,133501.7,56143.6,93660.5,62840.6,151613.7,51248.5,82659.7,2442.5,84145.9,46782.7,78793.3,19180.0,64752.0,86615.1,53768.4,48690.7,76726.4,80635.5,38876.2,367.0,1170.9,78803.2,78664.3,78039.1,62938.8,145965.1,94888.7,62665.0,62289.4,62111.7,62346.8,62629.7,63593.5
"Kirkegata 4, 6002 Ålesund",16844.4,43214.8,136081.9,136798.5,46126.8,69853.4,21780.3,346.1,46711.0,46704.6,10947.5,46792.4,122491.9,128519.9,34468.9,29346.0,27910.4,145280.8,142121.2,39321.8,342.7,12147.9,134674.1,36066.3,125635.3,351.8,44641.1,12112.0,83810.2,33740.5,25086.0,69702.8,60573.3,25022.9,10891.4,402.0,581.8,2723.4,127931.5,479.4,62568.8,0.0,231.7,128390.2,14711.0,34329.1,5077.4,11247.6,28788.1,13445.2,60558.3,318.1,521.3,128470.1,66575.8,27602.1,2771.3,39063.3,128303.3,128046.8,695.3,458.5,143778.0,60625.7,128119.4,110789.7,601.0,474.8,536.2,125844.9,17271.0,65041.5,84986.2,153842.2,70438.7,136052.8,144372.1,58141.7,35871.1,20451.8,108012.9,204.2,60263.3,70757.7,774.4,31100.3,71258.7,28996.0,2802.1,3064.5,11925.4,140788.3,5575.4,5499.3,16869.8,2897.7,25127.3,62211.9,125629.1,44634.5,2948.0,152.7,53435.8,26959.1,879.5,11222.5,64953.4,127070.8,7140.3,11040.6,60355.7,163626.4,72172.5,7924.0,10986.2,308.0,125332.6,488.3,84166.1,143814.7,125809.9,170778.5,1612.2,552.5,44765.4,127755.9,46016.2,574.9,391.3,77945.3,555.2,62224.2,17451.3,16982.7,91551.5,70563.0,103160.0,63767.8,27610.1,149434.2,12233.5,47429.2,60781.0,52956.0,66859.6,43562.7,84183.8,40194.0,70473.5,9303.6,15210.3,16782.9,45405.0,39079.9,62201.8,62054.1,125819.5,18720.7,42808.6,545.3,143785.6,60170.1,66226.9,65851.4,390.0,464.6,236.1,1319.3
Egon Ålesund,16750.5,43121.0,135988.0,136704.7,46032.9,69759.6,21686.5,537.0,46617.1,46610.8,10853.7,46698.6,122398.0,128426.0,34375.1,29252.2,27816.6,145187.0,142027.4,39227.9,278.1,12054.1,134580.3,35972.4,125541.5,542.7,44547.2,12018.2,83716.4,33646.6,24992.1,69609.0,60479.4,24929.1,10797.5,170.2,350.1,2629.6,127837.7,670.2,62475.0,413.3,0.0,128296.3,14617.1,34235.2,4983.6,11153.8,28694.3,13351.4,60464.5,200.8,712.2,128376.3,66482.0,27508.3,2962.1,38969.5,128209.4,127953.0,886.1,649.4,143684.2,60531.9,128025.6,110695.8,791.8,665.7,566.3,125751.1,17177.2,64947.7,84892.4,153748.3,70344.9,135958.9,144278.2,58047.9,35777.3,20358.0,107919.0,368.8,60169.4,70663.9,584.5,31006.5,71164.9,28902.1,2993.0,2970.6,11831.5,140694.4,5481.6,5405.4,16776.0,2803.8,25033.4,62118.1,125535.2,44540.6,3138.8,343.6,53342.0,26865.3,1070.4,11128.7,64859.6,126976.9,7046.5,10946.7,60261.8,163532.5,72078.6,7830.2,10892.3,349.3,125238.8,679.1,84072.3,143720.9,125716.1,170684.6,1803.1,582.6,44671.5,127662.1,45922.4,765.7,159.6,77851.5,323.5,62130.3,17357.4,16888.8,91457.6,70469.2,103066.1,63673.9,27516.2,149340.4,12139.6,47335.3,60687.2,52862.2,66765.8,43468.9,84089.9,40100.1,70379.6,9209.7,15116.4,16689.0,45311.2,38986.0,62107.9,61960.3,125725.7,18626.9,42714.8,575.4,143691.8,60076.3,66133.1,65757.6,580.8,232.9,400.7,1510.1
"Skulevegen 1, 6770 Nordfjordeid",94439.4,72149.5,56602.5,57319.1,132824.8,99642.3,127690.8,108587.1,133409.0,133402.7,97659.7,133490.5,33450.8,903.6,80635.4,119985.5,101261.0,56715.9,62641.8,126317.2,108703.1,97381.7,74202.4,112918.1,46155.9,108592.8,71210.5,118022.4,110570.4,120438.5,98436.6,39539.9,48620.0,112018.4,116801.8,108190.7,108199.9,106035.0,708.6,108720.4,92357.7,108609.1,108300.4,0.0,95515.4,80573.7,104347.4,97456.3,120420.7,119355.6,48058.4,108501.2,108762.3,79.9,43208.9,100952.7,111012.3,126058.8,687.0,430.5,108936.3,108699.5,55213.1,48210.9,446.2,43625.8,108842.0,108715.8,108896.6,46365.6,123181.4,79392.2,63991.8,75149.4,84789.4,56573.4,83900.4,111555.4,122569.2,126362.2,48097.0,108564.6,48274.3,41271.2,107723.7,118095.8,41095.8,120256.2,111043.1,106180.9,97381.8,52223.4,104845.4,103221.8,97674.3,106412.4,98477.9,92000.8,46149.7,71203.9,111189.0,108539.4,67786.5,100309.7,109120.6,98766.0,151948.9,1605.9,101997.5,97761.8,48370.0,37626.1,86523.1,100901.0,97545.9,108668.4,64860.9,108635.1,110926.4,55249.8,46330.6,49924.8,109853.2,108912.9,71529.6,743.5,71161.9,108815.9,108424.4,164643.4,108588.3,92013.1,90991.3,122893.1,66765.4,84913.7,36348.6,45072.6,100960.7,60869.3,97215.4,69634.9,91458.2,139654.1,153855.1,72209.8,110944.0,68323.6,40932.3,99735.3,94801.4,122693.3,71835.6,126075.3,91990.7,92331.9,46340.2,124631.1,73065.9,108905.7,55220.7,48443.5,153222.4,152846.9,108078.6,108313.6,108596.6,109560.3
Gamle Blindheimsveg 25,4180.8,30551.3,123418.3,124135.0,38963.9,55512.3,33829.8,14726.2,39548.1,39541.8,3798.8,39629.6,109828.3,115856.3,21805.4,15004.9,15246.9,132617.3,129457.7,32456.3,14842.2,3520.8,122010.5,21725.2,112971.7,14731.9,31977.5,24161.5,76944.8,26577.6,12422.4,57039.3,47909.7,18157.5,22940.8,14329.8,14339.0,12174.0,115268.0,14859.5,48227.7,14748.2,14439.4,115726.6,0.0,21665.5,10486.5,3595.4,14447.1,25494.7,47894.8,14640.3,14901.4,115806.6,53912.3,14938.6,17151.4,32197.8,115639.7,115383.3,15075.4,14838.6,131114.5,47962.2,115455.9,96448.6,14981.1,14854.9,15035.7,113181.4,29320.5,52378.0,70645.1,146976.7,57775.2,123389.2,131708.5,51276.3,28708.2,32501.3,95349.3,14703.7,47599.7,58094.2,13862.7,24234.9,58595.2,14654.9,17182.2,12320.0,3520.9,128124.7,10984.5,9360.9,2528.8,12551.5,12463.7,47870.8,112965.5,31970.9,17328.1,14678.5,40772.3,14295.6,15259.6,4905.0,58088.0,114407.2,8136.6,3900.9,47692.1,150962.8,59508.9,7040.1,3685.0,14807.5,112669.1,14774.2,77300.7,131151.2,113146.4,158114.9,15992.3,15052.0,32101.8,115092.4,33352.7,14955.0,14563.5,70782.5,14727.4,47883.1,4787.7,29032.2,78887.9,57899.5,90496.4,51104.2,14946.5,136770.7,3354.5,34765.6,46439.9,45793.2,59994.2,30899.2,77318.3,27530.4,57809.9,5874.4,1273.4,28832.3,32741.5,32214.4,47860.7,47713.0,113156.0,30770.2,30145.1,15044.8,131122.1,47506.6,59361.5,58986.0,14217.6,14452.7,14735.7,15699.4
Eurospar Hareid,20682.8,9229.2,110080.9,110797.5,59068.2,76901.2,53934.1,34830.5,59652.4,59646.0,23903.1,59733.9,88506.3,102518.8,483.4,36393.8,23099.7,111295.3,116120.2,52560.6,34946.5,23625.1,100688.5,43114.1,99634.3,34836.2,10655.5,44265.8,97049.0,46681.9,20275.2,41729.1,42002.8,38261.8,43045.1,34434.1,34443.2,32278.3,101930.5,34963.8,69616.6,34852.5,34543.7,102389.2,21758.8,0.0,30590.8,23699.7,35836.0,45599.0,41441.1,34744.6,35005.7,102469.1,38602.1,22791.3,37255.7,52302.1,102302.3,102045.8,35179.7,34942.9,109792.4,41593.7,102118.4,80345.1,35085.4,34959.2,35140.0,99843.9,49424.8,31055.9,100711.2,128627.8,36453.2,110051.8,110386.5,71380.6,48812.5,52605.6,74027.3,34808.0,41657.0,42784.0,33967.0,44339.2,43285.0,36043.8,37286.5,32424.3,23625.1,106802.7,31088.8,29465.2,23917.7,32655.7,20316.5,69259.7,99628.1,10648.9,37432.4,34782.8,19450.2,22148.4,35363.9,25009.3,78192.3,101069.8,28240.9,24005.2,41752.8,137625.4,38186.9,27144.3,23789.3,34911.7,91347.0,34878.5,97404.9,109829.1,99808.9,144777.5,36096.6,35156.3,10779.8,101754.9,12030.7,35059.2,34667.7,90886.7,34831.6,69272.0,17234.7,49136.4,57565.9,36577.4,77158.9,39611.9,22799.3,115448.6,23458.7,13443.6,67828.8,65897.5,80098.5,9577.2,97422.6,61706.4,42499.8,25978.6,21044.7,48936.6,11419.4,52318.7,69249.6,69101.9,99818.5,50874.5,8823.0,35149.0,109800.0,41826.3,79465.8,79090.2,34321.9,34557.0,34839.9,35803.7
LARSGÅRDSVEGEN 19,12669.6,39040.1,131907.1,132623.8,41654.6,65678.7,24063.6,4960.0,42238.8,42232.5,6772.8,42320.3,118317.1,124345.1,30294.2,25171.3,23735.7,141106.1,137946.5,35147.0,5076.0,7973.2,130499.4,31891.6,121460.6,4965.7,40466.3,14395.3,79635.5,29268.3,20911.2,65528.1,56398.5,20848.2,13174.6,4563.6,4572.7,2407.8,123756.8,5093.3,58394.1,4982.0,4673.2,124215.4,10536.2,30154.3,0.0,7072.9,24613.4,15728.5,56383.6,4874.1,5135.2,124295.4,62401.1,23427.4,7385.2,34888.6,124128.5,123872.1,5309.2,5072.4,139603.3,56451.0,123944.7,106614.9,5214.9,5088.7,5269.5,121670.2,19554.3,60866.8,80811.5,149667.4,66264.0,131878.1,140197.3,53967.0,31399.0,22735.1,103838.1,4937.5,56088.5,66583.0,4096.5,26925.6,67084.0,24821.2,7416.0,1950.4,7750.6,136613.5,1131.5,1123.6,12695.1,2785.3,20952.5,58037.2,121454.4,40459.7,7561.9,4912.3,49261.1,22784.4,5493.4,7047.8,60778.7,122896.0,2764.6,6865.8,56180.9,159451.6,67997.7,3749.3,6811.4,5041.3,121157.9,5008.0,79991.4,139640.0,121635.2,166603.7,6226.1,5285.8,40590.6,123581.2,41841.5,5188.7,4797.2,73473.2,4961.2,58049.4,13276.5,19265.9,87376.7,66388.3,98985.2,59593.0,23435.4,145259.5,8058.7,43254.4,56606.3,48483.9,62684.9,39388.0,80009.0,36019.2,66298.7,5128.8,11035.6,19066.1,41230.3,34905.1,58027.0,57879.4,121644.8,21004.0,38633.9,5278.5,139610.9,55995.4,62052.2,61676.7,4451.4,4686.5,4969.4,5933.2
Eurospar Moa,5769.8,32140.2,125007.3,125723.9,35918.5,58778.8,30748.0,11644.4,36502.7,36496.4,610.7,36584.2,111417.3,117445.3,23394.4,18271.4,16835.8,134206.3,131046.6,29410.9,11760.4,1325.2,123599.5,24991.7,114560.7,11650.1,33566.5,21079.7,73899.4,23532.2,14011.4,58628.2,49498.7,15112.1,19859.0,11248.0,11257.1,9092.2,116856.9,11777.6,51494.2,11666.3,11357.6,117315.6,3636.4,23254.5,7404.7,0.0,17713.6,22412.8,49483.7,11558.4,11819.6,117395.5,55501.2,16527.5,14069.5,29152.5,117228.7,116972.2,11993.5,11756.8,132703.4,49551.1,117044.8,99715.1,11899.2,11773.1,11953.8,114770.4,26238.6,53966.9,73911.6,143931.4,59364.2,124978.2,133297.5,48230.9,25662.9,29419.5,96938.3,11621.9,49188.7,59683.1,10780.9,21189.5,60184.1,17921.4,14100.4,9238.1,1234.5,129713.7,7902.7,6168.6,5795.3,9469.6,14052.7,51137.3,114554.5,33559.9,14246.2,11596.6,42361.2,15884.5,12177.8,1725.9,55042.6,115996.2,4944.3,746.2,49281.1,152551.8,61097.9,3847.8,1052.0,11725.6,114258.0,11692.3,74255.3,132740.1,114735.4,159703.9,12910.5,11970.1,33690.8,116681.3,34941.7,11873.1,11481.6,67737.1,11645.5,51149.6,6376.7,25950.3,80476.9,59488.4,92085.4,52693.2,16535.5,138359.6,1158.9,36354.6,49706.4,42747.8,56948.8,32488.2,74272.9,29119.4,59398.9,2595.1,4135.7,25750.5,34330.4,29169.0,51127.2,50979.5,114744.9,27688.4,31734.0,11962.9,132711.0,49095.5,56316.1,55940.6,11135.8,11370.9,11653.8,12617.5
Eurospar Sykkylven,18308.7,44679.2,117207.9,117924.6,43550.4,41375.5,47957.7,28854.1,44134.6,44128.3,17926.7,44216.1,152337.6,120649.4,35933.3,557.9,29374.8,175602.7,123247.3,30057.3,28970.1,17648.7,155335.6,7588.4,106761.4,28859.8,46105.4,38289.4,52303.6,31164.1,26550.3,62770.8,53641.2,22744.0,37068.7,28457.7,28466.8,26301.9,120061.1,28987.4,34090.9,28876.1,28567.3,120519.7,14457.0,35793.4,24614.4,17723.3,0.0,39622.6,53626.3,28768.2,29029.3,120599.7,59643.8,29066.4,31279.3,29798.9,120432.9,120176.4,29203.3,28966.5,174099.9,53693.7,120249.0,82311.7,29109.0,28982.8,29163.6,106971.0,43448.4,66505.9,56508.3,135754.8,71903.1,117178.9,165033.6,48877.3,33294.8,46629.2,128674.4,28831.6,53331.2,63825.7,27990.6,24573.6,64326.7,207.8,31310.1,26447.9,17648.7,171110.2,25112.4,23488.8,12232.6,26679.4,26591.6,33734.0,106755.1,46098.8,31456.0,28806.4,54900.1,28423.5,29387.5,19032.9,55689.0,119957.3,22264.5,18028.8,53423.7,156512.9,73636.8,21168.0,17812.9,28935.4,145994.1,28902.1,52659.5,174136.6,106936.0,151904.5,30120.2,29179.9,46229.7,119885.5,47480.6,29082.8,28691.4,75369.0,28855.3,33746.3,18915.6,39740.7,112213.0,72027.4,84286.0,56835.7,29074.4,179756.1,17482.3,48893.5,32303.1,50379.7,57595.2,45027.1,52677.2,33261.9,63541.4,20002.2,14924.5,42960.2,46869.3,29815.4,33723.8,33576.2,106945.6,44898.1,44272.9,29172.6,174107.5,53238.1,56962.5,56587.0,28345.5,28580.6,28863.5,29827.3
Eurospar Valderøy,27795.4,54165.9,147032.9,147749.6,49540.2,80804.5,15608.6,13538.0,50124.4,50118.1,21898.6,50205.9,133442.9,139470.9,45420.0,40297.1,38861.5,156231.9,153072.3,50272.8,13654.0,23099.0,145625.1,47017.3,136586.4,13543.7,55592.1,1337.9,94761.3,37153.9,36037.0,80653.9,71524.3,35974.0,14304.8,13141.6,13150.7,13674.5,138882.6,13671.3,73519.9,13560.0,13251.2,139341.2,25662.0,45280.1,16028.5,22198.7,39739.2,0.0,71509.4,13452.1,13713.2,139421.2,77526.9,38553.2,15963.2,50014.3,139254.3,138997.9,13887.2,13650.4,154729.1,71576.8,139070.5,121740.7,13792.9,13666.7,13847.5,136796.0,11099.3,75992.6,95937.3,164793.2,81389.8,147003.9,155323.1,69092.8,39284.5,10528.1,118963.9,13515.5,71214.3,81708.8,12674.5,39504.4,82209.8,39947.0,15994.0,14015.5,22876.4,151739.3,16526.5,16450.3,27820.9,13848.7,36078.3,73163.0,136580.1,55585.5,16139.9,13490.3,64386.9,37910.2,14071.4,22173.6,75904.5,138021.9,18091.4,21991.6,71306.7,174577.4,83123.5,18875.1,21937.2,13619.3,136283.7,13586.0,95117.2,154765.8,136761.0,181729.5,14804.1,13863.8,55716.4,138707.0,56967.3,13766.7,13375.2,81358.8,13539.2,73175.2,28402.3,20396.1,102502.5,81514.1,114111.0,74718.8,38561.2,160385.3,23184.5,58380.2,71732.1,56369.5,77810.7,54513.8,95134.8,51145.0,81424.5,20254.6,26161.3,6859.2,56356.1,50030.9,73152.8,73005.2,136770.6,8797.0,53759.7,13856.5,154736.7,71121.2,77178.0,76802.5,13029.4,13264.5,13547.4,14511.2
Eurospar Ørsta,46491.2,33013.1,75846.1,76562.8,84876.6,102126.9,79742.5,60638.9,85460.8,85454.4,49711.4,85542.2,99215.3,68284.1,41498.9,53132.4,53312.8,122480.5,81885.4,78369.0,60754.8,49433.4,101845.8,58633.4,65399.5,60644.6,32074.0,70074.2,122857.4,72490.2,50488.3,9281.0,671.8,64070.1,68853.5,60242.5,60251.6,58086.7,67695.7,60772.1,94842.3,60660.8,60352.1,68154.4,47567.2,41437.2,56399.2,49508.1,53567.6,71407.3,0.0,60552.9,60814.1,68234.3,6154.0,53004.4,63064.0,78110.5,68067.5,67811.0,60988.0,60751.3,120977.6,141.8,67883.7,46110.4,60893.7,60767.6,60948.3,65609.2,75233.1,40255.7,66476.4,94393.0,45652.9,75817.0,111543.8,97188.9,74620.9,78414.0,75184.6,60616.4,326.0,10335.9,59775.4,70147.5,10836.9,53403.1,63094.9,58232.6,49433.5,117987.9,56897.2,55273.6,49726.0,58464.1,50529.6,94485.4,65393.3,32067.4,63240.7,60591.1,28650.0,52361.5,61172.3,50817.7,104000.6,66835.0,54049.2,49813.6,421.7,103390.6,47386.7,52952.7,49597.7,60720.1,92504.3,60686.8,123213.3,121014.3,65574.2,110542.7,61905.0,60964.6,32393.1,67520.1,32025.4,60867.6,60476.1,116695.1,60640.0,94497.7,43043.0,74944.8,58723.2,45777.2,42924.2,3345.9,53012.4,126633.9,49267.1,30498.4,93942.8,91705.8,105906.9,33073.3,123231.0,20375.3,10051.6,51787.0,46853.1,74745.0,32699.2,78127.1,94475.3,94816.5,65583.8,76682.9,33929.4,60957.4,120985.2,495.3,105274.1,104898.6,60130.3,60365.4,60648.3,61612.0
Rasmus Rønnebergs gate 21,16951.4,43321.8,136188.9,136905.5,46233.8,69960.4,21887.4,623.3,46818.0,46811.6,11054.6,46899.5,122598.9,128626.9,34576.0,29453.0,28017.4,145387.9,142228.2,39428.8,478.9,12255.0,134781.1,36173.3,125742.3,629.0,44748.1,12219.0,83917.2,33847.5,25193.0,69809.8,60680.3,25129.9,10998.4,371.1,550.9,2830.5,128038.5,756.6,62675.8,499.6,200.8,128497.2,14818.0,34436.1,5184.4,11354.6,28895.2,13552.2,60665.3,0.0,798.5,128577.1,66682.8,27709.1,3048.5,39170.3,128410.3,128153.8,972.5,735.7,143885.0,60732.7,128226.4,110896.7,878.2,752.0,787.1,125951.9,17378.0,65148.5,85093.2,153949.2,70545.8,136159.8,144479.1,58248.8,35978.1,20558.9,108119.9,455.2,60370.3,70864.7,785.4,31207.3,71365.7,29103.0,3079.3,3171.5,12032.4,140895.3,5682.4,5606.3,16976.9,3004.7,25234.3,62318.9,125736.1,44741.5,3225.2,429.9,53542.8,27066.1,1156.7,11329.5,65060.4,127177.8,7247.3,11147.6,60462.7,163733.4,72279.5,8031.0,11093.2,558.9,125439.6,765.5,84273.1,143921.7,125917.0,170885.5,1889.4,803.4,44872.4,127862.9,46123.3,852.1,360.4,78052.3,524.3,62331.2,17558.3,17089.7,91658.5,70670.0,103267.0,63874.8,27717.1,149541.2,12340.5,47536.2,60888.0,53063.1,66966.7,43669.8,84290.8,40301.0,70580.5,9410.6,15317.3,16889.9,45512.0,39186.9,62308.8,62161.1,125926.5,18827.7,42915.6,796.2,143892.6,60277.1,66333.9,65958.4,667.2,433.7,487.1,1596.5
"Ålesund, 6002 Ålesund",17294.4,43664.8,136531.9,137248.5,46576.8,70303.5,22230.4,280.6,47161.0,47154.7,11397.6,47242.5,122941.9,128969.9,34919.0,29796.0,28360.4,145730.9,142571.2,39771.8,933.2,12598.0,135124.1,36516.3,126085.3,399.1,45091.1,12562.1,84260.2,34190.5,25536.0,70152.9,61023.3,25473.0,11341.4,992.5,1172.3,3173.5,128381.5,147.3,63018.8,839.2,822.2,128840.2,15161.0,34779.1,5527.4,11697.6,29238.2,13895.2,61008.3,908.6,0.0,128920.1,67025.9,28052.1,2708.6,39513.3,128753.3,128496.8,308.7,168.2,144228.0,61075.8,128569.4,111239.7,214.4,151.9,1126.7,126295.0,17721.0,65491.5,85436.2,154292.2,70888.8,136502.8,144822.1,58591.8,36321.1,20901.9,108462.9,794.7,60713.3,71207.7,1224.5,31550.4,71708.7,29446.0,2739.4,3514.5,12375.4,141238.3,6025.4,5949.3,17319.9,3347.7,25577.3,62661.9,126079.1,45084.5,2885.3,482.2,53885.8,27409.1,896.1,11672.5,65403.4,127520.8,7590.3,11490.6,60805.7,164076.4,72622.5,8374.0,11436.2,898.5,125782.6,640.9,84616.1,144264.7,126260.0,171228.5,892.1,1143.0,45215.4,128205.9,46466.3,591.4,981.8,78395.3,1145.7,62674.2,17901.3,17432.7,92001.5,71013.1,103610.0,64217.8,28060.1,149884.2,12683.5,47879.2,61231.1,53406.1,67309.7,44012.8,84633.8,40644.0,70923.5,9753.6,15660.3,17232.9,45855.0,39529.9,62651.8,62504.1,126269.5,19170.7,43258.6,1135.8,144235.6,60620.1,66676.9,66301.4,840.0,948.2,826.6,1335.8
Felleskjøpet Nordfjordeid,94519.4,72229.4,56682.4,57399.1,132904.8,99722.3,127770.7,108667.1,133489.0,133482.6,97739.6,133570.4,33530.7,983.5,80715.3,120065.5,101341.0,56795.9,62721.8,126397.2,108783.1,97461.6,74282.3,112998.0,46235.9,108672.8,71290.4,118102.4,110650.4,120518.4,98516.5,39619.8,48699.9,112098.3,116881.7,108270.7,108279.8,106114.9,788.5,108800.3,92437.6,108689.0,108380.3,79.9,95595.4,80653.6,104427.4,97536.3,120500.7,119435.5,48138.3,108581.1,108842.3,0.0,43288.8,101032.6,111092.2,126138.7,766.9,510.4,109016.2,108779.4,55293.0,48290.8,526.1,43705.7,108921.9,108795.8,108976.5,46445.5,123261.3,79472.1,64071.8,75229.3,84869.3,56653.4,83980.3,111635.4,122649.1,126442.2,48176.9,108644.6,48354.2,41351.1,107803.6,118175.7,41175.7,120336.1,111123.1,106260.8,97461.7,52303.3,104925.4,103301.8,97754.2,106492.3,98557.8,92080.8,46229.7,71283.8,111268.9,108619.4,67866.4,100389.7,109200.5,98845.9,152028.8,1685.8,102077.4,97841.8,48449.9,37706.0,86603.1,100980.9,97625.8,108748.3,64940.8,108715.0,111006.3,55329.7,46410.5,50004.7,109933.2,108992.8,71609.5,823.4,71241.8,108895.8,108504.3,164723.3,108668.2,92093.0,91071.2,122973.0,66845.3,84993.6,36428.5,45152.5,101040.6,60949.3,97295.3,69714.8,91538.1,139734.0,153935.0,72289.7,111023.9,68403.5,41012.2,99815.2,94881.3,122773.2,71915.6,126155.3,92070.6,92411.9,46420.1,124711.1,73145.8,108985.6,55300.6,48523.4,153302.3,152926.8,108158.5,108393.6,108676.5,109640.2
Felleskjøpet Volda,52479.8,30189.9,72711.5,73428.2,90865.2,98992.3,85731.1,66627.5,91449.4,91443.1,55700.1,91530.9,96080.7,65149.5,38675.8,59121.1,59301.4,119345.9,78750.8,84357.6,66743.5,55422.1,96924.6,64622.0,62264.9,66633.2,29250.8,76062.8,109920.4,78478.9,56477.0,4359.8,6660.4,70058.8,74842.1,66231.1,66240.2,64075.3,64561.1,66760.8,91707.7,66649.5,66340.7,65019.8,53555.8,38614.0,62387.8,55496.7,59556.3,77396.0,6098.8,66541.6,66802.7,65099.7,0.0,58993.1,69052.7,84099.1,64932.9,64676.4,66976.7,66739.9,117843.0,6251.3,64749.1,42975.8,66882.4,66756.2,66937.0,62474.6,81221.8,37432.5,63341.8,91258.4,42829.8,72682.4,106622.6,103177.6,80609.5,84402.6,70263.4,66605.0,6314.6,5414.7,65764.0,76136.2,5915.6,59391.7,69083.5,64221.3,55422.2,114853.3,62885.8,61262.2,55714.7,64452.8,56518.2,91350.8,62258.7,29244.2,69229.4,66579.8,25826.8,58350.1,67160.9,56806.3,109989.3,63700.4,60037.9,55802.2,6410.4,100256.0,44563.5,58941.4,55586.3,66708.8,87583.1,66675.5,110276.4,117879.7,62439.6,107408.1,67893.6,66953.3,29569.9,64385.5,29202.3,66856.2,66464.8,122683.8,66628.7,91363.1,49031.7,80933.5,53801.9,42954.1,39789.6,3112.9,59001.1,123499.3,55255.7,27675.3,90808.2,97694.5,111895.5,30250.2,110294.0,26364.0,5130.4,57775.7,52841.7,80733.6,29876.0,84115.7,91340.7,91681.9,62449.2,82671.5,31106.3,66946.1,117850.6,6483.9,111262.8,110887.2,66118.9,66354.0,66636.9,67600.7
"Langevåg, 6030 Langevåg",13605.1,31294.6,128573.9,129290.5,51990.4,69823.5,46856.4,27752.7,52574.7,52568.3,16825.3,52656.1,110571.6,121011.9,22548.7,29316.1,694.3,133360.6,134613.2,45482.9,27868.7,16547.3,122753.9,36036.4,118127.3,27758.5,32720.8,37188.1,89971.3,39604.1,2596.8,62194.9,53065.3,31184.0,35967.4,27356.3,27365.5,25200.6,120423.5,27886.0,62538.9,27774.7,27466.0,120882.2,14681.0,22408.8,23513.1,16621.9,28758.2,38521.2,53050.4,27666.8,27927.9,120962.1,59067.9,0.0,30177.9,45224.4,120795.3,120538.8,28101.9,27865.1,131857.8,53117.8,120611.4,98838.2,28007.6,27881.4,28062.2,118337.0,42347.0,53121.3,84956.3,147120.8,58518.5,128544.8,132451.8,64302.8,41734.8,45527.9,96092.6,27730.2,52755.3,63249.8,26889.3,37261.4,63750.7,28966.0,30208.8,25346.5,16547.4,128868.0,24011.1,22387.4,16839.9,25578.0,2638.1,62182.0,118121.1,32714.2,30354.6,27705.0,41515.6,656.0,28286.2,17931.6,71114.5,119562.8,21163.1,16927.4,52847.7,156118.4,60252.2,20066.6,16711.5,27834.0,113412.4,27800.7,90327.2,131894.5,118302.0,163270.5,29018.8,28078.5,32845.1,120247.9,34096.0,27981.5,27590.0,83809.0,27753.9,62194.2,10156.9,42058.7,79631.2,58642.8,95652.0,56259.8,8.0,137514.0,16381.0,35508.9,60751.1,58819.7,73020.7,31642.5,90344.8,32686.0,62965.5,18900.9,13967.0,41858.9,33484.8,45241.0,62171.8,62024.2,118311.5,43796.7,30888.4,28071.3,131865.4,52662.1,72388.0,72012.5,27244.2,27479.2,27762.2,28725.9
SKARBØVIKGATA 26,19428.9,45799.4,138666.5,139383.1,48711.3,72438.0,24364.9,2467.6,49295.6,49289.2,13532.1,49377.0,125076.4,131104.4,37053.5,31930.6,30495.0,147865.4,144705.8,41906.3,3067.7,14732.5,137258.7,38650.9,128219.9,2452.1,47225.7,14696.6,86394.8,36325.0,27670.6,72287.4,63157.8,27607.5,13475.9,3127.0,3306.9,5308.0,130516.1,2572.3,65153.4,2973.7,2956.8,130974.7,17295.6,36913.7,7662.0,13832.2,31372.7,16029.8,63142.9,3043.2,2476.4,131054.7,69160.4,30186.7,0.0,41647.9,130887.8,130631.4,2788.3,2551.5,146362.6,63210.3,130704.0,113374.2,2694.0,2567.8,3261.2,128429.5,19855.6,67626.1,87570.8,156426.8,73023.3,138637.4,146956.6,60726.3,38455.7,23036.4,110597.5,2929.3,62847.8,73342.3,3359.0,33684.9,73843.3,31580.5,30.8,5649.0,14509.9,143372.8,8160.0,8083.9,19454.4,5482.2,27711.8,64796.5,128213.7,47219.0,769.9,2616.7,56020.4,29543.7,1889.9,13807.1,67538.0,129655.4,9724.9,13625.2,62940.3,166211.0,74757.1,10508.6,13570.7,3033.0,127917.2,2775.5,86750.7,146399.3,128394.5,173363.0,2131.2,3277.5,47349.9,130340.5,48600.8,2194.6,3116.4,80529.9,3280.3,64808.8,20035.9,19567.3,94136.0,73147.6,105744.5,66352.4,30194.7,152018.8,14818.0,50013.7,63365.6,55540.6,69444.2,46147.3,86768.3,42778.5,73058.0,11888.2,17794.9,19367.4,47989.6,41664.4,64786.3,64638.7,128404.1,21305.3,45393.2,3270.3,146370.2,62754.7,68811.5,68436.0,2974.5,3082.7,2961.2,1838.3
"Ørskog, 6240 Ørskog",34572.0,60942.4,146743.6,147460.2,33047.4,47623.1,58235.9,39132.3,33631.7,33625.3,28984.7,33713.1,140219.5,146247.4,52196.5,30403.7,45638.0,163008.4,152782.9,385.0,39248.3,29173.9,152401.7,37124.0,136297.0,39138.0,62368.7,48567.6,44964.7,20661.1,42813.6,87430.4,78300.8,15050.4,35588.7,38735.9,38745.1,36580.2,145659.1,39265.6,39156.6,39154.3,38845.5,146117.8,30007.3,52056.7,34892.6,29165.1,29845.8,49900.8,78285.9,39046.4,39307.5,146197.7,84303.4,45329.7,41557.5,0.0,146030.9,145774.4,39481.5,39244.7,161505.6,78353.3,145847.0,111847.4,39387.2,39261.0,39441.8,136506.6,53726.6,82769.1,86043.9,114996.7,88166.3,146714.5,162099.6,19296.3,22791.8,56907.4,125740.5,39109.8,77990.8,88485.3,38268.8,9903.9,88986.3,30053.7,41588.3,36726.1,28951.3,158515.9,35390.6,34176.1,27782.8,36957.6,42854.8,39019.8,136290.8,62362.1,41734.2,39084.6,71163.4,44686.7,39665.7,27883.9,26108.0,144798.4,33590.4,28768.2,78083.3,181354.0,89900.1,31855.2,29855.6,39213.6,143060.2,39180.3,45320.7,161542.3,136471.6,181440.1,40398.4,39458.1,62493.0,145483.5,63743.8,39361.1,38969.6,64866.0,39133.5,38812.0,35178.9,29237.7,109279.0,88290.6,113821.6,81495.4,45337.7,167161.8,29057.6,65156.7,61838.7,39876.7,28014.2,61290.3,45338.3,57921.6,88201.1,31241.2,30474.7,53238.5,63132.6,93.4,38789.6,39763.3,136481.2,55176.3,60536.2,39450.9,161513.2,77897.7,27381.5,27005.9,38623.7,38858.8,39141.8,40105.5
"Nordfjordeid, 6770 Nordfjordeid",94352.5,72062.6,56515.6,57232.2,132737.9,99555.4,127603.9,108500.2,133322.1,133315.8,97572.8,133403.6,32548.2,297.8,80548.5,119898.6,101174.1,55813.4,62554.9,126230.4,108616.2,97294.8,73299.8,112831.2,46069.0,108505.9,71123.6,117935.5,110483.5,120351.6,98349.7,39453.0,48533.1,111931.5,116714.9,108103.8,108113.0,105948.1,621.7,108633.5,92270.8,108522.2,108213.5,677.7,95428.5,80486.8,104260.5,97369.4,120333.8,119268.7,47971.5,108414.3,108675.4,757.6,43122.0,100865.8,110925.4,125971.9,0.0,256.5,108849.4,108612.6,54310.5,48124.0,267.8,43538.9,108755.1,108628.9,108809.7,46278.7,123094.5,79305.3,63904.9,75062.5,84702.5,56486.5,82997.8,111468.5,122482.3,126275.4,47194.4,108477.7,48187.4,41184.3,107636.8,118008.9,41008.9,120169.3,110956.2,106094.0,97294.9,51320.8,104758.6,103134.9,97587.4,106325.5,98391.0,91913.9,46062.8,71117.0,111102.1,108452.5,67699.6,100222.8,109033.7,98679.1,151862.0,1292.0,101910.6,97674.9,48283.1,36723.5,86436.2,100814.1,97459.0,108581.5,63958.3,108548.2,110839.5,54347.2,46243.7,49837.9,109766.3,108826.0,71442.7,767.4,71075.0,108729.0,108337.5,164556.5,108501.4,91926.2,90904.4,122806.2,65862.8,84826.8,36261.7,44985.7,100873.8,59966.8,97128.5,69548.0,91371.3,139567.2,153768.2,72122.9,110857.1,68236.7,40845.4,99648.4,94714.5,122606.4,71748.7,125988.4,91903.8,92245.0,46253.3,124544.2,72979.0,108818.8,54318.1,48356.6,153135.5,152760.0,107991.7,108226.7,108509.7,109473.4
"Nordfjordeid, 6770 Nordfjordeid",94096.1,71806.1,56259.1,56975.8,132481.5,99299.0,127347.4,108243.8,133065.7,133059.3,97316.3,133147.1,33107.4,473.0,80292.0,119642.2,100917.7,56372.6,62298.5,125973.9,108359.7,97038.3,73859.0,112574.7,45812.6,108249.5,70867.1,117679.1,110227.1,120095.1,98093.2,39196.5,48276.6,111675.0,116458.4,107847.4,107856.5,105691.6,365.2,108377.0,92014.3,108265.7,107957.0,430.5,95172.1,80230.3,104004.1,97113.0,120077.4,119012.2,47715.0,108157.8,108419.0,510.4,42865.5,100609.3,110668.9,125715.4,256.5,0.0,108592.9,108356.1,54869.7,47867.5,72.6,43282.4,108498.6,108372.5,108553.2,46022.2,122838.0,79048.8,63648.5,74806.0,84446.0,56230.1,83557.0,111212.1,122225.8,126018.9,47753.6,108221.3,47930.9,40927.8,107380.3,117752.4,40752.4,119912.8,110699.8,105837.5,97038.4,51880.0,104502.1,102878.5,97330.9,106069.0,98134.5,91657.5,45806.4,70860.5,110845.6,108196.0,67443.1,99966.4,108777.2,98422.6,151605.5,1262.5,101654.1,97418.4,48026.6,37282.7,86179.8,100557.6,97202.6,108325.0,64517.5,108291.7,110583.0,54906.4,45987.2,49581.4,109509.9,108569.5,71186.2,510.9,70818.5,108472.5,108081.0,164300.0,108244.9,91669.7,90647.9,122549.7,66422.0,84570.3,36005.2,44729.2,100617.3,60526.0,96872.0,69291.5,91114.8,139310.7,153511.7,71866.4,110600.6,67980.2,40588.9,99391.9,94458.0,122349.9,71492.3,125732.0,91647.3,91988.6,45996.8,124287.7,72722.5,108562.3,54877.3,48100.1,152879.0,152503.5,107735.2,107970.3,108253.2,109216.9
"Løvenvoldgata 6, 6002 Ålesund",17363.0,43733.4,136600.5,137317.1,46645.4,70372.0,22298.9,349.2,47229.6,47223.2,11466.1,47311.0,123010.5,129038.4,34987.5,29864.6,28429.0,145799.4,142639.8,39840.4,1001.8,12666.6,135192.7,36584.9,126153.9,467.7,45159.7,12630.6,84328.8,34259.1,25604.6,70221.4,61091.9,25541.5,11410.0,1061.0,1240.9,3242.0,128450.1,215.9,63087.4,907.8,890.8,128908.8,15229.6,34847.7,5596.0,11766.2,29306.7,13963.8,61076.9,977.2,495.9,128988.7,67094.4,28120.7,2777.2,39581.9,128821.9,128565.4,0.0,236.8,144296.6,61144.3,128638.0,111308.3,230.3,220.5,1195.3,126363.5,17789.6,65560.1,85504.8,154360.8,70957.3,136571.4,144890.7,58660.3,36389.7,20970.4,108531.5,863.3,60781.9,71276.3,1293.0,31618.9,71777.3,29514.6,2808.0,3583.1,12444.0,141306.9,6094.0,6017.9,17388.5,3416.3,25645.9,62730.5,126147.7,45153.1,2953.8,550.7,53954.4,27477.7,964.6,11741.1,65472.0,127589.4,7658.9,11559.2,60874.3,164145.0,72691.1,8442.6,11504.8,967.0,125851.2,709.5,84684.7,144333.3,126328.5,171297.1,583.4,1211.6,45284.0,128274.5,46534.8,660.0,1050.4,78463.9,1214.3,62742.8,17969.9,17501.3,92070.1,71081.6,103678.6,64286.4,28128.7,149952.8,12752.1,47947.8,61299.6,53474.6,67378.2,44081.3,84702.4,40712.6,70992.1,9822.2,15728.9,17301.5,45923.6,39598.5,62720.4,62572.7,126338.1,19239.3,43327.2,1204.3,144304.2,60688.7,66745.5,66370.0,908.6,1016.8,895.2,876.3
APOTEKERGATA 5,17126.2,43496.6,136363.7,137080.3,46408.6,70135.2,22062.2,112.4,46992.8,46986.4,11229.4,47074.3,122773.7,128801.7,34750.8,29627.8,28192.2,145562.6,142403.0,39603.6,765.0,12429.8,134955.9,36348.1,125917.1,230.9,44922.9,12393.8,84092.0,34022.3,25367.8,69984.6,60855.1,25304.7,11173.2,824.3,1004.1,3005.2,128213.3,20.9,62850.6,671.0,654.0,128672.0,14992.8,34610.9,5359.2,11529.4,29070.0,13727.0,60840.1,740.4,259.1,128751.9,66857.6,27883.9,2540.4,39345.1,128585.1,128328.6,236.8,0.0,144059.8,60907.5,128401.2,111071.5,142.5,16.3,958.5,126126.7,17552.8,65323.3,85268.0,154124.0,70720.6,136334.6,144653.9,58423.6,36152.9,20733.6,108294.7,626.5,60545.1,71039.5,1056.2,31382.1,71540.5,29277.8,2571.2,3346.3,12207.2,141070.1,5857.2,5781.1,17151.7,3179.5,25409.1,62493.7,125910.9,44916.3,2717.1,314.0,53717.6,27240.9,727.9,11504.3,65235.2,127352.6,7422.1,11322.4,60637.5,163908.2,72454.3,8205.8,11268.0,730.3,125614.4,472.7,84447.9,144096.5,126091.7,171060.3,820.2,974.8,45047.2,128037.7,46298.1,423.2,813.6,78227.1,977.5,62506.0,17733.1,17264.5,91833.3,70844.8,103441.8,64049.6,27891.9,149716.0,12515.3,47711.0,61062.8,53237.8,67141.4,43844.5,84465.6,40475.8,70755.3,9585.4,15492.1,17064.7,45686.8,39361.7,62483.6,62335.9,126101.3,19002.5,43090.4,967.5,144067.4,60451.9,66508.7,66133.2,671.8,780.0,658.4,1167.6
"Gate 1, 6718 Deknepollen",147894.8,101436.5,110210.9,110927.5,186280.2,153250.7,181146.1,162042.5,186864.4,186858.1,151115.1,186945.9,21778.9,54095.5,109922.4,173593.9,154716.4,3148.0,116250.2,179772.6,162158.5,150837.1,62081.2,166526.5,99764.3,162048.2,100497.4,171477.8,164178.8,173893.9,151892.0,92995.3,102075.4,165473.8,170257.1,161646.1,161655.3,159490.3,54482.3,162175.8,145966.1,162064.5,161755.7,55151.6,148970.8,109860.6,157802.8,150911.7,174029.1,172811.0,101513.8,161956.6,162217.7,55231.5,96664.2,154408.1,164467.7,179514.1,54316.3,54808.2,162391.7,162154.9,0.0,101666.3,54502.8,97234.1,162297.4,162171.2,162352.0,99973.9,176636.8,78945.5,117600.2,128757.8,73450.1,110181.8,71779.2,165163.8,176024.5,179817.6,35975.8,162020.0,101729.7,94726.6,161179.0,171551.2,94551.2,173864.6,164498.5,159636.3,150837.2,3199.5,158300.8,156677.2,151129.7,159867.8,151933.3,145609.2,99758.1,100490.8,164644.4,161994.8,91260.9,153765.1,162575.9,152221.4,205404.3,54486.8,155452.9,151217.2,101825.4,41652.2,109997.6,154356.4,151001.3,162123.8,46478.8,162090.5,164534.7,36.7,99938.9,103987.5,163308.6,162368.3,100816.5,54916.9,100448.9,162271.3,161879.8,218098.8,162043.7,145621.5,144446.7,176348.5,54644.2,108388.1,89957.0,98527.9,154416.1,5891.6,150670.8,98921.8,145066.6,193109.5,207310.5,101496.7,164552.4,121779.0,94387.6,153190.7,148256.7,176148.6,101122.6,179530.7,145599.1,145940.3,99948.5,178086.5,102352.8,162361.1,7.6,101898.9,206677.8,206302.3,161533.9,161769.0,162052.0,163015.7
"Kyaborga 4, 6150 Ørsta",46558.6,33165.6,75931.0,76647.7,84944.0,102211.9,79809.9,60706.3,85528.2,85521.8,49778.9,85609.6,99300.2,68369.0,41651.5,53199.8,53380.2,122565.4,81970.4,78436.4,60822.3,49500.8,101998.3,58700.8,65484.4,60712.0,32226.5,70141.6,122924.8,72557.7,50555.7,9433.5,739.2,64137.5,68920.9,60309.9,60319.0,58154.1,67780.6,60839.5,94927.2,60728.2,60419.5,68239.3,47634.6,41589.7,56466.6,49575.5,53635.0,71474.7,141.8,60620.3,60881.5,68319.2,6306.5,53071.9,63131.5,78177.9,68152.4,67895.9,61055.5,60818.7,121062.6,0.0,67968.6,46195.3,60961.1,60835.0,61015.8,65694.1,75300.6,40408.2,66561.4,94477.9,45805.5,75901.9,111696.3,97256.4,74688.3,78481.4,75337.1,60683.8,393.4,10488.4,59842.8,70214.9,10989.4,53470.5,63162.3,58300.0,49500.9,118072.8,56964.6,55341.0,49793.4,58531.5,50597.0,94570.3,65478.2,32219.9,63308.1,60658.6,28802.5,52428.9,61239.7,50885.1,104068.0,66919.9,54116.6,49881.0,489.1,103475.5,47539.2,53020.1,49665.1,60787.5,92656.8,60754.2,123280.7,121099.2,65659.1,110627.6,61972.4,61032.1,32545.6,67605.1,32178.0,60935.0,60543.5,116762.5,60707.4,94582.6,43110.4,75012.2,58875.7,45929.7,43009.1,3498.5,53079.8,126718.8,49334.5,30651.0,94027.7,91773.2,105974.3,33225.8,123298.4,20442.8,10204.1,51854.4,46920.5,74812.4,32851.7,78194.5,94560.2,94901.4,65668.7,76750.3,34081.9,61024.8,121070.2,562.7,105341.5,104966.0,60197.7,60432.8,60715.7,61679.5
"Sjukehusveien 14, 6770 Nordfjordeid",94168.7,71878.8,56331.8,57048.4,132554.1,99371.6,127420.0,108316.4,133138.3,133131.9,97389.0,133219.8,32734.8,484.4,80364.7,119714.8,100990.3,55999.9,62371.1,126046.5,108432.4,97110.9,73486.4,112647.4,45885.2,108322.1,70939.7,117751.7,110299.7,120167.8,98165.8,39269.2,48349.3,111747.6,116531.0,107920.0,107929.1,105764.2,437.8,108449.6,92087.0,108338.3,108029.6,446.2,95244.7,80302.9,104076.7,97185.6,120150.0,119084.9,47787.6,108230.4,108491.6,526.1,42938.1,100682.0,110741.6,125788.0,267.8,72.6,108665.6,108428.8,54497.1,47940.2,0.0,43355.0,108571.2,108445.1,108625.9,46094.8,122910.7,79121.4,63721.1,74878.7,84518.6,56302.7,83184.4,111284.7,122298.4,126091.5,47381.0,108293.9,48003.5,41000.4,107452.9,117825.1,40825.0,119985.4,110772.4,105910.1,97111.0,51507.4,104574.7,102951.1,97403.6,106141.6,98207.1,91730.1,45879.0,70933.1,110918.3,108268.7,67515.7,100039.0,108849.8,98495.2,151678.1,1335.1,101726.7,97491.1,48099.3,36910.1,86252.4,100630.2,97275.2,108397.6,64144.9,108364.3,110655.6,54533.8,46059.8,49654.1,109582.5,108642.2,71258.8,583.5,70891.1,108545.1,108153.6,164372.6,108317.5,91742.3,90720.5,122622.3,66049.4,84642.9,36077.8,44801.8,100689.9,60153.3,96944.6,69364.1,91187.5,139383.4,153584.4,71939.0,110673.2,68052.9,40661.5,99464.5,94530.6,122422.5,71564.9,125804.6,91719.9,92061.2,46069.4,124360.4,72795.1,108634.9,54504.7,48172.8,152951.6,152576.1,107807.8,108042.9,108325.8,109289.6
Hornindal skisenter,92250.3,72005.5,40333.6,41050.2,125556.6,61454.0,129963.8,110860.2,126140.8,126134.4,99932.8,126222.2,75463.2,43775.1,80491.4,81797.2,99071.9,98728.4,46372.9,112063.5,110976.2,99654.8,116214.9,74729.7,29887.0,110865.9,71066.5,120295.5,72382.1,113170.2,96247.4,38671.8,46706.0,104750.1,119074.8,110463.8,110473.0,108308.0,43186.7,110993.5,54169.3,110882.2,110573.4,43645.4,96463.1,80429.7,106620.5,99729.4,82232.4,121628.7,46104.1,110774.3,111035.4,43725.3,43064.9,98763.5,113285.4,111805.0,43558.5,43302.0,111209.4,110972.6,97225.6,46176.0,43374.6,0.0,111115.1,110988.9,111169.7,30096.6,125454.5,79248.2,25803.5,58880.5,84645.4,40304.5,125912.8,73367.1,115300.9,128635.3,90109.5,110837.7,46360.3,37761.8,109996.7,106579.7,37586.4,82067.8,113316.2,108454.0,99654.9,94235.8,107118.5,105494.9,94238.7,108685.5,96288.7,53812.4,29880.8,71059.9,113462.1,110812.5,67642.5,98120.6,111393.6,101039.0,114967.1,43082.9,104270.6,100034.9,45971.2,79638.6,86379.1,103174.1,99819.0,110941.5,106873.4,110908.2,72738.0,97262.3,30061.6,75030.2,112126.3,111186.0,71385.6,43011.1,71017.9,111089.0,110697.5,157375.1,110861.4,53824.7,88802.1,121746.8,88865.4,84769.7,7411.6,44928.6,98771.5,102881.8,99488.5,69490.9,53269.8,132385.8,100358.3,72065.8,72755.6,66134.4,37883.1,102008.4,96930.6,124966.3,71691.6,111821.6,53802.3,54143.6,30071.2,126904.2,72921.9,111178.8,97233.2,46156.8,116240.6,115865.0,110351.6,110586.7,110869.6,111833.4
"Apotekergata 5, 6004 Ålesund",17268.7,43639.1,136506.2,137222.8,46551.1,70277.7,22204.6,254.9,47135.3,47128.9,11371.8,47216.7,122916.2,128944.1,34893.2,29770.3,28334.7,145705.1,142545.5,39746.1,907.5,12572.2,135098.4,36490.6,126059.6,373.4,45065.4,12536.3,84234.5,34164.7,25510.3,70127.1,60997.5,25447.2,11315.6,966.7,1146.6,3147.7,128355.8,121.6,62993.1,813.4,796.5,128814.5,15135.3,34753.4,5501.7,11671.9,29212.4,13869.5,60982.6,882.9,401.6,128894.4,67000.1,28026.4,2682.8,39487.6,128727.6,128471.1,230.3,142.5,144202.3,61050.0,128543.7,111214.0,0.0,126.2,1101.0,126269.2,17695.3,65465.8,85410.5,154266.5,70863.0,136477.1,144796.4,58566.0,36295.4,20876.1,108437.2,769.0,60687.5,71182.0,1198.7,31524.6,71683.0,29420.3,2713.7,3488.8,12349.6,141212.5,5999.7,5923.6,17294.1,3322.0,25551.5,62636.2,126053.4,45058.8,2859.5,456.4,53860.1,27383.4,870.3,11646.8,65377.7,127495.1,7564.6,11464.9,60780.0,164050.7,72596.8,8348.3,11410.5,872.7,125756.9,615.2,84590.4,144239.0,126234.2,171202.7,813.6,1117.3,45189.7,128180.2,46440.5,565.7,956.1,78369.6,1120.0,62648.5,17875.6,17407.0,91975.7,70987.3,103584.2,64192.1,28034.4,149858.5,12657.8,47853.4,61205.3,53380.3,67283.9,43987.0,84608.1,40618.3,70897.7,9727.9,15634.6,17207.1,45829.3,39504.2,62626.0,62478.4,126243.8,19145.0,43232.9,1110.0,144209.9,60594.4,66651.2,66275.7,814.2,922.4,800.9,1310.1
APOTEKERGATA 1-3,17142.5,43512.9,136380.0,137096.6,46424.9,70151.6,22078.5,128.7,47009.1,47002.7,11245.7,47090.6,122790.0,128818.0,34767.1,29644.1,28208.5,145579.0,142419.3,39619.9,781.3,12446.1,134972.2,36364.4,125933.4,247.2,44939.2,12410.2,84108.3,34038.6,25384.1,70001.0,60871.4,25321.0,11189.5,840.6,1020.4,3021.6,128229.6,4.6,62866.9,687.3,670.3,128688.3,15009.1,34627.2,5375.5,11545.7,29086.3,13743.3,60856.4,756.7,275.4,128768.2,66874.0,27900.2,2556.7,39361.4,128601.4,128344.9,220.5,16.3,144076.1,60923.9,128417.5,111087.8,126.2,0.0,974.8,126143.0,17569.1,65339.6,85284.3,154140.3,70736.9,136350.9,144670.2,58439.9,36169.2,20750.0,108311.0,642.8,60561.4,71055.8,1072.6,31398.5,71556.8,29294.1,2587.5,3362.6,12223.5,141086.4,5873.5,5797.4,17168.0,3195.8,25425.4,62510.0,125927.2,44932.6,2733.4,330.3,53733.9,27257.2,744.2,11520.6,65251.5,127368.9,7438.4,11338.7,60653.8,163924.5,72470.6,8222.1,11284.3,746.6,125630.7,489.0,84464.2,144112.8,126108.1,171076.6,803.9,991.1,45063.5,128054.0,46314.4,439.5,829.9,78243.4,993.8,62522.3,17749.4,17280.8,91849.6,70861.1,103458.1,64065.9,27908.2,149732.3,12531.6,47727.3,61079.1,53254.2,67157.8,43860.9,84481.9,40492.1,70771.6,9601.7,15508.4,17081.0,45703.1,39378.0,62499.9,62352.2,126117.6,19018.8,43106.7,983.9,144083.7,60468.2,66525.0,66149.5,688.1,796.3,674.7,1183.9
KONGENS GATE 28A,17163.2,43533.6,136400.7,137117.3,46445.6,70172.2,22099.1,894.3,47029.8,47023.4,11266.3,47111.2,122810.7,128838.6,34787.7,29664.8,28229.2,145599.6,142440.0,39640.6,255.6,12466.8,134992.9,36385.1,125954.1,900.0,44959.9,12430.8,84129.0,34059.3,25404.8,70021.6,60892.1,25341.7,11210.2,582.9,762.7,3042.2,128250.3,1027.6,62887.6,548.2,448.2,128709.0,15029.8,34647.9,5396.2,11566.4,29107.0,13764.0,60877.1,649.0,1069.5,128788.9,66894.6,27920.9,3319.5,39382.1,128622.1,128365.6,1243.5,1006.7,144096.8,60944.5,128438.2,111108.5,1149.2,1023.0,0.0,126163.7,17589.8,65360.3,85305.0,154161.0,70757.6,136371.6,144690.9,58460.5,36189.9,20770.6,108331.7,513.3,60582.1,71076.5,997.2,31419.1,71577.5,29314.8,3350.3,3383.3,12244.2,141107.1,5894.2,5818.1,17188.7,3216.5,25446.1,62530.7,125947.9,44953.3,3496.2,700.9,53754.6,27277.9,1427.7,11541.3,65272.2,127389.6,7459.1,11359.4,60674.5,163945.2,72491.3,8242.8,11305.0,326.8,125651.4,1036.4,84484.9,144133.5,126128.7,171097.3,2160.4,308.2,45084.2,128074.7,46335.0,1123.0,439.3,78264.1,440.6,62543.0,17770.1,17301.5,91870.3,70881.8,103478.8,64086.6,27928.9,149753.0,12552.3,47748.0,61099.8,53274.8,67178.4,43881.5,84502.6,40512.8,70792.3,9622.4,15529.1,17101.7,45723.8,39398.7,62520.6,62372.9,126138.3,19039.5,43127.4,9.1,144104.4,60488.9,66545.7,66170.2,938.1,645.5,545.2,1867.5
Isehaug kafeteria,111733.3,91488.5,11146.8,11863.4,150158.9,86056.4,144984.6,125881.0,150743.1,150736.8,114953.5,150824.6,78190.6,46502.4,99974.4,106399.6,118554.9,101455.8,17186.1,136665.9,125996.9,114675.5,118942.2,99332.1,351.2,125886.7,90549.5,135316.3,107329.5,137772.6,115730.4,58154.8,66189.0,129352.5,134095.6,125484.5,125493.7,123328.8,45914.1,126014.2,78771.7,125902.9,125594.2,46372.8,112809.2,99912.7,121641.3,114750.1,106834.8,136649.4,65587.1,125795.0,126056.1,46452.7,62547.9,118246.5,128306.1,136407.4,46285.9,46029.4,126230.1,125993.3,99952.9,65659.0,46102.0,30039.8,126135.8,126009.6,126190.4,0.0,140475.2,98731.2,50405.9,29122.4,104128.4,11117.7,128640.2,97969.5,139903.3,143656.1,92836.8,125858.5,65843.3,57244.7,125017.5,131182.1,57069.4,106670.2,128337.0,123474.7,114675.6,96963.2,122139.3,120515.6,118841.1,123706.2,115771.7,78414.8,285.6,90542.9,128482.8,125833.2,87125.4,117603.6,126414.4,116059.8,139569.4,45810.3,119291.3,115055.6,65454.2,82365.9,105862.1,118194.8,114839.7,125962.2,109600.7,125928.9,107685.4,99989.6,359.8,45843.4,127147.0,126206.7,90868.6,45738.5,90500.9,126109.7,125718.2,181977.5,125882.1,78427.1,108285.1,140186.9,111505.2,104252.7,22762.6,64411.6,118254.5,105609.2,114509.2,88973.9,77872.2,156988.2,124960.6,91548.8,107703.1,85617.4,57366.1,117029.1,112095.2,139987.1,91174.6,136424.0,78404.7,78746.0,424.0,141924.9,92404.9,126199.5,99960.5,65639.8,140842.9,140467.4,125372.4,125607.4,125890.4,126854.1
Godøya post i butikk,31659.0,58029.4,150896.5,151613.1,53403.8,84668.1,4895.0,17401.6,53988.0,53981.6,25762.2,54069.4,137306.5,143334.5,49283.6,44160.6,42725.1,160095.5,156935.8,54136.4,17517.5,26962.6,149488.7,50880.9,140449.9,17407.3,59455.7,9741.1,98624.8,41017.5,39900.6,84517.5,75387.9,39837.6,18168.4,17005.1,17014.3,17538.1,142746.1,17534.8,77383.4,17423.5,17114.8,143204.8,29525.6,49143.7,19892.0,26062.2,43602.8,11074.2,75373.0,17315.6,17576.7,143284.7,81390.5,42416.7,19826.7,53877.9,143117.9,142861.4,17750.7,17513.9,158592.6,75440.4,142934.1,125604.3,17656.4,17530.3,17711.0,140659.6,0.0,79856.1,99800.8,168656.8,85253.4,150867.4,159186.7,72956.4,43148.1,18406.7,122827.5,17379.1,75077.9,85572.4,16538.1,43368.0,86073.3,43810.6,19857.6,17879.1,26740.0,155602.9,20390.0,20313.9,31684.5,17712.3,39941.9,77026.6,140443.7,59449.1,20003.4,17353.8,68250.4,41773.8,17935.0,26037.1,79768.1,141885.4,21954.9,25855.2,75170.3,178441.0,86987.1,22738.6,25800.8,17482.8,140147.2,17449.5,98980.7,158629.3,140624.6,185593.1,18667.6,17727.3,59580.0,142570.5,60830.9,17630.3,17238.8,85222.3,17402.7,77038.8,32265.9,24259.7,106366.1,85377.7,117974.6,78582.4,42424.7,164248.9,27048.1,62243.8,75595.7,60233.0,81674.3,58377.4,98998.4,55008.6,85288.1,24118.2,30024.9,14737.7,60219.6,53894.5,77016.4,76868.7,140634.1,16675.5,57623.2,17720.1,158600.2,74984.7,81041.6,80666.0,16893.0,17128.0,17411.0,18374.7
Joker Gursken,51357.4,22672.1,108833.1,109549.7,89742.8,135113.9,84608.7,65505.1,90327.0,90320.7,54577.7,90408.5,57631.4,101271.0,31158.0,67068.5,53774.3,80420.4,114872.4,83235.2,65621.1,54299.7,69813.7,73788.7,98386.5,65510.8,21733.0,74940.4,127723.7,77356.5,50949.8,40481.3,40755.0,68936.4,73719.7,65108.7,65117.8,62952.9,100682.7,65638.4,127829.3,65527.1,65218.3,101141.4,52433.4,31096.2,61265.4,54374.3,66510.6,76273.6,40193.3,65419.2,65680.3,101221.3,37354.3,53466.0,67930.3,82976.7,101054.5,100798.0,65854.3,65617.5,78917.6,40345.8,100870.6,79097.3,65760.0,65633.8,65814.6,98596.1,80099.4,0.0,99463.4,127380.0,5578.3,108804.0,79511.6,102055.2,79487.1,83280.2,43152.5,65482.6,40409.2,41536.2,64641.6,75013.8,42037.2,66718.4,67961.1,63098.9,54299.8,75927.8,61763.4,60139.8,54592.3,63330.4,50991.1,127472.4,98380.3,21726.4,68107.0,65457.4,12496.5,52823.0,66038.5,55683.9,108866.9,99822.0,58915.5,54679.8,40504.9,97186.6,31233.2,57819.0,54463.9,65586.4,60472.2,65553.1,128079.6,78954.3,98561.1,143529.7,66771.2,65830.9,22052.1,100507.1,21684.5,65733.8,65342.4,121561.4,65506.3,127484.6,47909.3,79811.1,26691.0,29623.8,75911.1,38364.1,53473.9,84573.8,54133.4,20157.5,126929.8,96572.1,110773.1,22732.3,128097.2,60458.6,41252.0,56653.3,51719.3,79611.2,22358.2,82993.3,127462.2,127803.5,98570.7,81549.1,23588.4,65823.7,78925.2,40578.5,110140.4,109764.8,64996.5,65231.6,65514.5,66478.3
"Hellesylt, 6218 Hellesylt",74511.4,92371.6,60699.7,61416.3,99753.1,35650.5,104160.4,85056.8,100337.3,100330.9,74129.3,100418.8,95829.3,64141.1,100857.5,55993.7,85577.4,119094.5,66739.0,86260.0,85172.7,73851.3,136580.9,48926.3,50253.1,85062.5,91432.6,94492.1,46578.6,87366.8,82753.0,59037.9,67072.1,78946.7,93271.4,84660.3,84669.5,82504.6,63552.8,85190.0,28365.9,85078.7,84770.0,64011.5,70659.7,100795.7,80817.1,73925.9,56428.9,95825.2,66470.2,84970.8,85231.9,64091.4,63430.9,85269.1,87481.9,86001.5,63924.6,63668.1,85405.9,85169.1,117591.6,66542.1,63740.7,25803.5,85311.6,85185.4,85366.2,50462.7,99651.0,99614.3,0.0,79246.6,105011.5,60670.6,146278.9,47563.6,89497.4,102831.9,110475.5,85034.3,66726.3,58127.8,84193.3,80776.3,57952.4,56264.3,87512.8,82650.5,73851.4,114601.9,81315.1,79691.4,68435.2,82882.0,82794.2,28009.0,50246.9,91425.9,87658.6,85009.0,88008.6,84626.1,85590.2,75235.6,89163.6,63449.0,78467.1,74231.4,66337.3,100004.6,106745.2,77370.6,74015.5,85138.0,127239.4,85104.7,46934.5,117628.3,50427.7,95396.2,86322.8,85382.5,91751.7,63377.2,91384.0,85285.5,84894.0,131571.6,85057.9,28021.2,75118.3,95943.4,109231.5,105135.8,27777.7,65294.7,85277.1,123247.9,73685.0,89857.0,27466.4,106582.4,74554.8,92431.9,46952.2,86500.5,58249.2,76204.9,71127.2,99162.9,92057.7,86018.1,27998.8,28340.1,50437.3,101100.7,93288.0,85375.3,117599.2,66522.8,90437.1,90061.6,84548.2,84783.2,85066.2,86029.9
Joker Hjelledalen,140517.1,120272.4,39930.6,40647.3,147938.3,114840.2,173126.7,154023.1,148522.5,148516.1,143875.5,148603.9,106974.5,75286.3,128758.3,135183.4,147338.7,130239.6,45970.0,114908.4,154139.1,144064.7,147726.1,128116.0,29121.4,154028.9,119333.3,163458.4,78243.2,135551.9,144514.3,86938.7,94972.8,129941.2,150479.5,153626.7,153635.9,151471.0,74697.9,154156.4,107555.6,154045.1,153736.4,75156.6,144898.1,128696.5,149783.4,144055.9,135618.6,164791.6,94370.9,153937.2,154198.3,75236.6,91331.7,147030.4,156448.3,115136.5,75069.7,74813.3,154372.3,154135.5,128736.8,94442.9,74885.9,58823.6,154278.0,154151.8,154332.6,29119.2,168617.4,127515.0,79189.7,0.0,132912.2,39901.6,157424.1,95894.5,137682.6,171798.2,121620.7,154000.6,94627.1,86028.6,153159.7,124794.7,85853.2,135454.0,156479.1,151616.9,143842.1,125747.0,150281.5,149066.9,142673.6,151848.4,144555.5,107198.7,29176.7,119326.7,156625.0,153975.4,115909.3,146387.4,154556.6,142774.7,137494.5,74594.2,148481.2,143659.0,94238.0,111149.8,134646.0,146746.1,144746.4,154104.4,138384.6,154071.1,78599.1,128773.5,28873.8,74627.2,155289.2,154348.9,119652.4,74522.4,119284.8,154251.9,153860.4,179756.8,154024.3,107211.0,137069.0,144128.5,140289.1,133036.5,51546.5,93195.4,147038.4,134393.0,143948.5,117757.7,106656.1,154767.5,122885.7,120332.6,78616.8,114401.3,86150.0,146132.0,140879.0,168129.3,119958.5,114979.2,107188.5,107529.8,28937.2,170067.1,121188.7,154341.7,128744.4,94423.6,138768.0,138392.5,153514.6,153749.6,154032.6,154996.3
Joker Larsnes,56754.6,28069.3,114230.3,114946.9,95140.0,140511.1,90006.0,70902.3,95724.2,95717.9,59974.9,95805.7,52136.1,106668.3,36555.2,72465.7,59171.5,74925.1,120269.6,88632.4,71018.3,59696.9,64318.3,79185.9,103783.7,70908.0,27130.2,80337.6,133120.9,82753.7,56347.1,45878.6,46152.2,74333.6,79117.0,70505.9,70515.1,68350.2,106079.9,71035.6,133226.5,70924.3,70615.6,106538.6,57830.6,36493.4,66662.6,59771.5,71907.8,81670.8,45590.6,70816.4,71077.5,106618.5,42751.6,58863.2,73327.5,88374.0,106451.7,106195.2,71251.5,71014.7,73422.3,45743.1,106267.8,84494.6,71157.2,71031.0,71211.8,103993.4,85496.6,5578.3,104860.6,132777.2,0.0,114201.2,74016.3,107452.4,84884.4,88677.4,37657.1,70879.8,45806.5,46933.4,70038.9,80411.0,47434.4,72115.6,73358.3,68496.1,59697.0,70432.5,67160.6,65537.0,59989.5,68727.6,56388.3,132869.6,103777.5,27123.6,73504.2,70854.6,17893.8,58220.2,71435.7,61081.2,114264.1,105219.2,64312.7,60077.0,45902.2,91691.2,36630.4,63216.2,59861.1,70983.6,54976.8,70950.3,133476.8,73458.9,103958.4,148926.9,72168.4,71228.1,27449.4,105904.3,27081.7,71131.1,70739.6,126958.6,70903.5,132881.9,53306.5,85208.3,21195.7,35021.0,81308.4,43761.3,58871.2,79078.5,59530.6,25554.7,132327.0,101969.3,116170.3,28129.6,133494.4,65855.8,46649.2,62050.5,57116.6,85008.5,27755.4,88390.5,132859.5,133200.7,103967.9,86946.3,28985.7,71220.9,73429.9,45975.7,115537.6,115162.1,70393.8,70628.8,70911.8,71875.5
Joker Loen,121991.3,101746.6,1048.2,994.6,160417.0,96314.4,155242.7,136139.0,161001.2,160994.9,125211.6,161082.7,88448.7,56760.5,110232.5,116657.6,128812.9,111713.9,6214.4,146923.9,136255.0,124933.6,129200.3,109590.2,10948.3,136144.7,100807.5,145574.3,118093.1,148030.7,125988.5,68412.9,76447.1,139610.6,144353.7,135742.6,135751.8,133586.9,56172.2,136272.3,89029.8,136161.0,135852.2,56630.9,123067.3,110170.7,131899.3,125008.2,117092.8,146907.5,75845.2,136053.1,136314.2,56710.8,72805.9,128504.6,138564.2,146665.5,56544.0,56287.5,136488.2,136251.4,110211.0,75917.1,56360.1,40297.9,136393.9,136267.7,136448.5,11102.2,150733.3,108989.3,60663.9,39886.0,114386.5,0.0,138898.3,108227.5,150161.4,153914.1,103094.9,136116.5,76101.3,67502.8,135275.6,141440.2,67327.4,116928.3,138595.0,133732.8,124933.7,107221.3,132397.4,130773.7,129099.1,133964.3,126029.8,88672.9,10886.3,100800.9,138740.9,136091.3,97383.5,127861.6,136672.4,126317.9,149827.5,56068.4,129549.4,125313.7,75712.3,92624.0,116120.2,128452.9,125097.8,136220.3,119858.8,136187.0,118449.0,110247.7,11067.2,34871.7,137405.1,136464.8,101126.7,55996.6,100759.0,136367.8,135976.3,192235.6,136140.2,88685.2,118543.2,150445.0,121763.3,114510.8,33020.7,74669.7,128512.6,115867.2,124767.3,99232.0,88130.3,167246.3,135218.7,101806.9,118466.6,95875.5,67624.2,127287.2,122353.3,150245.2,101432.7,146682.0,88662.8,89004.0,11132.5,152183.0,102663.0,136457.6,110218.6,75897.8,151101.0,150725.5,135630.5,135865.5,136148.5,137112.2
Joker Stadlandet,130707.3,102022.0,138880.1,139596.7,169092.7,181919.9,163958.6,144855.0,169676.9,169670.6,133927.6,169758.4,50448.1,82764.7,110507.9,164581.1,133124.2,73237.1,144919.4,162585.1,144971.0,133649.6,10117.0,195195.7,128433.5,144860.7,101082.9,154290.3,192848.0,156706.4,130299.7,103040.3,112120.4,148286.3,153069.6,144458.6,144467.7,142302.8,83151.5,144988.3,174635.3,144877.0,144568.2,83820.7,131783.3,110446.1,140615.3,133724.2,165016.3,155623.5,111558.8,144769.1,145030.2,83900.7,106709.2,132815.9,147280.2,162326.6,82985.5,83477.4,145204.2,144967.4,71734.3,111711.3,83172.0,125903.3,145109.9,144983.7,145164.5,128643.1,159449.3,79531.0,146269.4,157427.0,74035.6,138851.0,0.0,193833.0,158837.0,162630.1,36561.3,144832.5,111774.7,104771.6,143991.5,154363.7,104596.2,164851.7,147311.0,142448.8,133649.6,68744.5,141113.3,139489.7,133942.2,142680.3,130341.0,174278.4,128427.3,101076.3,147456.9,144807.3,91846.4,132172.9,145388.4,135033.8,188216.8,83156.0,138265.4,134029.7,111870.4,90003.3,110583.1,137168.9,133813.8,144936.3,27599.1,144903.0,193203.9,71771.0,128608.1,132656.7,146121.1,145180.8,101402.0,83586.1,101034.4,145083.7,144692.3,200911.3,144856.2,174290.7,127259.2,159160.9,55229.7,108973.7,118626.2,108572.9,132823.8,77390.5,133483.2,99507.3,173735.8,175922.0,190123.0,102082.2,193221.6,131824.0,104432.6,136003.1,131069.2,158961.1,101708.1,162343.2,174268.3,174609.5,128617.7,160899.0,102938.3,145173.5,71741.9,111943.9,189490.3,189114.7,144346.4,144581.5,144864.4,145828.2
Joker Stordal,53642.2,80012.6,108234.3,108950.9,52117.7,28400.8,77306.1,58202.5,52701.9,52695.5,48054.9,52783.3,143363.9,111675.8,71266.7,49473.9,64708.2,166629.1,114273.6,19087.8,58318.5,48244.1,184115.5,56194.2,97787.7,58208.2,81438.9,67637.8,25742.4,39731.3,61883.8,106500.6,97371.1,34120.6,54658.9,57806.1,57815.3,55650.4,111087.4,58335.8,19934.3,58224.5,57915.7,111546.1,49077.5,71126.9,53962.8,48235.3,48916.1,68971.0,97356.1,58116.6,58377.7,111626.0,103373.6,64399.9,60627.7,19315.9,111459.2,111202.7,58551.7,58314.9,165126.2,97423.5,111275.3,73338.1,58457.4,58331.2,58512.0,97997.3,72796.8,101839.3,47534.6,95774.4,107236.5,108205.2,193813.5,0.0,41862.0,75977.6,158010.1,58180.0,97061.1,107555.5,57339.1,28974.1,108056.5,49123.9,60658.5,55796.3,48021.5,162136.5,54460.8,53246.3,46853.0,56027.8,61925.1,19797.4,97781.5,81432.3,60804.4,58154.8,90233.6,63756.9,58735.9,46954.1,41673.9,110983.6,52660.6,47838.4,97153.5,147539.2,108970.3,50925.5,48925.8,58283.8,174774.1,58250.5,26098.3,165162.9,97962.3,142930.8,59468.6,58528.3,81563.2,110911.8,82814.1,58431.3,58039.8,83936.2,58203.7,19589.6,54249.1,48307.9,128349.3,107360.8,75312.3,100565.6,64407.9,170782.5,48127.9,84227.0,21611.2,58946.9,27065.1,80360.6,26115.9,76991.8,107271.3,50311.4,49545.0,72308.7,82202.8,19158.6,19567.2,20540.9,97971.9,74246.5,79606.4,58521.1,165133.9,96967.9,42947.4,42571.9,57694.0,57929.0,58212.0,59175.7
Joker Vatne,30926.6,57297.1,150331.6,151048.2,10662.5,74499.2,47703.4,35942.6,15542.2,15535.9,25339.4,15623.7,136574.1,142602.1,48551.2,33991.8,41992.7,159363.1,156370.9,23040.2,36058.6,25528.6,148756.4,40712.0,139885.0,35948.3,58723.4,38035.1,67528.7,2381.5,39168.3,83785.1,74655.5,11191.6,25506.6,35546.2,35555.3,32934.8,142013.8,36075.8,67214.5,35964.5,35655.8,142472.5,28793.3,48411.4,31247.3,25519.8,33433.9,39368.3,74640.6,35856.7,36117.8,142552.4,80658.1,41684.4,38367.8,22781.7,142385.6,142129.1,36291.8,36055.0,157860.3,74708.0,142201.7,115435.4,36197.5,36071.3,36252.1,140094.6,43194.1,79123.8,89631.9,137560.6,84521.0,150302.5,158454.3,41860.2,0.0,46374.9,122095.2,35920.1,74345.5,84840.0,35079.1,12951.8,85341.0,33641.7,38398.6,33080.8,25306.0,154870.5,31745.3,30530.8,30952.1,33312.3,39209.5,66857.7,139878.8,58716.8,38544.5,35894.9,67518.1,41041.4,36476.0,24238.6,36319.9,141153.1,29945.0,25122.9,74438.0,177708.7,86254.8,28209.9,26210.3,36023.8,139414.9,35990.5,67884.6,157897.0,140059.6,185028.2,37208.7,36268.4,58847.6,141838.2,60098.5,36171.3,35779.8,46776.6,35943.7,66869.9,31533.6,19155.6,105633.7,84645.3,117409.7,77850.1,41692.4,163516.5,25412.3,61511.4,65426.8,21787.3,48443.6,57645.0,67902.2,54276.3,84555.7,27595.8,29292.6,42705.9,59487.3,22798.3,66847.5,66699.8,140069.2,44643.8,56890.9,36261.1,157867.9,74252.4,35233.4,36071.2,35434.0,35669.1,35952.0,36915.8
Vigra post i butikk,34847.2,61217.7,154084.7,154801.4,56592.0,87856.3,22877.7,20589.8,57176.2,57169.9,28950.4,57257.7,140494.7,146522.7,52471.8,47348.9,45913.3,163283.7,160124.0,57324.6,20705.8,30150.8,152676.9,54069.1,143638.1,20595.5,62643.9,11713.2,101813.1,44205.7,43088.8,87705.7,78576.1,43025.8,21356.6,20193.4,20202.5,20726.3,145934.4,20723.0,80571.6,20611.7,20303.0,146393.0,32713.8,52331.9,23080.3,29250.5,46791.0,10542.2,78561.2,20503.8,20765.0,146472.9,84578.7,45604.9,23014.9,57066.1,146306.1,146049.6,20938.9,20702.2,161780.9,78628.6,146122.3,128792.5,20844.6,20718.5,20899.2,143847.8,18368.4,83044.4,102989.0,171845.0,88441.6,154055.6,162374.9,76144.6,46336.3,0.0,126015.7,20567.3,78266.1,88760.6,19726.3,46556.2,89261.6,46998.8,23045.8,21067.3,29928.2,158791.1,23578.3,23502.1,34872.7,20900.5,43130.1,80214.8,143631.9,62637.3,23191.6,20542.0,71438.6,44962.0,21123.2,29225.3,82956.3,145073.6,25143.1,29043.4,78358.5,181629.2,90175.3,25926.9,28989.0,20671.0,143335.4,20637.7,102169.0,161817.6,143812.8,188781.3,21855.9,20915.5,62768.2,145758.8,64019.1,20818.5,20427.0,88410.6,20590.9,80227.0,35454.1,27447.9,109554.3,88565.9,121162.8,81770.6,45612.9,167437.1,30236.3,65432.0,78783.9,63421.3,84862.5,61565.6,102186.6,58196.8,88476.3,27306.4,33213.1,3669.0,63407.8,57082.7,80204.6,80056.9,143822.4,2363.1,60811.4,20908.3,161788.5,78172.9,84229.8,83854.2,20081.2,20316.3,20599.2,21562.9
Joker Åheim,94328.8,65643.4,103093.7,103810.4,132714.2,146133.6,127580.1,108476.5,133298.4,133292.0,97549.1,133379.9,14661.8,46978.3,74129.3,128202.6,96745.6,37450.8,109133.1,126206.6,108592.5,97271.0,26844.0,159409.3,92647.1,108482.2,64704.4,117911.8,157061.7,120327.9,93921.2,66661.8,75741.9,111907.7,116691.1,108080.1,108089.2,105924.3,47365.1,108609.7,138848.9,108498.4,108189.7,48034.4,95404.8,74067.6,104236.8,97345.7,128637.8,119244.9,75180.2,108390.5,108651.7,48114.3,70330.7,96437.3,110901.7,125948.1,47199.1,47691.0,108825.7,108588.9,35947.9,75332.7,47385.7,90117.0,108731.3,108605.2,108786.0,92856.8,123070.7,43152.5,110483.1,121640.6,37657.1,103064.6,36542.0,158046.7,122458.5,126251.6,0.0,108454.0,75396.1,68393.0,107613.0,117985.1,68217.6,128473.2,110932.5,106070.2,97271.1,32958.2,104734.8,103111.2,97563.6,106301.7,93962.5,138492.1,92640.9,64697.8,111078.4,108428.8,55467.9,95794.3,109009.9,98655.3,151838.2,47369.6,101886.8,97651.2,75491.8,54216.9,74204.6,100790.3,97435.3,108557.7,17502.5,108524.4,157417.6,35984.6,92821.8,96870.3,109742.6,108802.2,65023.5,47799.8,64655.8,108705.2,108313.7,164532.7,108477.6,138504.3,90880.6,122782.4,18851.2,72595.1,82839.8,72194.4,96445.3,41604.2,97104.7,63128.8,137949.4,139543.4,153744.4,65703.7,157435.2,95445.5,68054.1,99624.6,94690.7,122582.6,65329.6,125964.7,138481.9,138823.2,92831.4,124520.5,66559.8,108795.0,35955.5,75565.4,153111.7,152736.2,107967.9,108203.0,108485.9,109449.7
KONGENS GATE 11,17091.6,43462.1,136329.1,137045.8,46374.0,70100.7,22027.6,593.4,46958.2,46951.9,11194.8,47039.7,122739.1,128767.1,34716.2,29593.3,28157.7,145528.1,142368.4,39569.0,138.5,12395.2,134921.3,36313.5,125882.5,599.1,44888.3,12359.3,84057.4,33987.7,25333.2,69950.1,60820.5,25270.2,11138.6,551.2,731.1,2970.7,128178.7,726.6,62816.0,247.2,416.5,128637.4,14958.2,34576.3,5324.7,11494.9,29035.4,13692.4,60805.6,617.4,768.5,128717.3,66823.1,27849.3,3018.5,39310.5,128550.5,128294.0,942.5,705.7,144025.3,60873.0,128366.7,111036.9,848.2,722.1,332.0,126092.2,17518.2,65288.8,85233.4,154089.4,70686.0,136300.0,144619.3,58389.0,36118.3,20699.1,108260.1,0.0,60510.5,71005.0,965.6,31347.6,71505.9,29243.2,3049.4,3311.7,12172.6,141035.5,5822.7,5746.5,17117.1,3144.9,25374.5,62459.2,125876.3,44881.7,3195.2,400.0,53683.0,27206.4,1126.8,11469.7,65200.7,127318.0,7387.5,11287.8,60602.9,163873.6,72419.7,8171.3,11233.4,103.8,125579.8,735.5,84413.4,144061.9,126057.2,171025.7,1859.5,348.3,45012.6,128003.1,46263.5,822.1,407.6,78192.6,408.9,62471.4,17698.5,17229.9,91798.7,70810.3,103407.2,64015.0,27857.3,149681.5,12480.7,47676.4,61028.3,53203.3,67106.9,43810.0,84431.0,40441.2,70720.7,9550.8,15457.5,17030.1,45652.2,39327.1,62449.0,62301.3,126066.8,18968.0,43055.8,341.0,144032.9,60417.3,66474.2,66098.6,637.2,613.9,31.9,1566.5
Kiwi Meieribygget Ørsta,46204.2,33210.7,76120.1,76836.7,84589.6,102400.9,79455.6,60351.9,85173.8,85167.5,49424.5,85255.3,99489.3,68558.1,41696.6,52845.5,53025.8,122754.4,82159.4,78082.0,60467.9,49146.5,102043.5,58346.4,65673.5,60357.6,32271.7,69787.2,122570.5,72203.3,50201.4,9478.7,585.0,63783.2,68566.6,59955.5,59964.7,57799.8,67969.7,60485.2,95116.3,60373.9,60065.1,68428.4,47280.2,41634.8,56112.2,49221.1,53280.7,71120.4,334.1,60266.0,60527.1,68508.3,6351.7,52717.5,62777.1,77823.6,68341.5,68085.0,60701.1,60464.3,121251.6,401.6,68157.6,46384.3,60606.8,60480.6,60661.4,65883.1,74946.2,40453.4,66750.4,94667.0,45850.6,76091.0,111741.4,96902.0,74334.0,78127.0,75382.3,60329.4,0.0,10533.6,59488.5,69860.6,11034.5,53116.1,62807.9,57945.7,49146.6,118261.9,56610.2,54986.6,49439.1,58177.2,50242.7,94759.4,65667.3,32265.1,62953.8,60304.2,28847.7,52074.5,60885.3,50530.8,103713.7,67109.0,53762.3,49526.6,393.9,103664.6,47584.3,52665.8,49310.7,60433.2,92702.0,60399.9,122926.4,121288.3,65848.2,110816.7,61618.0,60677.7,32590.8,67794.1,32223.1,60580.7,60189.2,116408.2,60353.1,94771.7,42756.1,74657.9,58920.8,45974.9,43198.2,3543.6,52725.5,126907.8,48980.2,30696.1,94216.8,91418.9,105619.9,33271.0,122944.0,20088.4,10249.3,51500.1,46566.2,74458.1,32896.8,77840.1,94749.2,95090.5,65857.7,76395.9,34127.1,60670.5,121259.2,208.3,104987.2,104611.7,59843.4,60078.4,60361.4,61325.1
"Volda, 6100 Volda",56829.6,34539.7,67527.5,68244.2,95215.0,93808.3,90080.9,70977.3,95799.2,95792.8,60049.9,95880.6,90896.7,59965.5,43025.6,63470.8,63651.2,114161.9,73566.8,88707.4,71093.3,59771.8,95055.3,68971.8,57080.9,70983.0,33600.6,80412.6,104736.4,82828.6,60826.7,1739.0,11010.2,74408.5,79191.9,70580.9,70590.0,68425.1,59377.1,71110.5,86523.7,70999.2,70690.5,59835.8,57905.6,42963.8,66737.6,59846.5,63906.0,81745.7,10448.5,70891.3,71152.5,59915.7,5599.0,63342.9,73402.4,88448.9,59748.9,59492.4,71326.4,71089.7,112659.0,10601.0,59565.1,37791.8,71232.1,71106.0,71286.8,57290.6,85571.6,41782.3,58157.8,86074.4,47179.5,67498.4,104753.2,107527.4,84959.3,88752.4,68394.1,70954.8,10664.4,0.0,70113.8,80485.9,731.6,63741.5,73433.3,68571.0,59771.9,109669.3,67235.6,65612.0,60064.4,68802.5,60868.0,86166.8,57074.7,33594.0,73579.1,70929.6,30176.6,62699.9,71510.7,61156.1,114339.0,58516.4,64387.6,60152.0,10760.1,95072.0,48913.3,63291.1,59936.1,71058.5,85713.8,71025.2,105092.4,112695.7,57255.6,102224.1,72243.4,71303.1,33919.7,59201.5,33552.0,71206.0,70814.5,127033.5,70978.4,86179.1,53381.4,85283.2,51932.6,47303.8,34605.6,7462.7,63350.8,118315.3,59605.5,32025.0,85624.2,102044.2,116245.3,34599.9,105110.0,30713.8,536.3,62125.4,57191.5,85083.4,34225.8,88465.5,86156.7,86497.9,57265.2,87021.3,35456.0,71295.8,112666.6,10833.7,115612.5,115237.0,70468.7,70703.8,70986.7,71950.4
SUNDGATA 8,16166.0,42536.4,135403.5,136120.1,45448.4,69175.1,21102.0,915.4,46032.6,46026.2,10269.2,46114.1,121813.5,127841.5,33790.6,28667.6,27232.0,144602.5,141442.8,38643.4,839.5,11469.6,133995.7,35387.9,124956.9,921.2,43962.7,11433.7,83131.8,33062.1,24407.6,69024.5,59894.9,24344.5,10213.0,487.4,476.2,2045.1,127253.1,1048.7,61890.4,937.4,597.0,127711.8,14032.6,33650.7,4399.0,10569.2,28109.8,12766.8,59879.9,797.9,1090.6,127791.7,65897.5,26923.7,3340.6,38384.9,127624.9,127368.4,1264.6,1027.8,143099.6,59947.4,127441.0,110111.3,1170.3,1044.1,1224.9,125166.5,16592.6,64363.1,84307.8,153163.8,69760.4,135374.4,143693.7,57463.4,35192.7,19773.5,107334.5,892.9,59584.9,70079.3,0.0,30422.0,70580.3,28317.6,3371.5,2386.1,11247.0,140109.9,4897.0,4820.9,16191.5,2219.3,24448.9,61533.5,124950.7,43956.1,3517.3,867.7,52757.4,26280.7,1448.9,10544.1,64275.0,126392.4,6461.9,10362.2,59677.3,162948.0,71494.1,7245.6,10307.8,996.7,124654.2,963.4,83487.7,143136.3,125131.6,170100.1,2181.5,1241.2,44087.0,127077.5,45337.9,1144.2,721.1,77266.9,885.0,61545.8,16772.9,16304.3,90873.1,69884.6,102481.6,63089.4,26931.7,148755.8,11555.1,46750.8,60102.6,52277.7,66181.3,42884.4,83505.4,39515.6,69795.1,8625.2,14531.9,16104.5,44726.6,38401.5,61523.4,61375.7,125141.1,18042.3,42130.2,1234.0,143107.2,59491.7,65548.5,65173.0,406.9,641.9,924.9,1888.6
Kiwi Skodje,26433.6,52804.0,141487.6,142204.3,23213.6,65655.2,47951.8,30993.9,23797.8,23791.5,20846.3,23879.3,132081.1,138109.0,44058.1,25147.8,37499.6,154870.0,147527.0,10158.5,31109.9,21035.5,144263.3,31868.1,131041.1,30999.6,54230.3,38283.5,54646.9,10827.3,34675.2,79292.0,70162.4,6698.5,25754.9,30597.5,30606.7,28441.7,137520.7,31127.2,58370.6,31015.9,30707.1,137979.4,24300.2,43918.3,26754.2,21026.7,24589.9,39616.6,70147.5,30908.0,31169.1,138059.3,76165.0,37191.3,33419.1,9900.0,137892.5,137636.0,31343.1,31106.3,153367.2,70214.9,137708.6,106591.5,31248.8,31122.6,31303.4,131250.7,43442.4,74630.7,80788.0,124678.9,80027.9,141458.6,153961.2,28978.5,12958.0,46623.3,117602.1,30971.4,69852.4,80346.9,30130.4,0.0,80847.9,24797.8,33449.9,28587.7,20812.9,150377.4,27252.2,26037.7,22526.9,28819.2,34716.4,58013.7,131034.9,54223.7,33595.8,30946.2,63025.0,36548.3,31527.3,19745.5,35790.2,136660.0,25452.0,20629.8,69944.9,173215.6,81761.7,23716.8,21717.2,31075.2,134921.8,31041.9,55002.8,153403.9,131215.7,176184.2,32260.0,31319.7,54354.6,137345.1,55605.4,31222.7,30831.2,55032.2,30995.1,58026.0,27040.5,19403.9,101140.6,80152.2,108565.7,73357.0,37199.3,159023.4,20919.2,57018.3,56582.8,30042.9,37696.4,53151.9,55020.5,49783.2,80062.6,23102.8,24799.5,42954.3,54994.2,9916.6,58003.6,57855.9,131225.3,44892.1,52397.8,31312.5,153374.8,69759.3,37063.7,36688.1,30485.3,30720.4,31003.4,31967.1
Kiwi Volda,57219.6,34929.7,67384.5,68101.1,95605.0,93665.3,90471.0,71367.3,96189.3,96182.9,60439.9,96270.7,90753.7,59822.5,43415.6,63860.9,64041.2,114018.8,73423.8,89097.4,71483.3,60161.9,94912.3,69361.9,56937.9,71373.1,33990.7,80802.6,104593.4,83218.7,61216.8,1596.0,11400.2,74798.6,79582.0,70970.9,70980.1,68815.2,59234.1,71500.6,86380.7,71389.3,71080.6,59692.8,58295.6,43353.9,67127.6,60236.5,64296.1,82135.8,10838.6,71281.4,71542.5,59772.7,5989.1,63732.9,73792.5,88839.0,59605.9,59349.4,71716.5,71479.7,112516.0,10991.1,59422.0,37648.7,71622.2,71496.0,71676.8,57147.5,85961.6,42172.4,58014.8,85931.4,47569.6,67355.4,104610.2,107917.4,85349.4,89142.5,68251.0,71344.8,11054.5,685.9,70503.9,80876.0,0.0,64131.6,73823.3,68961.1,60162.0,109526.3,67625.7,66002.0,60454.5,69192.6,61258.1,86023.8,56931.7,33984.1,73969.2,71319.6,30566.7,63089.9,71900.8,61546.2,114729.1,58373.4,64777.7,60542.0,11150.2,94929.0,49303.3,63681.2,60326.1,71448.6,85570.8,71415.3,104949.3,112552.7,57112.6,102081.1,72633.4,71693.1,34309.8,59058.5,33942.1,71596.1,71204.6,127423.6,71368.5,86036.1,53771.5,85673.3,51789.6,47693.9,34462.6,7852.8,63740.9,118172.2,59995.6,32415.1,85481.2,102434.3,116635.3,34990.0,104967.0,31103.8,807.3,62515.5,57581.6,85473.5,34615.8,88855.6,86013.6,86354.9,57122.1,87411.3,35846.1,71685.9,112523.6,11223.7,116002.6,115627.1,70858.8,71093.8,71376.8,72340.5
Kiwi Sykkylven,18516.5,44887.0,116969.9,117686.5,43758.3,41137.5,48165.5,29061.9,44342.5,44336.1,18134.5,44423.9,152099.6,120411.4,36141.1,563.8,29582.6,175364.7,123009.2,30265.2,29177.9,17856.5,155097.6,7350.3,106523.3,29067.6,46313.2,38497.2,52065.6,31371.9,26758.1,62532.8,53403.2,22951.8,37276.5,28665.5,28674.7,26509.7,119823.0,29195.2,33852.9,29083.9,28775.1,120281.7,14664.9,36001.2,24822.2,17931.1,207.8,39830.4,53388.3,28976.0,29237.1,120361.6,59405.8,29274.3,31487.1,30006.7,120194.8,119938.3,29411.1,29174.3,173861.9,53455.7,120011.0,82073.7,29316.8,29190.6,29371.4,106733.0,43656.2,66713.7,56270.3,135516.8,72110.9,116940.8,164795.5,49085.1,33502.6,46837.0,128436.4,29039.4,53093.2,63587.7,28198.4,24781.4,64088.6,0.0,31517.9,26655.7,17856.6,170872.1,25320.2,23696.6,12440.4,26887.2,26799.4,33496.0,106517.1,46306.6,31663.8,29014.2,55108.0,28631.3,29595.3,19240.7,55896.8,119719.3,22472.3,18236.6,53185.6,156274.9,73844.6,21375.8,18020.7,29143.2,145756.1,29109.9,52421.5,173898.6,106698.0,151666.5,30328.0,29387.7,46437.5,119647.4,47688.4,29290.7,28899.2,75576.8,29063.1,33508.2,19123.4,39948.5,111974.9,72235.2,84048.0,56597.7,29282.2,179518.1,17690.2,49101.3,32065.1,50587.5,57803.0,45234.9,52439.1,33023.9,63303.4,20210.1,15132.3,43168.0,47077.2,30023.3,33485.8,33338.1,106707.5,45105.9,44480.8,29380.5,173869.5,53000.0,57170.3,56794.8,28553.3,28788.4,29071.4,30035.1
SKARBØVIKGATA 25,19459.8,45830.2,138697.3,139413.9,48742.2,72468.8,24395.8,2498.4,49326.4,49320.0,13562.9,49407.8,125107.3,131135.3,37084.3,31961.4,30525.8,147896.2,144736.6,41937.2,3098.6,14763.4,137289.5,38681.7,128250.7,2482.9,47256.5,14727.4,86425.6,36355.9,27701.4,72318.2,63188.7,27638.3,13506.8,3157.8,3337.7,5338.8,130546.9,2603.2,65184.2,3004.6,2987.6,131005.6,17326.4,36944.5,7692.8,13863.0,31403.6,16060.6,63173.7,3074.0,2507.2,131085.5,69191.2,30217.5,30.8,41678.7,130918.7,130662.2,2819.1,2582.3,146393.4,63241.1,130734.8,113405.1,2724.8,2598.6,3292.1,128460.3,19886.4,67656.9,87601.6,156457.6,73054.1,138668.2,146987.5,60757.1,38486.5,23067.2,110628.3,2960.1,62878.7,73373.1,3389.8,33715.7,73874.1,31611.4,0.0,5679.9,14540.8,143403.7,8190.8,8114.7,19485.3,5513.1,27742.7,64827.3,128244.5,47249.9,800.8,2647.5,56051.2,29574.5,1920.7,13837.9,67568.8,129686.2,9755.7,13656.0,62971.1,166241.8,74787.9,10539.4,13601.6,3063.9,127948.0,2806.3,86781.5,146430.1,128425.3,173393.9,2162.0,3308.4,47380.8,130371.3,48631.7,2225.4,3147.2,80560.7,3311.1,64839.6,20066.7,19598.1,94166.9,73178.4,105775.4,66383.2,30225.5,152049.6,14848.9,50044.6,63396.4,55571.4,69475.0,46178.1,86799.2,42809.4,73088.9,11919.0,17825.7,19398.3,48020.4,41695.3,64817.2,64669.5,128434.9,21336.1,45424.0,3301.1,146401.0,62785.5,68842.3,68466.8,3005.4,3113.6,2992.0,1869.1
NØRVEGATA 23,14806.5,41177.0,134044.0,134760.7,43791.5,67815.6,22101.0,2997.4,44375.7,44369.4,8909.7,44457.2,120454.0,126482.0,32431.1,27308.2,25872.6,143243.0,140083.4,37283.9,3113.3,10110.1,132636.2,34028.4,123597.4,3003.1,42603.2,12432.7,81772.4,31405.2,23048.1,67665.0,58535.4,22985.1,11212.0,2601.0,2610.1,424.0,125893.6,3130.6,60531.0,3019.3,2710.6,126352.3,12673.1,32291.2,1892.1,9209.8,26750.3,13765.8,58520.5,2911.4,3172.6,126432.2,64538.0,25564.3,5422.5,37025.4,126265.4,126008.9,3346.5,3109.7,141740.2,58587.9,126081.6,108751.8,3252.2,3126.1,3306.8,123807.1,17591.6,63003.7,82948.4,151804.3,68400.9,134014.9,142334.2,56103.9,33535.8,20772.5,105975.0,2974.9,58225.4,68719.9,2133.9,29062.5,69220.9,26958.1,5453.4,0.0,9887.5,138750.4,1966.4,2685.9,14832.0,801.4,23089.4,60174.1,123591.2,42596.6,5599.2,2949.6,51397.9,24921.3,3530.8,9184.7,62915.6,125032.9,4327.0,9002.7,58317.8,161588.5,70134.6,5886.2,8948.3,3078.6,123294.8,3045.3,82128.3,141776.9,123772.1,168740.6,4263.5,3323.1,42727.5,125718.1,43978.4,3226.1,2834.6,75610.1,2998.5,60186.3,15413.4,17303.3,89513.6,68525.2,101122.1,61729.9,25572.2,147396.4,10195.6,45391.3,58743.2,50620.8,64821.8,41524.9,82145.9,38156.1,68435.6,7265.7,13172.4,17103.5,43367.2,37042.0,60163.9,60016.2,123781.7,19041.4,40770.7,3315.9,141747.8,58132.3,64189.1,63813.6,2488.8,2723.9,3006.8,3970.5
SPJELKAVIKVEGEN 42,5798.7,32169.1,125036.2,125752.8,35474.4,58807.8,31212.6,12109.0,36058.6,36052.2,1072.3,36140.0,111446.2,117474.2,23423.3,18300.3,16864.7,134235.2,131075.5,28966.8,12225.0,282.6,123628.4,25020.6,114589.6,12114.7,33595.4,21544.3,73455.2,23088.0,14040.3,58657.2,49527.6,14667.9,20323.6,11712.6,11721.7,9556.8,116885.8,12242.3,51523.1,12131.0,11822.2,117344.5,3665.3,23283.4,7869.3,1252.7,17742.5,22877.5,49512.7,12023.1,12284.2,117424.4,55530.2,16556.4,14534.2,28708.3,117257.6,117001.1,12458.2,12221.4,132732.3,49580.1,117073.7,99744.0,12363.9,12237.7,12418.5,114799.3,26703.3,53995.8,73940.5,143487.2,59393.1,125007.1,133326.4,47786.8,25218.7,29884.1,96967.2,12086.5,49217.6,59712.1,11245.5,20745.3,60213.0,17950.3,14565.0,9702.8,0.0,129742.6,8367.3,6902.2,5824.2,9934.3,14081.6,51166.2,114583.4,33588.8,14710.9,12061.3,42390.1,15913.4,12642.4,1497.4,54598.4,116025.1,5677.9,1174.4,49310.0,152580.7,61126.8,4581.4,1427.0,12190.3,114286.9,12157.0,73811.1,132769.0,114764.3,159732.8,13375.1,12434.8,33719.7,116710.2,34970.6,12337.7,11946.3,67292.9,12110.2,51178.5,6405.6,26415.0,80505.8,59517.4,92114.3,52722.1,16564.4,138388.5,166.4,36383.5,49735.3,42303.6,56504.7,32517.1,73828.8,29148.3,59427.8,3616.4,4164.6,26215.1,34359.3,28724.9,51156.1,51008.4,114773.8,28153.0,31762.9,12427.6,132739.9,49124.4,55871.9,55496.4,11600.4,11835.5,12118.4,13082.2
Kiwi Deknepollen,144886.0,98427.6,107202.1,107918.7,183271.4,150241.9,178137.3,159033.7,183855.6,183849.3,148106.3,183937.1,18770.1,51086.7,106913.5,170585.1,151707.6,4683.3,113241.4,176763.8,159149.7,147828.3,59072.4,163517.7,96755.5,159039.4,97488.6,168469.0,161170.0,170885.1,148883.2,89986.5,99066.6,162465.0,167248.3,158637.3,158646.4,156481.5,51473.5,159166.9,142957.3,159055.7,158746.9,52142.7,145962.0,106851.8,154794.0,147902.9,171020.3,169802.2,98504.9,158947.8,159208.9,52222.7,93655.4,151399.3,161458.9,176505.3,51307.4,51799.4,159382.9,159146.1,3180.4,98657.5,51494.0,94225.3,159288.6,159162.4,159343.2,96965.1,173628.0,75936.7,114591.4,125749.0,70441.3,107173.0,68770.4,162155.0,173015.7,176808.8,32967.0,159011.2,98720.8,91717.7,158170.2,168542.4,91542.3,170855.7,161489.7,156627.5,147828.3,0.0,155292.0,153668.4,148120.9,156858.9,148924.4,142600.4,96749.3,97482.0,161635.6,158986.0,88252.1,150756.3,159567.1,149212.5,202395.5,51478.0,152444.1,148208.4,98816.6,58325.3,106988.8,151347.5,147992.5,159114.9,43470.0,159081.6,161525.9,3217.1,96930.1,100978.6,160299.8,159359.5,97807.7,51908.1,97440.0,159262.4,158870.9,215090.0,159034.9,142612.6,141437.9,173339.6,51635.4,105379.3,86948.2,95519.1,151407.3,8836.7,147661.9,95913.0,142057.8,190100.7,204301.7,98487.9,161543.6,118770.2,91378.8,150181.8,145247.9,173139.8,98113.8,176521.9,142590.2,142931.5,96939.7,175077.7,99344.0,159352.2,3188.1,98890.1,203669.0,203293.4,158525.1,158760.2,159043.1,160006.9
"Eggesbønes, 6008 Ålesund",13340.4,39710.8,132577.9,133294.5,42325.4,66349.4,24517.9,5414.3,42909.6,42903.2,7443.6,42991.0,118987.9,125015.9,30965.0,25842.0,24406.4,141776.9,138617.2,35817.8,5530.3,8644.0,131170.1,32562.3,122131.3,5420.0,41137.1,14849.6,80306.2,29939.0,21582.0,66198.8,57069.3,21518.9,13628.9,5017.9,5027.1,2862.1,124427.5,5547.6,59064.8,5436.3,5127.5,124886.2,11207.0,30825.1,1116.4,7743.6,25284.2,16182.8,57054.3,5328.4,5589.5,124966.1,63071.8,24098.1,7839.5,35559.3,124799.3,124542.8,5763.5,5526.7,140274.0,57121.7,124615.4,107285.7,5669.2,5543.0,5723.8,122340.9,20008.6,61537.5,81482.2,150338.2,66934.8,132548.8,140868.1,54637.7,32069.7,23189.4,104508.9,5391.8,56759.3,67253.7,4550.8,27596.3,67754.7,25492.0,7870.3,2044.2,8421.4,137284.3,0.0,1794.3,13365.9,3239.6,21623.3,58707.9,122125.1,41130.5,8016.2,5366.6,49931.8,23455.1,5947.7,7718.5,61449.4,123566.8,3435.3,7536.6,56851.7,160122.4,68668.5,4420.0,7482.2,5495.6,121828.6,5462.3,80662.1,140310.7,122305.9,167274.5,6680.4,5740.1,41261.4,124251.9,42512.3,5643.1,5251.6,74143.9,5415.5,58720.2,13947.3,19720.3,88047.5,67059.0,99656.0,60263.8,24106.1,145930.2,8729.5,43925.2,57277.0,49154.6,63355.6,40058.8,80679.8,36690.0,66969.5,5799.6,11706.3,19520.4,41901.0,35575.9,58697.8,58550.1,122315.5,21458.3,39304.6,5732.9,140281.6,56666.1,62722.9,62347.4,4905.7,5140.8,5423.8,6387.5
NEDRE KLOKKERSUNDVEGEN 2,11556.3,37926.8,130793.8,131510.4,41906.7,64565.4,24752.3,5648.7,42491.0,42484.6,5838.9,42572.4,117203.8,123231.8,29180.9,24058.0,22622.4,139992.8,136833.1,35399.2,5764.7,7111.7,129386.0,30778.2,120347.2,5654.4,39353.0,15084.0,79887.6,29520.4,19797.9,64414.8,55285.2,21100.3,13863.3,5252.3,5261.4,3096.5,122643.4,5781.9,57280.7,5670.6,5361.9,123102.1,9422.9,29041.0,1106.6,6139.0,23500.1,16417.1,55270.3,5562.7,5823.9,123182.0,61287.8,22314.0,8073.8,35140.7,123015.2,122758.7,5997.8,5761.1,138489.9,55337.7,122831.4,105501.6,5903.5,5777.4,5958.1,120556.9,20242.9,59753.5,79698.1,149919.6,65150.7,130764.7,139084.0,54219.1,31651.1,23423.8,102724.8,5626.2,54975.2,65469.7,4785.2,27177.7,65970.7,23707.9,8104.7,3242.4,8002.7,135500.2,1820.2,0.0,11581.8,3473.9,19839.2,56923.9,120341.0,39346.4,8250.5,5601.0,48147.7,21671.1,6182.1,7299.9,61030.8,121782.7,1895.6,7118.0,55067.6,158338.3,66884.4,2552.5,5877.5,5729.9,120044.5,5696.6,80243.5,138526.7,120521.9,165490.4,6914.8,5974.4,39477.3,122467.9,40728.2,5877.4,5485.9,73725.3,5649.8,56936.1,12163.2,19954.6,86263.4,65275.0,97871.9,58479.7,22322.0,144146.2,6945.4,42141.1,55493.0,48736.0,62937.0,38274.7,80261.1,34905.9,65185.4,4194.9,9922.2,19754.8,40117.0,35157.3,56913.7,56766.0,120531.5,21692.7,37520.5,5967.2,138497.6,54882.1,62304.3,61928.8,5140.1,5375.2,5658.1,6621.9
FLISNESVEGEN 1,6422.6,32793.1,129074.8,129791.4,41205.7,53242.4,36071.6,16968.0,41789.9,41783.6,6040.6,41871.4,112070.1,118098.1,24047.2,12735.0,17488.7,134859.1,135114.1,27972.8,17084.0,5762.6,124252.3,19455.2,118628.2,16973.7,34219.3,26403.3,72461.3,28819.4,14664.2,59281.1,50151.5,20399.3,25182.6,16571.6,16580.8,14415.8,117509.8,17101.3,45957.7,16990.0,16681.2,117968.4,2570.9,23907.3,12728.3,5837.2,12177.1,27736.5,50136.6,16882.1,17143.2,118048.4,56154.1,17180.4,19393.2,27714.4,117881.5,117625.1,17317.2,17080.4,133356.3,50204.0,117697.7,94178.6,17222.9,17096.7,17277.5,118837.8,31562.3,54619.8,68375.1,142493.2,60017.0,129045.7,133950.3,46792.8,30950.0,34743.1,97591.1,16945.5,49841.5,60336.0,16104.5,22489.1,60837.0,12384.9,19424.0,14561.8,5762.7,130366.5,13226.3,11602.7,0.0,14793.3,14705.5,45600.9,118622.0,34212.7,19569.9,16920.3,43014.0,16537.4,17501.4,7146.8,53604.5,116649.0,10378.4,6142.7,49933.9,153204.6,61750.7,9281.9,5926.8,17049.3,114910.9,17016.0,72817.2,133393.0,118802.9,163771.4,18234.1,17293.8,34343.6,117334.2,35594.5,17196.7,16805.3,73024.3,16969.2,45613.1,7029.5,31274.0,81129.7,60141.3,96152.9,53346.0,17188.3,139012.5,5596.3,37007.4,44170.0,48035.0,55510.7,33141.0,72834.8,29772.2,60051.7,8116.2,3038.4,31074.1,34983.3,27730.9,45590.7,45443.0,118812.4,33012.0,32386.8,17286.6,133363.9,49748.4,54878.0,54502.5,16459.4,16694.5,16977.4,17941.2
"Kverve, 6008 Ålesund",14578.6,40949.1,133816.1,134532.8,43563.6,67587.7,22247.1,3143.5,44147.8,44141.5,8681.8,44229.3,120226.1,126254.1,32203.2,27080.3,25644.7,143015.1,139855.5,37056.0,3259.4,9882.2,132408.3,33800.5,123369.5,3149.2,42375.3,12578.8,81544.5,31177.3,22820.2,67437.1,58307.5,22757.2,11358.1,2747.1,2756.2,460.6,125665.8,3276.7,60303.1,3165.4,2856.7,126124.4,12445.2,32063.3,2811.7,8981.9,26522.4,13911.9,58292.6,3057.5,3318.7,126204.4,64310.1,25336.4,5568.6,36797.5,126037.5,125781.1,3492.6,3255.8,141512.3,58360.0,125853.7,108523.9,3398.3,3272.2,3452.9,123579.2,17737.7,62775.8,82720.5,151576.4,68173.0,133787.0,142106.3,55876.0,33307.9,20918.6,105747.1,3121.0,57997.5,68492.0,2280.0,28834.6,68993.0,26730.2,5599.5,801.6,9659.6,138522.5,3309.7,3233.5,14604.1,0.0,22861.5,59946.2,123363.3,42368.7,5745.3,3095.7,51170.0,24693.4,3676.9,8956.8,62687.7,124805.0,4874.6,8774.8,58089.9,161360.6,69906.7,5658.3,8720.4,3224.7,123066.9,3191.4,81900.4,141549.0,123544.2,168512.7,4409.6,3469.2,42499.6,125490.2,43750.5,3372.2,2980.7,75382.2,3144.6,59958.4,15185.5,17449.4,89285.7,68297.3,100894.2,61502.0,25344.3,147168.5,9967.7,45163.4,58515.3,50392.9,64593.9,41297.0,81918.0,37928.2,68207.7,7037.8,12944.5,17249.6,43139.3,36814.1,59936.0,59788.3,123553.8,19187.5,40542.8,3462.0,141519.9,57904.4,63961.2,63585.7,2634.9,2870.0,3152.9,4116.6
"Fiskarstrand, 6037 Eidsnes",11130.2,28819.8,126099.1,126815.7,49515.6,67348.7,44381.5,25277.9,50099.8,50093.5,14350.5,50181.3,108096.8,118537.0,20073.9,26841.3,2946.4,130885.8,132138.4,43008.0,25393.9,14072.5,120279.0,33561.5,115652.5,25283.6,30246.0,34713.2,87496.5,37129.3,41.3,59720.0,50590.4,28709.2,33492.5,24881.5,24890.7,22725.7,117948.7,25411.2,60064.1,25299.9,24991.1,118407.4,12206.2,19934.0,21038.2,14147.1,26283.4,36046.4,50575.5,25192.0,25453.1,118487.3,56593.0,2638.1,27703.1,42749.5,118320.5,118064.0,25627.1,25390.3,129383.0,50642.9,118136.6,96363.3,25532.8,25406.6,25587.4,115862.1,39872.2,50646.5,82481.4,144646.0,56043.7,126070.0,129977.0,61828.0,39259.9,43053.0,93617.8,25255.4,50280.4,60774.9,24414.4,34786.6,61275.9,26491.2,27733.9,22871.7,14072.6,126393.2,21536.2,19912.6,14365.1,23103.2,0.0,59707.2,115646.3,30239.4,27879.8,25230.2,39040.7,1995.1,25811.3,15456.8,68639.7,117088.0,18688.3,14452.6,50372.9,153643.6,57777.4,17591.8,14236.7,25359.2,110937.5,25325.9,87852.4,129419.7,115827.1,160795.7,26544.0,25603.7,30370.3,117773.1,31621.2,25506.7,25115.2,81334.2,25279.1,59719.4,7682.1,39583.9,77156.4,56168.0,93177.2,53785.0,2646.1,135039.2,13906.2,33034.1,58276.3,56344.9,70545.9,29167.7,87870.0,30211.2,60490.7,16426.1,11492.1,39384.1,31009.9,42766.1,59697.0,59549.3,115836.7,41321.9,28413.5,25596.5,129390.6,50187.3,69913.2,69537.7,24769.3,25004.4,25287.4,26251.1
Kiwi Stranda,51722.4,78092.8,88713.0,89429.6,76964.1,8879.5,81371.4,62267.8,77548.3,77542.0,51340.4,77629.8,123842.7,92154.5,69347.0,33204.7,62788.4,147107.8,94752.3,38840.3,62383.8,51062.3,164594.3,26137.3,78266.4,62273.5,79519.1,71703.1,18841.4,64577.8,59964.0,87051.3,95085.4,56157.7,70482.4,61871.4,61880.5,59715.6,91566.2,62401.0,628.7,62289.7,61981.0,92024.8,47870.7,69207.1,58028.1,51137.0,33639.9,73036.3,94483.6,62181.8,62443.0,92104.8,91444.3,62480.1,64693.0,39068.4,91937.9,91681.4,62617.0,62380.2,145605.0,94555.5,91754.1,53816.8,62522.6,62396.5,62577.3,78476.1,76862.1,127627.6,28013.4,107259.9,133024.9,88683.9,174292.3,19826.4,66708.4,80042.9,138488.9,62245.3,94739.7,86141.2,61404.3,57987.3,85965.8,33475.4,64723.8,59861.5,51062.4,142615.2,58526.1,56902.5,45646.2,60093.0,60005.3,0.0,78260.2,79512.5,64869.7,62220.1,116021.9,61837.1,62801.2,52446.6,61426.4,91462.4,55678.2,51442.5,94350.6,128018.0,134758.6,54581.6,51226.6,62349.0,155252.8,62315.7,19197.3,145641.7,78441.1,123409.6,63533.9,62593.6,79643.4,91390.6,80894.3,62496.5,62105.0,108782.7,62268.9,284.0,52329.3,73154.4,137244.9,133149.1,55791.1,93308.0,62488.1,151261.2,50896.0,82307.2,2090.0,83793.4,46817.6,78440.8,19215.0,64399.5,86262.6,53415.9,48338.2,76373.9,80283.0,38911.1,261.6,1144.4,78450.6,78311.8,77686.6,62586.3,145612.6,94536.2,62699.9,62324.4,61759.2,61994.3,62277.2,63241.0
Kiwi Stryn,111517.4,91272.7,10931.0,11647.6,149943.1,85840.5,144768.7,125665.1,150527.3,150521.0,114737.7,150608.8,77974.8,46286.6,99758.6,106183.7,118339.0,101239.9,16970.3,136450.0,125781.1,114459.7,118726.4,99116.3,238.9,125670.8,90333.6,135100.4,107383.7,137556.8,115514.6,57939.0,65973.2,129136.7,133879.7,125268.7,125277.9,123112.9,45698.3,125798.4,78555.9,125687.1,125378.3,46156.9,112593.4,99696.8,121425.4,114534.3,106618.9,136433.6,65371.3,125579.2,125840.3,46236.9,62332.0,118030.7,128090.3,136191.5,46070.0,45813.6,126014.3,125777.5,99737.1,65443.2,45886.2,29823.9,125920.0,125793.8,125974.6,285.6,140259.4,98515.3,50190.0,29176.7,103912.6,10901.9,128424.4,97753.6,139687.4,143440.2,92621.0,125642.6,65627.4,57028.9,124801.6,130966.3,56853.5,106454.4,128121.1,123258.9,114459.8,96747.4,121923.4,120299.8,118625.2,123490.4,115555.9,78199.0,0.0,90327.0,128267.0,125617.4,86909.6,117387.7,126198.5,115843.9,139353.6,45594.5,119075.5,114839.8,65238.3,82150.1,105646.3,117979.0,114623.9,125746.4,109384.9,125713.1,107739.6,99773.8,357.8,45627.5,126931.2,125990.9,90652.7,45522.7,90285.1,125893.9,125502.4,181761.6,125666.3,78211.3,108069.3,139971.1,111289.4,104036.8,22546.8,64195.7,118038.7,105393.3,114293.4,88758.1,77656.4,156772.4,124744.8,91332.9,107757.3,85401.6,57150.3,116813.3,111879.3,139771.2,90958.8,136208.1,78188.8,78530.1,423.1,141709.1,92189.0,125983.7,99744.7,65423.9,140627.1,140251.6,125156.5,125391.6,125674.6,126638.3
Kiwi Ulsteinvik,30935.5,2250.2,100807.1,101523.7,69320.9,87153.9,64186.8,45083.2,69905.1,69898.8,34155.8,69986.6,79232.5,93245.1,10736.1,46646.5,33352.4,102021.5,106846.4,62813.3,45199.2,33877.8,91414.7,53366.8,90360.5,45088.9,43.8,54518.5,107301.7,56934.6,30527.9,32455.3,32729.0,48514.5,53297.8,44686.8,44695.9,42531.0,92656.7,45216.5,79869.3,45105.2,44796.4,93115.4,32011.5,10674.3,40843.5,33952.4,46088.7,55851.7,32167.3,44997.3,45258.4,93195.3,29328.3,33044.0,47508.4,62554.8,93028.5,92772.0,45432.4,45195.6,100518.6,32319.9,92844.6,71071.3,45338.1,45211.9,45392.7,90570.1,59677.5,21782.1,91437.4,119354.0,27179.4,100778.0,101112.7,81633.3,59065.2,62858.3,64753.5,45060.7,32383.2,33510.2,44219.7,54591.9,34011.2,46296.5,47539.2,42677.0,33877.8,97528.9,41341.5,39717.9,34170.4,42908.5,30569.2,79512.4,90354.3,0.0,47685.1,45035.5,10176.4,32401.1,45616.6,35262.0,88445.0,91796.0,38493.6,34257.9,32479.0,128351.6,28913.1,37397.0,34042.0,45164.5,82073.2,45131.2,107657.7,100555.3,90535.2,135503.7,46349.3,45409.0,542.4,92481.1,446.7,45311.9,44920.4,101139.4,45084.4,79524.7,27487.4,59389.1,48292.1,27303.7,67885.2,30338.1,33052.0,106174.9,33711.4,4169.8,78081.6,76150.2,90351.2,1689.0,107675.3,52432.6,33226.0,36231.3,31297.4,59189.3,1092.0,62571.4,79502.3,79354.6,90544.7,61127.2,2911.8,45401.7,100526.2,32552.5,89718.5,89342.9,44574.6,44809.7,45092.6,46056.4
"Valderøy, 6050 Valderøya",19605.6,45976.1,138843.1,139559.8,48888.0,72614.7,24541.6,2644.2,49472.3,49465.9,13708.8,49553.7,125253.1,131281.1,37230.2,32107.3,30671.7,148042.1,144882.5,42083.0,3244.4,14909.2,137435.4,38827.6,128396.6,2628.8,47402.3,14873.3,86571.5,36501.7,27847.3,72464.1,63334.5,27784.2,13652.6,3303.7,3483.5,5484.7,130692.8,2749.0,65330.1,3150.4,3133.5,131151.4,17472.2,37090.3,7838.7,14008.9,31549.4,16206.5,63319.6,3219.8,2653.0,131231.4,69337.1,30363.4,769.9,41824.6,131064.5,130808.1,2965.0,2728.2,146539.3,63387.0,130880.7,113550.9,2870.6,2744.5,3437.9,128606.2,20032.3,67802.8,87747.5,156603.4,73200.0,138814.1,147133.3,60903.0,38632.4,23213.1,110774.1,3106.0,63024.5,73519.0,3535.7,33861.6,74020.0,31757.2,800.8,5825.7,14686.6,143549.5,8336.7,8260.5,19631.1,5658.9,27888.5,64973.2,128390.4,47395.7,0.0,2793.4,56197.1,29720.4,2066.6,13983.8,67714.7,129832.1,9901.6,13801.9,63117.0,166387.6,74933.7,10685.3,13747.4,3209.7,128093.9,2952.1,86927.4,146576.0,128571.2,173539.7,2307.9,3454.2,47526.6,130517.2,48777.5,2371.3,3293.1,80706.6,3457.0,64985.4,20212.5,19744.0,94312.7,73324.3,105921.2,66529.1,30371.4,152195.5,14994.7,50190.4,63542.3,55717.3,69620.9,46324.0,86945.0,42955.2,73234.7,12064.8,17971.6,19544.1,48166.3,41841.1,64963.0,64815.4,128580.8,21482.0,45569.9,3447.0,146546.9,62931.4,68988.2,68612.7,3151.2,3259.4,3137.9,2015.0
RASMUS RØNNEBERGS GATE 6,16952.7,43323.2,136190.2,136906.9,46235.1,69961.8,21888.7,193.4,46819.3,46813.0,11055.9,46900.8,122600.2,128628.2,34577.3,29454.4,28018.8,145389.2,142229.5,39430.1,451.0,12256.3,134782.4,36174.6,125743.6,199.1,44749.4,12220.4,83918.5,33848.8,25194.3,69811.2,60681.6,25131.3,10999.7,510.3,690.1,2831.8,128039.8,326.6,62677.1,357.0,340.1,128498.5,14819.3,34437.4,5185.7,11355.9,28896.5,13553.5,60666.7,426.4,368.6,128578.4,66684.2,27710.4,2618.6,39171.6,128411.6,128155.1,542.6,305.8,143886.4,60734.1,128227.8,110898.0,448.3,322.1,644.5,125953.3,17379.3,65149.8,85094.5,153950.5,70547.1,136161.1,144480.4,58250.1,35979.4,20560.2,108121.2,312.5,60371.6,70866.1,924.6,31208.7,71367.0,29104.3,2649.4,3172.8,12033.7,140896.6,5683.8,5607.6,16978.2,3006.0,25235.6,62320.3,125737.4,44742.8,2795.3,0.0,53544.1,27067.5,726.8,11330.8,65061.8,127179.1,7248.6,11148.9,60464.0,163734.7,72280.8,8032.3,11094.5,416.3,125440.9,335.5,84274.4,143923.0,125918.3,170886.8,1459.5,660.8,44873.7,127864.2,46124.6,422.1,499.6,78053.7,663.6,62332.5,17559.6,17091.0,91659.8,70671.4,103268.3,63876.1,27718.4,149542.6,12341.8,47537.5,60889.4,53064.4,66968.0,43671.1,84292.1,40302.3,70581.8,9411.9,15318.6,16891.2,45513.3,39188.2,62310.1,62162.4,125927.9,18829.1,42916.9,653.6,143893.9,60278.4,66335.3,65959.7,498.3,573.0,344.5,1166.6
Kiwi Myrvåg,39759.4,11074.0,97235.0,97951.7,78144.8,123515.9,73010.7,53907.1,78729.0,78722.6,42979.6,78810.4,69940.3,89673.0,19559.9,55470.4,42176.2,92729.3,103274.3,71637.2,54023.0,42701.6,82122.6,62190.7,86788.4,53912.8,10135.0,63342.4,116125.6,65758.4,39351.8,28883.3,29156.9,57338.3,62121.7,53510.7,53519.8,51354.9,89084.6,54040.3,116231.2,53929.0,53620.3,89543.3,40835.4,19498.2,49667.4,42776.3,54912.5,64675.5,28595.3,53821.1,54082.2,89623.2,25756.3,41867.9,56332.2,71378.7,89456.4,89199.9,54256.2,54019.4,91226.5,28747.8,89272.6,67499.3,54161.9,54035.8,54216.5,86998.1,68501.3,12490.0,87865.4,115781.9,17887.2,97205.9,91820.5,90457.1,67889.1,71682.2,55461.3,53884.6,28811.2,29938.2,53043.6,63415.7,30439.2,55120.3,56363.1,51500.8,42701.7,88236.7,50165.4,48541.8,42994.2,51732.3,39393.1,115874.3,86782.2,10128.4,56508.9,53859.3,0.0,41224.9,54440.5,44085.9,97268.8,88223.9,47317.4,43081.8,28906.9,124779.5,19285.3,46220.9,42865.8,53988.3,72781.1,53955.0,116481.5,91263.2,86963.1,131931.6,55173.2,54232.8,10454.1,88909.1,10086.4,54135.8,53744.3,109963.3,53908.2,115886.6,36311.2,68213.0,38999.9,17675.9,64313.1,26766.1,41875.9,96882.7,42535.3,8559.4,115331.7,84974.0,99175.0,11134.3,116499.2,48860.5,29653.9,45055.2,40121.3,68013.2,10760.1,71395.3,115864.2,116205.5,86972.7,69951.1,11990.4,54225.6,91234.1,28980.4,98542.3,98166.8,53398.5,53633.6,53916.5,54880.2
Kiwi Langevåg,12962.1,30651.6,127931.0,128647.6,51347.5,69180.5,46213.4,27109.8,51931.7,51925.3,16182.4,52013.2,109928.7,120368.9,21905.7,28673.1,964.4,132717.6,133970.3,44839.9,27225.8,15904.4,122110.9,35393.4,117484.4,27115.5,32077.9,36545.1,89328.3,38961.2,1953.8,61551.9,52422.3,30541.1,35324.4,26713.4,26722.5,24557.6,119780.6,27243.1,61895.9,27131.8,26823.0,120239.2,14038.1,21765.9,22870.1,15979.0,28115.3,37878.3,52407.4,27023.9,27285.0,120319.2,58424.9,656.0,29535.0,44581.4,120152.3,119895.9,27459.0,27222.2,131214.8,52474.8,119968.5,98195.2,27364.7,27238.5,27419.3,117694.0,41704.1,52478.3,84313.3,146477.9,57875.6,127901.9,131808.9,63659.9,41091.8,44884.9,95449.7,27087.3,52112.3,62606.8,26246.3,36618.5,63107.8,28323.1,29565.8,24703.6,15904.4,128225.1,23368.1,21744.5,16197.0,24935.0,1995.1,61539.0,117478.2,32071.3,29711.7,27062.1,40872.6,0.0,27643.2,17288.6,70471.6,118919.8,20520.2,16284.5,52204.8,155475.4,59609.3,19423.6,16068.6,27191.0,112769.4,27157.8,89684.2,131251.5,117659.0,162627.5,28375.9,27435.6,32202.2,119605.0,33453.0,27338.5,26947.0,83166.0,27110.9,61551.3,9514.0,41415.7,78988.3,57999.8,95009.0,55616.8,664.0,136871.0,15738.0,34866.0,60108.1,58176.8,72377.8,30999.5,89701.9,32043.0,62322.5,18257.9,13324.0,41215.9,32841.8,44598.0,61528.9,61381.2,117668.6,43153.8,30245.4,27428.3,131222.4,52019.2,71745.1,71369.5,26601.2,26836.3,27119.2,28083.0
NEDRE STRANDGATE 51,17539.0,43909.5,136776.5,137493.2,46821.4,70548.1,22475.0,643.9,47405.6,47399.3,11642.2,47487.1,123186.5,129214.5,35163.6,30040.7,28605.1,145975.5,142815.9,40016.4,1177.8,12842.6,135368.8,36760.9,126330.0,562.2,45335.7,12806.7,84504.9,34435.1,25780.6,70397.5,61267.9,25717.6,11586.0,1237.1,1416.9,3418.1,128626.2,748.7,63263.5,1083.8,1066.9,129084.8,15405.6,35023.7,5772.1,11942.3,29482.8,14139.9,61253.0,1153.2,661.2,129164.8,67270.5,28296.8,1891.8,39758.0,128997.9,128741.5,964.6,727.9,144472.7,61320.4,128814.1,111484.3,870.3,744.2,1371.3,126539.6,17965.7,65736.2,85680.9,154536.8,71133.4,136747.4,145066.7,58836.4,36565.8,21146.5,108707.5,1039.3,60957.9,71452.4,1469.1,31795.0,71953.4,29690.6,1922.6,3759.1,12620.0,141482.9,6270.1,6193.9,17564.5,3592.3,25821.9,62906.6,126323.7,45329.1,2068.5,726.8,54130.5,27653.8,0.0,11917.2,65648.1,127765.4,7835.0,11735.2,61050.3,164321.0,72867.1,8618.7,11680.8,1143.1,126027.3,885.5,84860.8,144509.4,126504.6,171473.1,732.7,1387.6,45460.0,128450.6,46710.9,304.7,1226.5,78640.0,1390.4,62918.8,18145.9,17677.3,92246.1,71257.7,103854.6,64462.4,28304.7,150128.9,12928.1,48123.8,61475.7,53650.7,67554.3,44257.4,84878.4,40888.6,71168.1,9998.2,15904.9,17477.5,46099.7,39774.5,62896.4,62748.8,126514.2,19415.4,43503.3,1380.4,144480.3,60864.8,66921.6,66546.1,1084.6,1192.8,1071.3,439.8
LERSTADVEGEN 545,7396.8,33767.3,126634.3,127351.0,34774.9,60405.9,30454.7,11351.1,35359.2,35352.8,1809.6,35440.6,113044.3,119072.3,25021.4,19898.5,18462.9,135833.3,132673.6,28267.4,11467.1,1706.6,125226.5,26618.7,116187.7,11356.8,35193.5,20786.4,72755.8,22388.6,15638.4,60255.3,51125.7,13968.5,19565.7,10954.7,10963.8,8798.9,118483.9,11484.3,53121.2,11373.1,11064.3,118942.6,5263.4,24881.5,7111.4,1989.9,19340.6,22119.6,51110.8,11265.2,11526.3,119022.5,57128.3,18154.5,13776.3,28008.9,118855.7,118599.2,11700.3,11463.5,134330.4,51178.2,118671.9,101342.1,11606.0,11479.8,11660.6,116397.4,25945.4,55594.0,75538.6,142787.8,60991.2,126605.2,134924.5,47087.3,24519.3,29126.2,98565.3,11328.6,50815.7,61310.2,10487.6,20045.9,61811.1,19548.4,13807.1,8944.8,1484.0,131340.7,7609.4,6394.9,7422.3,9176.3,15679.7,52764.4,116181.5,35186.9,13953.0,11303.4,43988.2,17511.6,11884.5,0.0,53899.0,117623.2,6415.2,1593.0,50908.1,154178.8,62724.9,4074.0,2680.5,11432.3,115885.0,11399.0,73111.7,134367.2,116362.4,161330.9,12617.2,11676.9,35317.8,118308.4,36568.7,11579.8,11188.3,66593.5,11352.2,52776.6,8003.7,25657.0,82103.9,61115.5,93712.4,54320.2,18162.5,139986.7,1590.3,37981.6,51333.5,41604.2,55805.2,34115.2,73129.3,30746.4,61025.9,4066.0,5762.7,25457.2,35957.5,28025.5,52754.2,52606.5,116372.0,27395.1,33361.0,11669.6,134338.1,50722.5,55172.5,54797.0,10842.5,11077.6,11360.5,12324.3
Kiwi Vestnes,60486.3,86856.8,149880.1,150596.7,25602.3,70046.6,84150.3,65046.7,51410.4,51404.1,54899.1,51491.9,166133.8,153321.6,78110.9,56318.1,71552.4,188922.8,155919.4,25932.0,65162.7,55088.3,178316.1,63038.4,139433.5,65052.4,88283.0,74482.0,67388.2,38249.7,68727.9,113344.8,104215.2,40964.8,61503.1,64650.3,64659.4,62494.5,152733.2,65180.0,61580.1,65068.7,64759.9,153191.9,55921.6,77971.0,60807.0,55079.5,55760.2,75815.2,104200.3,64960.8,65221.9,153271.8,110217.8,71244.1,67471.9,26160.1,153105.0,152848.5,65395.9,65159.1,187420.0,104267.7,152921.1,114983.9,65301.6,65175.4,65356.2,139643.1,79641.0,108683.5,89180.4,137420.2,114080.7,149851.0,188014.0,41719.7,36252.0,82821.8,151654.9,65024.2,103905.2,114399.7,64183.2,35818.3,114900.7,55968.0,67502.7,62640.5,54865.7,184430.2,61305.0,60090.5,53697.2,62872.0,68769.2,61443.2,139427.3,88276.4,67648.6,64999.0,97077.8,70601.1,65580.1,53798.3,0.0,152629.4,59504.7,54682.6,103997.7,189185.1,115814.4,57769.6,55770.0,65128.0,168974.6,65094.7,67744.1,187456.7,139608.1,184576.6,66312.8,65372.5,88407.3,152557.6,89658.2,65275.4,64884.0,82644.8,65047.9,61235.5,61093.2,55152.1,135193.4,114205.0,116958.1,107409.8,71252.1,193076.2,54972.0,91071.1,63257.0,57655.5,12454.2,87204.7,67761.8,83835.9,114115.4,57155.5,56389.1,79152.8,89047.0,26002.8,61213.0,62186.7,139617.7,81090.7,86450.6,65365.2,187427.6,103812.1,1491.0,961.6,64538.1,64773.2,65056.1,66019.9
Kiwi Nordfjordeid,93721.1,71431.2,56037.1,56753.8,132106.5,99077.0,126972.4,107868.8,132690.7,132684.3,96941.3,132772.1,32724.5,1400.1,79917.1,119420.2,100542.7,55989.7,62076.5,125598.9,107984.8,96663.3,73476.2,112352.7,45590.6,107874.5,70492.1,117304.1,110005.1,119720.1,97718.2,38821.5,47901.7,111300.0,116083.4,107472.4,107481.5,105316.6,1363.7,108002.0,91792.3,107890.7,107582.0,1543.6,94797.1,79855.3,103629.1,96738.0,119855.4,118637.2,47340.0,107782.8,108044.0,1623.5,42490.5,100234.3,110294.0,125340.4,1578.5,1200.2,108218.0,107981.2,54486.9,47492.5,1272.9,43060.4,108123.6,107997.5,108178.2,45800.2,122463.0,78673.8,63426.5,74584.0,84071.0,56008.1,83174.1,110990.1,121850.8,125643.9,47370.8,107846.3,47555.9,40552.8,107005.3,117377.4,40377.4,119690.8,110324.8,105462.5,96663.4,51497.1,104127.1,102503.5,96955.9,105694.0,97759.5,91435.5,45584.4,70485.5,110470.6,107821.1,67068.1,99591.4,108402.2,98047.6,151230.5,0.0,101279.1,97043.5,47651.6,36899.9,85804.8,100182.6,96827.6,107950.0,64134.7,107916.7,110361.0,54523.6,45765.2,50379.5,109134.9,108194.5,70811.2,1309.0,70443.5,108097.5,107706.0,163925.0,107869.9,91447.7,90272.9,122174.7,66039.2,84195.3,35783.2,44354.2,100242.3,60143.1,96497.0,68916.5,90892.8,138935.7,153136.8,71491.4,110378.6,67605.2,40213.9,99016.9,94083.0,121974.9,71117.3,125357.0,91425.3,91766.6,45774.8,123912.8,72347.5,108187.3,54494.5,47725.2,152504.0,152128.5,107360.2,107595.3,107878.2,108842.0
SMEDGARDEN 1,10313.7,36684.2,129551.2,130267.9,40332.7,63322.8,26393.8,7290.2,40916.9,40910.5,4596.3,40998.4,115961.2,121989.2,27938.3,22815.4,21379.8,138750.2,135590.6,33825.1,7406.2,5869.1,128143.5,29535.7,119104.7,7295.9,38110.4,16725.5,78313.5,27946.4,18555.3,63172.2,54042.6,19526.3,15504.8,6893.8,6902.9,4738.0,121400.9,7423.4,56038.2,7312.1,7003.4,121859.5,8180.3,27798.4,2748.1,4896.4,22257.5,18058.7,54027.7,7204.2,7465.4,121939.5,60045.2,21071.5,9715.4,33566.6,121772.6,121516.2,7639.4,7402.6,137247.4,54095.1,121588.8,104259.0,7545.0,7418.9,7599.7,119314.3,21884.5,58510.9,78455.6,148345.5,63908.1,129522.2,137841.4,52645.1,30077.0,25065.3,101482.2,7267.7,53732.6,64227.1,6426.7,25603.7,64728.1,22465.3,9746.2,4883.9,5869.2,134257.6,3461.7,1896.1,10339.2,5115.4,18596.6,55681.3,119098.5,38103.8,9892.1,7242.5,46905.2,20428.5,7823.6,6389.9,59456.8,120540.1,0.0,5303.9,53825.1,157095.7,65641.8,2838.9,4635.0,7371.4,118802.0,7338.1,78669.4,137284.1,119279.3,164247.8,8556.3,7616.0,38234.7,121225.3,39485.6,7518.9,7127.4,72151.2,7291.3,55693.5,10920.6,21596.1,85020.8,64032.4,96629.3,57237.1,21079.5,142903.6,5702.8,40898.5,54250.4,47161.9,61363.0,37032.1,78687.1,33663.3,63942.8,2952.4,8679.7,21396.3,38874.4,33583.2,55671.1,55523.5,119288.9,23334.2,36278.0,7608.7,137255.0,53639.5,60730.2,60354.7,6781.6,7016.7,7299.6,8263.4
"Vallekrysset, 6013 Ålesund",6077.6,32448.1,125315.2,126031.8,35519.1,59086.7,30385.0,11281.4,36103.3,36096.9,488.9,36184.7,111725.1,117753.1,23702.2,18579.3,17143.7,134514.1,131354.5,29011.5,11397.4,1379.7,123907.4,25299.6,114868.6,11287.1,33874.3,20716.7,73499.9,23132.8,14319.3,58936.1,49806.5,14712.6,19496.0,10885.0,10894.1,8729.2,117164.8,11414.6,51802.1,11303.3,10994.6,117623.4,3944.2,23562.3,7041.7,669.3,18021.4,22049.9,49791.6,11195.4,11456.6,117703.4,55809.1,16835.4,13706.6,28753.0,117536.5,117280.1,11630.6,11393.8,133011.3,49859.0,117352.7,100022.9,11536.2,11410.1,11590.9,115078.2,25875.7,54274.8,74219.5,143531.9,59672.0,125286.1,133605.3,47831.5,25263.4,29056.5,97246.1,11258.9,49496.5,59991.0,10417.9,20790.0,60492.0,18229.2,13737.4,8875.1,1157.1,130021.5,7539.7,6325.1,6103.1,9106.6,14360.5,51445.2,114862.4,33867.7,13883.3,11233.7,42669.1,16192.4,11814.8,1460.2,54643.1,116304.1,5094.6,0.0,49589.0,152859.6,61405.7,4004.3,1359.8,11362.6,114565.9,11329.3,73855.8,133048.0,115043.2,160011.7,12547.5,11607.2,33998.6,116989.2,35249.5,11510.1,11118.6,67337.6,11282.5,51457.4,6684.5,25587.3,80784.7,59796.3,92393.2,53001.1,16843.4,138667.5,1263.5,36662.4,50014.3,42348.3,56549.4,32796.0,73873.5,29427.2,59706.7,2745.4,4443.6,25387.5,34638.3,28769.6,51435.0,51287.4,115052.8,27325.4,32041.9,11599.9,133018.9,49403.4,55916.6,55541.1,10772.8,11007.9,11290.8,12254.6
"Ørsta, 6150 Ørsta",46279.1,33335.7,75726.2,76442.8,84664.5,102007.0,79530.4,60426.8,85248.7,85242.3,49499.4,85330.1,99095.4,68164.2,41821.6,52920.3,53100.7,122360.5,81765.5,78156.9,60542.8,49221.3,102168.4,58421.3,65279.6,60432.5,32396.6,69862.1,122645.3,72278.2,50276.2,9603.6,710.0,63858.1,68641.4,60030.4,60039.5,57874.6,67575.8,60560.0,94722.4,60448.7,60140.0,68034.5,47355.1,41759.8,56187.1,49296.0,53355.6,71195.3,459.1,60340.8,60602.0,68114.4,6476.6,52792.4,62852.0,77898.4,67947.6,67691.1,60776.0,60539.2,120857.7,526.5,67763.7,45990.4,60681.6,60555.5,60736.3,65489.2,75021.1,40578.3,66356.5,94273.1,45975.5,75697.1,111866.4,96976.9,74408.8,78201.9,75507.2,60404.3,364.2,10658.5,59563.3,69935.4,11159.5,53191.0,62882.8,58020.5,49221.4,117868.0,56685.1,55061.5,49513.9,58252.0,50317.5,94365.5,65273.4,32390.0,63028.7,60379.1,28972.6,52149.4,60960.2,50605.6,103788.6,66715.1,53837.1,49601.5,0.0,103270.7,47709.3,52740.6,49385.6,60508.0,92826.9,60474.7,123001.2,120894.4,65454.3,110422.8,61692.9,60752.6,32715.7,67400.2,32348.0,60655.5,60264.0,116483.0,60427.9,94377.8,42830.9,74732.7,59045.8,46099.8,42804.3,3668.5,52800.3,126513.9,49055.0,30821.0,93822.9,91493.7,105694.8,33395.9,123018.9,20163.3,10374.2,51574.9,46641.0,74532.9,33021.8,77915.0,94355.3,94696.6,65463.8,76470.8,34252.0,60745.3,120865.3,185.6,105062.1,104686.5,59918.2,60153.3,60436.2,61400.0
"Bryggja, 6720 Bryggja",130296.5,108006.6,92612.6,93329.2,168681.9,135652.4,163547.8,144444.2,169266.1,169259.8,133516.8,169347.6,39560.5,36497.2,116492.5,155995.6,137118.1,44521.0,98651.9,162174.3,144560.2,133238.8,80312.1,148928.2,82166.0,144449.9,107067.6,153879.5,146580.5,156295.6,134293.7,75397.0,84477.1,147875.5,152658.9,144047.8,144057.0,141892.0,36884.0,144577.5,128367.8,144466.2,144157.4,37553.3,131372.5,116430.7,140204.5,133313.4,156430.8,155212.7,83915.5,144358.3,144619.4,37633.2,79065.9,136809.8,146869.4,161915.9,36718.0,37209.9,144793.4,144556.6,41631.2,84068.0,36904.5,79635.8,144699.1,144572.9,144753.7,82375.6,159038.5,115249.3,100001.9,111159.5,91681.0,92583.5,90010.1,147565.5,158426.2,162219.3,54206.7,144421.7,84131.4,77128.3,143580.7,153952.9,76952.9,156266.3,146900.2,142038.0,133238.9,58333.0,140702.5,139078.9,133531.4,142269.5,134335.0,128010.9,82159.8,107060.9,147046.1,144396.5,103643.5,136166.8,144977.6,134623.1,187806.0,36888.5,137854.6,133618.9,84227.1,0.0,122380.2,136758.1,133403.0,144525.5,70970.6,144492.2,146936.4,41667.9,82340.7,86389.2,145710.3,144770.0,107386.7,37318.6,107019.0,144673.0,144281.5,200500.5,144445.4,128023.2,126848.4,158750.2,72875.1,120770.8,72358.7,80929.7,136817.8,46256.8,133072.5,105492.0,127468.3,175511.2,189712.2,108066.9,146954.1,104180.7,76789.3,135592.4,130658.4,158550.4,107692.7,161932.4,128000.8,128342.0,82350.2,160488.2,108923.0,144762.8,41638.8,84300.6,189079.5,188704.0,143935.6,144170.7,144453.7,145417.4
Meny Fosnavåg,58499.3,29814.0,115975.0,116691.6,96884.7,142255.8,91750.6,72647.0,97468.9,97462.6,61719.6,97550.4,88680.3,108412.9,38299.9,74210.3,60916.2,111469.2,122014.3,90377.1,72763.0,61441.6,100862.5,80930.6,105528.4,72652.7,28874.9,82082.3,134865.6,84498.4,58091.7,47623.2,47896.9,76078.3,80861.6,72250.6,72259.7,70094.8,107824.6,72780.3,134971.2,72669.0,72360.2,108283.3,59575.3,38238.1,68407.3,61516.2,73652.5,83415.5,47335.2,72561.1,72822.2,108363.2,44496.2,60607.8,75072.2,90118.6,108196.4,107939.9,72996.2,72759.4,109966.4,47487.7,108012.5,86239.2,72901.9,72775.7,72956.5,105738.0,87241.3,31229.9,106605.3,134521.9,36627.2,115945.9,110560.5,109197.1,86629.0,90422.1,74201.3,72624.5,47551.1,48678.1,71783.5,82155.7,49179.1,73860.3,75103.0,70240.8,61441.7,106976.7,68905.3,67281.7,61734.2,70472.3,58133.0,134614.3,105522.2,28868.3,75248.9,72599.3,19288.6,59964.9,73180.4,62825.8,116008.8,106963.9,66057.4,61821.7,47646.8,143519.5,0.0,64960.9,61605.8,72728.3,91521.0,72695.0,135221.5,110003.1,105703.0,150671.5,73913.1,72972.8,29194.0,107649.0,28826.4,72875.7,72484.3,128703.2,72648.2,134626.5,55051.2,86952.9,57739.9,1642.5,83053.0,45506.0,60615.8,115622.6,61275.2,27299.3,134071.7,103714.0,117915.0,29874.2,135239.1,67600.4,48393.8,63795.1,58861.2,86753.1,29500.1,90135.2,134604.1,134945.4,105712.6,88691.0,30730.3,72965.5,109974.0,47720.4,117282.3,116906.7,72138.4,72373.5,72656.4,73620.2
LERSTADVEGEN 291,9234.5,35604.9,128472.0,129188.6,38680.3,62243.5,27422.6,8319.0,39264.5,39258.1,3517.1,39345.9,114882.0,120909.9,26859.0,21736.1,20300.5,137670.9,134511.3,32172.7,8435.0,4789.9,127064.2,28456.4,118025.4,8324.7,37031.2,17754.3,76661.1,26293.9,17476.1,62092.9,52963.3,17873.8,16533.6,7922.6,7931.7,5766.8,120321.6,8452.3,54958.9,8341.0,8032.2,120780.3,7101.1,26719.2,4079.3,3817.1,21178.2,19087.5,52948.4,8233.1,8494.2,120860.2,58965.9,19992.2,10744.2,31914.2,120693.4,120436.9,8668.2,8431.4,136168.1,53015.8,120509.5,103179.8,8573.9,8447.7,8628.5,118235.0,22913.3,57431.6,77376.3,146693.1,62828.8,128442.9,136762.1,50992.6,28424.6,26094.1,100403.0,8296.5,52653.3,63147.8,7455.5,23951.2,63648.8,21386.1,10775.0,5912.8,4776.2,133178.4,4577.3,2551.5,9259.9,6144.3,17517.4,54602.0,118019.2,37024.6,10920.9,8271.3,45825.9,19349.2,8852.4,4073.4,57804.3,119460.9,2806.4,3891.5,52745.8,156016.5,64562.6,0.0,3555.7,8400.3,117722.7,8367.0,77017.0,136204.8,118200.0,163168.5,9585.1,8644.8,37155.5,120146.0,38406.3,8547.7,8156.3,70498.8,8320.2,54614.3,9841.4,22625.0,83941.5,62953.1,95550.0,56157.9,20000.2,141824.3,4623.6,39819.2,53171.1,45509.5,59710.5,35952.8,77034.7,32584.1,62863.6,1873.1,7600.4,22425.1,37795.1,31930.8,54591.9,54444.2,118209.6,24363.0,35198.7,8637.5,136175.7,52560.2,59077.8,58702.3,7810.4,8045.5,8328.4,9292.2
"HIG, 6010 Ålesund",5885.0,32255.5,125122.6,125839.2,36883.6,58894.1,30461.5,11357.9,37467.8,37461.5,1307.0,37549.3,111532.6,117560.5,23509.6,18386.7,16951.1,134321.5,131161.9,30376.0,11473.9,1440.5,123714.8,25107.0,114676.0,11363.6,33681.8,20793.2,74864.4,24497.3,14126.7,58743.5,49613.9,16077.2,19572.6,10961.5,10970.7,8805.8,116972.2,11491.2,51609.5,11379.9,11071.1,117430.9,3751.7,23369.8,7118.2,1103.6,17828.8,22126.4,49599.0,11272.0,11533.1,117510.8,55616.5,16642.8,13783.1,30117.5,117344.0,117087.5,11707.1,11470.3,132818.7,49666.4,117160.1,99830.3,11612.8,11486.6,11667.4,114885.6,25952.2,54082.2,74026.9,144896.4,59479.4,125093.5,133412.7,49196.0,26627.9,29133.0,97053.6,11335.4,49303.9,59798.4,10494.4,22154.6,60299.4,18036.6,13813.9,8951.7,1440.5,129828.9,7616.2,5882.2,5910.5,9183.2,14167.9,51252.6,114669.8,33675.2,13959.8,11310.2,42476.5,15999.8,11891.3,2388.8,56007.7,116111.5,4657.9,1409.1,49396.4,152667.1,61213.2,3561.3,0.0,11439.2,114373.3,11405.9,75220.4,132855.4,114850.6,159819.1,12624.0,11683.7,33806.0,116796.6,35056.9,11586.7,11195.2,68702.2,11359.1,51264.9,6492.0,25663.9,80592.1,59603.7,92200.6,52808.5,16650.8,138474.9,1274.1,36469.8,49821.7,43712.9,57913.9,32603.4,75238.0,29234.7,59514.1,2395.6,4251.0,25464.1,34445.7,30134.1,51242.4,51094.8,114860.2,27401.9,31849.3,11676.5,132826.3,49210.8,57281.2,56905.6,10849.3,11084.4,11367.4,12331.1
SKATEFLUKAIA 1B,17102.3,43472.7,136339.8,137056.4,46384.7,70111.3,22038.2,604.0,46968.9,46962.5,11205.4,47050.3,122749.8,128777.7,34726.8,29603.9,28168.3,145538.7,142379.1,39579.7,71.2,12405.8,134932.0,36324.2,125893.2,609.7,44899.0,12369.9,84068.1,33998.3,25343.9,69960.7,60831.1,25280.8,11149.2,484.0,663.8,2981.3,128189.4,737.3,62826.7,257.9,349.3,128648.1,14968.9,34587.0,5335.3,11505.5,29046.0,13703.1,60816.2,550.1,779.2,128728.0,66833.7,27860.0,3029.2,39321.2,128561.2,128304.7,953.2,716.4,144035.9,60883.6,128377.3,111047.6,858.9,732.7,264.7,126102.8,17528.9,65299.4,85244.1,154100.1,70696.6,136310.7,144629.9,58399.6,36129.0,20709.7,108270.8,223.0,60521.1,71015.6,898.3,31358.2,71516.6,29253.8,3060.0,3322.4,12183.2,141046.1,5833.3,5757.2,17127.7,3155.6,25385.1,62469.8,125887.0,44892.4,3205.9,410.6,53693.7,27217.0,1137.4,11480.4,65211.3,127328.7,7398.2,11298.5,60613.6,163884.3,72430.4,8181.9,11244.1,0.0,125590.5,746.2,84424.0,144072.6,126067.8,171036.3,1870.1,281.0,45023.3,128013.8,46274.1,832.7,340.4,78203.2,341.7,62482.1,17709.2,17240.6,91809.3,70820.9,103417.8,64025.7,27868.0,149692.1,12491.3,47687.0,61038.9,53213.9,67117.5,43820.6,84441.6,40451.9,70731.3,9561.5,15468.2,17040.7,45662.9,39337.8,62459.6,62312.0,126077.4,18978.6,43066.5,273.8,144043.5,60428.0,66484.8,66109.3,647.8,546.6,254.9,1577.2
"Selje, 6740 Selje",111667.9,82982.5,119840.6,120557.3,150053.3,162880.5,144919.2,125815.5,150637.4,150631.1,114888.1,150718.9,31408.7,63725.2,91468.4,145541.6,114084.7,47941.1,125879.9,143545.7,125931.5,114610.1,17901.1,176156.2,109394.0,125821.3,82043.5,135250.9,173808.6,137666.9,111260.3,84000.8,93080.9,129246.8,134030.2,125419.1,125428.3,123263.4,64112.0,125948.8,155595.8,125837.5,125528.8,64781.3,112743.9,91406.6,121575.9,114684.7,145976.8,136584.0,92519.3,125729.6,125990.7,64861.2,87669.8,113776.4,128240.7,143287.2,63946.0,64437.9,126164.7,125927.9,46438.2,92671.8,64132.6,106863.9,126070.4,125944.2,126125.0,109603.7,140409.8,60491.5,127230.0,138387.5,54996.2,119811.5,27599.1,174793.6,139797.6,143590.7,17521.9,125793.0,92735.2,85732.1,124952.1,135324.2,85556.7,145812.3,128271.6,123409.3,114610.2,43448.5,122073.9,120450.2,114902.7,123640.8,111301.6,155238.9,109387.8,82036.8,128417.4,125767.8,72807.0,113133.4,126349.0,115994.4,169177.3,64116.5,119225.9,114990.2,92830.9,70963.8,91543.6,118129.4,114774.3,125896.8,0.0,125863.5,174164.5,46474.9,109568.7,113617.2,127081.6,126141.3,82362.6,64546.7,81994.9,126044.3,125652.8,181871.8,125816.7,155251.2,108219.7,140121.5,36190.3,89934.2,99586.7,89533.5,113784.4,52094.5,114443.8,80467.9,154696.3,156882.5,171083.5,83042.8,174182.1,112784.5,85393.2,116963.7,112029.8,139921.7,82668.6,143303.8,155228.8,155570.1,109578.3,141859.5,83898.9,126134.1,46445.8,92904.4,170450.8,170075.3,125307.0,125542.0,125825.0,126788.7
KEISER WILHELMS GATE 2,17055.4,43425.9,136292.9,137009.6,46337.8,70064.5,21991.4,373.8,46922.0,46915.7,11158.6,47003.5,122702.9,128730.9,34680.0,29557.1,28121.5,145491.9,142332.3,39532.8,797.4,12359.0,134885.1,36277.3,125846.3,379.5,44852.1,12323.1,84021.3,33951.5,25297.0,69913.9,60784.3,25234.0,11102.4,856.7,1036.5,2934.5,128142.6,507.1,62779.9,703.4,686.4,128601.2,14922.0,34540.1,5288.5,11458.7,28999.2,13656.3,60769.4,772.8,549.0,128681.1,66786.9,27813.2,2799.0,39274.3,128514.3,128257.9,723.0,486.2,143989.1,60836.8,128330.5,111000.7,628.7,502.5,990.9,126056.0,17482.1,65252.6,85197.3,154053.2,70649.8,136263.8,144583.1,58352.8,36082.2,20662.9,108223.9,658.9,60474.3,70968.8,985.5,31311.4,71469.8,29207.0,2829.8,3275.5,12136.4,140999.3,5786.5,5710.3,17080.9,3108.7,25338.3,62423.0,125840.1,44845.5,2975.7,346.4,53646.8,27170.2,907.2,11433.6,65164.5,127281.8,7351.4,11251.6,60566.7,163837.4,72383.5,8135.1,11197.2,762.7,125543.7,0.0,84377.2,144025.8,126021.0,170989.5,1639.9,1007.2,44976.4,127967.0,46227.3,602.5,846.0,78156.4,1009.9,62435.2,17662.3,17193.7,91762.5,70774.1,103371.0,63978.8,27821.1,149645.3,12444.5,47640.2,60992.1,53167.1,67070.7,43773.8,84394.8,40405.0,70684.5,9514.6,15421.3,16993.9,45616.1,39290.9,62412.8,62265.1,126030.6,18931.8,43019.6,1000.0,143996.7,60381.2,66438.0,66062.4,601.0,709.2,690.9,1347.0
"Valldal, 6210 Valldal",79666.5,106037.0,118393.1,119109.7,78142.0,27799.3,103330.5,84226.9,78726.2,78719.9,74079.3,78807.7,142762.4,111074.2,97291.1,52124.4,90732.6,166027.6,124432.4,45112.2,84342.9,74268.5,183514.0,45057.0,107583.9,84232.6,107463.2,93662.2,402.0,65755.7,87908.2,105971.0,123395.4,60145.0,80683.3,83830.5,83839.7,81674.7,110485.9,84360.2,19332.8,84248.9,83940.1,110944.6,75101.8,97151.2,79987.2,74259.7,52559.7,94995.4,123380.5,84141.0,84402.1,111024.5,110364.0,90424.3,86652.1,45340.3,110857.7,110601.2,84576.1,84339.3,164524.7,123447.9,110673.8,72736.6,84481.8,84355.6,84536.4,107581.6,98821.2,127863.7,46933.1,78498.6,133260.9,118364.0,193212.0,26098.3,67886.3,102002.0,157408.6,84204.4,123085.4,105060.9,83363.4,54998.5,104885.5,52395.1,86682.9,81820.7,74045.9,161535.0,80485.2,79270.7,72877.4,82052.2,87949.4,19195.9,107639.1,107456.6,86828.8,84179.2,116258.0,89781.3,84760.3,72978.5,67698.3,110382.1,78684.9,73862.8,123177.9,146937.7,134994.6,76949.8,74950.2,84308.2,174172.5,84274.9,0.0,164561.4,107336.3,153089.6,85493.0,84552.7,107587.5,110310.3,108838.4,84455.7,84064.2,109960.6,84228.1,18988.1,80273.4,74332.3,154373.6,133385.2,74710.8,112227.7,90432.3,170180.9,74152.2,110251.3,21009.7,84971.3,53089.5,106384.9,17.6,103016.1,105182.3,76335.7,75569.3,98333.0,108227.2,45183.0,18965.7,19939.4,107399.6,100270.9,105630.8,84545.5,164532.3,122992.3,68971.8,68596.3,83718.3,83953.4,84236.3,85200.1
"Måløy, 6700 Måløy",147931.5,101473.2,110247.6,110964.2,186316.9,153287.4,181182.8,162079.2,186901.1,186894.8,151151.8,186982.6,21815.6,54132.2,109959.1,173630.6,154753.1,3184.7,116286.9,179809.3,162195.2,150873.8,62117.9,166563.2,99801.0,162084.9,100534.1,171514.5,164215.5,173930.6,151928.7,93032.0,102112.1,165510.5,170293.9,161682.8,161691.9,159527.0,54519.0,162212.5,146002.8,162101.2,161792.4,55188.2,149007.5,109897.3,157839.5,150948.4,174065.8,172847.7,101550.5,161993.3,162254.4,55268.2,96700.9,154444.8,164504.4,179550.9,54353.0,54844.9,162428.4,162191.6,36.7,101703.0,54539.5,97270.8,162334.1,162207.9,162388.7,100010.6,176673.5,78982.2,117636.9,128794.5,73486.8,110218.5,71815.9,165200.5,176061.2,179854.3,36012.5,162056.7,101766.4,94763.3,161215.7,171587.9,94587.9,173901.3,164535.2,159673.0,150873.9,3236.2,158337.5,156713.9,151166.4,159904.5,151969.9,145645.9,99794.8,100527.5,164681.1,162031.5,91297.6,153801.8,162612.6,152258.0,205441.0,54523.5,155489.6,151253.9,101862.1,41688.9,110034.3,154393.1,151038.0,162160.5,46515.5,162127.2,164571.4,0.0,99975.6,104024.2,163345.3,162405.0,100853.2,54953.6,100485.6,162307.9,161916.5,218135.5,162080.4,145658.2,144483.4,176385.2,54680.9,108424.8,89993.7,98564.6,154452.8,5928.3,150707.5,98958.5,145103.3,193146.2,207347.2,101533.4,164589.1,121815.7,94424.3,153227.4,148293.4,176185.4,101159.3,179567.4,145635.8,145977.0,99985.2,178123.2,102389.5,162397.8,29.1,101935.6,206714.5,206338.9,161570.6,161805.7,162088.7,163052.4
"Tonningsgata, 6783 Stryn",111698.3,91453.5,11111.8,11828.4,150123.9,86021.4,144949.6,125846.0,150708.1,150701.8,114918.5,150789.6,78155.6,46467.5,99939.4,106364.6,118519.9,101420.8,17151.1,136630.9,125961.9,114640.5,118907.2,99297.1,247.6,125851.7,90514.5,135281.3,107080.9,137737.6,115695.4,58119.8,66154.0,129317.5,134060.6,125449.6,125458.7,123293.8,45879.1,125979.2,78736.7,125867.9,125559.2,46337.8,112774.3,99877.7,121606.3,114715.2,106799.8,136614.4,65552.1,125760.0,126021.2,46417.7,62512.9,118211.5,128271.1,136372.4,46250.9,45994.4,126195.1,125958.4,99918.0,65624.0,46067.0,30004.8,126100.8,125974.7,126155.4,416.8,140440.2,98696.2,50370.9,28873.8,104093.4,11082.7,128605.2,97934.5,139868.3,143621.1,92801.9,125823.5,65808.3,57209.8,124982.5,131147.1,57034.4,106635.2,128302.0,123439.7,114640.6,96928.2,122104.3,120480.7,118806.1,123671.2,115736.7,78379.9,357.8,90507.9,128447.8,125798.2,87090.5,117568.6,126379.4,116024.8,139534.5,45775.3,119256.3,115020.7,65419.2,82330.9,105827.1,118159.8,114804.8,125927.2,109565.8,125893.9,107436.8,99954.7,0.0,45808.4,127112.1,126171.7,90833.6,45703.5,90465.9,126074.7,125683.2,181942.5,125847.1,78392.1,108250.1,140151.9,111470.3,104217.7,22727.6,64376.6,118219.5,105574.2,114474.2,88938.9,77837.2,156953.2,124925.7,91513.8,107454.5,85582.4,57331.1,116994.1,112060.2,139952.1,91139.6,136389.0,78369.7,78711.0,63.4,141889.9,92369.9,126164.5,99925.6,65604.8,140808.0,140432.4,125337.4,125572.5,125855.4,126819.1
"Innviksvegen, 6793 Innvik",156033.6,135788.9,35090.5,35217.5,194459.3,130356.7,189284.9,170181.3,195043.5,195037.2,159253.9,195125.0,82226.5,50072.6,144274.8,150699.9,162855.2,105491.6,28121.6,180966.2,170297.3,158975.9,122978.1,143632.5,44990.5,170187.0,134849.8,179616.6,152135.4,182073.0,160030.8,102455.2,110489.4,173652.9,178395.9,169784.9,169794.1,167629.1,49484.3,170314.6,123072.1,170203.3,169894.5,49942.9,157109.6,144213.0,165941.6,159050.5,151135.1,180949.8,109887.5,170095.4,170356.5,50022.9,106848.2,162546.9,172606.5,180707.7,49856.0,49599.6,170530.5,170293.7,103988.8,109959.4,49672.2,74340.2,170436.2,170310.0,170490.8,45144.5,184775.6,143031.5,94706.2,73928.3,148428.8,34188.3,132676.1,142269.8,184203.6,187956.4,96872.7,170158.8,110143.6,101545.1,169317.8,175482.5,101369.7,150970.6,172637.3,167775.1,158976.0,100999.1,166439.6,164816.0,163141.4,168006.6,160072.1,122715.2,44928.6,134843.2,172783.2,170133.6,131425.8,161903.9,170714.7,160360.1,183869.8,50381.6,163591.7,159356.0,109754.5,86401.8,150162.5,162495.2,159140.1,170262.6,113636.6,170229.3,152491.3,104025.5,45109.5,0.0,171447.4,170507.1,135168.9,49308.7,134801.3,170410.1,170018.6,226277.9,170182.5,122727.5,152585.5,184487.3,115541.1,148553.1,67063.0,108711.9,162554.9,109645.0,158809.6,133274.3,122172.6,201288.6,169261.0,135849.2,152508.9,129917.8,101666.5,161329.5,156395.5,184287.4,135475.0,180724.3,122705.1,123046.3,45174.8,186225.3,136705.3,170499.9,103996.4,109940.1,185143.3,184767.8,169672.7,169907.8,170190.8,171154.5
"Skateflukaia, 6002 Ålesund",18271.7,44642.2,137509.2,138225.9,47554.1,71280.8,23207.7,932.6,48138.3,48132.0,12374.9,48219.8,123919.2,129947.2,35896.3,30773.4,29337.8,146708.2,143548.5,40749.1,1910.5,13575.3,136101.4,37493.6,127062.6,1294.9,46068.4,13539.4,85237.6,35167.8,26513.3,71130.2,62000.6,26450.3,12318.7,1969.8,2149.6,4150.8,129358.8,799.3,63996.1,1816.5,1799.6,129817.5,16138.3,35756.4,6504.8,12675.0,30215.5,14872.5,61985.7,1885.9,1079.3,129897.4,68003.2,29029.4,2133.0,40490.6,129730.6,129474.1,583.4,820.2,145205.4,62053.1,129546.8,112217.0,813.6,803.9,2104.0,127272.3,18698.3,66468.9,86413.5,155269.5,71866.1,137480.1,145799.4,59569.1,37298.4,21879.2,109440.2,1772.0,61690.6,72185.1,2201.8,32527.7,72686.0,30423.3,2163.8,4491.8,13352.7,142215.6,7002.8,6926.6,18297.2,4325.0,26554.6,63639.3,127056.4,46061.8,2309.7,1459.5,54863.1,28386.5,732.7,12649.8,66380.8,128498.1,8567.6,12467.9,61783.0,165053.7,73599.8,9351.4,12413.5,1875.8,126759.9,1618.2,85593.5,145242.1,127237.3,172205.8,0.0,2120.3,46192.7,129183.2,47443.6,1037.4,1959.1,79372.7,2123.0,63651.5,18878.6,18410.0,92978.8,71990.4,104587.3,65195.1,29037.4,150861.6,13660.8,48856.5,62208.4,54383.4,68287.0,44990.1,85611.1,41621.3,71900.8,10730.9,16637.6,18210.2,46832.3,40507.2,63629.1,63481.4,127246.9,20148.1,44235.9,2113.1,145213.0,61597.4,67654.3,67278.7,1817.3,1925.5,1804.0,292.9
SKANSEKAIA 4A,17346.8,43717.2,136584.3,137300.9,46629.2,70355.8,22282.8,848.5,47213.4,47207.0,11449.9,47294.8,122994.3,129022.2,34971.3,29848.4,28412.8,145783.2,142623.6,39824.2,304.5,12650.4,135176.5,36568.7,126137.7,854.2,45143.5,12614.4,84312.6,34242.9,25588.4,70205.2,61075.7,25525.3,11393.8,717.3,897.1,3225.8,128433.9,981.8,63071.2,502.4,582.6,128892.6,15213.4,34831.5,5579.8,11750.0,29290.5,13947.6,61060.7,783.5,1023.7,128972.5,67078.2,28104.5,3273.7,39565.7,128805.7,128549.2,1197.7,960.9,144280.4,61128.1,128621.8,111292.1,1103.4,977.2,234.0,126347.3,17773.4,65543.9,85488.6,154344.6,70941.1,136555.2,144874.5,58644.1,36373.5,20954.2,108515.3,467.5,60765.7,71260.1,1131.6,31602.7,71761.1,29498.4,3304.5,3566.9,12427.8,141290.7,6077.8,6001.7,17372.3,3400.1,25629.7,62714.3,126131.5,45136.9,3450.4,655.1,53938.2,27461.5,1381.9,11724.9,65455.8,127573.2,7642.7,11543.0,60858.1,164128.8,72674.9,8426.4,11488.6,281.0,125835.0,990.7,84668.5,144317.1,126312.3,171280.9,2114.6,0.0,45267.8,128258.3,46518.7,1077.3,573.7,78447.7,575.0,62726.6,17953.7,17485.1,92053.9,71065.4,103662.4,64270.2,28112.5,149936.6,12735.9,47931.6,61283.4,53458.4,67362.0,44065.1,84686.2,40696.4,70975.9,9806.0,15712.7,17285.3,45907.4,39582.3,62704.2,62556.5,126321.9,19223.1,43311.0,243.1,144288.0,60672.5,66729.3,66353.8,892.4,780.0,499.4,1821.7
"Søvika, 6065 Ulsteinvik",31097.0,2411.6,101094.6,101811.2,69482.4,87315.4,64348.3,45244.7,70066.6,70060.2,34317.3,70148.0,79520.0,93532.5,10897.5,46808.0,33513.8,102308.9,107133.9,62974.8,45360.7,34039.2,91702.2,53528.3,90648.0,45250.4,545.1,54680.0,107463.2,57096.0,30689.4,32742.8,33016.5,48675.9,53459.3,44848.3,44857.4,42692.5,92944.2,45377.9,80030.8,45266.6,44957.9,93402.9,32173.0,10835.8,41005.0,34113.9,46250.1,56013.1,32454.8,45158.7,45419.9,93482.8,29615.8,33205.5,47669.8,62716.3,93316.0,93059.5,45593.8,45357.1,100806.1,32607.3,93132.1,71358.8,45499.5,45373.4,45554.2,90857.6,59838.9,22069.6,91724.9,119641.5,27466.8,101065.5,101400.2,81794.8,59226.7,63019.8,65041.0,45222.2,32670.7,33797.7,44381.2,54753.3,34298.7,46458.0,47700.7,42838.4,34039.3,97816.4,41503.0,39879.4,34331.8,43069.9,30730.7,79673.9,90641.8,538.5,47846.5,45197.0,10463.9,32562.5,45778.1,35423.5,88606.4,92083.5,38655.0,34419.4,32766.4,128639.1,29200.6,37558.5,34203.5,45325.9,82360.7,45292.6,107819.1,100842.8,90822.6,135791.2,46510.8,45570.4,0.0,92768.6,734.2,45473.4,45081.9,101300.9,45245.8,79686.2,27648.8,59550.6,48579.6,27591.1,68172.6,30625.6,33213.5,106462.3,33872.9,4457.3,78243.0,76311.6,90512.6,1311.1,107836.8,52720.1,33513.4,36392.8,31458.9,59350.8,639.6,62732.9,79663.8,79516.1,90832.2,61288.7,2534.0,45563.2,100813.7,32840.0,89879.9,89504.4,44736.1,44971.2,45254.1,46217.8
Nordfjord hotell,94174.9,71885.0,55994.5,56711.2,132560.3,99034.4,127426.2,108322.6,133144.5,133138.2,97395.2,133226.0,33186.2,1032.4,80370.9,119377.6,100996.5,56451.4,62033.9,126052.7,108438.6,97117.2,73937.9,112310.1,45547.9,108328.3,70945.9,117757.9,109962.5,120174.0,98172.1,39275.4,48355.5,111753.9,116537.2,107926.2,107935.3,105770.4,444.0,108455.9,91749.7,108344.6,108035.8,743.5,95250.9,80309.1,104082.9,97191.8,119812.8,119091.1,47793.9,108236.7,108497.8,823.4,42944.3,100688.2,110747.8,125794.2,815.8,559.3,108671.8,108435.0,54948.6,47946.4,549.2,43017.8,108577.5,108451.3,108632.1,45757.6,122916.9,79127.6,63383.9,74541.4,84524.9,55965.4,83635.8,110947.5,122304.6,126097.7,47832.5,108300.1,48009.7,41006.6,107459.1,117831.3,40831.2,119648.2,110778.6,105916.4,97117.3,51958.8,104580.9,102957.3,97409.8,106147.9,98213.3,91392.8,45541.7,70939.3,110924.5,108274.9,67521.9,100045.2,108856.0,98501.4,151684.4,1341.4,101733.0,97497.3,48105.5,37361.6,86258.6,100636.5,97281.4,108403.9,64596.4,108370.6,110318.4,54985.3,45722.6,49316.8,109588.7,108648.4,71265.0,0.0,70897.4,108551.3,108159.9,164378.9,108323.8,91405.1,90726.8,122628.6,66500.9,84649.2,35740.6,44808.0,100696.2,60604.8,96950.8,69370.4,90850.2,139389.6,153590.6,71945.2,110336.0,68059.1,40667.7,99470.8,94536.8,122428.7,71571.1,125810.8,91382.7,91724.0,45732.2,124366.6,72801.3,108641.2,54956.2,48179.0,152957.9,152582.4,107814.0,108049.1,108332.0,109295.8
Quality Hotel Ulstein,32320.3,3635.0,100643.5,101360.1,70705.7,88538.7,65571.6,46468.0,71289.9,71283.5,35540.6,71371.4,79068.9,93081.4,12120.9,48031.3,34737.2,101857.9,106682.8,64198.1,46584.0,35262.5,91251.1,54751.6,90196.9,46473.7,416.6,55903.3,108686.5,58319.4,31912.7,32291.7,32565.4,49899.3,54682.6,46071.6,46080.7,43915.8,92493.1,46601.2,81254.1,46490.0,46181.2,92951.8,33396.3,12059.1,42228.3,35337.2,47473.5,57236.5,32003.7,46382.1,46643.2,93031.7,29164.7,34428.8,48893.2,63939.6,92864.9,92608.4,46817.2,46580.4,100355.0,32156.3,92681.0,70907.7,46722.9,46596.7,46777.5,90406.5,61062.3,21618.5,91273.8,119190.4,27015.8,100614.4,100949.1,83018.1,60450.0,64243.1,64589.9,46445.5,32219.6,33346.6,45604.5,55976.7,33847.6,47681.3,48924.0,44061.8,35262.6,97365.3,42726.3,41102.7,35555.2,44293.2,31954.0,80897.2,90190.7,410.0,49069.9,46420.3,10012.8,33785.9,47001.4,36646.8,89829.8,91632.4,39878.4,35642.7,32315.4,128188.0,28749.5,38781.8,35426.8,46549.2,81909.6,46515.9,109042.4,100391.7,90371.6,135340.1,47734.1,46793.8,735.7,92317.5,0.0,46696.7,46305.2,102524.2,46469.1,80909.5,28872.2,60773.9,48128.5,27140.1,67721.6,30174.5,34436.8,106011.3,35096.2,4006.2,79466.3,77534.9,91736.0,1864.1,109060.1,52269.0,33062.4,37616.1,32682.2,60574.1,1041.8,63956.2,80887.1,80739.4,90381.1,62512.0,4551.3,46786.5,100362.6,32388.9,91103.3,90727.7,45959.4,46194.5,46477.4,47441.2
Quality Hotel Waterfront,17234.4,43604.8,136471.9,137188.5,46516.8,70243.4,22170.3,339.3,47101.0,47094.6,11337.5,47182.4,122881.9,128909.8,34858.9,29736.0,28300.4,145670.8,142511.2,39711.8,873.2,12537.9,135064.1,36456.3,126025.3,257.5,45031.1,12502.0,84200.2,34130.4,25476.0,70092.8,60963.2,25412.9,11281.3,932.4,1112.3,3113.4,128321.5,444.0,62958.8,779.1,762.2,128780.2,15101.0,34719.1,5467.4,11637.6,29178.1,13835.2,60948.3,848.6,356.5,128860.1,66965.8,27992.1,2196.4,39453.3,128693.3,128436.8,660.0,423.2,144168.0,61015.7,128509.4,111179.7,565.7,439.5,1066.7,126234.9,17661.0,65431.5,85376.2,154232.2,70828.7,136442.8,144762.0,58531.7,36261.1,20841.8,108402.9,734.7,60653.2,71147.7,1164.4,31490.3,71648.7,29386.0,2227.3,3454.5,12315.3,141178.2,5965.4,5889.3,17259.8,3287.7,25517.2,62601.9,126019.1,45024.5,2373.1,422.1,53825.8,27349.1,304.7,11612.5,65343.4,127460.8,7530.3,11430.6,60745.7,164016.4,72562.5,8314.0,11376.2,838.4,125722.6,580.9,84556.1,144204.7,126199.9,171168.4,1037.4,1082.9,45155.3,128145.9,46406.2,0.0,921.8,78335.3,1085.7,62614.2,17841.3,17372.7,91941.4,70953.0,103549.9,64157.8,28000.1,149824.2,12623.4,47819.1,61171.0,53346.0,67249.6,43952.7,84573.7,40584.0,70863.4,9693.6,15600.3,17172.8,45795.0,39469.9,62591.7,62444.1,126209.5,19110.7,43198.6,1075.7,144175.6,60560.1,66616.9,66241.4,779.9,888.1,766.6,744.4
KONGENS GATE 6,16874.6,43245.0,136112.1,136828.7,46157.0,69883.6,21810.5,696.5,46741.2,46734.8,10977.7,46822.6,122522.1,128550.0,34499.1,29376.2,27940.6,145311.0,142151.4,39352.0,269.2,12178.1,134704.3,36096.5,125665.5,702.2,44671.3,12142.2,83840.4,33770.7,25116.2,69733.0,60603.4,25053.1,10921.6,294.3,474.1,2753.6,127961.7,829.8,62599.0,561.8,159.6,128420.4,14741.2,34359.3,5107.6,11277.8,28818.3,13475.4,60588.5,360.4,871.7,128500.3,66606.0,27632.3,3121.7,39093.5,128333.5,128077.0,1045.7,808.9,143808.2,60655.9,128149.6,110819.9,951.4,825.2,557.4,125875.1,17301.2,65071.7,85016.4,153872.4,70468.9,136083.0,144402.3,58171.9,35901.3,20482.0,108043.1,528.4,60293.4,70787.9,708.6,31130.5,71288.9,29026.2,3152.5,3094.7,11955.6,140818.5,5605.6,5529.5,16900.0,2927.9,25157.5,62242.1,125659.3,44664.7,3298.4,503.2,53466.0,26989.3,1230.0,11252.7,64983.6,127101.0,7170.5,11070.8,60385.9,163656.6,72202.7,7954.2,11016.4,340.4,125362.8,838.7,84196.3,143844.9,125840.1,170808.7,1962.6,573.7,44795.6,127786.1,46046.4,925.3,0.0,77975.5,314.6,62254.4,17481.5,17012.9,91581.7,70593.2,103190.2,63798.0,27640.3,149464.4,12263.7,47459.4,60811.2,52986.2,66889.8,43592.9,84214.0,40224.2,70503.7,9333.8,15240.5,16813.1,45435.2,39110.1,62232.0,62084.3,125849.7,18750.9,42838.8,566.5,143815.8,60200.3,66257.1,65881.6,740.4,356.9,560.3,1669.7
"Remmemsvik, 6264 Tennfjord",72964.2,99334.7,192369.1,193085.8,57028.4,116536.7,89741.0,77980.2,32536.0,32368.3,67377.0,32280.5,178611.7,184639.7,90588.8,76029.3,84030.3,201400.7,198408.5,65077.8,78096.1,67566.1,190793.9,82749.6,181922.6,77985.9,100760.9,80072.7,109566.2,44642.0,81205.8,125822.7,116693.1,53229.2,67544.1,77583.8,77592.9,74972.4,184051.4,78113.4,109252.1,78002.1,77693.4,184510.0,70830.8,90448.9,73284.9,67557.3,75471.4,81405.9,116678.2,77894.2,78155.3,184589.9,122695.7,83721.9,80405.3,64819.3,184423.1,184166.6,78329.3,78092.5,199897.9,116745.6,184239.3,157473.0,78235.0,78108.8,78289.6,182132.2,85231.7,121161.4,131669.5,179598.2,126558.6,192340.1,200491.9,83897.8,46772.7,88412.5,164132.7,77957.7,116383.1,126877.6,77116.7,54989.4,127378.6,75679.3,80436.2,75118.3,67343.5,196908.1,73782.9,72568.3,72989.7,75349.8,81247.1,108895.2,181916.4,100754.3,80582.0,77932.4,109555.6,83079.0,78513.6,66276.2,82685.7,183190.6,71982.6,67160.4,116475.5,219746.2,128292.3,70247.5,68247.9,78061.4,181452.4,78028.1,109922.1,199934.6,182097.2,227065.7,79246.3,78305.9,100885.2,183875.8,102136.1,78208.9,77817.4,0.0,77981.3,108907.5,73571.1,61193.1,147671.3,126682.9,159447.2,119887.6,83729.9,205554.1,67449.9,103549.0,107464.3,24986.5,92615.7,99682.6,109939.8,96313.8,126593.3,69633.4,71330.1,84743.5,101524.8,64835.9,108885.1,108737.4,182106.8,86681.4,98928.4,78298.7,199905.5,116290.0,81599.3,82437.0,77471.6,77706.6,77989.6,78953.3
"Storgata 16, 6002 Ålesund",17038.5,43408.9,136276.0,136992.6,46320.9,70047.5,21974.5,860.4,46905.1,46898.7,11141.6,46986.5,122686.0,128714.0,34663.0,29540.1,28104.5,145474.9,142315.3,39515.9,270.5,12342.1,134868.2,36260.4,125829.4,866.2,44835.2,12306.1,84004.3,33934.6,25280.1,69896.9,60767.4,25217.0,11085.5,458.2,638.0,2917.5,128125.6,993.7,62762.9,563.1,323.5,128584.3,14905.1,34523.2,5271.5,11441.7,28982.3,13639.3,60752.4,524.3,1035.6,128664.2,66769.9,27796.2,3285.6,39257.4,128497.4,128240.9,1209.6,972.8,143972.1,60819.8,128313.5,110983.8,1115.3,989.1,558.7,126039.0,17465.1,65235.6,85180.3,154036.3,70632.8,136246.9,144566.2,58335.8,36065.2,20645.9,108207.0,528.2,60457.4,70951.8,872.5,31294.4,71452.8,29190.1,3316.5,3258.6,12119.5,140982.4,5769.5,5693.4,17064.0,3091.8,25321.4,62406.0,125823.2,44828.6,3462.3,667.1,53629.9,27153.2,1393.9,11416.6,65147.5,127264.9,7334.4,11234.7,60549.8,163820.5,72366.6,8118.1,11180.3,341.7,125526.7,1002.6,84360.2,144008.8,126004.0,170972.6,2126.5,575.0,44959.5,127950.0,46210.3,1089.2,314.6,78139.4,0.0,62418.3,17645.4,17176.8,91745.6,70757.1,103354.1,63961.9,27804.2,149628.3,12427.6,47623.3,60975.1,53150.1,67053.7,43756.8,84377.9,40388.1,70667.6,9497.7,15404.4,16977.0,45599.1,39274.0,62395.9,62248.2,126013.6,18914.8,43002.7,567.8,143979.7,60364.2,66421.0,66045.5,904.3,520.8,560.1,1833.6
"Stranda, 6200 Stranda",51730.3,78100.7,88720.9,89437.5,76972.0,8887.4,81379.3,62275.7,77556.2,77549.9,51348.2,77637.7,123850.6,92162.4,69354.8,33212.6,62796.3,147115.7,94760.2,38632.5,62391.6,51070.2,164602.2,26145.2,78274.3,62281.4,79527.0,71711.0,18633.6,64585.7,59971.9,87059.1,95093.3,56165.6,70490.3,61879.3,61888.4,59723.5,91574.0,62408.9,344.6,62297.6,61988.9,92032.7,47878.6,69215.0,58036.0,51144.9,33647.8,73044.1,94491.4,62189.7,62450.9,92112.6,91452.2,62488.0,64700.8,38860.6,91945.8,91689.3,62624.8,62388.0,145612.9,94563.3,91761.9,53824.7,62530.5,62404.4,62585.1,78483.9,76869.9,127635.5,28021.2,107267.8,133032.7,88691.8,174300.2,19618.6,66716.3,80050.8,138496.8,62253.2,94747.6,86149.1,61412.2,57995.2,85973.7,33483.2,64731.7,59869.4,51070.3,142623.1,58534.0,56910.4,45654.1,60100.9,60013.2,284.0,78268.1,79520.4,64877.5,62227.9,116029.8,61845.0,62809.1,52454.5,61218.6,91470.3,55686.0,51450.4,94358.5,128025.9,134766.5,54589.5,51234.5,62356.9,155260.7,62323.6,18989.5,145649.6,78448.9,123417.5,63541.8,62601.4,79651.3,91398.4,80902.1,62504.4,62112.9,108790.6,62276.8,0.0,52337.2,73162.3,137252.7,133157.0,55799.0,93315.9,62496.0,151269.1,50903.9,82315.1,2097.8,83801.3,46609.8,78448.6,19007.2,64407.4,86270.4,53423.8,48346.1,76381.8,80290.9,38703.3,22.4,1027.6,78458.5,78319.6,77694.5,62594.2,145620.5,94544.1,62492.1,62116.6,61767.1,62002.2,62285.1,63248.8
SOLAVÅGSEIDET 76,3448.1,25763.5,118630.6,119347.2,41833.5,59666.6,36699.5,17595.8,42417.7,42411.4,6668.4,42499.2,105040.6,111068.6,17017.7,19159.2,10459.2,127829.6,124669.9,35325.9,17711.8,6390.4,117222.8,25879.4,108184.0,17601.5,27189.8,27031.1,79814.4,29447.2,7634.7,52251.6,43122.0,21027.1,25810.5,17199.4,17208.6,15043.7,110480.2,17729.1,52382.0,17617.8,17309.1,110938.9,4524.1,16877.8,13356.1,6465.0,18601.3,28364.3,43107.0,17509.9,17771.0,111018.8,49124.6,10150.8,20021.0,35067.5,110852.0,110595.5,17945.0,17708.2,126326.7,43174.5,110668.1,88894.9,17850.7,17724.5,17905.3,108393.7,32190.1,47590.2,74799.4,137177.5,52987.5,118601.5,126920.8,54145.9,31577.9,35370.9,90561.6,17573.3,42812.0,53306.4,16732.4,27104.5,53807.4,18809.1,20051.8,15189.6,6390.5,123337.0,13854.2,12230.5,6683.0,15421.1,7676.0,52025.1,108177.8,27183.2,20197.7,17548.1,35984.5,9507.9,18129.3,7774.7,60957.6,109619.5,11006.2,6770.5,42904.4,146175.1,54721.2,9909.7,6554.6,17677.1,107881.3,17643.8,80170.3,126363.4,108358.7,153327.2,18861.9,17921.6,27314.1,110304.6,28565.0,17824.6,17433.1,73652.1,17597.0,52037.3,0.0,31901.8,74100.2,53111.8,85708.7,46316.5,10158.8,131983.0,6224.1,29977.9,50594.2,48662.8,62863.8,26111.5,80187.9,22742.7,53022.2,8744.0,3810.1,31702.0,27953.7,35084.0,52014.9,51867.3,108368.2,33639.8,25357.3,17914.4,126334.4,42718.8,62231.1,61855.6,17087.3,17322.3,17605.3,18569.0
Spar Ellingsøy,31318.0,57688.4,156761.6,157478.2,29417.6,80929.2,28821.4,17060.5,30001.8,29995.5,25421.1,30083.3,136965.5,142993.4,48942.5,40421.7,42384.0,159754.4,162800.9,29470.2,17176.5,26621.5,149147.7,47142.0,146315.0,17066.2,59114.7,19153.1,73958.6,17031.3,39559.6,84176.4,75046.8,17621.6,6624.5,16664.1,16673.3,17197.0,142405.1,17193.8,73644.5,17082.5,16773.7,142863.8,29184.6,48802.7,19551.0,25721.2,39863.9,20486.2,75031.9,16974.6,17235.7,142943.7,81049.4,42075.7,19485.7,29211.7,142776.9,142520.4,17409.7,17172.9,158251.6,75099.3,142593.0,121865.4,17315.4,17189.2,17370.0,146524.6,24312.0,79515.1,96061.9,143990.6,84912.3,156732.5,158845.6,48290.2,19161.9,27492.9,122486.5,17038.0,74736.8,85231.3,16197.0,19381.8,85732.3,40071.7,19516.5,17538.1,26398.9,155261.9,20049.0,19972.9,31343.4,17371.3,39600.8,73287.6,146308.8,59108.1,19662.4,17012.8,67909.4,41432.7,17593.9,25696.1,55101.9,141544.4,21613.9,25514.2,74829.3,178100.0,86646.1,22397.6,25459.8,17141.8,139806.2,17108.5,74314.6,158288.3,146489.6,191458.1,18326.6,17386.3,59239.0,142229.5,60489.8,17289.3,16897.8,61236.1,17061.7,73299.9,31924.9,0.0,106025.0,85036.6,123839.6,78241.4,42083.7,163907.8,26707.1,61902.7,71856.8,36246.9,57008.1,58036.3,74332.2,54667.6,84947.1,23777.2,29683.9,23823.9,59878.6,29228.3,73277.5,73129.8,146499.2,25761.7,57282.2,17379.1,158259.2,74643.7,56375.4,55999.8,16551.9,16787.0,17070.0,18033.7
Spar Fiskåbygd,77878.5,49193.1,121748.7,122465.4,116263.9,144844.0,111129.8,92026.2,116848.1,116841.7,81098.7,116929.5,33316.8,65633.3,57679.0,111752.2,80295.3,56105.7,127788.0,109756.3,92142.1,80820.7,45499.0,117253.2,111302.1,92031.9,48254.1,101461.5,155772.1,103877.5,77470.9,50211.4,59291.6,95457.4,100240.8,91629.8,91638.9,89474.0,66020.1,92159.4,137559.4,92048.1,91739.4,66689.4,78954.5,57617.3,87786.5,80895.4,112187.5,102794.6,58729.9,91940.2,92201.3,66769.3,53880.4,79987.0,94451.3,109497.8,65854.1,66346.0,92375.3,92138.5,54602.9,58882.4,66040.7,88827.5,92281.0,92154.9,92335.6,111511.8,106620.4,26702.1,109193.5,140295.6,21206.8,121719.6,55197.0,128576.2,106008.2,109801.3,18837.8,92003.7,58945.8,51942.7,91162.7,101534.8,51767.3,112022.9,94482.2,89619.9,80820.8,51613.2,88284.5,86660.9,81113.3,89851.4,77512.2,137202.5,111295.9,48247.5,94628.0,91978.4,39017.6,79344.0,92559.6,82205.0,135387.9,66024.6,85436.5,81200.8,59041.5,72871.9,57754.3,84340.0,80984.9,92107.4,36157.5,92074.1,156128.0,54639.6,111476.8,115525.3,93292.3,92351.9,48573.2,66454.8,48205.5,92254.9,91863.4,148082.4,92027.3,137214.8,74430.3,106332.1,0.0,56144.8,101494.8,55744.1,79995.0,60259.1,80654.4,46678.5,136659.9,123093.1,137294.1,49253.4,156145.7,78995.2,51603.8,83174.3,78240.4,106132.3,48879.2,109514.4,137192.4,137533.6,111486.4,108070.1,50109.5,92344.7,54610.5,59115.1,136661.4,136285.9,91517.6,91752.7,92035.6,92999.3
Spar Fosnavåg,56889.9,28204.5,114365.5,115082.2,95275.3,140646.4,90141.2,71037.6,95859.5,95853.1,60110.1,95940.9,87070.8,106803.5,36690.4,72600.9,59306.7,109859.8,120404.9,88767.7,71153.5,59832.1,99253.1,79321.2,103918.9,71043.3,27265.5,80472.9,133256.1,82888.9,56482.3,46013.8,46287.4,74468.8,79252.2,70641.1,70650.3,68485.4,106215.1,71170.8,133361.7,71059.5,70750.8,106673.8,57965.9,36628.7,66797.9,59906.8,72043.0,81806.0,45725.8,70951.6,71212.7,106753.7,42886.8,58998.4,73462.7,88509.2,106586.9,106330.4,71386.7,71149.9,108357.0,45878.3,106403.1,84629.8,71292.4,71166.3,71347.0,104128.6,85631.8,29620.5,104995.9,132912.4,35017.7,114336.4,108951.0,107587.6,85019.6,88812.7,72591.8,71015.1,45941.7,47068.7,70174.1,80546.2,47569.6,72250.8,73493.6,68631.3,59832.2,105367.2,67295.9,65672.3,60124.7,68862.8,56523.6,133004.8,103912.7,27258.9,73639.4,70989.8,17679.1,58355.4,71571.0,61216.4,114399.3,105354.4,64447.9,60212.2,46037.4,141910.0,1642.5,63351.4,59996.3,71118.8,89911.6,71085.5,133612.0,108393.7,104093.6,149062.1,72303.6,71363.3,27584.6,106039.6,27216.9,71266.3,70874.8,127093.8,71038.7,133017.1,53441.7,85343.5,56130.4,0.0,81443.6,43896.6,59006.4,114013.2,59665.8,25689.9,132462.2,102104.5,116305.5,28264.8,133629.7,65991.0,46784.4,62185.7,57251.8,85143.7,27890.6,88525.8,132994.7,133335.9,104103.2,87081.6,29120.9,71356.1,108364.6,46110.9,115672.8,115297.3,70529.0,70764.1,71047.0,72010.7
Spar Hornindal,89087.7,68843.0,33039.0,33755.6,127513.4,63410.8,122339.0,103235.4,128097.6,128091.2,92308.0,128179.1,68168.6,36480.5,77328.9,83754.0,95909.3,91433.8,39078.3,114020.3,103351.4,92030.0,108920.3,76686.6,22592.4,103241.1,67903.9,112670.7,74338.9,115127.1,93084.8,35509.3,43543.4,106707.0,111450.0,102839.0,102848.1,100683.2,35892.1,103368.7,56126.2,103257.4,102948.6,36350.8,90163.7,77267.1,98995.7,92104.6,84189.2,114003.9,42941.5,103149.5,103410.6,36430.7,39902.3,95601.0,105660.6,113761.8,36263.9,36007.4,103584.6,103347.8,89931.0,43013.5,36080.0,7394.2,103490.3,103364.1,103544.9,22802.0,117829.7,76085.6,27760.3,51585.9,81482.8,33009.9,118618.2,75323.9,117257.7,121010.5,82814.9,103212.9,43197.7,34599.2,102371.9,108536.6,34423.8,84024.6,105691.4,100829.2,92030.0,86941.2,99493.7,97870.1,96195.5,101060.6,93126.1,55769.3,22586.2,67897.3,105837.3,103187.7,64479.9,94958.0,103768.8,93414.2,116923.9,35788.4,96645.8,92410.1,42808.6,72344.0,83216.6,95549.2,92194.2,103316.7,99578.8,103283.4,74694.8,89967.7,22767.1,67735.6,104501.5,103561.2,68223.0,35716.5,67855.3,103464.1,103072.6,159331.9,103236.6,55781.5,85639.6,117541.3,101483.3,81607.1,0.0,41766.0,95609.0,95587.2,91863.6,66328.3,55226.7,134342.6,102315.1,68903.2,74712.5,62971.9,34720.5,94383.5,89449.6,117341.5,68529.1,113778.4,55759.1,56100.4,22776.6,119279.4,69759.3,103553.9,89938.6,42994.2,118197.4,117821.9,102726.8,102961.9,103244.8,104208.6
Spar Hovdebygda,49705.5,31155.9,74679.6,75396.2,88090.9,100960.4,82956.9,63853.2,88675.2,88668.8,52925.8,88756.6,98048.7,67117.5,39641.8,56346.8,56527.1,121313.9,80718.9,81583.4,63969.2,52647.8,98892.6,61847.8,64233.0,63859.0,30216.8,73288.6,111888.5,75704.6,53702.7,6327.8,3886.1,67284.5,72067.9,63456.8,63466.0,61301.1,66529.2,63986.5,93675.8,63875.2,63566.5,66987.9,50781.5,39580.0,59613.6,52722.4,56782.0,74621.7,3324.5,63767.3,64028.4,67067.8,3200.8,56218.8,66278.4,81324.9,66901.0,66644.5,64202.4,63965.6,119811.1,3477.0,66717.1,44943.8,64108.1,63981.9,64162.7,64442.6,78447.5,38398.5,65309.9,93226.5,43795.7,74650.5,108590.6,100403.3,77835.3,81628.4,72231.4,63830.7,3540.4,7382.7,62989.8,73361.9,7883.7,56617.5,66309.3,61447.0,52647.9,116821.3,60111.6,58487.9,52940.4,61678.5,53744.0,93318.9,64226.8,30210.2,66455.1,63805.5,26792.8,55575.8,64386.7,54032.1,107215.0,65668.5,57263.6,53027.9,3636.1,102224.1,45529.5,56167.1,52812.0,63934.5,89551.1,63901.2,112244.4,119847.8,64407.6,109376.1,65119.3,64179.0,30535.9,66353.6,30168.2,64082.0,63690.5,119909.5,63854.4,93331.1,46257.4,78159.2,55770.0,43920.0,41757.6,0.0,56226.8,125467.3,52481.5,28641.2,92776.2,94920.2,109121.2,31216.1,112262.0,23589.7,7098.4,55001.4,50067.5,77959.4,30842.0,81341.5,93308.7,93650.0,64417.2,79897.2,32072.2,64171.8,119818.7,3709.6,108488.5,108113.0,63344.7,63579.7,63862.7,64826.4
Spar Langevåg,13613.0,31302.6,128581.9,129298.5,51998.4,69831.5,46864.4,27760.7,52582.6,52576.3,16833.3,52664.1,110579.6,121019.9,22556.7,29324.1,702.3,133368.6,134621.2,45490.8,27876.7,16555.3,122761.8,36044.3,118135.3,27766.4,32728.8,37196.0,89979.3,39612.1,2604.8,62202.8,53073.3,31192.0,35975.4,27364.3,27373.5,25208.6,120431.5,27894.0,62546.9,27782.7,27473.9,120890.2,14689.0,22416.8,23521.0,16629.9,28766.2,38529.2,53058.3,27674.8,27935.9,120970.1,59075.8,8.0,30185.9,45232.4,120803.3,120546.8,28109.9,27873.1,131865.8,53125.7,120619.4,98846.1,28015.6,27889.4,28070.2,118344.9,42355.0,53129.3,84964.3,147128.8,58526.5,128552.8,132459.8,64310.8,41742.8,45535.8,96100.6,27738.2,52763.3,63257.7,26897.3,37269.4,63758.7,28974.0,30216.7,25354.5,16555.4,128876.0,24019.0,22395.4,16847.9,25586.0,2646.1,62190.0,118129.1,32722.2,30362.6,27713.0,41523.5,664.0,28294.1,17939.6,71122.5,119570.8,21171.1,16935.4,52855.7,156126.4,60260.2,20074.6,16719.5,27842.0,113420.4,27808.7,90335.2,131902.5,118310.0,163278.5,29026.8,28086.5,32853.1,120255.9,34104.0,27989.5,27598.0,83817.0,27761.9,62202.2,10164.9,42066.7,79639.2,58650.8,95660.0,56267.8,0.0,137522.0,16389.0,35516.9,60759.1,58827.7,73028.7,31650.5,90352.8,32694.0,62973.5,18908.9,13975.0,41866.9,33492.8,45248.9,62179.8,62032.2,118319.5,43804.7,30896.3,28079.3,131873.4,52670.1,72396.0,72020.5,27252.2,27487.2,27770.2,28733.9
Spar Raudeberg,153528.2,107069.9,115844.3,116561.0,191913.6,158884.2,186779.6,167675.9,192497.9,192491.5,156748.5,192579.3,27412.4,59728.9,115555.8,179227.4,160349.9,8781.4,121883.6,185406.1,167791.9,156470.5,67714.6,172159.9,105397.7,167681.6,106130.9,177111.2,169812.3,179527.3,157525.4,98628.7,107708.8,171107.2,175890.6,167279.5,167288.7,165123.8,60115.7,167809.2,151599.5,167697.9,167389.2,60785.0,154604.2,115494.0,163436.2,156545.1,179662.6,178444.4,107147.2,167590.0,167851.1,60864.9,102297.7,160041.5,170101.1,185147.6,59949.7,60441.6,168025.1,167788.3,5891.6,107299.7,60136.3,102867.6,167930.8,167804.6,167985.4,105607.4,182270.2,84578.9,123233.7,134391.2,79083.6,115815.2,77412.6,170797.3,181658.0,185451.1,41609.3,167653.4,107363.1,100360.0,166812.5,177184.6,100184.6,179498.0,170131.9,165269.7,156470.6,8833.0,163934.3,162310.6,156763.1,165501.2,157566.7,151242.6,105391.5,106124.2,170277.8,167628.2,96894.3,159398.6,168209.4,157854.8,211037.7,60120.2,161086.3,156850.6,107458.8,46277.8,115631.0,159989.8,156634.7,167757.2,52112.2,167723.9,170168.2,5928.3,105572.4,109620.9,168942.0,168001.7,106450.0,60550.4,106082.3,167904.7,167513.2,223732.2,167677.1,151254.9,150080.1,181981.9,60277.7,114021.6,95590.4,104161.4,160049.5,0.0,156304.2,104555.3,150700.0,198742.9,212943.9,107130.2,170185.8,127412.4,100021.1,158824.1,153890.2,181782.1,106756.0,185164.1,151232.5,151573.8,105582.0,183719.9,107986.3,167994.5,5899.2,107532.3,212311.2,211935.7,167167.4,167402.4,167685.4,168649.1
Spjelkavikvegen 61,5632.3,32002.7,124869.8,125586.4,35580.7,58641.4,31405.4,12301.8,36164.9,36158.6,1178.6,36246.4,111279.8,117307.8,23256.9,18133.9,16698.3,134068.8,130909.1,29073.1,12417.8,166.3,123462.0,24854.2,114423.2,12307.5,33429.0,21737.1,73561.6,23194.4,13873.9,58490.8,49361.2,14774.3,20516.5,11905.4,11914.6,9749.7,116719.4,12435.1,51356.7,12323.8,12015.0,117178.1,3498.9,23117.0,8062.1,1171.0,17576.1,23070.3,49346.2,12215.9,12477.0,117258.0,55363.8,16390.0,14727.0,28814.7,117091.2,116834.7,12651.0,12414.2,132565.9,49413.7,116907.3,99577.6,12556.7,12430.5,12611.3,114632.9,26896.1,53829.4,73774.1,143593.5,59226.7,124840.7,133160.0,47893.1,25325.1,30076.9,96800.8,12279.3,49051.2,59545.6,11438.4,20851.7,60046.6,17783.9,14757.8,9895.6,166.4,129576.2,8560.1,6936.5,5657.8,10127.1,13915.2,50999.8,114417.0,33422.4,14903.7,12254.1,42223.7,15747.0,12835.2,1603.8,54704.8,115858.7,5712.2,1280.7,49143.6,152414.3,60960.4,4615.7,1260.6,12383.1,114120.5,12349.8,73917.5,132602.6,114597.9,159566.4,13567.9,12627.6,33553.3,116543.8,34804.2,12530.6,12139.1,67399.3,12303.0,51012.1,6239.2,26607.8,80339.4,59350.9,91947.9,52555.7,16398.0,138222.1,0.0,36217.1,49568.9,42410.0,56611.0,32350.7,73935.1,28981.9,59261.4,3450.0,3998.2,26408.0,34192.9,28831.2,50989.7,50842.0,114607.4,28345.8,31596.5,12620.4,132573.5,48958.0,55978.3,55602.8,11793.3,12028.3,12311.3,13275.0
Spar Straumane,33739.9,5054.6,99156.5,99873.1,72125.3,89958.4,66991.2,47887.6,72709.5,72703.2,36960.2,72791.0,77581.9,91594.4,13540.5,49451.0,36156.8,100370.8,105195.8,65617.7,48003.6,36682.2,89764.1,56171.2,88709.9,47893.3,4115.5,57322.9,110106.2,59739.0,33332.4,30804.7,31078.4,51318.9,56102.3,47491.2,47500.4,45335.4,91006.1,48020.9,82673.7,47909.6,47600.8,91464.7,34815.9,13478.7,43647.9,36756.8,48893.1,58656.1,30516.7,47801.7,48062.8,91544.7,27677.7,35848.5,50312.8,65359.3,91377.8,91121.4,48236.8,48000.0,98868.0,30669.2,91194.0,69420.7,48142.5,48016.3,48197.1,88919.5,62481.9,20131.5,89786.8,117703.4,25528.7,99127.4,99462.1,84437.7,61869.7,65662.7,63102.9,47865.1,30732.6,31859.6,47024.1,57396.3,32360.6,49100.9,50343.6,45481.4,36682.3,95878.3,44145.9,42522.3,36974.8,45712.9,33373.6,82316.9,88703.7,4108.9,50489.5,47839.9,8525.8,35205.5,48421.0,38066.5,91249.4,90145.4,41298.0,37062.3,30828.3,126701.0,27262.5,40201.5,36846.4,47968.9,80422.6,47935.6,110462.1,98904.7,88884.5,133853.0,49153.7,48213.4,4434.7,90830.5,4067.0,48116.4,47724.9,103943.9,47888.8,82329.1,30291.8,62193.6,46641.4,25653.0,66234.5,28687.5,35856.5,104524.2,36515.9,0.0,80886.0,78954.6,93155.6,5114.9,110479.7,50781.9,31575.3,39035.8,34101.8,61993.8,4740.7,65375.8,82306.7,82159.0,88894.1,63931.6,5971.0,48206.2,98875.6,30901.9,92522.9,92147.4,47379.0,47614.1,47897.1,48860.8
Spar Svingen,50306.2,76676.6,88166.0,88882.6,75547.9,9727.1,79955.2,60851.6,76132.1,76125.8,49924.2,76213.6,123295.7,91607.5,67930.8,31788.5,61372.2,146560.8,94205.3,62054.8,60967.6,49646.1,164047.3,24721.1,77719.4,60857.3,78102.9,70286.9,20655.2,63161.6,58547.8,86504.3,94538.4,54741.5,69066.2,60455.2,60464.3,58299.4,91019.2,60984.8,2442.5,60873.5,60564.8,91477.8,46454.5,67790.9,56611.9,49720.8,32223.7,71620.1,93936.6,60765.6,61026.8,91557.8,90897.3,61063.9,63276.8,61796.3,91390.9,91134.5,61200.8,60964.0,145058.0,94008.5,91207.1,53269.8,61106.4,60980.3,61161.1,77929.1,75445.9,127080.6,27466.4,106712.9,132477.9,88136.9,173745.3,21640.2,65292.2,78626.7,137941.9,60829.1,94192.7,85594.2,59988.1,56571.1,85418.8,32059.2,63307.6,58445.3,49646.2,142068.3,57109.9,55486.3,44230.0,58676.8,58589.1,2085.6,77713.2,78096.3,63453.5,60803.9,115474.9,60420.9,61385.0,51030.4,63240.2,90915.4,54261.9,50026.3,93803.6,127471.0,134211.6,53165.4,49810.4,60932.8,154705.8,60899.5,21011.1,145094.7,77894.1,122862.6,62117.7,61177.4,78227.2,90843.6,79478.1,61080.3,60688.8,107366.5,60852.7,2097.8,50913.1,71738.2,136697.9,132602.1,55244.1,92761.0,61071.9,150714.2,49479.8,80891.0,0.0,82377.2,48631.4,77024.6,21028.7,62983.3,85715.6,51999.7,46922.0,74957.7,78866.8,61812.9,2075.4,1285.4,77903.7,76895.6,76270.4,61170.1,145065.6,93989.2,64513.7,64138.2,60343.0,60578.1,60861.0,61824.8
Spar Søvik,47989.0,74359.5,167394.0,168110.6,32053.2,91561.6,64765.8,53005.0,16463.4,16295.7,42401.8,16207.9,153636.5,159664.5,65613.6,51054.1,59055.1,176425.5,173433.3,40102.6,53121.0,42591.0,165818.8,57774.4,156947.4,53010.7,75785.7,55097.5,84591.1,19666.9,56230.7,100847.5,91717.9,28254.0,42569.0,52608.6,52617.7,49997.2,159076.2,53138.2,84276.9,53026.9,52718.2,159534.9,45855.6,65473.7,48309.7,42582.2,50496.3,56430.7,91703.0,52919.0,53180.2,159614.8,97720.5,58746.8,55430.2,39844.1,159447.9,159191.5,53354.2,53117.4,174922.7,91770.4,159264.1,132497.8,53259.8,53133.7,53314.5,157157.0,60256.5,96186.2,106694.3,154623.0,101583.4,167364.9,175516.7,58922.6,21797.5,63437.3,139157.6,52982.5,91407.9,101902.4,52141.5,30014.2,102403.4,50704.1,55461.0,50143.2,42368.4,171932.9,48807.7,47593.2,48014.5,50374.7,56271.9,83920.0,156941.2,75779.1,55606.9,52957.3,84580.5,58103.8,53538.4,41301.0,57710.5,158215.5,47007.4,42185.3,91500.4,194771.1,103317.1,45272.3,43272.7,53086.2,156477.3,53052.9,84947.0,174959.4,157122.0,202090.6,54271.1,53330.8,75910.0,158900.6,77160.9,53233.7,52842.2,25000.6,53006.1,83932.3,48595.9,36218.0,122696.1,101707.7,134472.1,94912.5,58754.8,180578.9,42474.7,78573.8,82489.2,0.0,67640.5,74707.4,84964.6,71338.6,101618.1,44658.2,46355.0,59768.3,76549.7,39860.7,83909.9,83762.2,157131.6,61706.2,73953.3,53323.5,174930.3,91314.8,56624.1,57461.9,52496.4,52731.5,53014.4,53978.2
Spar Tresfjord,62365.2,88735.7,135233.2,135949.9,37802.9,55399.7,86029.2,66925.6,61424.9,61418.6,56778.0,61506.4,170362.9,138674.7,79989.8,58197.0,73431.3,190801.7,141272.6,27810.9,67041.6,56967.1,180194.9,64917.2,124786.6,66931.3,90161.9,76360.9,52741.4,48454.4,70606.8,115223.7,106094.1,42843.7,63382.0,66529.2,66538.3,64373.4,138086.4,67058.8,46933.2,66947.5,66638.8,138545.0,57800.5,79849.9,62685.9,56958.4,57639.1,77694.1,106079.2,66839.6,67100.8,138625.0,112096.7,73123.0,69350.8,28038.9,138458.1,138201.7,67274.8,67038.0,189298.9,106146.6,138274.3,100337.0,67180.4,67054.3,67235.1,124996.3,81519.9,110562.4,74533.6,122773.3,115959.6,135204.1,189892.9,27072.9,48452.7,84700.7,153533.7,66903.1,105784.1,116278.6,66062.1,37697.2,116779.6,57846.9,69381.6,64519.3,56744.5,186309.1,63183.9,61969.3,55576.0,64750.8,70648.1,46796.4,124780.4,90155.3,69527.5,66877.9,98956.6,72480.0,67459.0,55677.2,12418.2,137982.6,61383.6,56561.4,105876.5,174538.2,117693.3,59648.5,57648.9,67006.8,170853.4,66973.5,53097.3,189335.6,124961.3,169929.8,68191.7,67251.4,90286.2,137910.8,91537.1,67154.3,66762.8,92659.3,66926.7,46588.6,62972.1,57031.0,137072.3,116083.9,102311.3,109288.6,73130.9,194955.1,56850.9,92950.0,48610.2,67670.0,0.0,89083.6,53114.9,85714.8,115994.3,59034.4,58268.0,81031.7,90925.9,27881.7,46566.2,47539.9,124970.9,82969.6,88329.4,67244.1,189306.5,105691.0,13691.7,13316.1,66417.0,66652.1,66935.0,67898.8
Spar Ulsteinvik,29893.5,1787.0,101739.5,102456.1,68278.9,86111.9,63144.8,44041.2,68863.1,68856.7,33113.8,68944.6,80164.9,94177.4,9694.1,45604.5,32310.4,102953.9,107778.8,61771.3,44157.2,32835.7,92347.1,52324.8,91292.9,44046.9,1726.2,53476.5,106259.7,55892.6,29485.9,33387.7,33661.4,47472.5,52255.8,43644.8,43653.9,41489.0,93589.1,44174.4,78827.3,44063.2,43754.4,94047.8,30969.5,9632.3,39801.5,32910.4,45046.7,54809.7,33099.7,43955.3,44216.4,94127.7,30260.7,32002.0,46466.4,61512.8,93960.9,93704.4,44390.4,44153.6,101451.0,33252.3,93777.0,72003.7,44296.0,44169.9,44350.7,91502.5,58635.5,22714.5,92369.8,120286.4,28111.8,101710.4,102045.1,80591.3,58023.2,61816.3,65685.9,44018.7,33315.6,34442.6,43177.7,53549.9,34943.6,45254.5,46497.2,41634.9,32835.8,98461.3,40299.5,38675.9,33128.4,41866.4,29527.2,78470.4,91286.7,1719.6,46643.1,43993.5,11108.8,31359.1,44574.6,34220.0,87403.0,92728.4,37451.6,33215.9,33411.4,129284.0,29845.5,36355.0,33000.0,44122.4,83005.6,44089.1,106615.6,101487.7,91467.5,136436.1,45307.3,44367.0,1291.5,93413.5,1865.7,44269.9,43878.4,100097.4,44042.3,78482.7,26445.3,58347.1,49224.5,28236.1,68817.6,31270.5,32010.0,107107.2,32669.4,5102.2,77039.5,75108.1,89309.2,0.0,106633.3,53365.0,34158.4,35189.3,30255.4,58147.3,1931.1,61529.4,78460.3,78312.6,91477.1,60085.2,1381.0,44359.7,101458.6,33484.9,88676.5,88300.9,43532.6,43767.7,44050.6,45014.4
Spar Valldal,79684.2,106054.6,118410.7,119127.3,78159.7,27816.9,103348.2,84244.6,78743.9,78737.5,74096.9,78825.3,142780.0,111091.9,97308.8,52142.1,90750.2,166045.2,124450.0,45129.8,84360.5,74286.1,183531.7,45074.7,107601.5,84250.3,107480.9,93679.9,419.7,65773.3,87925.8,105988.6,123413.1,60162.6,80700.9,83848.2,83857.3,81692.4,110503.5,84377.8,19350.4,84266.5,83957.8,110962.2,75119.5,97168.9,80004.9,74277.3,52577.3,95013.0,123398.1,84158.6,84419.7,111042.1,110381.7,90441.9,86669.7,45357.9,110875.3,110618.8,84593.7,84356.9,164542.4,123465.6,110691.4,72754.2,84499.4,84373.2,84554.0,107599.3,98838.8,127881.3,46950.7,78516.2,133278.6,118381.6,193229.6,26115.9,67904.0,102019.7,157426.3,84222.1,123103.1,105078.6,83381.1,55016.1,104903.2,52412.7,86700.6,81838.3,74063.5,161552.6,80502.9,79288.3,72895.0,82069.8,87967.1,19213.5,107656.7,107474.3,86846.4,84196.8,116275.6,89798.9,84778.0,72996.2,67715.9,110399.8,78702.6,73880.4,123195.5,146955.4,135012.3,76967.5,74967.9,84325.8,174190.2,84292.5,17.6,164579.1,107353.9,153107.3,85510.6,84570.3,107605.2,110327.9,108856.1,84473.3,84081.8,109978.2,84245.7,19005.8,80291.1,74349.9,154391.3,133402.9,74728.5,112245.4,90449.9,170198.6,74169.9,110269.0,21027.3,84988.9,53107.1,106402.6,0.0,103033.8,105199.9,76353.4,75587.0,98350.7,108244.8,45200.7,18983.4,19957.0,107417.3,100288.5,105648.4,84563.1,164550.0,123009.9,68989.4,68613.9,83736.0,83971.1,84254.0,85217.7
Spar Vartdal,26135.7,53260.8,95907.8,96624.4,64521.1,72065.1,59387.0,40283.4,65105.3,65099.0,29356.0,65186.8,119277.0,88345.8,61746.7,32777.0,32957.3,142542.1,101947.1,58013.5,40399.4,29078.0,122093.6,38277.9,85461.2,40289.1,52321.7,49718.7,102502.0,52134.8,30132.9,29528.8,20399.2,43714.7,48498.0,39887.0,39896.1,37731.2,87757.4,40416.7,64780.4,40305.4,39996.6,88216.1,27211.7,61684.9,36043.7,29152.6,33212.2,51051.9,20384.2,40197.5,40458.6,88296.0,26401.8,32649.0,42708.6,57755.0,88129.2,87872.7,40632.6,40395.8,141039.3,20451.7,87945.3,66172.1,40538.3,40412.1,40592.9,85670.9,54877.7,60503.5,86538.1,114454.7,65900.7,95878.7,131791.5,76833.5,54265.4,58058.5,95432.3,40260.9,20089.2,30583.6,39419.9,49792.1,31084.6,33047.6,42739.4,37877.2,29078.1,138049.6,36541.7,34918.1,29370.6,38108.7,30174.1,64423.6,85455.0,52315.1,42885.3,40235.7,48897.7,32006.0,40816.8,30462.2,83645.2,86896.7,33693.8,29458.1,20181.6,123452.3,67634.4,32597.3,29242.2,40364.7,112752.1,40331.4,102857.9,141076.0,85635.9,130604.4,41549.5,40609.2,52640.9,87581.8,52273.2,40512.1,40120.7,96339.7,40284.6,64435.8,22687.6,54589.4,78970.9,66025.0,62985.9,23593.7,32657.0,146695.5,28911.7,50746.2,62992.7,71350.4,85551.4,53321.1,102875.5,0.0,30299.4,31431.6,26497.6,54389.5,52946.9,57771.6,64413.4,64265.7,85645.4,56327.4,54177.2,40602.0,141046.9,19996.0,84918.7,84543.1,39774.8,40009.9,40292.8,41256.6
Spar Volda,56431.7,34141.8,67648.9,68365.5,94817.1,93929.7,89683.0,70579.4,95401.3,95394.9,59652.0,95482.8,91018.1,60086.8,42627.7,63072.9,63253.3,114283.2,73688.2,88309.5,70695.4,59373.9,94736.8,68573.9,57202.3,70585.1,33202.7,80014.7,104857.8,82430.8,60428.8,1469.4,10612.3,74010.7,78794.0,70183.0,70192.1,68027.2,59498.5,70712.6,86645.1,70601.3,70292.6,59957.2,57507.7,42565.9,66339.7,59448.6,63508.2,81347.9,10050.6,70493.4,70754.6,60037.1,5201.1,62945.0,73004.6,88051.0,59870.3,59613.8,70928.6,70691.8,112780.4,10203.1,59686.4,37913.1,70834.2,70708.1,70888.9,57411.9,85173.7,41384.4,58279.2,86195.8,46781.6,67619.8,104434.7,107129.5,84561.4,88354.5,68075.6,70556.9,10266.5,422.6,69715.9,80088.1,853.0,63343.6,73035.4,68173.1,59374.0,109790.6,66837.7,65214.1,59666.6,68404.6,60470.1,86288.2,57196.1,33196.1,73181.3,70531.7,29778.7,62302.0,71112.8,60758.2,113941.1,58637.8,63989.7,59754.1,10362.2,95193.4,48515.4,62893.2,59538.2,70660.6,85395.3,70627.3,105213.7,112817.1,57376.9,102345.5,71845.5,70905.2,33521.8,59322.9,33154.1,70808.1,70416.6,126635.6,70580.5,86300.4,52983.5,84885.3,51614.1,46905.9,34727.0,7064.8,62952.9,118436.6,59207.6,31627.1,85745.6,101646.3,115847.4,34202.0,105231.4,30315.9,0.0,61727.5,56793.6,84685.5,33827.9,88067.6,86278.0,86619.3,57386.5,86623.4,35058.1,70897.9,112788.0,10435.8,115214.6,114839.1,70070.8,70305.9,70588.8,71552.6
Øvre Geilegrend 1,8074.4,34444.9,127311.9,128028.5,37976.1,61083.5,28778.6,9675.0,38560.4,38554.0,2239.8,38641.8,113721.9,119749.9,25699.0,20576.1,19140.5,136510.9,133351.2,31468.6,9791.0,3629.8,125904.1,27296.3,116865.3,9680.7,35871.1,19110.3,75957.0,25589.8,16316.0,60932.9,51803.3,17169.7,17889.6,9278.6,9287.8,7122.8,119161.5,9808.3,53798.8,9697.0,9388.2,119620.2,5941.0,25559.1,5435.3,2539.9,20018.2,20443.5,51788.4,9589.1,9850.2,119700.1,57805.9,18832.1,12100.2,31210.1,119533.3,119276.8,10024.2,9787.4,135008.1,51855.8,119349.5,102019.7,9929.9,9803.7,9984.5,117075.0,24269.3,56271.6,76216.2,145989.0,61668.8,127282.8,135602.1,50288.5,27720.5,27450.1,99242.9,9652.5,51493.3,61987.8,8811.5,23247.1,62488.7,20226.0,12131.0,7268.8,3292.1,132018.3,5933.3,4199.3,8099.9,7500.3,16357.3,53442.0,116859.1,35864.5,12276.9,9627.3,44665.8,18189.2,10208.4,3783.5,57100.2,118300.8,2974.9,2947.4,51585.7,154856.4,63402.5,1878.4,2395.6,9756.3,116562.6,9723.0,76312.9,135044.8,117040.0,162008.5,10941.1,10000.8,35995.4,118985.9,37246.3,9903.7,9512.3,69794.7,9676.2,53454.2,8681.3,23981.0,82781.5,61793.1,94390.0,54997.8,18840.1,140664.3,3463.5,38659.2,52011.1,44805.4,59006.4,34792.8,76330.6,31424.0,61703.5,0.0,6440.3,23781.1,36635.0,31226.7,53431.8,53284.1,117049.6,25719.0,34038.6,9993.6,135015.7,51400.1,58373.7,57998.2,9166.4,9401.5,9684.4,10648.2
BLINDHEIM INDUSTRIVEG 2D,3227.7,29598.2,122465.3,123181.9,39482.9,55979.8,34348.8,15245.2,40067.1,40060.7,4317.8,40148.5,108875.2,114903.2,20852.3,15472.4,14293.8,131664.2,128504.6,30710.3,15361.2,4039.7,121057.5,22192.7,112018.7,15250.9,31024.4,24680.5,75198.7,27096.6,11469.3,56086.2,46956.6,18676.5,23459.8,14848.8,14857.9,12693.0,114314.9,15378.4,48695.2,15267.1,14958.4,114773.5,1273.4,20712.4,11005.5,4114.4,14914.5,26013.7,46941.7,15159.2,15420.4,114853.5,52959.2,13985.5,17670.4,30451.8,114686.6,114430.2,15594.4,15357.6,130161.4,47009.1,114502.8,96916.1,15500.0,15373.9,15554.7,112228.3,29839.5,51424.9,71112.6,145230.7,56822.1,122436.2,130755.4,49530.3,29227.2,33020.3,94396.2,15222.7,46646.6,57141.1,14381.7,24753.9,57642.1,15122.4,17701.2,12838.9,4039.8,127171.6,11503.5,9879.9,2996.2,13070.4,11510.6,48338.3,112012.5,31017.8,17847.1,15197.5,39819.2,13342.5,15778.6,5424.0,56342.0,113454.2,8655.6,4419.9,46739.1,150009.7,58555.8,7559.0,4204.0,15326.4,111716.0,15293.1,75554.6,130198.1,112193.3,157161.8,16511.3,15571.0,31148.7,114139.3,32399.6,15473.9,15082.4,71301.4,15246.3,48350.6,3834.6,29551.1,77934.8,56946.4,89543.3,50151.1,13993.5,135817.6,3873.4,33812.5,46907.4,46312.1,58248.2,29946.1,75572.3,26577.3,56856.8,6393.3,0.0,29351.3,31788.4,30468.4,48328.2,48180.5,112202.9,31289.2,29192.0,15563.7,130169.0,46553.5,57615.5,57239.9,14736.6,14971.7,15254.6,16218.4
"Ålesund lufthavn, 6040 Vigra",31178.2,57548.7,150415.7,151132.4,52923.0,84187.3,19208.8,16920.8,53507.2,53500.9,25281.4,53588.7,136825.7,142853.7,48802.8,43679.9,42244.3,159614.7,156455.1,53655.6,17036.8,26481.8,149007.9,50400.1,139969.1,16926.5,58974.9,8044.3,98144.1,40536.7,39419.8,84036.7,74907.1,39356.8,17687.6,16524.4,16533.5,17057.3,142265.4,17054.0,76902.7,16942.7,16634.0,142724.0,29044.8,48662.9,19411.3,25581.5,43122.0,6873.2,74892.2,16834.8,17096.0,142803.9,80909.7,41936.0,19346.0,53397.1,142637.1,142380.6,17270.0,17033.2,158111.9,74959.6,142453.3,125123.5,17175.6,17049.5,17230.3,140178.8,14699.4,79375.4,99320.1,168176.0,84772.6,150386.6,158705.9,72475.6,42667.3,3669.0,122346.7,16898.3,74597.1,85091.6,16057.3,42887.2,85592.6,43329.8,19376.8,17398.3,26259.2,155122.1,19909.3,19833.1,31203.7,17231.5,39461.1,76545.8,139962.9,58968.3,19522.7,16873.1,67769.7,41293.0,17454.2,25556.4,79287.3,141404.6,21474.2,25374.4,74689.5,177960.2,86506.3,22257.9,25320.0,17002.0,139666.5,16968.7,98500.0,158148.6,140143.8,185112.3,18186.9,17246.6,59099.2,142089.8,60350.1,17149.5,16758.0,84741.6,16921.9,76558.0,31785.1,23778.9,105885.3,84896.9,117493.8,78101.6,41943.9,163768.1,26567.3,61763.0,75114.9,59752.3,81193.5,57896.6,98517.6,54527.8,84807.3,23637.4,29544.1,0.0,59738.9,53413.7,76535.6,76387.9,140153.4,1937.9,57142.4,17239.3,158119.5,74504.0,80560.8,80185.2,16412.2,16647.3,16930.2,17894.0
St1 Ulsteinvik,31774.4,3089.1,101362.8,102079.4,70159.8,87992.8,65025.7,45922.1,70744.0,70737.6,34994.7,70825.5,79788.2,93800.8,11575.0,47485.4,34191.3,102577.2,107402.1,63652.2,46038.1,34716.7,91970.4,54205.7,90916.2,45927.8,1132.4,55357.4,108140.6,57773.5,31366.8,33011.1,33284.7,49353.4,54136.7,45525.7,45534.8,43369.9,93212.4,46055.3,80708.2,45944.1,45635.3,93671.1,32850.4,11513.2,41682.4,34791.3,46927.6,56690.6,32723.1,45836.2,46097.3,93751.0,29884.1,33882.9,48347.3,63393.7,93584.2,93327.7,46271.3,46034.5,101074.4,32875.6,93400.3,71627.1,46177.0,46050.8,46231.6,91125.9,60516.4,22337.9,91993.1,119909.7,27735.1,101333.7,101668.4,82472.2,59904.1,63697.2,65309.2,45899.6,32939.0,34066.0,45058.6,55430.8,34566.9,47135.4,48378.1,43515.9,34716.7,98084.6,42180.4,40556.8,35009.3,43747.3,31408.1,80351.3,90910.0,1125.8,48524.0,45874.4,10732.1,33240.0,46455.5,36100.9,89283.9,92351.7,39332.5,35096.8,33034.7,128907.3,29468.8,38235.9,34880.9,46003.3,82629.0,45970.0,108496.5,101111.1,91090.9,136059.4,47188.2,46247.9,677.4,93036.8,1002.4,46150.8,45759.3,101978.3,45923.2,80363.6,28326.2,60228.0,48847.8,27859.4,68440.9,30893.8,33890.9,106730.6,34550.3,4725.5,78920.4,76989.1,91190.1,1988.6,108514.2,52988.3,33781.7,37070.2,32136.3,60028.2,0.0,63410.3,80341.2,80193.5,91100.5,61966.1,3211.4,46240.6,101082.0,33108.2,90557.4,90181.8,45413.5,45648.6,45931.5,46895.3
St1 Ørskog,34588.5,60959.0,146760.1,147476.8,33064.0,47479.9,58252.5,39148.9,33648.2,33641.9,29001.3,33729.7,140236.0,146264.0,52213.1,30420.3,45654.6,163025.0,152799.4,333.1,39264.9,29190.5,152418.3,37140.6,136313.5,39154.6,62385.2,48584.2,44821.5,20677.7,42830.2,87447.0,78317.4,15067.0,35605.3,38752.5,38761.6,36596.7,145675.7,39282.2,39013.4,39170.9,38862.1,146134.4,30023.8,52073.2,34909.2,29181.7,29862.4,49917.4,78302.5,39063.0,39324.1,146214.3,84320.0,45346.3,41574.1,93.4,146047.4,145791.0,39498.1,39261.3,161522.2,78369.9,145863.6,111863.9,39403.8,39277.6,39458.4,136523.2,53743.2,82785.7,86060.5,114853.5,88182.9,146731.0,162116.2,19153.0,22808.3,56924.0,125757.0,39126.4,78007.4,88501.9,38285.4,9920.5,89002.9,30070.2,41604.9,36742.7,28967.9,158532.4,35407.2,34192.7,27799.4,36974.2,42871.4,38876.5,136307.3,62378.6,41750.8,39101.2,71180.0,44703.3,39682.3,27900.5,25964.7,144814.9,33606.9,28784.7,78099.9,181370.5,89916.6,31871.8,29872.2,39230.2,143076.8,39196.9,45177.4,161558.9,136488.2,181456.7,40415.0,39474.7,62509.5,145500.1,63760.4,39377.6,38986.2,64882.6,39150.1,38668.8,35195.4,29254.3,109295.6,88307.2,113838.2,81511.9,45354.3,167178.4,29074.2,65173.3,61855.3,39893.3,27870.9,61306.9,45195.1,57938.1,88217.6,31257.7,30491.3,53255.0,63149.2,0.0,38646.3,39620.0,136497.8,55192.9,60552.8,39467.5,161529.8,77914.3,27238.2,26862.7,38640.3,38875.4,39158.3,40122.1
Storfjord Gastropub,51707.9,78078.3,88698.5,89415.1,76949.6,8865.0,81356.9,62253.2,77533.8,77527.4,51325.8,77615.3,123828.1,92140.0,69332.4,33190.2,62773.9,147093.3,94737.8,38610.1,62369.2,51047.8,164579.8,26122.8,78251.9,62259.0,79504.6,71688.6,18611.2,64563.3,59949.5,87036.7,95070.9,56143.2,70467.9,61856.8,61866.0,59701.1,91551.6,62386.5,367.0,62275.2,61966.5,92010.3,47856.2,69192.6,58013.6,51122.4,33625.4,73021.7,94469.0,62167.3,62428.4,92090.2,91429.8,62465.6,64678.4,38838.2,91923.4,91666.9,62602.4,62365.6,145590.5,94540.9,91739.5,53802.3,62508.1,62381.9,62562.7,78461.5,76847.5,127613.1,27998.8,107245.4,133010.3,88669.4,174277.7,19596.2,66693.9,80028.4,138474.4,62230.7,94725.2,86126.7,61389.8,57972.8,85951.3,33460.8,64709.3,59847.0,51047.9,142600.7,58511.6,56887.9,45631.7,60078.5,59990.7,261.6,78245.7,79498.0,64855.1,62205.5,116007.4,61822.6,62786.7,52432.1,61196.2,91447.9,55663.6,51427.9,94336.1,128003.5,134744.1,54567.1,51212.0,62334.5,155238.3,62301.2,18967.1,145627.2,78426.5,123395.1,63519.3,62579.0,79628.9,91376.0,80879.7,62482.0,62090.5,108768.1,62254.4,22.4,52314.8,73139.9,137230.3,133134.6,55776.6,93293.5,62473.6,151246.7,50881.5,82292.6,2075.4,83778.8,46587.4,78426.2,18984.8,64385.0,86248.0,53401.4,48323.7,76359.4,80268.5,38680.9,0.0,1005.1,78436.1,78297.2,77672.1,62571.8,145598.1,94521.7,62469.7,62094.2,61744.7,61979.7,62262.7,63226.4
"Strandafjellet, 6200 Stranda",51579.3,77949.7,88829.8,89546.4,76821.0,9412.0,81228.3,62124.6,77405.2,77398.8,51197.2,77486.7,123959.4,92271.3,69203.8,33061.6,62645.3,147224.6,94869.1,39583.8,62240.6,50919.2,164711.0,25994.1,78383.2,62130.4,79376.0,71559.9,19584.9,64434.7,59820.9,87168.0,95202.2,56014.6,70339.3,61728.2,61737.4,59572.5,91682.9,62257.9,1170.9,62146.6,61837.9,92141.6,47727.6,69064.0,57884.9,50993.8,33496.8,72893.1,94600.3,62038.7,62299.8,92221.5,91561.1,62337.0,64549.8,39811.9,92054.7,91798.2,62473.8,62237.0,145721.8,94672.2,91870.8,53933.6,62379.5,62253.3,62434.1,78592.8,76718.9,127744.4,28130.1,107376.7,133141.6,88800.7,174409.0,20569.9,66565.3,79899.8,138605.7,62102.1,94856.5,86257.9,61261.2,57844.2,86082.6,33332.2,64580.7,59718.4,50919.3,142732.0,58383.0,56759.3,45503.1,59949.9,59862.1,1026.0,78377.0,79369.4,64726.5,62076.9,116138.7,61694.0,62658.1,52303.5,62169.9,91579.1,55535.0,51299.3,94467.4,128134.7,134875.3,54438.5,51083.4,62205.9,155369.6,62172.6,19940.8,145758.4,78557.8,123526.3,63390.7,62450.4,79500.2,91507.3,80751.1,62353.4,61961.9,108639.5,62125.8,1027.6,52186.2,73011.3,137361.6,133265.9,55907.8,93424.8,62345.0,151378.0,50752.9,82164.0,1285.4,83650.2,47561.1,78297.6,19958.5,64256.4,86379.3,53272.8,48195.1,76230.8,80139.9,39654.6,1005.1,0.0,78567.4,78168.6,77543.5,62443.2,145729.4,94653.0,63443.4,63067.9,61616.1,61851.1,62134.1,63097.8
"Stryn, 6783 Stryn",111694.9,91450.2,11175.2,11891.8,150120.6,86018.0,144946.2,125842.6,150704.8,150698.4,114915.2,150786.2,78152.2,46464.1,99936.0,106361.2,118516.5,101417.4,17214.5,136627.5,125958.6,114637.1,118903.9,99293.7,184.2,125848.3,90511.1,135277.9,107144.3,137734.2,115692.0,58116.4,66150.6,129314.1,134057.2,125446.2,125455.3,123290.4,45875.7,125975.8,78733.4,125864.5,125555.8,46334.4,112770.9,99874.3,121602.9,114711.8,106796.4,136611.1,65548.7,125756.6,126017.8,46414.3,62509.5,118208.2,128267.8,136369.0,46247.5,45991.0,126191.8,125955.0,99914.6,65620.6,46063.6,30001.4,126097.4,125971.3,126152.1,480.1,140436.9,98692.8,50367.5,28937.2,104090.0,11146.1,128601.8,97931.1,139864.9,143617.7,92798.5,125820.1,65804.9,57206.4,124979.1,131143.7,57031.0,106631.8,128298.6,123436.3,114637.2,96924.8,122100.9,120477.3,118802.7,123667.8,115733.3,78376.5,423.1,90504.5,128444.5,125794.9,87087.1,117565.2,126376.0,116021.4,139531.1,45772.0,119253.0,115017.3,65415.8,82327.6,105823.8,118156.4,114801.4,125923.8,109562.4,125890.5,107500.2,99951.3,63.4,45871.7,127108.7,126168.4,90830.2,45700.1,90462.5,126071.3,125679.8,181939.1,125843.7,78388.7,108246.7,140148.5,111466.9,104214.3,22724.2,64373.2,118216.1,105570.8,114470.8,88935.5,77833.9,156949.8,124922.3,91510.4,107517.8,85579.1,57327.7,116990.7,112056.8,139948.7,91136.3,136385.6,78366.3,78707.6,0.0,141886.6,92366.5,126161.1,99922.2,65601.4,140804.6,140429.1,125334.0,125569.1,125852.0,126815.8
"Vigra, 6040 Vigra",33116.1,59486.5,152353.6,153070.2,54860.9,86125.1,21146.6,18858.6,55445.1,55438.7,27219.3,55526.5,138763.6,144791.6,50740.7,45617.7,44182.1,161552.6,158392.9,55593.5,18974.6,28419.7,150945.8,52338.0,141907.0,18864.4,60912.8,9982.1,100081.9,42474.5,41357.7,85974.6,76845.0,41294.7,19625.4,18462.2,18471.4,18995.2,144203.2,18991.9,78840.5,18880.6,18571.9,144661.9,30982.7,50600.8,21349.1,27519.3,45059.9,8811.0,76830.1,18772.7,19033.8,144741.8,82847.6,43873.8,21283.8,55335.0,144575.0,144318.5,19207.8,18971.0,160049.7,76897.5,144391.1,127061.4,19113.5,18987.3,19168.1,142116.6,16637.3,81313.2,101257.9,170113.9,86710.5,152324.5,160643.8,74413.5,44605.2,2363.1,124284.6,18836.1,76535.0,87029.4,17995.2,44825.1,87530.4,45267.7,21314.7,19336.2,28197.1,157060.0,21847.1,21771.0,33141.6,19169.4,41399.0,78483.6,141900.8,60906.2,21460.5,18810.9,69707.5,43230.8,19392.1,27494.2,81225.1,143342.5,23412.0,27312.3,76627.4,179898.1,88444.2,24195.7,27257.9,18939.9,141604.3,18906.6,100437.8,160086.4,142081.7,187050.2,20124.7,19184.4,61037.1,144027.6,62288.0,19087.4,18695.9,86679.4,18859.8,78495.9,33723.0,25716.8,107823.2,86834.8,119431.7,80039.5,43881.8,165705.9,28505.2,63700.9,77052.7,61690.1,83131.4,59834.5,100455.5,56465.7,86745.2,25575.3,31482.0,1937.9,61676.7,55351.6,78473.5,78325.8,142091.2,0.0,59080.3,19177.2,160057.3,76441.8,82498.6,82123.1,18350.1,18585.1,18868.1,19831.8
Sunnmøre Folkehøgskule,29139.3,1741.0,102592.7,103309.3,67524.7,85357.8,62390.7,43287.0,68108.9,68102.6,32359.6,68190.4,81018.1,95030.6,8939.9,44850.4,31556.2,103807.1,108632.0,61017.1,43403.0,32081.6,93200.3,51570.6,92146.1,43292.7,3167.3,52722.3,105505.6,55138.4,28731.8,34240.9,34514.6,46718.3,51501.7,42890.6,42899.8,40734.9,94442.3,43420.3,78073.2,43309.0,43000.3,94901.0,30215.3,8878.1,39047.3,32156.2,44292.5,54055.5,33952.9,43201.1,43462.2,94980.9,31113.9,31247.9,45712.2,60758.7,94814.1,94557.6,43636.2,43399.4,102304.2,34105.5,94630.2,72856.9,43541.9,43415.7,43596.5,92355.7,57881.3,23567.7,93223.0,121139.6,28965.0,102563.6,102898.3,79837.1,57269.1,61062.2,66539.1,43264.5,34168.8,35295.8,42423.6,52795.7,35796.8,44500.3,45743.0,40880.8,32081.7,99314.5,39545.4,37921.7,32374.2,41112.3,28773.0,77716.3,92139.9,3160.7,45888.9,43239.3,11962.0,30604.9,43820.5,33465.9,86648.8,93581.6,36697.4,32461.7,34264.6,130137.2,30698.7,35600.9,32245.8,43368.3,83858.8,43335.0,105861.5,102340.9,92320.8,137289.3,44553.1,43612.8,2514.3,94266.7,4542.5,43515.8,43124.3,99343.3,43288.2,77728.5,25691.2,57593.0,50077.7,29089.3,69670.8,32123.7,31255.9,107960.5,31915.3,5955.4,76285.4,74354.0,88555.0,1381.0,105879.1,54218.2,35011.6,34435.2,29501.3,57393.2,3153.9,60775.2,77706.1,77558.5,92330.3,59331.0,0.0,43605.6,102311.8,34338.1,87922.3,87546.8,42778.5,43013.5,43296.5,44260.2
KONGENS GATE 32A,17154.1,43524.6,136391.6,137108.2,46436.5,70163.2,22090.1,885.2,47020.7,47014.4,11257.3,47102.2,122801.6,128829.6,34778.7,29655.8,28220.2,145590.6,142430.9,39631.5,246.5,12457.7,134983.8,36376.0,125945.0,890.9,44950.8,12421.8,84119.9,34050.2,25395.7,70012.6,60883.0,25332.7,11201.1,573.8,753.6,3033.2,128241.2,1018.5,62878.5,539.1,439.1,128699.9,15020.7,34638.8,5387.2,11557.4,29097.9,13754.9,60868.1,640.0,1060.4,128779.8,66885.6,27911.8,3310.4,39373.0,128613.0,128356.5,1234.4,997.6,144087.7,60935.5,128429.2,111099.4,1140.1,1013.9,238.6,126154.7,17580.7,65351.3,85295.9,154151.9,70748.5,136362.5,144681.8,58451.5,36180.8,20761.6,108322.6,504.2,60573.0,71067.5,988.1,31410.1,71568.4,29305.7,3341.2,3374.2,12235.1,141098.0,5885.2,5809.0,17179.6,3207.4,25437.0,62521.7,125938.8,44944.2,3487.1,691.8,53745.5,27268.9,1418.6,11532.2,65263.2,127380.5,7450.0,11350.3,60665.4,163936.1,72482.2,8233.8,11295.9,317.7,125642.3,1027.4,84475.9,144124.4,126119.7,171088.2,2151.3,299.1,45075.1,128065.6,46326.0,1114.0,430.2,78255.1,431.5,62533.9,17761.0,17292.4,91861.2,70872.8,103469.7,64077.5,27919.8,149744.0,12543.2,47738.9,61090.8,53265.8,67169.4,43872.5,84493.5,40503.7,70783.2,9613.3,15520.0,17092.6,45714.7,39389.6,62511.5,62363.8,126129.3,19030.5,43118.3,0.0,144095.4,60479.8,66536.7,66161.1,929.1,636.5,536.1,1858.4
"Gate 1 17, 6718 Deknepollen",147902.4,101444.1,110218.5,110935.1,186287.8,153258.3,181153.7,162050.1,186872.0,186865.7,151122.7,186953.5,21786.6,54103.1,109930.0,173601.5,154724.0,3155.6,116257.8,179780.2,162166.1,150844.7,62088.8,166534.1,99771.9,162055.8,100505.0,171485.4,164186.4,173901.5,151899.6,93002.9,102083.0,165481.4,170264.8,161653.7,161662.9,159497.9,54489.9,162183.4,145973.7,162072.1,161763.3,55159.2,148978.4,109868.2,157810.4,150919.3,174036.7,172818.6,101521.4,161964.2,162225.3,55239.1,96671.8,154415.7,164475.3,179521.8,54323.9,54815.8,162399.3,162162.5,7.6,101673.9,54510.4,97241.7,162305.0,162178.8,162359.6,99981.5,176644.4,78953.1,117607.8,128765.4,73457.7,110189.4,71786.8,165171.4,176032.1,179825.2,35983.4,162027.6,101737.3,94734.2,161186.6,171558.8,94558.8,173872.2,164506.1,159643.9,150844.8,3207.1,158308.4,156684.8,151137.3,159875.4,151940.9,145616.8,99765.7,100498.4,164652.0,162002.4,91268.5,153772.7,162583.5,152228.9,205411.9,54494.4,155460.5,151224.8,101833.0,41659.8,110005.2,154364.0,151008.9,162131.4,46486.4,162098.1,164542.3,29.1,99946.6,103995.1,163316.2,162375.9,100824.1,54924.5,100456.5,162278.9,161887.4,218106.4,162051.3,145629.1,144454.3,176356.1,54651.8,108395.7,89964.6,98535.6,154423.7,5899.2,150678.4,98929.4,145074.2,193117.1,207318.1,101504.3,164560.0,121786.6,94395.2,153198.3,148264.4,176156.3,101130.2,179538.3,145606.7,145947.9,99956.1,178094.1,102360.4,162368.7,0.0,101906.5,206685.4,206309.9,161541.5,161776.6,162059.6,163023.3
Tik Café & Restaurant,46093.5,33398.0,75911.8,76628.4,84478.9,102192.6,79344.8,60241.2,85063.1,85056.8,49313.8,85144.6,99281.0,68349.7,41883.9,52734.8,52915.1,122546.1,81951.1,77971.3,60357.2,49035.8,102230.8,58235.7,65465.2,60246.9,32458.9,69676.5,122459.7,72092.6,50090.7,9665.9,536.4,63672.5,68455.8,59844.8,59853.9,57689.0,67761.4,60374.5,94908.0,60263.2,59954.4,68220.1,47169.5,41822.1,56001.5,49110.4,53170.0,71009.7,521.4,60155.3,60416.4,68300.0,6538.9,52606.8,62666.4,77712.8,68133.2,67876.7,60590.4,60353.6,121043.3,588.8,67949.3,46176.0,60496.1,60369.9,60550.7,65674.8,74835.5,40640.7,66542.1,94458.7,46037.9,75882.7,111928.7,96791.3,74223.2,78016.3,75569.5,60218.7,226.4,10720.8,59377.7,69749.9,11221.8,53005.4,62697.2,57835.0,49035.8,118053.5,56499.5,54875.9,49328.4,58066.5,50131.9,94551.1,65459.0,32452.3,62843.1,60193.5,29034.9,51963.8,60774.6,50420.0,103603.0,66900.7,53651.6,49415.9,185.6,103456.3,47771.6,52555.1,49200.0,60322.5,92889.3,60289.2,122815.7,121080.0,65639.8,110608.4,61507.3,60567.0,32778.1,67585.8,32410.4,60469.9,60078.5,116297.5,60242.4,94563.3,42645.4,74547.2,59108.1,46162.2,42989.8,3730.9,52614.8,126699.5,48869.4,30883.4,94008.5,91308.2,105509.2,33458.3,122833.3,19977.7,10436.6,51389.3,46455.4,74347.3,33084.1,77729.4,94540.9,94882.2,65649.4,76285.2,34314.4,60559.7,121050.9,0.0,104876.5,104500.9,59732.6,59967.7,60250.6,61214.4
"Brugata 4, 6390 Vestnes",61753.8,88124.3,151147.6,151864.2,24505.1,71314.1,85417.8,66314.2,50313.3,50306.9,56166.6,50394.7,167401.4,154589.1,79378.4,57585.6,72819.9,190190.3,157186.9,27199.5,66430.2,56355.8,179583.6,64305.9,140701.0,66319.9,89550.6,75749.5,68655.7,37152.6,69995.5,114612.3,105482.7,42232.3,62770.6,65917.8,65927.0,63762.0,154000.7,66447.5,62847.6,66336.2,66027.4,154459.4,57189.1,79238.6,62074.5,56347.0,57027.7,77082.7,105467.8,66228.3,66489.4,154539.3,111485.3,72511.6,68739.4,27427.6,154372.5,154116.0,66663.4,66426.6,188687.5,105535.2,154188.7,116251.4,66569.1,66442.9,66623.7,140910.6,80908.5,109951.0,90447.9,138687.7,115348.2,151118.5,189281.5,42987.3,35154.9,84089.3,152922.4,66291.7,105172.7,115667.2,65450.7,37085.8,116168.2,57235.6,68770.2,63908.0,56133.2,185697.7,62572.5,61358.0,54964.7,64139.5,70036.7,62710.7,140694.8,89544.0,68916.1,66266.5,98345.3,71868.6,66847.6,55065.8,1597.9,153897.0,60772.2,55950.1,105265.2,190452.6,117082.0,59037.1,57037.5,66395.5,170242.1,66362.2,69011.6,188724.2,140875.6,185844.2,67580.3,66640.0,89674.8,153825.1,90925.7,66542.9,66151.5,81547.6,66315.4,62503.0,62360.8,56419.6,136460.9,115472.5,118225.7,108677.3,72519.6,194343.7,56239.5,92338.6,64524.5,56558.3,13721.7,88472.2,69029.3,85103.5,115382.9,58423.0,57656.6,80420.3,90314.5,27270.3,62480.6,63454.3,140885.2,82358.2,87718.1,66632.8,188695.1,105079.6,0.0,1349.3,65805.6,66040.7,66323.7,67287.4
"Vestnes, 6390 Vestnes",61353.7,87724.2,150747.5,151464.1,25412.0,70914.0,85017.7,65914.1,51220.1,51213.8,55766.5,51301.6,167001.2,154189.0,78978.3,57185.5,72419.8,189790.2,156786.8,26799.4,66030.1,55955.6,179183.4,63905.7,140300.9,65919.8,89150.4,75349.4,68255.6,38059.5,69595.3,114212.2,105082.6,41832.2,62370.5,65517.7,65526.8,63361.9,153600.6,66047.3,62447.5,65936.1,65627.3,154059.3,56789.0,78838.4,61674.4,55946.9,56627.6,76682.6,105067.7,65828.2,66089.3,154139.2,111085.2,72111.5,68339.3,27027.4,153972.4,153715.9,66263.3,66026.5,188287.4,105135.1,153788.5,115851.3,66168.9,66042.8,66223.6,140510.5,80508.4,109550.9,90047.8,138287.6,114948.1,150718.4,188881.4,42587.1,36061.8,83689.2,152522.2,65891.6,104772.6,115267.1,65050.6,36685.7,115768.1,56835.4,68370.1,63507.9,55733.1,185297.6,62172.4,60957.9,54564.6,63739.3,69636.6,62310.6,140294.7,89143.8,68516.0,65866.4,97945.2,71468.5,66447.5,54665.7,995.7,153496.8,60372.1,55549.9,104865.1,190052.4,116681.8,58637.0,56637.4,65995.3,169842.0,65962.1,68611.5,188324.1,140475.5,185444.0,67180.2,66239.9,89274.7,153425.0,90525.6,66142.8,65751.3,82454.5,65915.2,62102.8,61960.6,56019.5,136060.8,115072.4,117825.5,108277.1,72119.4,193943.6,55839.4,91938.5,64124.4,57465.2,13321.5,88072.1,68629.2,84703.3,114982.8,58022.9,57256.5,80020.2,89914.4,26870.2,62080.4,63054.1,140485.1,81958.1,87318.0,66232.6,188295.0,104679.5,1300.8,0.0,65405.5,65640.6,65923.5,66887.3
"Ålesund, 6002 Ålesund",16454.4,42824.9,135691.9,136408.6,45736.8,69463.5,21390.4,756.9,46321.0,46314.7,10557.6,46402.5,122101.9,128129.9,34079.0,28956.1,27520.5,144890.9,141731.2,38931.8,726.3,11758.0,134284.1,35676.3,125245.3,762.6,44251.1,11722.1,83420.3,33350.5,24696.0,69312.9,60183.3,24633.0,10501.4,374.2,547.8,2333.5,127541.5,890.2,62178.8,778.9,483.8,128000.2,14321.0,33939.1,4687.5,10857.7,28398.2,13055.2,60168.4,684.7,932.1,128080.1,66185.9,27212.1,3182.1,38673.3,127913.3,127656.8,1106.1,869.3,143388.1,60235.8,127729.5,110399.7,1011.8,885.6,1066.4,125455.0,16881.0,64651.6,84596.2,153452.2,70048.8,135662.8,143982.1,57751.8,35481.1,20061.9,107622.9,734.4,59873.3,70367.8,384.5,30710.4,70868.7,28606.0,3212.9,2674.5,11535.4,140398.3,5185.5,5109.3,16479.9,2507.7,24737.3,61822.0,125239.1,44244.5,3358.8,709.2,53045.8,26569.2,1290.3,10832.5,64563.5,126680.8,6750.3,10650.6,59965.7,163236.4,71782.5,7534.1,10596.2,838.2,124942.6,804.9,83776.2,143424.8,125420.0,170388.5,2023.0,1082.7,44375.4,127366.0,45626.3,985.7,607.9,77555.4,771.8,61834.2,17061.3,16592.7,91161.5,70173.1,102770.0,63377.8,27220.1,149044.3,11843.5,47039.2,60391.1,52566.1,66469.7,43172.8,83793.8,39804.0,70083.5,8913.6,14820.3,16392.9,45015.0,38689.9,61811.8,61664.1,125429.6,18330.8,42418.6,1075.5,143395.7,59780.2,65837.0,65461.4,0.0,483.4,766.4,1730.1
KEISER WILHELMS GATE 39,16511.5,42882.0,135749.0,136465.6,45793.9,69520.6,21447.5,777.2,46378.1,46371.8,10614.7,46459.6,122159.0,128187.0,34136.1,29013.2,27577.6,144948.0,141788.3,38988.9,595.1,11815.1,134341.2,35733.4,125302.4,782.9,44308.2,11779.2,83477.4,33407.6,24753.1,69370.0,60240.4,24690.1,10558.5,242.9,416.5,2390.6,127598.6,910.5,62235.9,799.2,352.5,128057.3,14378.1,33996.2,4744.6,10914.8,28455.3,13112.3,60225.5,553.4,952.4,128137.2,66243.0,27269.2,3202.4,38730.4,127970.4,127713.9,1126.4,889.6,143445.1,60292.9,127786.6,110456.8,1032.1,905.9,1086.7,125512.1,16938.1,64708.7,84653.3,153509.3,70105.9,135719.9,144039.2,57808.9,35538.2,20119.0,107680.0,754.7,59930.4,70424.9,356.0,30767.5,70925.8,28663.1,3233.2,2731.6,11592.5,140455.4,5242.6,5166.4,16537.0,2564.8,24794.4,61879.1,125296.2,44301.6,3379.1,729.5,53102.9,26626.3,1310.6,10889.6,64620.6,126737.9,6807.4,10707.7,60022.8,163293.5,71839.6,7591.2,10653.3,858.5,124999.7,825.2,83833.3,143481.9,125477.1,170445.6,2043.3,1103.0,44432.5,127423.0,45683.4,1006.0,476.6,77612.5,640.5,61891.3,17118.4,16649.8,91218.6,70230.2,102827.1,63434.9,27277.2,149101.4,11900.6,47096.3,60448.2,52623.2,66526.8,43229.9,83850.9,39861.1,70140.6,8970.7,14877.4,16450.0,45072.2,38747.0,61868.9,61721.2,125486.7,18387.9,42475.7,1095.8,143452.8,59837.2,65894.1,65518.5,268.6,0.0,786.7,1750.4
Zuuma,17059.7,43430.1,136297.2,137013.8,46342.1,70068.7,21995.6,561.4,46926.3,46919.9,11162.8,47007.7,122707.2,128735.1,34684.2,29561.3,28125.7,145496.1,142336.5,39537.1,106.5,12363.2,134889.4,36281.6,125850.6,567.1,44856.4,12327.3,84025.5,33955.8,25301.3,69918.1,60788.6,25238.2,11106.7,519.3,699.1,2938.7,128146.8,694.7,62784.1,215.3,384.6,128605.5,14926.3,34544.4,5292.7,11462.9,29003.4,13660.5,60773.6,585.5,736.6,128685.4,66791.1,27817.4,2986.6,39278.6,128518.6,128262.1,910.6,673.8,143993.3,60841.0,128334.7,111005.0,816.3,690.1,300.0,126060.2,17486.3,65256.8,85201.5,154057.5,70654.0,136268.1,144587.4,58357.0,36086.4,20667.1,108228.2,180.4,60478.6,70973.0,933.6,31315.6,71474.0,29211.3,3017.4,3279.8,12140.7,141003.6,5790.7,5714.6,17085.1,3113.0,25342.6,62427.2,125844.4,44849.8,3163.3,368.0,53651.1,27174.4,1094.8,11437.8,65168.7,127286.1,7355.6,11255.9,60571.0,163841.7,72387.8,8139.3,11201.5,71.8,125547.9,703.6,84381.4,144030.0,126025.2,170993.8,1827.5,316.3,44980.7,127971.2,46231.5,790.2,375.7,78160.6,377.0,62439.5,17666.6,17198.0,91766.8,70778.3,103375.3,63983.1,27825.4,149649.5,12448.8,47644.5,60996.3,53171.3,67074.9,43778.0,84399.1,40409.3,70688.8,9518.9,15425.6,16998.2,45620.3,39295.2,62417.1,62269.4,126034.8,18936.0,43023.9,309.1,144000.9,60385.4,66442.2,66066.7,605.3,582.0,0.0,1534.6
"Borgundvegen 340, 6009 Ålesund",17978.8,44349.2,137216.3,137932.9,47261.2,70987.9,22914.8,1083.7,47845.4,47839.1,12082.0,47926.9,123626.3,129654.3,35603.4,30480.4,29044.9,146415.3,143255.6,40456.2,1617.6,13282.4,135808.5,37200.7,126769.7,1001.9,45775.5,13246.5,84944.6,34874.9,26220.4,70837.3,61707.7,26157.4,12025.8,1676.9,1856.7,3857.9,129065.9,1188.5,63703.2,1523.6,1506.6,129524.6,15845.4,35463.5,6211.8,12382.0,29922.6,14579.6,61692.8,1593.0,1101.0,129604.5,67710.3,28736.5,1840.1,40197.7,129437.7,129181.2,876.3,1167.6,144912.4,61760.2,129253.9,111924.1,1310.1,1183.9,1811.1,126979.4,18405.4,66175.9,86120.6,154976.6,71573.2,137187.2,145506.5,59276.2,37005.5,21586.3,109147.3,1479.1,61397.7,71892.2,1908.9,32234.8,72393.1,30130.4,1870.9,4198.9,13059.8,141922.7,6709.9,6633.7,18004.3,4032.1,26261.7,63346.3,126763.5,45768.9,2016.8,1166.6,54570.2,28093.6,439.8,12356.9,66087.9,128205.2,8274.7,12175.0,61490.1,164760.8,73306.9,9058.4,12120.6,1582.9,126467.0,1325.3,85300.5,144949.1,126944.4,171912.9,292.9,1827.4,45899.8,128890.3,47150.7,744.4,1666.2,79079.8,1830.1,63358.6,18585.7,18117.1,92685.9,71697.5,104294.4,64902.2,28744.5,150568.6,13367.9,48563.6,61915.5,54090.5,67994.1,44697.2,85318.2,41328.4,71607.9,10438.0,16344.7,17917.3,46539.4,40214.3,63336.2,63188.5,126953.9,19855.1,43943.0,1820.2,144920.0,61304.5,67361.4,66985.8,1524.4,1632.6,1511.0,0.0
