,Depot,Motorhuset AS,"Lobyvegen 2, 6789 Loen","Loenvegen 2, 6789 Loen","Kongshaug, 6350 Eidsbygda","Tafjord, 6214 Norddal",Alnes Fyr og opplevelsessenter,Anno,"Brattvåg, 6270 Brattvåg",Brattvåg Fjordhotell,AMFI MOA - BRO - NORD - SYD,Bunnpris Brattvåg,Bunnpris Bryggja,Bunnpris Eid,Bunnpris Hareid,"Ikornes, 6222 Ikornnes",Bunnpris Langevåg,Bunnpris Oldeide,Bunnpris Olden,Bunnpris Sjøholt,SKAREGATA 1,Bunnpris Spjelkavik,Bunnpris Stad,Bunnpris Straumgjerde,Bunnpris Stryn,NEDRE STRANDGATE 9,Bunnpris Ulsteinvik,Bunnpris Valderøy,Bunnpris Valldal,Bunnpris Vatne,Bunnpris Vedde,Bunnpris Volda,Bunnpris Ørsta,"Digernessundet, 6057 Ellingsøy","Langelandsvegen 47, 6010 Ålesund",KIPERVIKGATA 5,PARKGATA 11B,"Ålesund, 6008 Ålesund","Eidsgata 12, 6770 Nordfjordeid","Kongensgate 1, 6002 Ålesund","Dregesvegen 2, 6200 Stranda","Kirkegata 4, 6002 Ålesund",Egon Ålesund,"Skulevegen 1, 6770 Nordfjordeid",Gamle Blindheimsveg 25,Eurospar Hareid,LARSGÅRDSVEGEN 19,Eurospar Moa,Eurospar Sykkylven,Eurospar Valderøy,Eurospar Ørsta,Rasmus Rønnebergs gate 21,"Ålesund, 6002 Ålesund",Felleskjøpet Nordfjordeid,Felleskjøpet Volda,"Langevåg, 6030 Langevåg",SKARBØVIKGATA 26,"Ørskog, 6240 Ørskog","Nordfjordeid, 6770 Nordfjordeid","Nordfjordeid, 6770 Nordfjordeid","Løvenvoldgata 6, 6002 Ålesund",APOTEKERGATA 5,"Gate 1, 6718 Deknepollen","Kyaborga 4, 6150 Ørsta","Sjukehusveien 14, 6770 Nordfjordeid",Hornindal skisenter,"Apotekergata 5, 6004 Ålesund",APOTEKERGATA 1-3,KONGENS GATE 28A,Isehaug kafeteria,Godøya post i butikk,Joker Gursken,"Hellesylt, 6218 Hellesylt",Joker Hjelledalen,Joker Larsnes,Joker Loen,Joker Stadlandet,Joker Stordal,Joker Vatne,Vigra post i butikk,Joker Åheim,KONGENS GATE 11,Kiwi Meieribygget Ørsta,"Volda, 6100 Volda",SUNDGATA 8,Kiwi Skodje,Kiwi Volda,Kiwi Sykkylven,SKARBØVIKGATA 25,NØRVEGATA 23,SPJELKAVIKVEGEN 42,Kiwi Deknepollen,"Eggesbønes, 6008 Ålesund",NEDRE KLOKKERSUNDVEGEN 2,FLISNESVEGEN 1,"Kverve, 6008 Ålesund","Fiskarstrand, 6037 Eidsnes",Kiwi Stranda,Kiwi Stryn,Kiwi Ulsteinvik,"Valderøy, 6050 Valderøya",RASMUS RØNNEBERGS GATE 6,Kiwi Myrvåg,Kiwi Langevåg,NEDRE STRANDGATE 51,LERSTADVEGEN 545,Kiwi Vestnes,Kiwi Nordfjordeid,SMEDGARDEN 1,"Vallekrysset, 6013 Ålesund","Ørsta, 6150 Ørsta","Bryggja, 6720 Bryggja",Meny Fosnavåg,LERSTADVEGEN 291,"HIG, 6010 Ålesund",SKATEFLUKAIA 1B,"Selje, 6740 Selje",KEISER WILHELMS GATE 2,"Valldal, 6210 Valldal","Måløy, 6700 Måløy","Tonningsgata, 6783 Stryn","Innviksvegen, 6793 Innvik","Skateflukaia, 6002 Ålesund",SKANSEKAIA 4A,"Søvika, 6065 Ulsteinvik",Nordfjord hotell,Quality Hotel Ulstein,Quality Hotel Waterfront,KONGENS GATE 6,"Remmemsvik, 6264 Tennfjord","Storgata 16, 6002 Ålesund","Stranda, 6200 Stranda",SOLAVÅGSEIDET 76,Spar Ellingsøy,Spar Fiskåbygd,Spar Fosnavåg,Spar Hornindal,Spar Hovdebygda,Spar Langevåg,Spar Raudeberg,Spjelkavikvegen 61,Spar Straumane,Spar Svingen,Spar Søvik,Spar Tresfjord,Spar Ulsteinvik,Spar Valldal,Spar Vartdal,Spar Volda,Øvre Geilegrend 1,BLINDHEIM INDUSTRIVEG 2D,"Ålesund lufthavn, 6040 Vigra",St1 Ulsteinvik,St1 Ørskog,Storfjord Gastropub,"Strandafjellet, 6200 Stranda","Stryn, 6783 Stryn","Vigra, 6040 Vigra",Sunnmøre Folkehøgskule,KONGENS GATE 32A,"Gate 1 17, 6718 Deknepollen",Tik Café & Restaurant,"Brugata 4, 6390 Vestnes","Vestnes, 6390 Vestnes","Ålesund, 6002 Ålesund",KEISER WILHELMS GATE 39,Zuuma,"Borgundvegen 340, 6009 Ålesund"
Depot,0.0,3040.4,8730.0,8766.2,2699.4,4900.8,2510.7,1303.3,2627.4,2625.3,528.4,2637.9,9661.4,8166.8,2432.1,2006.3,1196.3,11116.0,9094.6,2250.5,1306.5,537.4,10407.6,2444.4,7965.7,1310.0,3154.6,1874.8,5060.1,1836.8,946.8,4602.4,3991.4,1365.5,1842.2,1256.7,1276.5,1106.2,8065.0,1315.4,4125.6,1308.4,1270.2,8134.7,418.0,2422.0,1033.6,525.8,1939.3,2065.4,3944.5,1297.0,1330.2,8149.8,4418.0,1171.6,1521.8,2226.6,8136.9,8087.9,1334.7,1313.6,10992.2,3969.2,8107.9,7107.2,1334.4,1315.0,1329.1,8004.3,2126.1,4400.8,5430.5,9701.6,4736.1,8634.5,10959.1,3491.3,2027.6,2362.4,8783.3,1293.0,3913.0,4736.6,1211.6,1751.3,4761.9,1974.5,1534.0,1132.8,514.7,10764.0,1109.2,1065.9,534.5,1177.6,956.6,4073.8,7963.7,3153.9,1588.4,1296.5,3697.2,1112.3,1352.5,618.7,3715.0,8059.9,1006.7,537.6,3919.9,10909.8,4970.2,853.5,541.1,1308.4,9826.4,1332.3,5088.0,10997.4,7988.4,11519.9,1427.5,1340.2,3176.1,8072.5,3224.6,1324.9,1286.9,4697.6,1299.1,4076.2,331.7,2140.8,7784.2,4808.0,6637.3,4198.9,1173.5,11398.3,489.2,3295.4,3930.2,2931.4,4001.7,3089.1,5092.3,2683.9,4701.2,737.6,421.6,2076.7,3244.3,2235.2,4072.9,4111.9,7983.2,2259.1,3001.9,1330.4,10993.3,3901.6,3784.1,3824.3,1270.7,1269.1,1295.9,1398.2
Motorhuset AS,3081.8,0.0,6283.2,6319.4,5365.9,7567.3,5177.2,3969.8,5293.9,5291.8,3194.9,5304.4,6760.9,5720.0,683.9,4672.8,3340.6,8215.5,6647.8,4917.0,3973.0,3203.9,7507.1,5110.9,5518.9,3976.5,254.1,4541.3,7726.6,4503.3,3091.1,2092.2,2212.1,4032.0,4508.7,3923.2,3943.0,3772.7,5618.2,3981.9,6792.1,3974.9,3936.7,5687.9,3084.5,680.7,3700.1,3192.3,4605.8,4731.9,2125.1,3963.5,3996.7,5703.0,1907.8,3315.9,4188.3,4893.1,5690.1,5641.1,4001.2,3980.1,8091.7,2156.0,5661.1,4660.4,4000.9,3981.5,3995.6,5557.5,4792.6,1500.3,5574.4,7254.8,1835.6,6187.7,8058.6,6157.8,4694.1,5028.9,5882.8,3959.5,2132.3,2226.4,3878.1,4417.8,2251.7,4641.0,4200.5,3799.3,3181.2,7863.5,3775.7,3732.4,3201.0,3844.1,3100.9,6740.3,5516.9,253.4,4254.9,3963.0,796.7,3256.6,4019.0,3285.2,6381.5,5613.1,3673.2,3204.1,2140.7,8463.0,2069.7,3520.0,3207.6,3974.9,6925.9,3998.8,7754.5,8096.9,5541.6,9073.1,4094.0,4006.7,275.6,5625.7,324.1,3991.4,3953.4,7364.1,3965.6,6742.7,2744.4,4807.3,4883.7,1907.5,4190.5,1927.6,3317.8,8497.8,3155.7,394.9,6596.7,5597.9,6668.2,211.1,7758.8,3365.2,2191.0,3404.1,3088.1,4743.2,343.8,4901.7,6739.4,6778.4,5536.4,4925.6,186.1,3996.9,8092.8,2143.4,6450.6,6490.8,3937.2,3935.6,3962.4,4064.7
"Lobyvegen 2, 6789 Loen",8707.3,6266.6,0.0,315.4,10841.1,6373.6,10802.7,9595.3,10769.1,10767.0,8820.4,10779.6,5421.5,3541.5,6817.6,7344.2,9227.1,6923.5,643.8,9994.3,9598.5,8829.4,7892.4,6829.1,821.5,9602.0,6212.8,10166.8,7831.9,9978.5,8977.6,4204.5,4923.1,9507.2,10134.2,9548.7,9568.5,9398.2,3439.7,9607.4,5598.4,9600.4,9562.2,3509.4,8710.0,6814.4,9325.6,8817.8,7352.2,10357.4,4814.1,9589.0,9622.2,3524.5,4608.1,9202.4,9813.8,9970.4,3511.6,3462.6,9626.7,9605.6,6799.7,4837.3,3482.6,2912.9,9626.4,9607.0,9621.1,852.8,10418.1,6672.7,3826.9,2550.1,7008.0,183.7,8443.9,8717.9,10169.3,10654.4,6321.4,9585.0,4843.3,4129.8,9503.6,9635.5,4128.7,7362.4,9826.0,9424.8,8806.7,6571.5,9401.2,9357.9,8808.9,9469.6,8987.4,5546.6,812.2,6212.1,9880.4,9588.5,5969.1,9143.1,9644.5,8910.7,11256.6,3491.3,9298.7,8829.6,4800.1,6341.2,7242.1,9145.5,8833.1,9600.4,7311.2,9624.3,7859.8,6804.9,836.9,3069.1,9719.5,9632.2,6230.2,3447.2,6205.1,9616.9,9578.9,12839.3,9591.1,5549.0,8369.9,10432.8,7534.8,7079.9,2127.1,4679.3,9204.3,7205.8,8781.2,6079.9,5503.6,11073.1,11275.8,6288.2,7864.1,6049.2,4145.5,9029.6,8713.6,10368.7,6261.1,9979.0,5545.7,5635.0,839.0,10551.1,6319.8,9622.4,6800.8,4817.9,11325.7,11365.9,9562.7,9561.1,9587.9,9690.2
"Loenvegen 2, 6789 Loen",8753.1,6312.4,318.9,0.0,10886.9,6419.4,10848.5,9641.1,10814.9,10812.8,8866.2,10825.4,5467.3,3587.3,6863.4,7390.0,9272.9,6969.3,638.3,10040.1,9644.3,8875.2,7938.2,6874.9,867.3,9647.8,6258.6,10212.6,7877.7,10024.3,9023.4,4250.3,4968.9,9553.0,10180.0,9594.5,9614.3,9444.0,3485.5,9653.2,5644.2,9646.2,9608.0,3555.2,8755.8,6860.2,9371.4,8863.6,7398.0,10403.2,4859.9,9634.8,9668.0,3570.3,4653.9,9248.2,9859.6,10016.2,3557.4,3508.4,9672.5,9651.4,6845.5,4883.1,3528.4,2958.7,9672.2,9652.8,9666.9,898.6,10463.9,6718.5,3872.7,2595.9,7053.8,170.5,8489.7,8763.7,10215.1,10700.2,6367.2,9630.8,4889.1,4175.6,9549.4,9681.3,4174.5,7408.2,9871.8,9470.6,8852.5,6617.3,9447.0,9403.7,8854.7,9515.4,9033.2,5592.4,858.0,6257.9,9926.2,9634.3,6014.9,9188.9,9690.3,8956.5,11302.4,3537.1,9344.5,8875.4,4845.9,6387.0,7287.9,9191.3,8878.9,9646.2,7357.0,9670.1,7905.6,6850.7,882.7,3063.6,9765.3,9678.0,6276.0,3493.0,6250.9,9662.7,9624.7,12885.1,9636.9,5594.8,8415.7,10478.6,7580.6,7125.7,2172.9,4725.1,9250.1,7251.6,8827.0,6125.7,5549.4,11118.9,11321.6,6334.0,7909.9,6095.0,4191.3,9075.4,8759.4,10414.5,6306.9,10024.8,5591.5,5680.8,884.8,10596.9,6365.6,9668.2,6846.6,4863.7,11371.5,11411.7,9608.5,9606.9,9633.7,9736.0
"Kongshaug, 6350 Eidsbygda",2706.6,5336.8,10866.7,10902.9,0.0,6494.1,3719.3,2946.1,1737.9,1735.8,2246.1,1748.4,11957.8,10463.2,4728.5,3599.6,3492.7,13412.4,11231.3,2357.1,2949.3,2315.3,12704.0,4037.7,10102.4,2952.8,5451.0,3083.4,5166.7,941.1,3243.2,6898.8,6287.8,1482.1,2326.3,2899.5,2919.3,2781.5,10361.4,2958.2,5718.9,2951.2,2913.0,10431.1,2499.9,4718.4,2708.9,2277.8,3532.6,3274.0,6240.9,2939.8,2973.0,10446.2,6714.4,3468.0,3164.6,2333.2,10433.3,10384.3,2977.5,2956.4,13288.6,6265.6,10404.3,8877.5,2977.2,2957.8,2971.9,10141.0,3334.7,6697.2,7023.8,9929.8,7032.5,10771.2,13255.5,3597.9,754.7,3571.0,11079.7,2935.8,6209.4,7033.0,2854.4,1620.2,7058.3,3567.8,3176.8,2808.1,2276.6,13060.4,2784.5,2745.6,2616.4,2852.9,3253.0,5667.1,10100.4,5450.3,3231.2,2939.3,5993.6,3408.7,2995.3,2183.7,1761.9,10356.3,2739.4,2226.6,6216.3,13206.2,7266.6,2533.2,2341.8,2951.2,12122.8,2975.1,5194.6,13293.8,10125.1,13656.6,3070.3,2983.0,5472.5,10368.9,5521.0,2967.7,2929.7,3808.1,2941.9,5669.5,2628.1,1892.9,10080.6,7104.4,8774.0,6495.3,3469.9,13694.7,2277.9,5591.8,5523.5,2041.9,2620.9,5385.5,5198.9,4980.3,6997.6,2471.8,2586.7,3285.3,5540.7,2341.8,5666.2,5705.2,10119.9,3467.7,5298.3,2973.2,13289.7,6198.0,1685.4,1793.4,2913.5,2911.9,2938.7,3041.0
"Tafjord, 6214 Norddal",4915.8,7546.0,6390.7,6426.9,6472.4,0.0,6780.7,5573.3,6400.4,6398.3,4798.4,6410.9,8356.3,6476.3,6937.7,2975.5,5701.9,9858.3,6755.3,5442.4,5576.5,4807.4,10827.2,2460.4,5626.4,5580.0,7660.2,6144.8,4012.6,5609.8,5452.4,6045.8,6764.4,5138.5,6112.2,5526.7,5546.5,5376.2,6374.5,5585.4,1028.4,5578.4,5540.2,6444.2,4594.3,6927.6,5303.6,4795.8,2983.5,6335.4,6655.4,5567.0,5600.2,6459.3,6449.4,5677.2,5791.8,5461.0,6446.4,6397.4,5604.7,5583.6,9734.5,6678.6,6417.4,4401.5,5604.4,5585.0,5599.1,5665.0,6396.1,8514.0,2547.8,7362.3,8849.3,6295.2,11378.7,4147.9,5800.6,6632.4,9256.2,5563.0,6684.6,5971.1,5481.6,5266.8,5970.0,2993.7,5804.0,5402.8,4784.7,9506.3,5379.2,5335.9,4440.2,5447.6,5462.2,976.6,5624.4,7659.5,5858.4,5566.5,7810.4,5617.9,5622.5,4888.7,6686.6,6426.1,5276.7,4807.6,6641.4,9276.0,9083.4,5123.5,4811.1,5578.4,10246.0,5602.3,4040.5,9739.7,5649.1,9180.6,5697.5,5610.2,7681.7,6382.0,7730.2,5594.9,5556.9,8470.6,5569.1,979.0,4837.3,6083.9,10246.9,8921.2,4298.0,6520.6,5679.1,10140.6,4759.2,7801.0,1098.0,6704.4,6705.8,7594.7,4044.8,5814.7,5986.8,5007.6,4663.2,6346.7,7749.9,5449.8,975.7,1066.5,5643.9,6529.1,7507.5,5600.4,9735.6,6659.2,6755.7,6795.9,5540.7,5539.1,5565.9,5668.2
Alnes Fyr og opplevelsessenter,2521.4,5151.6,10841.2,10877.4,3713.9,6797.5,0.0,1490.3,3641.9,3639.8,2034.7,3652.4,11772.6,10278.0,4543.3,3903.0,3307.5,13227.2,11205.8,3752.8,1493.5,2167.6,12518.8,4341.1,10076.9,1497.0,5265.8,1072.4,6562.4,2851.3,3058.0,6713.6,6102.6,2867.8,1589.6,1443.7,1463.5,1450.1,10176.2,1502.4,6022.3,1495.4,1457.2,10245.9,2314.7,4533.2,1611.1,2080.5,3836.0,1263.0,6055.7,1484.0,1517.2,10261.0,6529.2,3282.8,1708.8,3728.9,10248.1,10199.1,1521.7,1500.6,13103.4,6080.4,10219.1,9180.9,1521.4,1502.0,1516.1,10115.5,441.8,6512.0,7327.2,11325.5,6847.3,10745.7,13070.3,4993.6,3042.1,1589.1,10894.5,1480.0,6024.2,6847.8,1398.6,3041.1,6873.1,3871.2,1721.0,1493.9,2128.9,12875.2,1686.7,1649.8,2431.2,1502.6,3067.8,5970.5,10074.9,5265.1,1775.4,1483.5,5808.4,3223.5,1539.5,2075.5,5217.3,10171.1,1821.2,2041.4,6031.1,13021.0,7081.4,1780.4,2047.0,1495.4,11937.6,1519.3,6590.3,13108.6,10099.6,13631.1,1614.5,1527.2,5287.3,10183.7,5335.8,1511.9,1473.9,5712.1,1486.1,5972.9,2442.9,1888.2,9895.4,6919.2,8748.5,6310.1,3284.7,13509.5,2120.8,5406.6,5826.9,3945.9,5504.0,5200.3,6594.6,4795.1,6812.4,1900.8,2401.5,1303.4,5355.5,3737.5,5969.6,6008.6,10094.4,1485.8,5113.1,1517.4,13104.5,6012.8,5286.4,5326.6,1457.7,1456.1,1482.9,1585.2
Anno,1304.9,3935.1,9624.7,9660.9,2951.4,5581.0,1495.6,0.0,2879.4,2877.3,818.2,2889.9,10556.1,9061.5,3326.8,2686.5,2091.0,12010.7,9989.3,2536.3,79.5,951.1,11302.3,3124.6,8860.4,19.2,4049.3,859.7,5345.9,2088.8,1841.5,5497.1,4886.1,1651.3,827.1,82.8,96.4,233.6,8959.7,12.1,4805.8,81.4,64.9,9029.4,1098.2,3316.7,394.6,864.0,2619.5,1050.3,4839.2,80.3,26.9,9044.5,5312.7,2066.3,226.9,2512.4,9031.6,8982.6,31.4,10.3,11886.9,4863.9,9002.6,7964.4,31.1,11.7,102.1,8899.0,1111.0,5295.5,6110.7,10109.0,5630.8,9529.2,11853.8,3777.1,2279.6,1347.3,9678.0,66.0,4807.7,5631.3,112.0,2037.1,5656.6,2654.7,239.1,277.4,912.4,11658.7,470.2,433.3,1214.7,286.1,1851.3,4754.0,8858.4,4048.6,293.5,30.6,4591.9,2007.0,61.7,859.0,4000.8,8954.6,604.7,824.9,4814.6,11804.5,5864.9,563.9,830.5,81.4,10721.1,69.9,5373.8,11892.1,8883.1,12414.6,126.9,113.2,4070.8,8967.2,4119.3,34.1,91.3,4949.6,103.5,4756.4,1226.4,1125.7,8678.9,5702.7,7532.0,5093.6,2068.2,12293.0,904.3,4190.1,4610.4,3183.4,4287.5,3983.8,5378.1,3578.6,5595.9,684.3,1185.0,1061.6,4139.0,2521.0,4753.1,4792.1,8877.9,1244.0,3896.6,103.4,11888.0,4796.3,4069.9,4110.1,64.5,84.2,68.9,107.4
"Brattvåg, 6270 Brattvåg",2622.5,5252.7,10782.6,10818.8,1739.3,6410.0,3635.2,2862.0,0.0,6.8,2162.0,19.4,11873.7,10379.1,4644.4,3515.5,3408.6,13328.3,11147.2,2273.0,2865.2,2231.2,12619.9,3953.6,10018.3,2868.7,5366.9,2999.3,5082.6,876.7,3159.1,6814.7,6203.7,1398.0,2242.2,2815.4,2835.2,2697.4,10277.3,2874.1,5634.8,2867.1,2828.9,10347.0,2415.8,4634.3,2624.8,2193.7,3448.5,3189.9,6156.8,2855.7,2888.9,10362.1,6630.3,3383.9,3080.5,2249.1,10349.2,10300.2,2893.4,2872.3,13204.5,6181.5,10320.2,8793.4,2893.1,2873.7,2887.8,10056.9,3250.6,6613.1,6939.7,9845.7,6948.4,10687.1,13171.4,3513.8,1067.5,3486.9,10995.6,2851.7,6125.3,6948.9,2770.3,1536.1,6974.2,3483.7,3092.7,2724.0,2192.5,12976.3,2700.4,2661.5,2532.3,2768.8,3168.9,5583.0,10016.3,5366.2,3147.1,2855.2,5909.5,3324.6,2911.2,2099.6,3501.2,10272.2,2655.3,2142.5,6132.2,13122.1,7182.5,2449.1,2257.7,2867.1,12038.7,2891.0,5110.5,13209.7,10041.0,13572.5,2986.2,2898.9,5388.4,10284.8,5436.9,2883.6,2845.6,2373.7,2857.8,5585.4,2544.0,1808.8,9996.5,7020.3,8689.9,6411.2,3385.8,13610.6,2193.8,5507.7,5439.4,1196.1,4024.2,5301.4,5114.8,4896.2,6913.5,2387.7,2502.6,3201.2,5456.6,2257.7,5582.1,5621.1,10035.8,3383.6,5214.2,2889.1,13205.6,6113.9,3424.7,3532.7,2829.4,2827.8,2854.6,2956.9
Brattvåg Fjordhotell,2615.5,5245.7,10775.6,10811.8,1732.3,6403.0,3628.2,2855.0,6.8,0.0,2155.0,12.6,11866.7,10372.1,4637.4,3508.5,3401.6,13321.3,11140.2,2266.0,2858.2,2224.2,12612.9,3946.6,10011.3,2861.7,5359.9,2992.3,5075.6,869.7,3152.1,6807.7,6196.7,1391.0,2235.2,2808.4,2828.2,2690.4,10270.3,2867.1,5627.8,2860.1,2821.9,10340.0,2408.8,4627.3,2617.8,2186.7,3441.5,3182.9,6149.8,2848.7,2881.9,10355.1,6623.3,3376.9,3073.5,2242.1,10342.2,10293.2,2886.4,2865.3,13197.5,6174.5,10313.2,8786.4,2886.1,2866.7,2880.8,10049.9,3243.6,6606.1,6932.7,9838.7,6941.4,10680.1,13164.4,3506.8,1060.5,3479.9,10988.6,2844.7,6118.3,6941.9,2763.3,1529.1,6967.2,3476.7,3085.7,2717.0,2185.5,12969.3,2693.4,2654.5,2525.3,2761.8,3161.9,5576.0,10009.3,5359.2,3140.1,2848.2,5902.5,3317.6,2904.2,2092.6,3494.2,10265.2,2648.3,2135.5,6125.2,13115.1,7175.5,2442.1,2250.7,2860.1,12031.7,2884.0,5103.5,13202.7,10034.0,13565.5,2979.2,2891.9,5381.4,10277.8,5429.9,2876.6,2838.6,2366.9,2850.8,5578.4,2537.0,1801.8,9989.5,7013.3,8682.9,6404.2,3378.8,13603.6,2186.8,5500.7,5432.4,1189.3,4017.2,5294.4,5107.8,4889.2,6906.5,2380.7,2495.6,3194.2,5449.6,2250.7,5575.1,5614.1,10028.8,3376.6,5207.2,2882.1,13198.6,6106.9,3417.7,3525.7,2822.4,2820.8,2847.6,2949.9
AMFI MOA - BRO - NORD - SYD,522.4,3152.6,8842.2,8878.4,2246.5,4798.5,2045.6,838.2,2174.5,2172.4,0.0,2185.0,9773.6,8279.0,2544.3,1904.0,1308.5,11228.2,9206.8,1797.6,841.4,141.4,10519.8,2342.1,8077.9,844.9,3266.8,1409.7,4607.2,1383.9,1059.0,4714.6,4103.6,912.6,1377.1,791.6,811.4,641.1,8177.2,850.3,4023.3,843.3,805.1,8246.9,315.7,2534.2,568.5,66.4,1837.0,1600.3,4056.7,831.9,865.1,8262.0,4530.2,1283.8,1056.7,1773.7,8249.1,8200.1,869.6,848.5,11104.4,4081.4,8220.1,7181.9,869.3,849.9,864.0,8116.5,1661.0,4513.0,5328.2,9370.3,4848.3,8746.7,11071.3,3038.4,1574.7,1897.3,8895.5,827.9,4025.2,4848.8,746.5,1298.4,4874.1,1872.2,1068.9,667.7,102.7,10876.2,644.1,552.5,432.2,712.5,1068.8,3971.5,8075.9,3266.1,1123.3,831.4,3809.4,1224.5,887.4,153.6,3262.1,8172.1,493.3,50.7,4032.1,11022.0,5082.4,340.1,130.4,843.3,9938.6,867.2,4635.1,11109.6,8100.6,11632.1,962.4,875.1,3288.3,8184.7,3336.8,859.8,821.8,4244.7,834.0,3973.9,443.9,1675.7,7896.4,4920.2,6749.5,4311.1,1285.7,11510.5,104.0,3407.6,3827.9,2478.5,3548.8,3201.3,4639.4,2796.1,4813.4,225.7,402.5,1611.6,3356.5,1782.3,3970.6,4009.6,8095.4,1794.0,3114.1,865.3,11105.5,4013.8,3331.2,3371.4,805.6,804.0,830.8,933.1
Bunnpris Brattvåg,2628.1,5258.3,10788.2,10824.4,1744.9,6415.6,3640.8,2867.6,19.4,12.6,2167.6,0.0,11879.3,10384.7,4650.0,3521.1,3414.2,13333.9,11152.8,2278.6,2870.8,2236.8,12625.5,3959.2,10023.9,2874.3,5372.5,3004.9,5088.2,882.3,3164.7,6820.3,6209.3,1403.6,2247.8,2821.0,2840.8,2703.0,10282.9,2879.7,5640.4,2872.7,2834.5,10352.6,2421.4,4639.9,2630.4,2199.3,3454.1,3195.5,6162.4,2861.3,2894.5,10367.7,6635.9,3389.5,3086.1,2254.7,10354.8,10305.8,2899.0,2877.9,13210.1,6187.1,10325.8,8799.0,2898.7,2879.3,2893.4,10062.5,3256.2,6618.7,6945.3,9851.3,6954.0,10692.7,13177.0,3519.4,1073.1,3492.5,11001.2,2857.3,6130.9,6954.5,2775.9,1541.7,6979.8,3489.3,3098.3,2729.6,2198.1,12981.9,2706.0,2667.1,2537.9,2774.4,3174.5,5588.6,10021.9,5371.8,3152.7,2860.8,5915.1,3330.2,2916.8,2105.2,3506.8,10277.8,2660.9,2148.1,6137.8,13127.7,7188.1,2454.7,2263.3,2872.7,12044.3,2896.6,5116.1,13215.3,10046.6,13578.1,2991.8,2904.5,5394.0,10290.4,5442.5,2889.2,2851.2,2354.3,2863.4,5591.0,2549.6,1814.4,10002.1,7025.9,8695.5,6416.8,3391.4,13616.2,2199.4,5513.3,5445.0,1176.7,4029.8,5307.0,5120.4,4901.8,6919.1,2393.3,2508.2,3206.8,5462.2,2263.3,5587.7,5626.7,10041.4,3389.2,5219.8,2894.7,13211.2,6119.5,3430.3,3538.3,2835.0,2833.4,2860.2,2962.5
Bunnpris Bryggja,9405.0,6740.3,5423.5,5459.7,11689.1,8356.2,11500.4,10293.0,11617.1,11615.0,9518.1,11627.6,0.0,1985.3,7291.3,9326.8,9924.8,1502.0,5788.1,11240.2,10296.2,9527.1,2470.9,8811.7,4659.2,10299.7,6686.5,10864.5,10565.2,10826.5,9675.3,4889.4,5593.8,10355.2,10831.9,10246.4,10266.2,10095.9,1986.6,10305.1,7581.0,10298.1,10259.9,2074.9,9407.7,7288.1,10023.3,9515.5,9334.8,11055.1,5506.8,10286.7,10319.9,2090.0,5229.2,9900.1,10511.5,11216.3,2017.7,2028.1,10324.4,10303.3,1378.2,5537.7,2043.7,4895.5,10324.1,10304.7,10318.8,4697.8,11115.8,5298.7,5809.5,6395.1,4943.5,5328.0,3022.4,10700.5,11017.3,11352.1,899.9,10282.7,5514.0,5050.0,10201.3,10741.0,5048.9,9345.0,10523.7,10122.5,9504.4,1150.0,10098.9,10055.6,9524.2,10167.3,9685.1,7529.2,4657.2,6685.8,10578.1,10286.2,6058.0,9840.8,10342.2,9608.4,12704.7,2012.9,9996.4,9527.3,5522.4,2955.2,7331.0,9843.2,9530.8,10298.1,1889.7,10322.0,10593.1,1383.4,4681.9,6862.9,10417.2,10329.9,6703.9,2047.2,6678.8,10314.6,10276.6,13687.3,10288.8,7531.6,9067.6,11130.5,2113.3,7168.8,4109.7,5300.4,9902.0,1784.3,9478.9,6553.6,7486.2,11921.1,12991.4,6761.9,10597.4,6746.9,5032.2,9727.3,9411.3,11066.4,6734.8,11224.9,7528.3,7617.6,4676.7,11248.8,6793.5,10320.1,1379.3,5525.1,12773.8,12814.0,10260.4,10258.8,10285.6,10387.9
Bunnpris Eid,7555.6,5038.3,3546.1,3582.3,9839.7,6478.8,9651.0,8443.6,9767.7,9765.6,7668.7,9778.2,1993.7,0.0,5589.3,7449.4,8075.4,3495.7,3910.7,9390.8,8446.8,7677.7,4464.6,6934.3,2781.8,8450.3,4984.5,9015.1,8687.8,8977.1,7825.9,3040.0,3744.4,8505.8,8982.5,8397.0,8416.8,8246.5,114.5,8455.7,5703.6,8448.7,8410.5,133.3,7558.3,5586.1,8173.9,7666.1,7457.4,9205.7,3657.4,8437.3,8470.5,148.4,3379.8,8050.7,8662.1,9366.9,54.9,79.0,8475.0,8453.9,3371.9,3688.3,80.9,3018.1,8474.7,8455.3,8469.4,2820.4,9266.4,5444.4,3932.1,4517.7,5779.7,3450.6,5016.1,8823.1,9167.9,9502.7,2893.6,8433.3,3664.6,3200.6,8351.9,8891.6,3199.5,7467.6,8674.3,8273.1,7655.0,3143.7,8249.5,8206.2,7674.8,8317.9,7835.7,5651.8,2779.8,4983.8,8728.7,8436.8,4740.8,7991.4,8492.8,7759.0,10855.3,163.5,8147.0,7677.9,3673.0,2913.4,6013.8,7993.8,7681.4,8448.7,3883.4,8472.6,8715.7,3377.1,2804.5,4974.5,8567.8,8480.5,5001.9,158.8,4976.8,8465.2,8427.2,11837.9,8439.4,5654.2,7218.2,9281.1,4107.0,5851.6,2232.3,3451.0,8052.6,3778.0,7629.5,4851.6,5608.8,10071.7,11142.0,5059.9,8720.0,4897.5,3182.8,7877.9,7561.9,9217.0,5032.8,9375.5,5650.9,5740.2,2799.3,9399.4,5091.5,8470.7,3373.0,3675.7,10924.4,10964.6,8411.0,8409.4,8436.2,8538.5
Bunnpris Hareid,2424.9,689.1,6832.4,6868.6,4709.0,6910.4,4520.3,3312.9,4637.0,4634.9,2538.0,4647.5,7310.1,6269.2,0.0,4015.9,2683.7,8764.7,7197.0,4260.1,3316.1,2547.0,8056.3,4454.0,6068.1,3319.6,803.3,3884.4,7069.7,3846.4,2434.2,2641.4,2761.3,3375.1,3851.8,3266.3,3286.1,3115.8,6167.4,3325.0,6135.2,3318.0,3279.8,6237.1,2427.6,70.7,3043.2,2535.4,3948.9,4075.0,2674.3,3306.6,3339.8,6252.2,2457.0,2659.0,3531.4,4236.2,6239.3,6190.3,3344.3,3323.2,8640.9,2705.2,6210.3,5209.6,3344.0,3324.6,3338.7,6106.7,4135.7,2049.5,6123.6,7804.0,2384.8,6736.9,8607.8,5500.9,4037.2,4372.0,6432.0,3302.6,2681.5,2775.6,3221.2,3760.9,2800.9,3984.1,3543.6,3142.4,2524.3,8412.7,3118.8,3075.5,2544.1,3187.2,2444.0,6083.4,6066.1,802.6,3598.0,3306.1,1345.9,2599.7,3362.1,2628.3,5724.6,6162.3,3016.3,2547.2,2689.9,9012.2,2618.9,2863.1,2550.7,3318.0,7475.1,3341.9,7097.6,8646.1,6090.8,9622.3,3437.1,3349.8,824.8,6174.9,873.3,3334.5,3296.5,6707.2,3308.7,6085.8,2087.5,4150.4,5432.9,2456.7,4739.7,2476.8,2660.9,9047.0,2498.8,944.1,5939.8,4941.0,6011.3,737.8,7101.9,3914.4,2740.2,2747.2,2431.2,4086.3,893.0,4244.8,6082.5,6121.5,6085.6,4268.7,650.6,3340.0,8642.0,2692.6,5793.7,5833.9,3280.3,3278.7,3305.5,3407.8
"Ikornes, 6222 Ikornnes",2027.8,4658.0,7359.1,7395.3,3584.4,2986.5,3892.7,2685.3,3512.4,3510.3,1910.4,3522.9,9324.7,7444.7,4049.7,0.0,2813.9,10826.7,7723.7,2737.6,2688.5,1919.4,11669.8,530.1,6594.8,2692.0,4772.2,3256.8,5195.5,2721.8,2564.4,4921.8,4310.8,2250.5,3224.2,2638.7,2658.5,2488.2,7342.9,2697.4,2211.3,2690.4,2652.2,7412.6,1706.3,4039.6,2415.6,1907.8,64.9,3447.4,4263.9,2679.0,2712.2,7427.7,4737.4,2789.2,2903.8,2713.7,7414.8,7365.8,2716.7,2695.6,10702.9,4288.6,7385.8,5369.9,2716.4,2697.0,2711.1,6633.4,3508.1,6018.4,3516.2,8330.7,6353.7,7263.6,12221.3,3978.4,2912.6,3744.4,10045.5,2675.0,4232.4,5056.0,2593.6,2378.8,5081.3,67.9,2916.0,2514.8,1896.7,10474.7,2491.2,2447.9,1552.2,2559.6,2574.2,2159.5,6592.8,4771.5,2970.4,2678.5,5314.8,2729.9,2734.5,2000.7,4202.1,7394.5,2388.7,1919.6,4239.3,10244.4,6587.8,2235.5,1923.1,2690.4,11088.6,2714.3,5223.4,10708.1,6617.5,10149.0,2809.5,2722.2,4793.7,7350.4,4842.2,2706.9,2668.9,5582.6,2681.1,2161.9,1949.3,3195.9,9046.4,6425.6,5266.4,4518.3,2791.1,11109.0,1871.2,4913.0,2015.9,3816.4,4488.8,4706.7,5227.7,3003.3,5020.6,2119.6,1775.2,3458.7,4861.9,2722.3,2158.6,2197.6,6612.3,3641.1,4619.5,2712.4,10704.0,4221.0,4271.2,4311.4,2652.7,2651.1,2677.9,2780.2
Bunnpris Langevåg,1204.4,3296.6,9246.1,9282.3,3488.5,5689.9,3299.8,2092.4,3416.5,3414.4,1317.5,3427.0,9917.6,8682.9,2688.3,2795.4,0.0,11372.2,9610.7,3039.6,2095.6,1326.5,10663.8,3233.5,8481.8,2099.1,3410.8,2663.9,5849.2,2625.9,271.7,5118.5,4507.5,2154.6,2631.3,2045.8,2065.6,1895.3,8581.1,2104.5,4914.7,2097.5,2059.3,8650.8,1207.1,2678.2,1822.7,1314.9,2728.4,2854.5,4460.6,2086.1,2119.3,8665.9,4934.1,82.2,2310.9,3015.7,8653.0,8604.0,2123.8,2102.7,11248.4,4485.3,8624.0,7623.3,2123.5,2104.1,2118.2,8520.4,2915.2,4657.0,6219.6,10217.7,4992.3,9150.6,11215.3,4280.4,2816.7,3151.5,9039.5,2082.1,4429.1,5252.7,2000.7,2540.4,5278.0,2763.6,2323.1,1921.9,1303.8,11020.2,1898.3,1855.0,1323.6,1966.7,281.5,4862.9,8479.8,3410.1,2377.5,2085.6,3953.4,102.9,2141.6,1407.8,4504.1,8576.0,1795.8,1326.7,4436.0,11425.9,5226.4,1642.6,1330.2,2097.5,10082.6,2121.4,5877.1,11253.6,8504.5,12036.0,2216.6,2129.3,3432.3,8588.6,3480.8,2114.0,2076.0,5486.7,2088.2,4865.3,867.0,2929.9,8040.4,5064.2,7153.4,4715.0,84.1,11654.5,1278.3,3551.6,4719.3,3720.5,4790.8,3345.3,5881.4,3200.0,5217.3,1526.7,1210.7,2865.8,3500.5,3024.3,4862.0,4901.0,8499.3,3048.2,3258.1,2119.5,11249.5,4417.7,4573.2,4613.4,2059.8,2058.2,2085.0,2187.3
Bunnpris Oldeide,10906.4,8206.1,6924.9,6961.1,13190.5,9857.6,13001.8,11794.4,13118.5,13116.4,11019.5,13129.0,1501.4,3486.7,8757.1,10828.2,11426.2,0.0,7289.5,12741.6,11797.6,11028.5,3936.7,10313.1,6160.6,11801.1,8152.3,12365.9,12066.6,12327.9,11176.7,6390.8,7095.2,11856.6,12333.3,11747.8,11767.6,11597.3,3488.0,11806.5,9082.4,11799.5,11761.3,3576.3,10909.1,8753.9,11524.7,11016.9,10836.2,12556.5,7008.2,11788.1,11821.3,3591.4,6730.6,11401.5,12012.9,12717.7,3519.1,3529.5,11825.8,11804.7,273.1,7039.1,3545.1,6396.9,11825.5,11806.1,11820.2,6199.2,12617.2,6764.5,7310.9,7896.5,6409.3,6829.4,4488.2,12201.9,12518.7,12853.5,2365.7,11784.1,7015.4,6551.4,11702.7,12242.4,6550.3,10846.4,12025.1,11623.9,11005.8,404.6,11600.3,11557.0,11025.6,11668.7,11186.5,9030.6,6158.6,8151.6,12079.5,11787.6,7523.8,11342.2,11843.6,11109.8,14206.1,3514.3,11497.8,11028.7,7023.8,4330.2,8796.8,11344.6,11032.2,11799.5,3165.6,11823.4,12094.5,267.9,6183.3,8364.3,11918.6,11831.3,8169.7,3548.6,8144.6,11816.0,11778.0,15188.7,11790.2,9033.0,10569.0,12631.9,3579.1,8634.6,5611.1,6801.8,11403.4,696.7,10980.3,8019.4,8987.6,13422.5,14492.8,8227.7,12098.8,8248.3,6533.6,11228.7,10912.7,12567.8,8200.6,12726.3,9029.7,9119.0,6178.1,12750.2,8259.3,11821.5,272.0,7026.5,14275.2,14315.4,11761.8,11760.2,11787.0,11889.3
Bunnpris Olden,9078.5,6637.8,644.3,637.4,11212.3,6744.8,11173.9,9966.5,11140.3,11138.2,9191.6,11150.8,5792.7,3912.7,7188.8,7715.4,9598.3,7294.7,0.0,10365.5,9969.7,9200.6,8263.6,7200.3,1192.7,9973.2,6584.0,10538.0,8203.1,10349.7,9348.8,4575.7,5294.3,9878.4,10505.4,9919.9,9939.7,9769.4,3810.9,9978.6,5969.6,9971.6,9933.4,3880.6,9081.2,7185.6,9696.8,9189.0,7723.4,10728.6,5185.3,9960.2,9993.4,3895.7,4979.3,9573.6,10185.0,10341.6,3882.8,3833.8,9997.9,9976.8,7170.9,5208.5,3853.8,3284.1,9997.6,9978.2,9992.3,1224.0,10789.3,7043.9,4198.1,2921.3,7379.2,490.9,8815.1,9089.1,10540.5,11025.6,6692.6,9956.2,5214.5,4501.0,9874.8,10006.7,4499.9,7733.6,10197.2,9796.0,9177.9,6942.7,9772.4,9729.1,9180.1,9840.8,9358.6,5917.8,1183.4,6583.3,10251.6,9959.7,6340.3,9514.3,10015.7,9281.9,11627.8,3862.5,9669.9,9200.8,5171.3,6712.4,7613.3,9516.7,9204.3,9971.6,7682.4,9995.5,8231.0,7176.1,1208.1,2476.8,10090.7,10003.4,6601.4,3818.4,6576.3,9988.1,9950.1,13210.5,9962.3,5920.2,8741.1,10804.0,7906.0,7451.1,2498.3,5050.5,9575.5,7577.0,9152.4,6451.1,5874.8,11444.3,11647.0,6659.4,8235.3,6420.4,4516.7,9400.8,9084.8,10739.9,6632.3,10350.2,5916.9,6006.2,1210.2,10922.3,6691.0,9993.6,7172.0,5189.1,11696.9,11737.1,9933.9,9932.3,9959.1,10061.4
Bunnpris Sjøholt,2258.0,4888.2,10013.4,10049.6,2349.4,5432.2,3737.4,2530.0,2277.4,2275.3,1797.5,2287.9,11509.2,10014.6,4279.9,2747.7,3044.1,12963.8,10378.0,0.0,2533.2,1866.7,12255.4,3185.8,9249.1,2536.7,5002.4,3101.5,2870.1,1486.8,2794.6,6450.2,5839.2,1045.9,2394.3,2483.4,2503.2,2332.9,9912.8,2542.1,4517.7,2535.1,2496.9,9982.5,2042.7,4269.8,2260.3,1829.2,2680.7,3292.1,5792.3,2523.7,2556.9,9997.6,6265.8,3019.4,2748.5,78.5,9984.7,9935.7,2561.4,2540.3,12840.0,5817.0,9955.7,8024.2,2561.1,2541.7,2555.8,9287.7,3352.8,6248.6,6170.5,7633.2,6583.9,9917.9,12806.9,1301.3,1677.6,3589.1,10631.1,2519.7,5760.8,6584.4,2438.3,748.8,6609.7,2715.9,2760.7,2359.5,1828.0,12611.8,2335.9,2297.0,1888.6,2404.3,2804.4,4503.8,9247.1,5001.7,2815.1,2523.2,5545.0,2960.1,2579.2,1735.1,1525.0,9907.7,2290.8,1778.0,5767.7,12757.6,6818.0,2084.6,1893.2,2535.1,11674.2,2559.0,2898.0,12845.2,9271.8,12803.3,2654.2,2566.9,5023.9,9920.3,5072.4,2551.6,2513.6,4347.6,2525.8,4468.3,2179.5,1960.9,9632.0,6655.8,7920.7,6046.7,3021.3,13246.1,1829.3,5143.2,4671.6,2581.4,1811.7,4936.9,2902.3,4531.7,6549.0,2023.2,2111.6,3303.4,5092.1,74.4,4465.0,4600.7,9266.6,3485.8,4849.7,2557.1,12841.1,5749.4,1594.1,1634.3,2497.4,2495.8,2522.6,2624.9
SKAREGATA 1,1304.5,3934.7,9624.3,9660.5,2951.0,5580.6,1495.2,68.8,2879.0,2876.9,817.8,2889.5,10555.7,9061.1,3326.4,2686.1,2090.6,12010.3,9988.9,2535.9,0.0,950.7,11301.9,3124.2,8860.0,75.5,4048.9,859.3,5345.5,2088.4,1841.1,5496.7,4885.7,1650.9,826.7,44.4,58.0,233.2,8959.3,80.9,4805.4,29.6,31.9,9029.0,1097.8,3316.3,394.2,863.6,2619.1,1049.9,4838.8,58.7,95.7,9044.1,5312.3,2065.9,287.3,2512.0,9031.2,8982.2,100.2,79.1,11886.5,4863.5,9002.2,7964.0,99.9,80.5,33.1,8898.6,1110.6,5295.1,6110.3,10108.6,5630.4,9528.8,11853.4,3776.7,2279.2,1346.9,9677.6,37.7,4807.3,5630.9,89.0,2036.7,5656.2,2654.3,299.5,277.0,912.0,11658.3,469.8,432.9,1214.3,285.7,1850.9,4753.6,8858.0,4048.2,353.9,46.5,4591.5,2006.6,118.0,858.6,4000.4,8954.2,604.3,824.5,4814.2,11804.1,5864.5,563.5,830.1,10.9,10720.7,110.3,5373.4,11891.7,8882.7,12414.2,193.0,44.2,4070.4,8966.8,4118.9,90.4,28.5,4949.2,31.5,4756.0,1226.0,1125.3,8678.5,5702.3,7531.6,5093.2,2067.8,12292.6,903.9,4189.7,4610.0,3183.0,4287.1,3983.4,5377.7,3578.2,5595.5,683.9,1184.6,1061.2,4138.6,2520.6,4752.7,4791.7,8877.5,1243.6,3896.2,34.4,11887.6,4795.9,4069.5,4109.7,70.6,53.3,40.6,163.7
Bunnpris Spjelkavik,537.8,3168.0,8857.6,8893.8,2298.4,4813.9,2152.8,945.4,2226.4,2224.3,147.4,2236.9,9789.0,8294.4,2559.7,1919.4,1323.9,11243.6,9222.2,1849.5,948.6,0.0,10535.2,2357.5,8093.3,952.1,3282.2,1516.9,4659.1,1435.8,1074.4,4730.0,4119.0,964.5,1484.3,898.8,918.6,748.3,8192.6,957.5,4038.7,950.5,912.3,8262.3,331.1,2549.6,675.7,167.9,1852.4,1707.5,4072.1,939.1,972.3,8277.4,4545.6,1299.2,1163.9,1825.6,8264.5,8215.5,976.8,955.7,11119.8,4096.8,8235.5,7197.3,976.5,957.1,971.2,8131.9,1768.2,4528.4,5343.6,9422.2,4863.7,8762.1,11086.7,3090.3,1626.6,2004.5,8910.9,935.1,4040.6,4864.2,853.7,1350.3,4889.5,1887.6,1176.1,774.9,66.7,10891.6,751.3,708.0,447.6,819.7,1084.2,3986.9,8091.3,3281.5,1230.5,938.6,3824.8,1239.9,994.6,200.4,3314.0,8187.5,648.8,156.6,4047.5,11037.4,5097.8,495.6,183.2,950.5,9954.0,974.4,4687.0,11125.0,8116.0,11647.5,1069.6,982.3,3303.7,8200.1,3352.2,967.0,929.0,4296.6,941.2,3989.3,459.3,1782.9,7911.8,4935.6,6764.9,4326.5,1301.1,11525.9,47.5,3423.0,3843.3,2530.4,3600.7,3216.7,4691.3,2811.5,4828.8,379.7,417.9,1718.8,3371.9,1834.2,3986.0,4025.0,8110.8,1901.2,3129.5,972.5,11120.9,4029.2,3383.1,3423.3,912.8,911.2,938.0,1040.3
Bunnpris Stad,10458.7,7509.8,7902.6,7938.8,12742.8,10835.3,12554.1,11346.7,12670.8,12668.7,10571.8,12681.3,2479.1,4464.4,8060.8,11704.4,10717.5,3933.7,8267.2,12293.9,11349.9,10580.8,0.0,11290.8,7138.3,11353.4,7456.0,11918.2,13044.3,11880.2,10468.0,6862.8,7567.2,11408.9,11885.6,11300.1,11319.9,11149.6,4465.7,11358.8,10060.1,11351.8,11313.6,4554.0,10461.4,8057.6,11077.0,10569.2,11712.4,12108.8,7480.2,11340.4,11373.6,4569.1,7202.6,10692.8,11565.2,12270.0,4496.8,4507.2,11378.1,11357.0,3809.9,7511.1,4522.8,7374.6,11377.8,11358.4,11372.5,7176.9,12169.5,6068.2,8288.6,8874.2,5713.0,7807.1,621.8,13179.6,12071.0,12405.8,1669.4,11336.4,7487.4,7023.4,11255.0,11794.7,7022.3,11722.6,11577.4,11176.2,10558.1,3581.7,11152.6,11109.3,10577.9,11221.0,10477.8,10008.3,7136.3,7455.3,11631.8,11339.9,6827.5,10633.5,11395.9,10662.1,13758.4,4492.0,11050.1,10581.0,7495.8,5434.3,8100.5,10896.9,10584.5,11351.8,1154.0,11375.7,13072.2,3815.1,7161.0,9342.0,11470.9,11383.6,7473.4,4526.3,7448.3,11368.3,11330.3,14741.0,11342.5,10010.7,10121.3,12184.2,2882.8,7938.3,6588.8,7273.8,10694.7,4216.0,10532.6,7323.1,9965.3,12974.8,14045.1,7531.4,13076.5,8720.3,7005.6,10781.0,10465.0,12120.1,7504.3,12278.6,10007.4,10096.7,7155.8,12302.5,7563.0,11373.8,3811.0,7498.5,13827.5,13867.7,11314.1,11312.5,11339.3,11441.6
Bunnpris Straumgjerde,2455.4,5085.6,6853.5,6889.7,4012.0,2480.9,4320.3,3112.9,3940.0,3937.9,2338.0,3950.5,8819.1,6939.1,4477.3,515.1,3241.5,10321.1,7218.1,3165.2,3116.1,2347.0,11290.0,0.0,6089.2,3119.6,5199.8,3684.4,4689.9,3149.4,2992.0,5272.8,4661.8,2678.1,3651.8,3066.3,3086.1,2915.8,6837.3,3125.0,1705.7,3118.0,3079.8,6907.0,2133.9,4467.2,2843.2,2335.4,523.1,3875.0,4614.9,3106.6,3139.8,6922.1,5088.4,3216.8,3331.4,3141.3,6909.2,6860.2,3144.3,3123.2,10197.3,4639.6,6880.2,4864.3,3144.0,3124.6,3138.7,6127.8,3935.7,6446.0,3010.6,7825.1,6781.3,6758.0,11841.5,4406.0,3340.2,4172.0,9719.0,3102.6,4583.4,5407.0,3021.2,2806.4,5432.3,533.3,3343.6,2942.4,2324.3,9969.1,2918.8,2875.5,1979.8,2987.2,3001.8,1653.9,6087.2,5199.1,3398.0,3106.1,5742.4,3157.5,3162.1,2428.3,4629.7,6888.9,2816.3,2347.2,4590.3,9738.8,7015.4,2663.1,2350.7,3118.0,10708.8,3141.9,4717.8,10202.5,6111.9,9643.4,3237.1,3149.8,5221.3,6844.8,5269.8,3134.5,3096.5,6010.2,3108.7,1656.3,2376.9,3623.5,9397.4,6853.2,4760.8,4869.3,3218.7,10603.4,2298.8,5340.6,1510.3,4244.0,4916.4,5134.3,4722.1,3354.3,5371.6,2547.2,2202.8,3886.3,5289.5,3149.9,1653.0,1692.0,6106.7,4068.7,5047.1,3140.0,10198.4,4572.0,4698.8,4739.0,3080.3,3078.7,3105.5,3207.8
Bunnpris Stryn,7946.3,5505.6,828.5,864.7,10080.1,5612.6,10041.7,8834.3,10008.1,10006.0,8059.4,10018.6,4660.5,2780.5,6056.6,6583.2,8466.1,6162.5,1193.1,9233.3,8837.5,8068.4,7131.4,6068.1,0.0,8841.0,5451.8,9405.8,7032.8,9217.5,8216.6,3443.5,4162.1,8746.2,9373.2,8787.7,8807.5,8637.2,2678.7,8846.4,4837.4,8839.4,8801.2,2748.4,7949.0,6053.4,8564.6,8056.8,6591.2,9596.4,4053.1,8828.0,8861.2,2763.5,3847.1,8441.4,9052.8,9209.4,2750.6,2701.6,8865.7,8844.6,6038.7,4076.3,2721.6,2151.9,8865.4,8846.0,8860.1,57.9,9657.1,5911.7,3065.9,1751.0,6247.0,733.0,7682.9,7956.9,9408.3,9893.4,5560.4,8824.0,4082.3,3368.8,8742.6,8874.5,3367.7,6601.4,9065.0,8663.8,8045.7,5810.5,8640.2,8596.9,8047.9,8708.6,8226.4,4785.6,28.3,5451.1,9119.4,8827.5,5208.1,8382.1,8883.5,8149.7,10495.6,2730.3,8537.7,8068.6,4039.1,5580.2,6481.1,8384.5,8072.1,8839.4,6550.2,8863.3,7060.7,6043.9,23.3,3618.4,8958.5,8871.2,5469.2,2686.2,5444.1,8855.9,8817.9,12078.3,8830.1,4788.0,7608.9,9671.8,6773.8,6318.9,1366.1,3918.3,8443.3,6444.8,8020.2,5318.9,4742.6,10312.1,10514.8,5527.2,7065.0,5288.2,3384.5,8268.6,7952.6,9607.7,5500.1,9218.0,4784.7,4874.0,17.5,9790.1,5558.8,8861.4,6039.8,4056.9,10564.7,10604.9,8801.7,8800.1,8826.9,8929.2
NEDRE STRANDGATE 9,1302.0,3932.2,9621.8,9658.0,2948.5,5578.1,1492.7,45.3,2876.5,2874.4,815.3,2887.0,10553.2,9058.6,3323.9,2683.6,2088.1,12007.8,9986.4,2533.4,76.6,948.2,11299.4,3121.7,8857.5,0.0,4046.4,856.8,5343.0,2085.9,1838.6,5494.2,4883.2,1648.4,824.2,79.9,93.5,230.7,8956.8,51.5,4802.9,78.5,62.0,9026.5,1095.3,3313.8,391.7,861.1,2616.6,1047.4,4836.3,77.4,54.1,9041.6,5309.8,2063.4,229.4,2509.5,9028.7,8979.7,70.8,49.7,11884.0,4861.0,8999.7,7961.5,70.5,51.1,99.2,8896.1,1108.1,5292.6,6107.8,10106.1,5627.9,9526.3,11850.9,3774.2,2276.7,1344.4,9675.1,63.1,4804.8,5628.4,109.1,2034.2,5653.7,2651.8,241.6,274.5,909.5,11655.8,467.3,430.4,1211.8,283.2,1848.4,4751.1,8855.5,4045.7,296.0,27.7,4589.0,2004.1,60.1,856.1,3997.9,8951.7,601.8,822.0,4811.7,11801.6,5862.0,561.0,827.6,78.5,10718.2,67.0,5370.9,11889.2,8880.2,12411.7,135.1,110.3,4067.9,8964.3,4116.4,32.5,88.4,4946.7,100.6,4753.5,1223.5,1122.8,8676.0,5699.8,7529.1,5090.7,2065.3,12290.1,901.4,4187.2,4607.5,3180.5,4284.6,3980.9,5375.2,3575.7,5593.0,681.4,1182.1,1058.7,4136.1,2518.1,4750.2,4789.2,8875.0,1241.1,3893.7,100.5,11885.1,4793.4,4067.0,4107.2,61.6,81.3,66.0,105.8
Bunnpris Ulsteinvik,3200.8,251.9,6225.1,6261.3,5484.9,7686.3,5296.2,4088.8,5412.9,5410.8,3313.9,5423.4,6702.8,5661.9,802.9,4791.8,3459.6,8157.4,6589.7,5036.0,4092.0,3322.9,7449.0,5229.9,5460.8,4095.5,0.0,4660.3,7845.6,4622.3,3210.1,2034.1,2154.0,4151.0,4627.7,4042.2,4062.0,3891.7,5560.1,4100.9,6911.1,4093.9,4055.7,5629.8,3203.5,799.7,3819.1,3311.3,4724.8,4850.9,2067.0,4082.5,4115.7,5644.9,1849.7,3434.9,4307.3,5012.1,5632.0,5583.0,4120.2,4099.1,8033.6,2097.9,5603.0,4602.3,4119.9,4100.5,4114.6,5499.4,4911.6,1442.2,5516.3,7196.7,1777.5,6129.6,8000.5,6276.8,4813.1,5147.9,5824.7,4078.5,2074.2,2168.3,3997.1,4536.8,2193.6,4760.0,4319.5,3918.3,3300.2,7805.4,3894.7,3851.4,3320.0,3963.1,3219.9,6859.3,5458.8,10.4,4373.9,4082.0,738.6,3375.6,4138.0,3404.2,6500.5,5555.0,3792.2,3323.1,2082.6,8404.9,2011.6,3639.0,3326.6,4093.9,6867.8,4117.8,7873.5,8038.8,5483.5,9015.0,4213.0,4125.7,83.4,5567.6,85.8,4110.4,4072.4,7483.1,4084.6,6861.7,2863.4,4926.3,4825.6,1849.4,4132.4,1869.5,3436.8,8439.7,3274.7,336.8,6715.7,5716.9,6787.2,231.9,7877.8,3307.1,2132.9,3523.1,3207.1,4862.2,139.5,5020.7,6858.4,6897.4,5478.3,5044.6,361.1,4115.9,8034.7,2085.3,6569.6,6609.8,4056.2,4054.6,4081.4,4183.7
Bunnpris Valderøy,1881.2,4511.4,10201.0,10237.2,3073.7,6157.3,1071.4,850.1,3001.7,2999.6,1394.5,3012.2,11132.4,9637.8,3903.1,3262.8,2667.3,12587.0,10565.6,3112.6,853.3,1527.4,11878.6,3700.9,9436.7,856.8,4625.6,0.0,5922.2,2211.1,2417.8,6073.4,5462.4,2227.6,949.4,803.5,823.3,809.9,9536.0,862.2,5382.1,855.2,817.0,9605.7,1674.5,3893.0,970.9,1440.3,3195.8,206.3,5415.5,843.8,877.0,9620.8,5889.0,2642.6,1068.6,3088.7,9607.9,9558.9,881.5,860.4,12463.2,5440.2,9578.9,8540.7,881.2,861.8,875.9,9475.3,686.8,5871.8,6687.0,10685.3,6207.1,10105.5,12430.1,4353.4,2401.9,869.5,10254.3,839.8,5384.0,6207.6,758.4,2400.9,6232.9,3231.0,1080.8,853.7,1488.7,12235.0,1046.5,1009.6,1791.0,862.4,2427.6,5330.3,9434.7,4624.9,1135.2,843.3,5168.2,2583.3,899.3,1435.3,4577.1,9530.9,1181.0,1401.2,5390.9,12380.8,6441.2,1140.2,1406.8,855.2,11297.4,879.1,5950.1,12468.4,9459.4,12990.9,974.3,887.0,4647.1,9543.5,4695.6,871.7,833.7,5071.9,845.9,5332.7,1802.7,1248.0,9255.2,6279.0,8108.3,5669.9,2644.5,12869.3,1480.6,4766.4,5186.7,3305.7,4863.8,4560.1,5954.4,4154.9,6172.2,1260.6,1761.3,583.8,4715.3,3097.3,5329.4,5368.4,9454.2,766.2,4472.9,877.2,12464.3,5372.6,4646.2,4686.4,817.5,815.9,842.7,945.0
Bunnpris Valldal,5071.6,7701.8,7945.3,7981.5,5163.0,4016.3,6551.0,5343.6,5091.0,5088.9,4611.1,5101.5,10563.1,8683.1,7093.5,5182.3,5857.7,12065.1,8309.9,2880.6,5346.8,4680.3,13034.0,4667.2,7139.5,5350.3,7816.0,5915.1,0.0,4300.4,5608.2,8252.6,8652.8,3859.5,5207.9,5297.0,5316.8,5146.5,8581.3,5355.7,3101.8,5348.7,5310.5,8651.0,4856.3,7083.4,5073.9,4642.8,5190.3,6105.7,8605.9,5337.3,5370.5,8666.1,8656.2,5833.0,5562.1,2899.2,8653.2,8604.2,5375.0,5353.9,11941.3,8630.6,8624.2,6608.3,5374.7,5355.3,5369.4,7153.6,6166.4,9062.2,4754.6,5411.8,9397.5,7849.8,13585.5,1586.1,4491.2,6402.7,11463.0,5333.3,8574.4,8177.9,5251.9,3562.4,8176.8,5200.5,5574.3,5173.1,4641.6,11713.1,5149.5,5110.6,4702.2,5217.9,5618.0,3087.9,7152.5,7815.3,5628.7,5336.8,8358.6,5773.7,5392.8,4548.7,4124.8,8632.9,5104.4,4591.6,8581.3,11482.8,9631.6,4898.2,4706.8,5348.7,12452.8,5372.6,66.2,11946.5,7113.8,10735.2,5467.8,5380.5,7837.5,8588.8,7886.0,5365.2,5327.2,7161.2,5339.4,3052.4,4993.1,4774.5,12445.6,9469.4,6504.8,8727.4,5834.9,12347.4,4642.9,7956.8,3304.8,5395.0,4144.0,7750.5,70.5,7345.3,8193.6,4836.8,4925.2,6117.0,7905.7,2888.0,3049.1,3184.8,7119.6,6299.4,7663.3,5370.7,11942.4,8563.0,4193.9,4234.1,5311.0,5309.4,5336.2,5438.5
Bunnpris Vatne,1843.5,4473.7,10003.6,10039.8,934.1,5631.0,2856.2,2083.0,874.8,872.7,1383.0,885.3,11094.7,9600.1,3865.4,2736.5,2629.6,12549.3,10368.2,1494.0,2086.2,1452.2,11840.9,3174.6,9239.3,2089.7,4587.9,2220.3,4303.6,0.0,2380.1,6035.7,5424.7,619.0,1463.2,2036.4,2056.2,1918.4,9498.3,2095.1,4855.8,2088.1,2049.9,9568.0,1636.8,3855.3,1845.8,1414.7,2669.5,2410.9,5377.8,2076.7,2109.9,9583.1,5851.3,2604.9,2301.5,1470.1,9570.2,9521.2,2114.4,2093.3,12425.5,5402.5,9541.2,8014.4,2114.1,2094.7,2108.8,9277.9,2471.6,5834.1,6160.7,9066.7,6169.4,9908.1,12392.4,2734.8,262.3,2707.9,10216.6,2072.7,5346.3,6169.9,1991.3,757.1,6195.2,2704.7,2313.7,1945.0,1413.5,12197.3,1921.4,1882.5,1753.3,1989.8,2389.9,4804.0,9237.3,4587.2,2368.1,2076.2,5130.5,2545.6,2132.2,1320.6,2696.0,9493.2,1876.3,1363.5,5353.2,12343.1,6403.5,1670.1,1478.7,2088.1,11259.7,2112.0,4331.5,12430.7,9262.0,12793.5,2207.2,2119.9,4609.4,9505.8,4657.9,2104.6,2066.6,2945.0,2078.8,4806.4,1765.0,1029.8,9217.5,6241.3,7910.9,5632.2,2606.8,12831.6,1414.8,4728.7,4660.4,1178.8,3245.2,4522.4,4335.8,4117.2,6134.5,1608.7,1723.6,2422.2,4677.6,1478.7,4803.1,4842.1,9256.8,2604.6,4435.2,2110.1,12426.6,5334.9,2619.5,2727.5,2050.4,2048.8,2075.6,2177.9
Bunnpris Vedde,961.6,3053.8,9003.3,9039.5,3245.7,5447.1,3057.0,1849.6,3173.7,3171.6,1074.7,3184.2,9674.8,8440.1,2445.5,2552.6,272.5,11129.4,9367.9,2796.8,1852.8,1083.7,10421.0,2990.7,8239.0,1856.3,3168.0,2421.1,5606.4,2383.1,0.0,4875.7,4264.7,1911.8,2388.5,1803.0,1822.8,1652.5,8338.3,1861.7,4671.9,1854.7,1816.5,8408.0,964.3,2435.4,1579.9,1072.1,2485.6,2611.7,4217.8,1843.3,1876.5,8423.1,4691.3,247.8,2068.1,2772.9,8410.2,8361.2,1881.0,1859.9,11005.6,4242.5,8381.2,7380.5,1880.7,1861.3,1875.4,8277.6,2672.4,4414.2,5976.8,9974.9,4749.5,8907.8,10972.5,4037.6,2573.9,2908.7,8796.7,1839.3,4186.3,5009.9,1757.9,2297.6,5035.2,2520.8,2080.3,1679.1,1061.0,10777.4,1655.5,1612.2,1080.8,1723.9,9.8,4620.1,8237.0,3167.3,2134.7,1842.8,3710.6,188.5,1898.8,1165.0,4261.3,8333.2,1553.0,1083.9,4193.2,11183.1,4983.6,1399.8,1087.4,1854.7,9839.8,1878.6,5634.3,11010.8,8261.7,11793.2,1973.8,1886.5,3189.5,8345.8,3238.0,1871.2,1833.2,5243.9,1845.4,4622.5,624.2,2687.1,7797.6,4821.4,6910.6,4472.2,249.7,11411.7,1035.5,3308.8,4476.5,3477.7,4548.0,3102.5,5638.6,2957.2,4974.5,1283.9,967.9,2623.0,3257.7,2781.5,4619.2,4658.2,8256.5,2805.4,3015.3,1876.7,11006.7,4174.9,4330.4,4370.6,1817.0,1815.4,1842.2,1944.5
Bunnpris Volda,4596.8,2079.5,4212.3,4248.5,6880.9,6050.2,6692.2,5484.8,6808.9,6806.8,4709.9,6819.4,5472.4,3649.1,2630.5,4922.8,5116.6,6974.4,4576.9,6432.0,5488.0,4718.9,6841.9,5287.4,3448.0,5491.5,2025.7,6056.3,8259.2,6018.3,4867.1,0.0,785.6,5547.0,6023.7,5438.2,5458.0,5287.7,3547.3,5496.9,5275.0,5489.9,5451.7,3617.0,4599.5,2627.3,5215.1,4707.3,4930.8,6246.9,698.6,5478.5,5511.7,3632.1,421.0,5091.9,5703.3,6408.1,3619.2,3570.2,5516.2,5495.1,6850.6,729.5,3590.2,2589.5,5515.9,5496.5,5510.6,3486.6,6307.6,2485.6,3503.5,5183.9,2820.9,4116.8,7393.4,7672.8,6209.1,6543.9,5217.6,5474.5,705.8,181.9,5393.1,5932.8,180.8,4941.0,5715.5,5314.3,4696.2,6622.4,5290.7,5247.4,4716.0,5359.1,4876.9,5223.2,3446.0,2025.0,5769.9,5478.0,1782.0,5032.6,5534.0,4800.2,7896.5,3542.2,5188.2,4719.1,714.2,6392.1,3055.0,5035.0,4722.6,5489.9,6260.7,5513.8,8287.1,6855.8,3470.7,7002.2,5609.0,5521.7,2043.1,3554.8,2018.0,5506.4,5468.4,8879.1,5480.6,5225.6,4259.4,6322.3,4218.5,2892.8,2119.6,492.2,5093.8,7256.7,4670.7,1892.8,5180.2,7112.9,8183.2,2101.1,8291.4,1938.7,159.3,4919.1,4603.1,6258.2,2074.0,6416.7,5222.3,5311.6,3465.5,6440.6,2132.7,5511.9,6851.7,716.9,7965.6,8005.8,5452.2,5450.6,5477.4,5579.7
Bunnpris Ørsta,3996.1,2191.9,4938.4,4974.6,6280.2,6776.3,6091.5,4884.1,6208.2,6206.1,4109.2,6218.7,6198.5,4375.2,2742.9,4322.1,4515.9,7700.5,5303.0,5831.3,4887.3,4118.2,7537.9,4686.7,4174.1,4890.8,2138.1,5455.6,8640.9,5417.6,4266.4,789.9,0.0,4946.3,5423.0,4837.5,4857.3,4687.0,4273.4,4896.2,6001.1,4889.2,4851.0,4343.1,3998.8,2739.7,4614.4,4106.6,4330.1,5646.2,132.0,4877.8,4911.0,4358.2,605.5,4491.2,5102.6,5807.4,4345.3,4296.3,4915.5,4894.4,7576.7,156.7,4316.3,3315.6,4915.2,4895.8,4909.9,4212.7,5706.9,2598.0,4229.6,5910.0,2933.3,4842.9,8089.4,7072.1,5608.4,5943.2,5913.6,4873.8,123.6,924.1,4792.4,5332.1,949.4,4340.3,5114.8,4713.6,4095.5,7348.5,4690.0,4646.7,4115.3,4758.4,4276.2,5949.3,4172.1,2137.4,5169.2,4877.3,1894.4,4431.9,4933.3,4199.5,7295.8,4268.3,4587.5,4118.4,132.0,7118.2,3167.4,4434.3,4121.9,4889.2,6956.7,4913.1,8668.8,7581.9,4196.8,7728.3,5008.3,4921.0,2155.5,4280.9,2130.4,4905.7,4867.7,8278.4,4879.9,5951.7,3658.7,5721.6,4914.5,3005.2,2845.7,386.4,4493.1,7982.8,4070.0,2005.2,5906.3,6512.2,7582.5,2213.5,8673.1,1338.0,888.7,4318.4,4002.4,5657.5,2186.4,5816.0,5948.4,6037.7,4191.6,5839.9,2245.1,4911.2,7577.8,116.2,7364.9,7405.1,4851.5,4849.9,4876.7,4979.0
"Digernessundet, 6057 Ellingsøy",1363.4,3993.6,9523.5,9559.7,1467.8,5150.9,2842.8,1635.4,1395.8,1393.7,902.9,1406.3,10614.6,9120.0,3385.3,2256.4,2149.5,12069.2,9888.1,1051.7,1638.6,972.1,11360.8,2694.5,8759.2,1642.1,4107.8,2206.9,3861.3,605.2,1900.0,5555.6,4944.6,0.0,1512.7,1588.8,1608.6,1438.3,9018.2,1647.5,4375.7,1640.5,1602.3,9087.9,1156.7,3375.2,1365.7,934.6,2189.4,2397.5,4897.7,1629.1,1662.3,9103.0,5371.2,2124.8,1853.9,1027.8,9090.1,9041.1,1666.8,1645.7,11945.4,4922.4,9061.1,7534.3,1666.5,1647.1,1661.2,8797.8,2458.2,5354.0,5680.6,8624.4,5689.3,9428.0,11912.3,2292.5,796.0,2694.5,9736.5,1625.1,4866.2,5689.8,1543.7,519.7,5715.1,2224.6,1866.1,1464.9,933.4,11717.2,1441.3,1402.4,1273.2,1509.7,1909.8,4323.9,8757.2,4107.1,1920.5,1628.6,4650.4,2065.5,1684.6,840.5,2516.2,9013.1,1396.2,883.4,4873.1,11863.0,5923.4,1190.0,998.6,1640.5,10779.6,1664.4,3889.2,11950.6,8781.9,12313.4,1759.6,1672.3,4129.3,9025.7,4177.8,1657.0,1619.0,3466.0,1631.2,4326.3,1284.9,1079.3,8737.4,5761.2,7430.8,5152.1,2126.7,12351.5,934.7,4248.6,4180.3,1699.8,2802.9,4042.3,3893.5,3637.1,5654.4,1128.6,1243.5,2408.8,4197.5,1036.4,4323.0,4362.0,8776.7,2591.2,3955.1,1662.5,11946.5,4854.8,2585.3,2625.5,1602.8,1601.2,1628.0,1730.3
"Langelandsvegen 47, 6010 Ålesund",1856.9,4487.1,10176.7,10212.9,2319.3,6133.0,1599.0,825.8,2247.3,2245.2,1370.2,2257.8,11108.1,9613.5,3878.8,3238.5,2643.0,12562.7,10541.3,2383.4,829.0,1503.1,11854.3,3676.6,9412.4,832.5,4601.3,963.1,5193.0,1456.7,2393.5,6049.1,5438.1,1508.4,0.0,779.2,799.0,785.6,9511.7,837.9,5357.8,830.9,792.7,9581.4,1650.2,3868.7,946.6,1416.0,3171.5,1153.7,5391.2,819.5,852.7,9596.5,5864.7,2618.3,1044.3,2359.5,9583.6,9534.6,857.2,836.1,12438.9,5415.9,9554.6,8516.4,856.9,837.5,851.6,9451.0,1214.4,5847.5,6662.7,9956.1,6182.8,10081.2,12405.8,3624.2,1647.5,1450.7,10230.0,815.5,5359.7,6183.3,734.1,1646.5,6208.6,3206.7,1056.5,829.4,1464.4,12210.7,1022.2,985.3,1766.7,838.1,2403.3,5306.0,9410.4,4600.6,1110.9,819.0,5143.9,2559.0,875.0,1411.0,3847.9,9506.6,1156.7,1376.9,5366.6,12356.5,6416.9,1115.9,1382.5,830.9,11273.1,854.8,5220.9,12444.1,9435.1,12966.6,950.0,862.7,4622.8,9519.2,4671.3,847.4,809.4,4317.5,821.6,5308.4,1778.4,493.6,9230.9,6254.7,8084.0,5645.6,2620.2,12845.0,1456.3,4742.1,5162.4,2551.3,4134.6,4535.8,5225.2,4130.6,6147.9,1236.3,1737.0,1165.0,4691.0,2368.1,5305.1,5344.1,9429.9,1347.4,4448.6,852.9,12440.0,5348.3,3917.0,3957.2,793.2,791.6,818.4,920.7
KIPERVIKGATA 5,1283.5,3913.7,9603.3,9639.5,2930.0,5559.6,1474.2,105.1,2858.0,2855.9,796.8,2868.5,10534.7,9040.1,3305.4,2665.1,2069.6,11989.3,9967.9,2514.9,78.1,929.7,11280.9,3103.2,8839.0,111.8,4027.9,838.3,5324.5,2067.4,1820.1,5475.7,4864.7,1629.9,805.7,0.0,77.5,212.2,8938.3,117.2,4784.4,102.7,50.2,9008.0,1076.8,3295.3,373.2,842.6,2598.1,1028.9,4817.8,77.0,132.0,9023.1,5291.3,2044.9,323.6,2491.0,9010.2,8961.2,136.5,115.4,11865.5,4842.5,8981.2,7943.0,136.2,116.8,111.2,8877.6,1089.6,5274.1,6089.3,10087.6,5609.4,9507.8,11832.4,3755.7,2258.2,1325.9,9656.6,87.3,4786.3,5609.9,69.8,2015.7,5635.2,2633.3,335.8,256.0,891.0,11637.3,448.8,411.9,1193.3,264.7,1829.9,4732.6,8837.0,4027.2,390.2,82.8,4570.5,1985.6,154.3,837.6,3979.4,8933.2,583.3,803.5,4793.2,11783.1,5843.5,542.5,809.1,89.0,10699.7,145.0,5352.4,11870.7,8861.7,12393.2,229.3,122.3,4049.4,8945.8,4097.9,126.7,66.9,4928.2,79.1,4735.0,1205.0,1104.3,8657.5,5681.3,7510.6,5072.2,2046.8,12271.6,882.9,4168.7,4589.0,3162.0,4266.1,3962.4,5356.7,3557.2,5574.5,662.9,1163.6,1040.2,4117.6,2499.6,4731.7,4770.7,8856.5,1222.6,3875.2,112.5,11866.6,4774.9,4048.5,4088.7,83.4,27.5,90.2,200.0
PARKGATA 11B,1264.1,3894.3,9583.9,9620.1,2910.6,5540.2,1454.8,86.3,2838.6,2836.5,777.4,2849.1,10515.3,9020.7,3286.0,2645.7,2050.2,11969.9,9948.5,2495.5,59.3,910.3,11261.5,3083.8,8819.6,93.0,4008.5,818.9,5305.1,2048.0,1800.7,5456.3,4845.3,1610.5,786.3,49.8,0.0,192.8,8918.9,98.4,4765.0,83.9,31.4,8988.6,1057.4,3275.9,353.8,823.2,2578.7,1009.5,4798.4,58.2,113.2,9003.7,5271.9,2025.5,304.8,2471.6,8990.8,8941.8,117.7,96.6,11846.1,4823.1,8961.8,7923.6,117.4,98.0,92.4,8858.2,1070.2,5254.7,6069.9,10068.2,5590.0,9488.4,11813.0,3736.3,2238.8,1306.5,9637.2,68.5,4766.9,5590.5,48.6,1996.3,5615.8,2613.9,317.0,233.0,871.6,11617.9,429.4,392.5,1173.9,245.3,1810.5,4713.2,8817.6,4007.8,371.4,64.0,4551.1,1966.2,135.5,818.2,3960.0,8913.8,563.9,784.1,4773.8,11763.7,5824.1,523.1,789.7,70.2,10680.3,127.8,5333.0,11851.3,8842.3,12373.8,210.5,103.5,4030.0,8926.4,4078.5,107.9,48.1,4908.8,60.3,4715.6,1185.6,1084.9,8638.1,5661.9,7491.2,5052.8,2027.4,12252.2,863.5,4149.3,4569.6,3142.6,4246.7,3943.0,5337.3,3537.8,5555.1,643.5,1144.2,1020.8,4098.2,2480.2,4712.3,4751.3,8837.1,1203.2,3855.8,93.7,11847.2,4755.5,4029.1,4069.3,80.6,58.7,71.4,181.2
"Ålesund, 6008 Ålesund",1106.0,3736.2,9425.8,9462.0,2786.3,5382.1,1437.7,230.3,2714.3,2712.2,619.3,2724.8,10357.2,8862.6,3127.9,2487.6,1892.1,11811.8,9790.4,2337.4,233.5,752.2,11103.4,2925.7,8661.5,237.0,3850.4,801.8,5147.0,1923.7,1642.6,5298.2,4687.2,1452.4,769.2,183.7,203.5,0.0,8760.8,242.4,4606.9,235.4,197.2,8830.5,899.3,3117.8,195.7,665.1,2420.6,992.4,4640.3,224.0,257.2,8845.6,5113.8,1867.4,448.8,2313.5,8832.7,8783.7,261.7,240.6,11688.0,4665.0,8803.7,7765.5,261.4,242.0,256.1,8700.1,1053.1,5096.6,5911.8,9910.1,5431.9,9330.3,11654.9,3578.2,2114.5,1289.4,9479.1,220.0,4608.8,5432.4,138.6,1838.2,5457.7,2455.8,461.0,54.4,713.5,11459.8,260.2,234.4,1015.8,79.9,1652.4,4555.1,8659.5,3849.7,515.4,223.5,4393.0,1808.1,279.5,660.1,3801.9,8755.7,405.8,626.0,4615.7,11605.6,5666.0,365.0,631.6,235.4,10522.2,259.3,5174.9,11693.2,8684.2,12215.7,354.5,267.2,3871.9,8768.3,3920.4,251.9,213.9,4784.5,226.1,4557.5,1027.5,1067.8,8480.0,5503.8,7333.1,4894.7,1869.3,12094.1,705.4,3991.2,4411.5,3018.3,4088.6,3784.9,5179.2,3379.7,5397.0,485.4,986.1,1003.7,3940.1,2322.1,4554.2,4593.2,8679.0,1186.1,3697.7,257.4,11689.1,4597.4,3871.0,3911.2,197.7,196.1,222.9,325.2
"Eidsgata 12, 6770 Nordfjordeid",7505.0,4987.7,3447.9,3484.1,9789.1,6380.6,9600.4,8393.0,9717.1,9715.0,7618.1,9727.6,1990.0,118.1,5538.7,7351.2,8024.8,3492.0,3812.5,9340.2,8396.2,7627.1,4460.9,6836.1,2683.6,8399.7,4933.9,8964.5,8589.6,8926.5,7775.3,2989.4,3693.8,8455.2,8931.9,8346.4,8366.2,8195.9,0.0,8405.1,5605.4,8398.1,8359.9,88.3,7507.7,5535.5,8123.3,7615.5,7359.2,9155.1,3606.8,8386.7,8419.9,103.4,3329.2,8000.1,8611.5,9316.3,90.5,41.5,8424.4,8403.3,3368.2,3637.7,61.5,2919.9,8424.1,8404.7,8418.8,2722.2,9215.8,5393.8,3833.9,4419.5,5729.1,3352.4,5012.4,8724.9,9117.3,9452.1,2889.9,8382.7,3614.0,3150.0,8301.3,8841.0,3148.9,7369.4,8623.7,8222.5,7604.4,3140.0,8198.9,8155.6,7624.2,8267.3,7785.1,5553.6,2681.6,4933.2,8678.1,8386.2,4690.2,7940.8,8442.2,7708.4,10804.7,142.3,8096.4,7627.3,3622.4,2909.7,5963.2,7943.2,7630.8,8398.1,3879.7,8422.0,8617.5,3373.4,2706.3,4876.3,8517.2,8429.9,4951.3,60.6,4926.2,8414.6,8376.6,11787.3,8388.8,5556.0,7167.6,9230.5,4103.3,5801.0,2134.1,3400.4,8002.0,3774.3,7578.9,4801.0,5510.6,10021.1,11091.4,5009.3,8621.8,4846.9,3132.2,7827.3,7511.3,9166.4,4982.2,9324.9,5552.7,5642.0,2701.1,9348.8,5040.9,8420.1,3369.3,3625.1,10873.8,10914.0,8360.4,8358.8,8385.6,8487.9
"Kongensgate 1, 6002 Ålesund",1317.2,3947.4,9637.0,9673.2,2963.7,5593.3,1507.9,12.3,2891.7,2889.6,830.5,2902.2,10568.4,9073.8,3339.1,2698.8,2103.3,12023.0,10001.6,2548.6,91.8,963.4,11314.6,3136.9,8872.7,31.5,4061.6,872.0,5358.2,2101.1,1853.8,5509.4,4898.4,1663.6,839.4,95.1,108.7,245.9,8972.0,0.0,4818.1,93.7,77.2,9041.7,1110.5,3329.0,406.9,876.3,2631.8,1062.6,4851.5,92.6,29.9,9056.8,5325.0,2078.6,229.9,2524.7,9043.9,8994.9,19.3,1.8,11899.2,4876.2,9014.9,7976.7,19.0,0.4,114.4,8911.3,1123.3,5307.8,6123.0,10121.3,5643.1,9541.5,11866.1,3789.4,2291.9,1359.6,9690.3,78.3,4820.0,5643.6,124.3,2049.4,5668.9,2667.0,242.1,289.7,924.7,11671.0,482.5,445.6,1227.0,298.4,1863.6,4766.3,8870.7,4060.9,296.5,42.9,4604.2,2019.3,71.1,871.3,4013.1,8966.9,617.0,837.2,4826.9,11816.8,5877.2,576.2,842.8,93.7,10733.4,82.2,5386.1,11904.4,8895.4,12426.9,114.8,125.5,4083.1,8979.5,4131.6,43.5,103.6,4961.9,115.8,4768.7,1238.7,1138.0,8691.2,5715.0,7544.3,5105.9,2080.5,12305.3,916.6,4202.4,4622.7,3195.7,4299.8,3996.1,5390.4,3590.9,5608.2,696.6,1197.3,1073.9,4151.3,2533.3,4765.4,4804.4,8890.2,1256.3,3908.9,115.7,11900.3,4808.6,4082.2,4122.4,76.8,96.5,81.2,116.8
"Dregesvegen 2, 6200 Stranda",4137.0,6767.2,5611.9,5648.1,5693.6,1030.7,6001.9,4794.5,5621.6,5619.5,4019.6,5632.1,7577.5,5697.5,6158.9,2196.7,4923.1,9079.5,5976.5,4520.4,4797.7,4028.6,10048.4,1681.6,4847.6,4801.2,6881.4,5366.0,3090.6,4831.0,4673.6,5267.0,5985.6,4359.7,5333.4,4747.9,4767.7,4597.4,5595.7,4806.6,0.0,4799.6,4761.4,5665.4,3815.5,6148.8,4524.8,4017.0,2204.7,5556.6,5876.6,4788.2,4821.4,5680.5,5670.6,4898.4,5013.0,4539.0,5667.6,5618.6,4825.9,4804.8,8955.7,5899.8,5638.6,3622.7,4825.6,4806.2,4820.3,4886.2,5617.3,7735.2,1769.0,6583.5,8070.5,5516.4,10599.9,3225.9,5021.8,5853.6,8477.4,4784.2,5905.8,5192.3,4702.8,4488.0,5191.2,2214.9,5025.2,4624.0,4005.9,8727.5,4600.4,4557.1,3661.4,4668.8,4683.4,102.3,4845.6,6880.7,5079.6,4787.7,7031.6,4839.1,4843.7,4109.9,5764.6,5647.3,4497.9,4028.8,5862.6,8497.2,8304.6,4344.7,4032.3,4799.6,9467.2,4823.5,3118.5,8960.9,4870.3,8401.8,4918.7,4831.4,6902.9,5603.2,6951.4,4816.1,4778.1,7691.8,4790.3,49.4,4058.5,5305.1,9468.1,8142.4,3519.2,5741.8,4900.3,9361.8,3980.4,7022.2,319.2,5925.6,5783.8,6815.9,3122.8,5035.9,5208.0,4228.8,3884.4,5567.9,6971.1,4527.8,52.7,183.4,4865.1,5750.3,6728.7,4821.6,8956.8,5880.4,5833.7,5873.9,4761.9,4760.3,4787.1,4889.4
"Kirkegata 4, 6002 Ålesund",1281.4,3911.6,9601.2,9637.4,2927.9,5557.5,1472.1,39.2,2855.9,2853.8,794.7,2866.4,10532.6,9038.0,3303.3,2663.0,2067.5,11987.2,9965.8,2512.8,45.0,927.6,11278.8,3101.1,8836.9,45.9,4025.8,836.2,5322.4,2065.3,1818.0,5473.6,4862.6,1627.8,803.6,48.3,61.9,210.1,8936.2,51.3,4782.3,0.0,30.4,9005.9,1074.7,3293.2,371.1,840.5,2596.0,1026.8,4815.7,45.8,66.1,9021.0,5289.2,2042.8,257.7,2488.9,9008.1,8959.1,70.6,49.5,11863.4,4840.4,8979.1,7940.9,70.3,50.9,67.6,8875.5,1087.5,5272.0,6087.2,10085.5,5607.3,9505.7,11830.3,3753.6,2256.1,1323.8,9654.5,31.5,4784.2,5607.8,88.5,2013.6,5633.1,2631.2,269.9,253.9,888.9,11635.2,446.7,409.8,1191.2,262.6,1827.8,4730.5,8834.9,4025.1,324.3,16.9,4568.4,1983.5,88.4,835.5,3977.3,8931.1,581.2,801.4,4791.1,11781.0,5841.4,540.4,807.0,46.9,10697.6,80.7,5350.3,11868.6,8859.6,12391.1,163.4,78.7,4047.3,8943.7,4095.8,60.8,56.8,4926.1,69.0,4732.9,1202.9,1102.2,8655.4,5679.2,7508.5,5070.1,2044.7,12269.5,880.8,4166.6,4586.9,3159.9,4264.0,3960.3,5354.6,3555.1,5572.4,660.8,1161.5,1038.1,4115.5,2497.5,4729.6,4768.6,8854.4,1220.5,3873.1,68.9,11864.5,4772.8,4046.4,4086.6,41.0,57.2,34.4,134.1
Egon Ålesund,1278.0,3908.2,9597.8,9634.0,2924.5,5554.1,1468.7,54.9,2852.5,2850.4,791.3,2863.0,10529.2,9034.6,3299.9,2659.6,2064.1,11983.8,9962.4,2509.4,37.6,924.2,11275.4,3097.7,8833.5,61.6,4022.4,832.8,5319.0,2061.9,1814.6,5470.2,4859.2,1624.4,800.2,17.9,31.5,206.7,8932.8,67.0,4778.9,52.5,0.0,9002.5,1071.3,3289.8,367.7,837.1,2592.6,1023.4,4812.3,26.8,81.8,9017.6,5285.8,2039.4,273.4,2485.5,9004.7,8955.7,86.3,65.2,11860.0,4837.0,8975.7,7937.5,86.0,66.6,70.7,8872.1,1084.1,5268.6,6083.8,10082.1,5603.9,9502.3,11826.9,3750.2,2252.7,1320.4,9651.1,37.1,4780.8,5604.4,62.5,2010.2,5629.7,2627.8,285.6,250.5,885.5,11631.8,443.3,406.4,1187.8,259.2,1824.4,4727.1,8831.5,4021.7,340.0,32.6,4565.0,1980.1,104.1,832.1,3973.9,8927.7,577.8,798.0,4787.7,11777.6,5838.0,537.0,803.6,48.5,10694.2,96.4,5346.9,11865.2,8856.2,12387.7,179.1,81.8,4043.9,8940.3,4092.4,76.5,26.4,4922.7,38.6,4729.5,1199.5,1098.8,8652.0,5675.8,7505.1,5066.7,2041.3,12266.1,877.4,4163.2,4583.5,3156.5,4260.6,3956.9,5351.2,3551.7,5569.0,657.4,1158.1,1034.7,4112.1,2494.1,4726.2,4765.2,8851.0,1217.1,3869.7,72.0,11861.1,4769.4,4043.0,4083.2,62.7,26.8,40.0,149.8
"Skulevegen 1, 6770 Nordfjordeid",7569.1,5051.8,3510.8,3547.0,9853.2,6443.5,9664.5,8457.1,9781.2,9779.1,7682.2,9791.7,2078.8,139.2,5602.8,7414.1,8088.9,3580.8,3875.4,9404.3,8460.3,7691.2,4549.7,6899.0,2746.5,8463.8,4998.0,9028.6,8652.5,8990.6,7839.4,3053.5,3757.9,8519.3,8996.0,8410.5,8430.3,8260.0,88.8,8469.2,5668.3,8462.2,8424.0,0.0,7571.8,5599.6,8187.4,7679.6,7422.1,9219.2,3670.9,8450.8,8484.0,15.1,3393.3,8064.2,8675.6,9380.4,109.3,60.3,8488.5,8467.4,3457.0,3701.8,64.4,2982.8,8488.2,8468.8,8482.9,2785.1,9279.9,5457.9,3896.8,4482.4,5793.2,3415.3,5101.2,8787.8,9181.4,9516.2,2978.7,8446.8,3678.1,3214.1,8365.4,8905.1,3213.0,7432.3,8687.8,8286.6,7668.5,3228.8,8263.0,8219.7,7688.3,8331.4,7849.2,5616.5,2744.5,4997.3,8742.2,8450.3,4754.3,8004.9,8506.3,7772.5,10868.8,230.5,8160.5,7691.4,3686.5,2998.5,6027.3,8007.3,7694.9,8462.2,3968.5,8486.1,8680.4,3462.2,2769.2,4939.2,8581.3,8494.0,5015.4,112.2,4990.3,8478.7,8440.7,11851.4,8452.9,5618.9,7231.7,9294.6,4192.1,5865.1,2197.0,3464.5,8066.1,3863.1,7643.0,4865.1,5573.5,10085.2,11155.5,5073.4,8684.7,4911.0,3196.3,7891.4,7575.4,9230.5,5046.3,9389.0,5615.6,5704.9,2764.0,9412.9,5105.0,8484.2,3458.1,3689.2,10937.9,10978.1,8424.5,8422.9,8449.7,8552.0
Gamle Blindheimsveg 25,437.4,3067.6,8757.2,8793.4,2491.0,4602.0,2302.3,1094.9,2419.0,2416.9,320.0,2429.5,9688.6,8194.0,2459.3,1707.5,1223.5,11143.2,9121.8,2042.1,1098.1,329.0,10434.8,2145.6,7992.9,1101.6,3181.8,1666.4,4851.7,1628.4,974.0,4629.6,4018.6,1157.1,1633.8,1048.3,1068.1,897.8,8092.2,1107.0,3826.8,1100.0,1061.8,8161.9,0.0,2449.2,825.2,317.4,1640.5,1857.0,3971.7,1088.6,1121.8,8177.0,4445.2,1198.8,1313.4,2018.2,8164.1,8115.1,1126.3,1105.2,11019.4,3996.4,8135.1,6985.4,1126.0,1106.6,1120.7,8031.5,1917.7,4428.0,5131.7,9614.8,4763.3,8661.7,10986.3,3282.9,1819.2,2154.0,8810.5,1084.6,3940.2,4763.8,1003.2,1542.9,4789.1,1675.7,1325.6,924.4,306.3,10791.2,900.8,857.5,235.7,969.2,983.8,3775.0,7990.9,3181.1,1380.0,1088.1,3724.4,1139.5,1144.1,410.3,3506.6,8087.1,798.3,329.2,3947.1,10937.0,4997.4,645.1,332.7,1100.0,9853.6,1123.9,4879.6,11024.6,8015.6,11547.1,1219.1,1131.8,3203.3,8099.7,3251.8,1116.5,1078.5,4489.2,1090.7,3777.4,358.9,1932.4,7811.4,4835.2,6664.5,4226.1,1200.7,11425.5,280.8,3322.6,3631.4,2723.0,3793.3,3116.3,4883.9,2711.1,4728.4,529.2,194.9,1868.3,3271.5,2026.8,3774.1,3813.1,8010.4,2050.7,3029.1,1122.0,11020.5,3928.8,3575.7,3615.9,1062.3,1060.7,1087.5,1189.8
Eurospar Hareid,2465.7,676.1,6819.4,6855.6,4749.8,6951.2,4561.1,3353.7,4677.8,4675.7,2578.8,4688.3,7297.1,6256.2,67.8,4056.7,2724.5,8751.7,7184.0,4300.9,3356.9,2587.8,8043.3,4494.8,6055.1,3360.4,790.3,3925.2,7110.5,3887.2,2475.0,2628.4,2748.3,3415.9,3892.6,3307.1,3326.9,3156.6,6154.4,3365.8,6176.0,3358.8,3320.6,6224.1,2468.4,0.0,3084.0,2576.2,3989.7,4115.8,2661.3,3347.4,3380.6,6239.2,2444.0,2699.8,3572.2,4277.0,6226.3,6177.3,3385.1,3364.0,8627.9,2692.2,6197.3,5196.6,3384.8,3365.4,3379.5,6093.7,4176.5,2036.5,6110.6,7791.0,2371.8,6723.9,8594.8,5541.7,4078.0,4412.8,6419.0,3343.4,2668.5,2762.6,3262.0,3801.7,2787.9,4024.9,3584.4,3183.2,2565.1,8399.7,3159.6,3116.3,2584.9,3228.0,2484.8,6124.2,6053.1,789.6,3638.8,3346.9,1332.9,2640.5,3402.9,2669.1,5765.4,6149.3,3057.1,2588.0,2676.9,8999.2,2605.9,2903.9,2591.5,3358.8,7462.1,3382.7,7138.4,8633.1,6077.8,9609.3,3477.9,3390.6,811.8,6161.9,860.3,3375.3,3337.3,6748.0,3349.5,6126.6,2128.3,4191.2,5419.9,2443.7,4726.7,2463.8,2701.7,9034.0,2539.6,931.1,5980.6,4981.8,6052.1,724.8,7142.7,3901.4,2727.2,2788.0,2472.0,4127.1,880.0,4285.6,6123.3,6162.3,6072.6,4309.5,637.6,3380.8,8629.0,2679.6,5834.5,5874.7,3321.1,3319.5,3346.3,3448.6
LARSGÅRDSVEGEN 19,1037.2,3667.4,9357.0,9393.2,2717.5,5313.3,1577.8,370.4,2645.5,2643.4,550.5,2656.0,10288.4,8793.8,3059.1,2418.8,1823.3,11743.0,9721.6,2268.6,373.6,683.4,11034.6,2856.9,8592.7,377.1,3781.6,941.9,5078.2,1854.9,1573.8,5229.4,4618.4,1383.6,909.3,323.8,343.6,173.3,8692.0,382.5,4538.1,375.5,337.3,8761.7,830.5,3049.0,0.0,596.3,2351.8,1132.5,4571.5,364.1,397.3,8776.8,5045.0,1798.6,588.9,2244.7,8763.9,8714.9,401.8,380.7,11619.2,4596.2,8734.9,7696.7,401.5,382.1,396.2,8631.3,1193.2,5027.8,5843.0,9841.3,5363.1,9261.5,11586.1,3509.4,2045.7,1429.5,9410.3,360.1,4540.0,5363.6,278.7,1769.4,5388.9,2387.0,601.1,198.8,644.7,11391.0,158.1,135.6,947.0,244.7,1583.6,4486.3,8590.7,3780.9,655.5,363.6,4324.2,1739.3,419.6,591.3,3733.1,8686.9,307.0,557.2,4546.9,11536.8,5597.2,296.2,562.8,375.5,10453.4,399.4,5106.1,11624.4,8615.4,12146.9,494.6,407.3,3803.1,8699.5,3851.6,392.0,354.0,4715.7,366.2,4488.7,958.7,1207.9,8411.2,5435.0,7264.3,4825.9,1800.5,12025.3,636.6,3922.4,4342.7,2949.5,4019.8,3716.1,5110.4,3310.9,5328.2,416.6,917.3,1143.8,3871.3,2253.3,4485.4,4524.4,8610.2,1326.2,3628.9,397.5,11620.3,4528.6,3802.2,3842.4,337.8,336.2,363.0,465.3
Eurospar Moa,519.5,3149.7,8839.3,8875.5,2278.3,4795.6,2088.4,881.0,2206.3,2204.2,67.1,2216.8,9770.7,8276.1,2541.4,1901.1,1305.6,11225.3,9203.9,1829.4,884.2,167.1,10516.9,2339.2,8075.0,887.7,3263.9,1452.5,4639.0,1415.7,1056.1,4711.7,4100.7,944.4,1419.9,834.4,854.2,683.9,8174.3,893.1,4020.4,886.1,847.9,8244.0,312.8,2531.3,611.3,0.0,1834.1,1643.1,4053.8,874.7,907.9,8259.1,4527.3,1280.9,1099.5,1805.5,8246.2,8197.2,912.4,891.3,11101.5,4078.5,8217.2,7179.0,912.1,892.7,906.8,8113.6,1703.8,4510.1,5325.3,9402.1,4845.4,8743.8,11068.4,3070.2,1606.5,1940.1,8892.6,870.7,4022.3,4845.9,789.3,1330.2,4871.2,1869.3,1111.7,710.5,134.5,10873.3,686.9,595.3,429.3,755.3,1065.9,3968.6,8073.0,3263.2,1166.1,874.2,3806.5,1221.6,930.2,185.4,3293.9,8169.2,536.1,82.5,4029.2,11019.1,5079.5,382.9,127.5,886.1,9935.7,910.0,4666.9,11106.7,8097.7,11629.2,1005.2,917.9,3285.4,8181.8,3333.9,902.6,864.6,4276.5,876.8,3971.0,441.0,1718.5,7893.5,4917.3,6746.6,4308.2,1282.8,11507.6,118.9,3404.7,3825.0,2510.3,3580.6,3198.4,4671.2,2793.2,4810.5,268.5,399.6,1654.4,3353.6,1814.1,3967.7,4006.7,8092.5,1836.8,3111.2,908.1,11102.6,4010.9,3363.0,3403.2,848.4,846.8,873.6,975.9
Eurospar Sykkylven,1962.9,4593.1,7371.2,7407.4,3519.5,2998.6,3827.8,2620.4,3447.5,3445.4,1845.5,3458.0,9336.8,7456.8,3984.8,67.0,2749.0,10838.8,7735.8,2672.7,2623.6,1854.5,11681.9,542.2,6606.9,2627.1,4707.3,3191.9,5207.6,2656.9,2499.5,4933.9,4322.9,2185.6,3159.3,2573.8,2593.6,2423.3,7355.0,2632.5,2223.4,2625.5,2587.3,7424.7,1641.4,3974.7,2350.7,1842.9,0.0,3382.5,4276.0,2614.1,2647.3,7439.8,4749.5,2724.3,2838.9,2648.8,7426.9,7377.9,2651.8,2630.7,10715.0,4300.7,7397.9,5382.0,2651.5,2632.1,2646.2,6645.5,3443.2,5953.5,3528.3,8342.8,6288.8,7275.7,12233.4,3913.5,2847.7,3679.5,10057.6,2610.1,4244.5,5068.1,2528.7,2313.9,5093.4,35.2,2851.1,2449.9,1831.8,10486.8,2426.3,2383.0,1487.3,2494.7,2509.3,2171.6,6604.9,4706.6,2905.5,2613.6,5249.9,2665.0,2669.6,1935.8,4137.2,7406.6,2323.8,1854.7,4251.4,10256.5,6522.9,2170.6,1858.2,2625.5,11100.7,2649.4,5235.5,10720.2,6629.6,10161.1,2744.6,2657.3,4728.8,7362.5,4777.3,2642.0,2604.0,5517.7,2616.2,2174.0,1884.4,3131.0,9058.5,6360.7,5278.5,4530.4,2726.2,11121.1,1806.3,4848.1,2028.0,3751.5,4423.9,4641.8,5239.8,3015.4,5032.7,2054.7,1710.3,3393.8,4797.0,2657.4,2170.7,2209.7,6624.4,3576.2,4554.6,2647.5,10716.1,4233.1,4206.3,4246.5,2587.8,2586.2,2613.0,2715.3
Eurospar Valderøy,2070.0,4700.2,10389.8,10426.0,3262.5,6346.1,1260.2,1038.9,3190.5,3188.4,1583.3,3201.0,11321.2,9826.6,4091.9,3451.6,2856.1,12775.8,10754.4,3301.4,1042.1,1716.2,12067.4,3889.7,9625.5,1045.6,4814.4,204.1,6111.0,2399.9,2606.6,6262.2,5651.2,2416.4,1138.2,992.3,1012.1,998.7,9724.8,1051.0,5570.9,1044.0,1005.8,9794.5,1863.3,4081.8,1159.7,1629.1,3384.6,0.0,5604.3,1032.6,1065.8,9809.6,6077.8,2831.4,1257.4,3277.5,9796.7,9747.7,1070.3,1049.2,12652.0,5629.0,9767.7,8729.5,1070.0,1050.6,1064.7,9664.1,875.6,6060.6,6875.8,10874.1,6395.9,10294.3,12618.9,4542.2,2590.7,820.4,10443.1,1028.6,5572.8,6396.4,947.2,2589.7,6421.7,3419.8,1269.6,1042.5,1677.5,12423.8,1235.3,1198.4,1979.8,1051.2,2616.4,5519.1,9623.5,4813.7,1324.0,1032.1,5357.0,2772.1,1088.1,1624.1,4765.9,9719.7,1369.8,1590.0,5579.7,12569.6,6630.0,1329.0,1595.6,1044.0,11486.2,1067.9,6138.9,12657.2,9648.2,13179.7,1163.1,1075.8,4835.9,9732.3,4884.4,1060.5,1022.5,5260.7,1034.7,5521.5,1991.5,1436.8,9444.0,6467.8,8297.1,5858.7,2833.3,13058.1,1669.4,4955.2,5375.5,3494.5,5052.6,4748.9,6143.2,4343.7,6361.0,1449.4,1950.1,534.7,4904.1,3286.1,5518.2,5557.2,9643.0,717.1,4661.7,1066.0,12653.1,5561.4,4835.0,4875.2,1006.3,1004.7,1031.5,1133.8
Eurospar Ørsta,3942.9,2104.5,4824.3,4860.5,6227.0,6662.2,6038.3,4830.9,6155.0,6152.9,4056.0,6165.5,6084.4,4261.1,2655.5,4268.9,4462.7,7586.4,5188.9,5778.1,4834.1,4065.0,7450.5,4633.5,4060.0,4837.6,2050.7,5402.4,8587.7,5364.4,4213.2,702.5,131.7,4893.1,5369.8,4784.3,4804.1,4633.8,4159.3,4843.0,5887.0,4836.0,4797.8,4229.0,3945.6,2652.3,4561.2,4053.4,4276.9,5593.0,0.0,4824.6,4857.8,4244.1,518.1,4438.0,5049.4,5754.2,4231.2,4182.2,4862.3,4841.2,7462.6,45.9,4202.2,3201.5,4862.0,4842.6,4856.7,4098.6,5653.7,2510.6,4115.5,5795.9,2845.9,4728.8,8002.0,7018.9,5555.2,5890.0,5826.2,4820.6,51.9,836.7,4739.2,5278.9,862.0,4287.1,5061.6,4660.4,4042.3,7234.4,4636.8,4593.5,4062.1,4705.2,4223.0,5835.2,4058.0,2050.0,5116.0,4824.1,1807.0,4378.7,4880.1,4146.3,7242.6,4154.2,4534.3,4065.2,60.3,7004.1,3080.0,4381.1,4068.7,4836.0,6869.3,4859.9,8615.6,7467.8,4082.7,7614.2,4955.1,4867.8,2068.1,4166.8,2043.0,4852.5,4814.5,8225.2,4826.7,5837.6,3605.5,5668.4,4827.1,2917.8,2731.6,299.0,4439.9,7868.7,4016.8,1917.8,5792.2,6459.0,7529.3,2126.1,8619.9,1284.8,801.3,4265.2,3949.2,5604.3,2099.0,5762.8,5834.3,5923.6,4077.5,5786.7,2157.7,4858.0,7463.7,63.0,7311.7,7351.9,4798.3,4796.7,4823.5,4925.8
Rasmus Rønnebergs gate 21,1298.8,3929.0,9618.6,9654.8,2945.3,5574.9,1489.5,70.4,2873.3,2871.2,812.1,2883.8,10550.0,9055.4,3320.7,2680.4,2084.9,12004.6,9983.2,2530.2,58.4,945.0,11296.2,3118.5,8854.3,77.1,4043.2,853.6,5339.8,2082.7,1835.4,5491.0,4880.0,1645.2,821.0,38.7,52.3,227.5,8953.6,82.5,4799.7,68.0,20.8,9023.3,1092.1,3310.6,388.5,857.9,2613.4,1044.2,4833.1,0.0,97.3,9038.4,5306.6,2060.2,288.9,2506.3,9025.5,8976.5,101.8,80.7,11880.8,4857.8,8996.5,7958.3,101.5,82.1,88.7,8892.9,1104.9,5289.4,6104.6,10102.9,5624.7,9523.1,11847.7,3771.0,2273.5,1341.2,9671.9,52.6,4801.6,5625.2,83.3,2031.0,5650.5,2648.6,301.1,271.3,906.3,11652.6,464.1,427.2,1208.6,280.0,1845.2,4747.9,8852.3,4042.5,355.5,48.1,4585.8,2000.9,119.6,852.9,3994.7,8948.5,598.6,818.8,4808.5,11798.4,5858.8,557.8,824.4,68.0,10715.0,111.9,5367.7,11886.0,8877.0,12408.5,194.6,99.8,4064.7,8961.1,4113.2,92.0,47.2,4943.5,59.4,4750.3,1220.3,1119.6,8672.8,5696.6,7525.9,5087.5,2062.1,12286.9,898.2,4184.0,4604.3,3177.3,4281.4,3977.7,5372.0,3572.5,5589.8,678.2,1178.9,1055.5,4132.9,2514.9,4747.0,4786.0,8871.8,1237.9,3890.5,90.0,11881.9,4790.2,4063.8,4104.0,78.2,47.6,55.5,165.3
"Ålesund, 6002 Ålesund",1333.6,3963.8,9653.4,9689.6,2980.1,5609.7,1524.3,28.7,2908.1,2906.0,846.9,2918.6,10584.8,9090.2,3355.5,2715.2,2119.7,12039.4,10018.0,2565.0,108.2,979.8,11331.0,3153.3,8889.1,47.9,4078.0,888.4,5374.6,2117.5,1870.2,5525.8,4914.8,1680.0,855.8,111.5,125.1,262.3,8988.4,16.4,4834.5,110.1,93.6,9058.1,1126.9,3345.4,423.3,892.7,2648.2,1079.0,4867.9,109.0,0.0,9073.2,5341.4,2095.0,246.3,2541.1,9060.3,9011.3,32.1,18.2,11915.6,4892.6,9031.3,7993.1,31.8,16.8,130.8,8927.7,1139.7,5324.2,6139.4,10137.7,5659.5,9557.9,11882.5,3805.8,2308.3,1376.0,9706.7,94.7,4836.4,5660.0,140.7,2065.8,5685.3,2683.4,258.5,306.1,941.1,11687.4,498.9,462.0,1243.4,314.8,1880.0,4782.7,8887.1,4077.3,312.9,59.3,4620.6,2035.7,87.5,887.7,4029.5,8983.3,633.4,853.6,4843.3,11833.2,5893.6,592.6,859.2,110.1,10749.8,98.6,5402.5,11920.8,8911.8,12443.3,127.6,141.9,4099.5,8995.9,4148.0,59.9,120.0,4978.3,132.2,4785.1,1255.1,1154.4,8707.6,5731.4,7560.7,5122.3,2096.9,12321.7,933.0,4218.8,4639.1,3212.1,4316.2,4012.5,5406.8,3607.3,5624.6,713.0,1213.7,1090.3,4167.7,2549.7,4781.8,4820.8,8906.6,1272.7,3925.3,132.1,11916.7,4825.0,4098.6,4138.8,93.2,112.9,97.6,133.2
Felleskjøpet Nordfjordeid,7587.4,5070.1,3529.1,3565.3,9871.5,6461.8,9682.8,8475.4,9799.5,9797.4,7700.5,9810.0,2097.1,157.5,5621.1,7432.4,8107.2,3599.1,3893.7,9422.6,8478.6,7709.5,4568.0,6917.3,2764.8,8482.1,5016.3,9046.9,8670.8,9008.9,7857.7,3071.8,3776.2,8537.6,9014.3,8428.8,8448.6,8278.3,107.1,8487.5,5686.6,8480.5,8442.3,18.3,7590.1,5617.9,8205.7,7697.9,7440.4,9237.5,3689.2,8469.1,8502.3,0.0,3411.6,8082.5,8693.9,9398.7,127.6,78.6,8506.8,8485.7,3475.3,3720.1,82.7,3001.1,8506.5,8487.1,8501.2,2803.4,9298.2,5476.2,3915.1,4500.7,5811.5,3433.6,5119.5,8806.1,9199.7,9534.5,2997.0,8465.1,3696.4,3232.4,8383.7,8923.4,3231.3,7450.6,8706.1,8304.9,7686.8,3247.1,8281.3,8238.0,7706.6,8349.7,7867.5,5634.8,2762.8,5015.6,8760.5,8468.6,4772.6,8023.2,8524.6,7790.8,10887.1,248.8,8178.8,7709.7,3704.8,3016.8,6045.6,8025.6,7713.2,8480.5,3986.8,8504.4,8698.7,3480.5,2787.5,4957.5,8599.6,8512.3,5033.7,130.5,5008.6,8497.0,8459.0,11869.7,8471.2,5637.2,7250.0,9312.9,4210.4,5883.4,2215.3,3482.8,8084.4,3881.4,7661.3,4883.4,5591.8,10103.5,11173.8,5091.7,8703.0,4929.3,3214.6,7909.7,7593.7,9248.8,5064.6,9407.3,5633.9,5723.2,2782.3,9431.2,5123.3,8502.5,3476.4,3707.5,10956.2,10996.4,8442.8,8441.2,8468.0,8570.3
Felleskjøpet Volda,4408.1,1890.8,4594.7,4630.9,6692.2,6432.6,6503.5,5296.1,6620.2,6618.1,4521.2,6630.7,5854.8,4031.5,2441.8,4734.1,4927.9,7356.8,4959.3,6243.3,5299.3,4530.2,7151.7,5098.7,3830.4,5302.8,1837.0,5867.6,8641.6,5829.6,4678.4,403.7,596.9,5358.3,5835.0,5249.5,5269.3,5099.0,3929.7,5308.2,5657.4,5301.2,5263.0,3999.4,4410.8,2438.6,5026.4,4518.6,4742.1,6058.2,509.9,5289.8,5323.0,4014.5,0.0,4903.2,5514.6,6219.4,4001.6,3952.6,5327.5,5306.4,7233.0,540.8,3972.6,2971.9,5327.2,5307.8,5321.9,3869.0,6118.9,2296.9,3885.9,5566.3,2632.2,4499.2,7703.2,7484.1,6020.4,6355.2,5527.4,5285.8,517.1,537.9,5204.4,5744.1,563.2,4752.3,5526.8,5125.6,4507.5,7004.8,5102.0,5058.7,4527.3,5170.4,4688.2,5605.6,3828.4,1836.3,5581.2,5289.3,1593.3,4843.9,5345.3,4611.5,7707.8,3924.6,4999.5,4530.4,525.5,6774.5,2866.3,4846.3,4533.9,5301.2,6570.5,5325.1,8669.5,7238.2,3853.1,7384.6,5420.3,5333.0,1854.4,3937.2,1829.3,5317.7,5279.7,8690.4,5291.9,5608.0,4070.7,6133.6,4528.3,2704.1,2502.0,303.5,4905.1,7639.1,4482.0,1704.1,5562.6,6924.2,7994.5,1912.4,8673.8,1750.0,502.5,4730.4,4414.4,6069.5,1885.3,6228.0,5604.7,5694.0,3847.9,6251.9,1944.0,5323.2,7234.1,528.2,7776.9,7817.1,5263.5,5261.9,5288.7,5391.0
"Langevåg, 6030 Langevåg",1186.2,3278.4,9227.9,9264.1,3470.3,5671.7,3281.6,2074.2,3398.3,3396.2,1299.3,3408.8,9899.4,8664.7,2670.1,2777.2,83.1,11354.0,9592.5,3021.4,2077.4,1308.3,10645.6,3215.3,8463.6,2080.9,3392.6,2645.7,5831.0,2607.7,253.5,5100.3,4489.3,2136.4,2613.1,2027.6,2047.4,1877.1,8562.9,2086.3,4896.5,2079.3,2041.1,8632.6,1188.9,2660.0,1804.5,1296.7,2710.2,2836.3,4442.4,2067.9,2101.1,8647.7,4915.9,0.0,2292.7,2997.5,8634.8,8585.8,2105.6,2084.5,11230.2,4467.1,8605.8,7605.1,2105.3,2085.9,2100.0,8502.2,2897.0,4638.8,6201.4,10199.5,4974.1,9132.4,11197.1,4262.2,2798.5,3133.3,9021.3,2063.9,4410.9,5234.5,1982.5,2522.2,5259.8,2745.4,2304.9,1903.7,1285.6,11002.0,1880.1,1836.8,1305.4,1948.5,263.3,4844.7,8461.6,3391.9,2359.3,2067.4,3935.2,84.7,2123.4,1389.6,4485.9,8557.8,1777.6,1308.5,4417.8,11407.7,5208.2,1624.4,1312.0,2079.3,10064.4,2103.2,5858.9,11235.4,8486.3,12017.8,2198.4,2111.1,3414.1,8570.4,3462.6,2095.8,2057.8,5468.5,2070.0,4847.1,848.8,2911.7,8022.2,5046.0,7135.2,4696.8,1.9,11636.3,1260.1,3533.4,4701.1,3702.3,4772.6,3327.1,5863.2,3181.8,5199.1,1508.5,1192.5,2847.6,3482.3,3006.1,4843.8,4882.8,8481.1,3030.0,3239.9,2101.3,11231.3,4399.5,4555.0,4595.2,2041.6,2040.0,2066.8,2169.1
SKARBØVIKGATA 26,1515.7,4145.9,9835.5,9871.7,3162.2,5791.8,1706.4,225.3,3090.2,3088.1,1029.0,3100.7,10766.9,9272.3,3537.6,2897.3,2301.8,12221.5,10200.1,2747.1,290.3,1161.9,11513.1,3335.4,9071.2,227.0,4260.1,1070.5,5556.7,2299.6,2052.3,5707.9,5096.9,1862.1,1037.9,293.6,307.2,444.4,9170.5,231.5,5016.6,292.2,275.7,9240.2,1309.0,3527.5,605.4,1074.8,2830.3,1261.1,5050.0,291.1,229.3,9255.3,5523.5,2277.1,0.0,2723.2,9242.4,9193.4,250.8,229.7,12097.7,5074.7,9213.4,8175.2,250.5,231.1,312.9,9109.8,1321.8,5506.3,6321.5,10319.8,5841.6,9740.0,12064.6,3987.9,2490.4,1558.1,9888.8,276.8,5018.5,5842.1,322.8,2247.9,5867.4,2865.5,12.2,488.2,1123.2,11869.5,681.0,644.1,1425.5,496.9,2062.1,4964.8,9069.2,4259.4,123.3,241.4,4802.7,2217.8,169.3,1069.8,4211.6,9165.4,815.5,1035.7,5025.4,12015.3,6075.7,774.7,1041.3,292.2,10931.9,280.7,5584.6,12102.9,9093.9,12625.4,203.8,324.0,4281.6,9178.0,4330.1,196.9,302.1,5160.4,314.3,4967.2,1437.2,1336.5,8889.7,5913.5,7742.8,5304.4,2279.0,12503.8,1115.1,4400.9,4821.2,3394.2,4498.3,4194.6,5588.9,3789.4,5806.7,895.1,1395.8,1272.4,4349.8,2731.8,4963.9,5002.9,9088.7,1454.8,4107.4,314.2,12098.8,5007.1,4280.7,4320.9,275.3,295.0,279.7,174.5
"Ørskog, 6240 Ørskog",2235.3,4865.5,9992.1,10028.3,2326.7,5449.6,3714.7,2507.3,2254.7,2252.6,1774.8,2265.2,11486.5,9991.9,4257.2,2725.0,3021.4,12941.1,10356.7,76.5,2510.5,1844.0,12232.7,3163.1,9227.8,2514.0,4979.7,3078.8,2887.5,1464.1,2771.9,6427.5,5816.5,1023.2,2371.6,2460.7,2480.5,2310.2,9890.1,2519.4,4535.1,2512.4,2474.2,9959.8,2020.0,4247.1,2237.6,1806.5,2658.0,3269.4,5769.6,2501.0,2534.2,9974.9,6243.1,2996.7,2725.8,0.0,9962.0,9913.0,2538.7,2517.6,12817.3,5794.3,9933.0,8002.9,2538.4,2519.0,2533.1,9266.4,3330.1,6225.9,6149.2,7650.6,6561.2,9896.6,12784.2,1318.7,1654.9,3566.4,10608.4,2497.0,5738.1,6561.7,2415.6,726.1,6587.0,2693.2,2738.0,2336.8,1805.3,12589.1,2313.2,2274.3,1865.9,2381.6,2781.7,4521.2,9225.8,4979.0,2792.4,2500.5,5522.3,2937.4,2556.5,1712.4,1542.4,9885.0,2268.1,1755.3,5745.0,12734.9,6795.3,2061.9,1870.5,2512.4,11651.5,2536.3,2915.4,12822.5,9250.5,12782.0,2631.5,2544.2,5001.2,9897.6,5049.7,2528.9,2490.9,4324.9,2503.1,4485.7,2156.8,1938.2,9609.3,6633.1,7899.4,6024.0,2998.6,13223.4,1806.6,5120.5,4648.9,2558.7,1829.1,4914.2,2919.7,4509.0,6526.3,2000.5,2088.9,3280.7,5069.4,25.3,4482.4,4618.1,9245.3,3463.1,4827.0,2534.4,12818.4,5726.7,1611.5,1651.7,2474.7,2473.1,2499.9,2602.2
"Nordfjordeid, 6770 Nordfjordeid",7574.0,5056.7,3515.7,3551.9,9858.1,6448.4,9669.4,8462.0,9786.1,9784.0,7687.1,9796.6,2025.7,61.0,5607.7,7419.0,8093.8,3527.7,3880.3,9409.2,8465.2,7696.1,4496.6,6903.9,2751.4,8468.7,5002.9,9033.5,8657.4,8995.5,7844.3,3058.4,3762.8,8524.2,9000.9,8415.4,8435.2,8264.9,93.7,8474.1,5673.2,8467.1,8428.9,102.9,7576.7,5604.5,8192.3,7684.5,7427.0,9224.1,3675.8,8455.7,8488.9,118.0,3398.2,8069.1,8680.5,9385.3,0.0,48.6,8493.4,8472.3,3403.9,3706.7,50.5,2987.7,8493.1,8473.7,8487.8,2790.0,9284.8,5462.8,3901.7,4487.3,5798.1,3420.2,5048.1,8792.7,9186.3,9521.1,2925.6,8451.7,3683.0,3219.0,8370.3,8910.0,3217.9,7437.2,8692.7,8291.5,7673.4,3175.7,8267.9,8224.6,7693.2,8336.3,7854.1,5621.4,2749.4,5002.2,8747.1,8455.2,4759.2,8009.8,8511.2,7777.4,10873.7,193.5,8165.4,7696.3,3691.4,2945.4,6032.2,8012.2,7699.8,8467.1,3915.4,8491.0,8685.3,3409.1,2774.1,4944.1,8586.2,8498.9,5020.3,128.4,4995.2,8483.6,8445.6,11856.3,8457.8,5623.8,7236.6,9299.5,4139.0,5870.0,2201.9,3469.4,8071.0,3810.0,7647.9,4870.0,5578.4,10090.1,11160.4,5078.3,8689.6,4915.9,3201.2,7896.3,7580.3,9235.4,5051.2,9393.9,5620.5,5709.8,2768.9,9417.8,5109.9,8489.1,3405.0,3694.1,10942.8,10983.0,8429.4,8427.8,8454.6,8556.9
"Nordfjordeid, 6770 Nordfjordeid",7525.4,5008.1,3467.1,3503.3,9809.5,6399.8,9620.8,8413.4,9737.5,9735.4,7638.5,9748.0,2035.1,78.9,5559.1,7370.4,8045.2,3537.1,3831.7,9360.6,8416.6,7647.5,4506.0,6855.3,2702.8,8420.1,4954.3,8984.9,8608.8,8946.9,7795.7,3009.8,3714.2,8475.6,8952.3,8366.8,8386.6,8216.3,45.1,8425.5,5624.6,8418.5,8380.3,57.0,7528.1,5555.9,8143.7,7635.9,7378.4,9175.5,3627.2,8407.1,8440.3,72.1,3349.6,8020.5,8631.9,9336.7,49.0,0.0,8444.8,8423.7,3413.3,3658.1,20.0,2939.1,8444.5,8425.1,8439.2,2741.4,9236.2,5414.2,3853.1,4438.7,5749.5,3371.6,5057.5,8744.1,9137.7,9472.5,2935.0,8403.1,3634.4,3170.4,8321.7,8861.4,3169.3,7388.6,8644.1,8242.9,7624.8,3185.1,8219.3,8176.0,7644.6,8287.7,7805.5,5572.8,2700.8,4953.6,8698.5,8406.6,4710.6,7961.2,8462.6,7728.8,10825.1,186.8,8116.8,7647.7,3642.8,2954.8,5983.6,7963.6,7651.2,8418.5,3924.8,8442.4,8636.7,3418.5,2725.5,4895.5,8537.6,8450.3,4971.7,79.8,4946.6,8435.0,8397.0,11807.7,8409.2,5575.2,7188.0,9250.9,4148.4,5821.4,2153.3,3420.8,8022.4,3819.4,7599.3,4821.4,5529.8,10041.5,11111.8,5029.7,8641.0,4867.3,3152.6,7847.7,7531.7,9186.8,5002.6,9345.3,5571.9,5661.2,2720.3,9369.2,5061.3,8440.5,3414.4,3645.5,10894.2,10934.4,8380.8,8379.2,8406.0,8508.3
"Løvenvoldgata 6, 6002 Ålesund",1336.5,3966.7,9656.3,9692.5,2983.0,5612.6,1527.2,31.6,2911.0,2908.9,849.8,2921.5,10587.7,9093.1,3358.4,2718.1,2122.6,12042.3,10020.9,2567.9,111.1,982.7,11333.9,3156.2,8892.0,50.8,4080.9,891.3,5377.5,2120.4,1873.1,5528.7,4917.7,1682.9,858.7,114.4,128.0,265.2,8991.3,19.3,4837.4,113.0,96.5,9061.0,1129.8,3348.3,426.2,895.6,2651.1,1081.9,4870.8,111.9,49.2,9076.1,5344.3,2097.9,249.2,2544.0,9063.2,9014.2,0.0,21.1,11918.5,4895.5,9034.2,7996.0,30.7,19.7,133.7,8930.6,1142.6,5327.1,6142.3,10140.6,5662.4,9560.8,11885.4,3808.7,2311.2,1378.9,9709.6,97.6,4839.3,5662.9,143.6,2068.7,5688.2,2686.3,261.4,309.0,944.0,11690.3,501.8,464.9,1246.3,317.7,1882.9,4785.6,8890.0,4080.2,315.8,62.2,4623.5,2038.6,90.4,890.6,4032.4,8986.2,636.3,856.5,4846.2,11836.1,5896.5,595.5,862.1,113.0,10752.7,101.5,5405.4,11923.7,8914.7,12446.2,95.5,144.8,4102.4,8998.8,4150.9,62.8,122.9,4981.2,135.1,4788.0,1258.0,1157.3,8710.5,5734.3,7563.6,5125.2,2099.8,12324.6,935.9,4221.7,4642.0,3215.0,4319.1,4015.4,5409.7,3610.2,5627.5,715.9,1216.6,1093.2,4170.6,2552.6,4784.7,4823.7,8909.5,1275.6,3928.2,135.0,11919.6,4827.9,4101.5,4141.7,96.1,115.8,100.5,124.8
APOTEKERGATA 5,1315.4,3945.6,9635.2,9671.4,2961.9,5591.5,1506.1,10.5,2889.9,2887.8,828.7,2900.4,10566.6,9072.0,3337.3,2697.0,2101.5,12021.2,9999.8,2546.8,90.0,961.6,11312.8,3135.1,8870.9,29.7,4059.8,870.2,5356.4,2099.3,1852.0,5507.6,4896.6,1661.8,837.6,93.3,106.9,244.1,8970.2,1.8,4816.3,91.9,75.4,9039.9,1108.7,3327.2,405.1,874.5,2630.0,1060.8,4849.7,90.8,28.1,9055.0,5323.2,2076.8,228.1,2522.9,9042.1,8993.1,21.1,0.0,11897.4,4874.4,9013.1,7974.9,20.8,1.4,112.6,8909.5,1121.5,5306.0,6121.2,10119.5,5641.3,9539.7,11864.3,3787.6,2290.1,1357.8,9688.5,76.5,4818.2,5641.8,122.5,2047.6,5667.1,2665.2,240.3,287.9,922.9,11669.2,480.7,443.8,1225.2,296.6,1861.8,4764.5,8868.9,4059.1,294.7,41.1,4602.4,2017.5,69.3,869.5,4011.3,8965.1,615.2,835.4,4825.1,11815.0,5875.4,574.4,841.0,91.9,10731.6,80.4,5384.3,11902.6,8893.6,12425.1,116.6,123.7,4081.3,8977.7,4129.8,41.7,101.8,4960.1,114.0,4766.9,1236.9,1136.2,8689.4,5713.2,7542.5,5104.1,2078.7,12303.5,914.8,4200.6,4620.9,3193.9,4298.0,3994.3,5388.6,3589.1,5606.4,694.8,1195.5,1072.1,4149.5,2531.5,4763.6,4802.6,8888.4,1254.5,3907.1,113.9,11898.5,4806.8,4080.4,4120.6,75.0,94.7,79.4,115.0
"Gate 1, 6718 Deknepollen",10799.8,8099.5,6818.3,6854.5,13083.9,9751.0,12895.2,11687.8,13011.9,13009.8,10912.9,13022.4,1394.8,3380.1,8650.5,10721.6,11319.6,301.3,7182.9,12635.0,11691.0,10921.9,3830.1,10206.5,6054.0,11694.5,8045.7,12259.3,11960.0,12221.3,11070.1,6284.2,6988.6,11750.0,12226.7,11641.2,11661.0,11490.7,3381.4,11699.9,8975.8,11692.9,11654.7,3469.7,10802.5,8647.3,11418.1,10910.3,10729.6,12449.9,6901.6,11681.5,11714.7,3484.8,6624.0,11294.9,11906.3,12611.1,3412.5,3422.9,11719.2,11698.1,0.0,6932.5,3438.5,6290.3,11718.9,11699.5,11713.6,6092.6,12510.6,6657.9,7204.3,7789.9,6302.7,6722.8,4381.6,12095.3,12412.1,12746.9,2259.1,11677.5,6908.8,6444.8,11596.1,12135.8,6443.7,10739.8,11918.5,11517.3,10899.2,298.0,11493.7,11450.4,10919.0,11562.1,11079.9,8924.0,6052.0,8045.0,11972.9,11681.0,7417.2,11235.6,11737.0,11003.2,14099.5,3407.7,11391.2,10922.1,6917.2,4081.1,8690.2,11238.0,10925.6,11692.9,3059.0,11716.8,11987.9,5.2,6076.7,8257.7,11812.0,11724.7,8063.1,3442.0,8038.0,11709.4,11671.4,15082.1,11683.6,8926.4,10462.4,12525.3,3472.5,8528.0,5504.5,6695.2,11296.8,447.6,10873.7,7912.8,8881.0,13315.9,14386.2,8121.1,11992.2,8141.7,6427.0,11122.1,10806.1,12461.2,8094.0,12619.7,8923.1,9012.4,6071.5,12643.6,8152.7,11714.9,1.1,6919.9,14168.6,14208.8,11655.2,11653.6,11680.4,11782.7
"Kyaborga 4, 6150 Ørsta",3957.9,2135.6,4849.1,4885.3,6242.0,6687.0,6053.3,4845.9,6170.0,6167.9,4071.0,6180.5,6109.2,4285.9,2686.6,4283.9,4477.7,7611.2,5213.7,5793.1,4849.1,4080.0,7481.6,4648.5,4084.8,4852.6,2081.8,5417.4,8602.7,5379.4,4228.2,733.6,146.7,4908.1,5384.8,4799.3,4819.1,4648.8,4184.1,4858.0,5911.8,4851.0,4812.8,4253.8,3960.6,2683.4,4576.2,4068.4,4291.9,5608.0,42.7,4839.6,4872.8,4268.9,549.2,4453.0,5064.4,5769.2,4256.0,4207.0,4877.3,4856.2,7487.4,0.0,4227.0,3226.3,4877.0,4857.6,4871.7,4123.4,5668.7,2541.7,4140.3,5820.7,2877.0,4753.6,8033.1,7033.9,5570.2,5905.0,5857.3,4835.6,66.9,867.8,4754.2,5293.9,893.1,4302.1,5076.6,4675.4,4057.3,7259.2,4651.8,4608.5,4077.1,4720.2,4238.0,5860.0,4082.8,2081.1,5131.0,4839.1,1838.1,4393.7,4895.1,4161.3,7257.6,4179.0,4549.3,4080.2,75.3,7028.9,3111.1,4396.1,4083.7,4851.0,6900.4,4874.9,8630.6,7492.6,4107.5,7639.0,4970.1,4882.8,2099.2,4191.6,2074.1,4867.5,4829.5,8240.2,4841.7,5862.4,3620.5,5683.4,4858.2,2948.9,2756.4,330.1,4454.9,7893.5,4031.8,1948.9,5817.0,6474.0,7544.3,2157.2,8634.9,1299.8,832.4,4280.2,3964.2,5619.3,2130.1,5777.8,5859.1,5948.4,4102.3,5801.7,2188.8,4873.0,7488.5,78.0,7326.7,7366.9,4813.3,4811.7,4838.5,4940.8
"Sjukehusveien 14, 6770 Nordfjordeid",7539.9,5022.6,3481.6,3517.8,9824.0,6414.3,9635.3,8427.9,9752.0,9749.9,7653.0,9762.5,2045.9,81.2,5573.6,7384.9,8059.7,3547.9,3846.2,9375.1,8431.1,7662.0,4516.8,6869.8,2717.3,8434.6,4968.8,8999.4,8623.3,8961.4,7810.2,3024.3,3728.7,8490.1,8966.8,8381.3,8401.1,8230.8,59.6,8440.0,5639.1,8433.0,8394.8,64.2,7542.6,5570.4,8158.2,7650.4,7392.9,9190.0,3641.7,8421.6,8454.8,79.3,3364.1,8035.0,8646.4,9351.2,51.3,14.5,8459.3,8438.2,3424.1,3672.6,0.0,2953.6,8459.0,8439.6,8453.7,2755.9,9250.7,5428.7,3867.6,4453.2,5764.0,3386.1,5068.3,8758.6,9152.2,9487.0,2945.8,8417.6,3648.9,3184.9,8336.2,8875.9,3183.8,7403.1,8658.6,8257.4,7639.3,3195.9,8233.8,8190.5,7659.1,8302.2,7820.0,5587.3,2715.3,4968.1,8713.0,8421.1,4725.1,7975.7,8477.1,7743.3,10839.6,201.3,8131.3,7662.2,3657.3,2965.6,5998.1,7978.1,7665.7,8433.0,3935.6,8456.9,8651.2,3429.3,2740.0,4910.0,8552.1,8464.8,4986.2,94.3,4961.1,8449.5,8411.5,11822.2,8423.7,5589.7,7202.5,9265.4,4159.2,5835.9,2167.8,3435.3,8036.9,3830.2,7613.8,4835.9,5544.3,10056.0,11126.3,5044.2,8655.5,4881.8,3167.1,7862.2,7546.2,9201.3,5017.1,9359.8,5586.4,5675.7,2734.8,9383.7,5075.8,8455.0,3425.2,3660.0,10908.7,10948.9,8395.3,8393.7,8420.5,8522.8
Hornindal skisenter,7092.2,4651.5,2934.3,2970.5,8875.8,4408.3,9184.1,7976.7,8803.8,8801.7,7201.8,8814.3,4899.9,3019.9,5202.5,5378.9,7612.0,6401.9,3298.9,8029.0,7979.9,7210.8,7370.8,4863.8,2170.0,7983.4,4597.7,8548.2,6617.3,8013.2,7362.5,2589.4,3308.0,7541.9,8515.6,7930.1,7949.9,7779.6,2918.1,7988.8,3633.1,7981.8,7943.6,2987.8,6997.7,5199.3,7707.0,7199.2,5386.9,8738.8,3199.0,7970.4,8003.6,3002.9,2993.0,7587.3,8195.2,8005.1,2990.0,2941.0,8008.1,7987.0,6278.1,3222.2,2961.0,0.0,8007.8,7988.4,8002.5,2208.6,8799.5,5057.6,1861.6,3905.9,5392.9,2838.8,7922.3,6752.6,8204.0,9035.8,5799.8,7966.4,3228.2,2514.7,7885.0,7670.2,2513.6,5397.1,8207.4,7806.2,7188.1,6049.9,7782.6,7739.3,6843.6,7851.0,7372.3,3581.3,2168.0,4597.0,8261.8,7969.9,4354.0,7528.0,8025.9,7292.1,9291.3,2969.7,7680.1,7211.0,3185.0,5819.6,5627.0,7526.9,7214.5,7981.8,6789.6,8005.7,6645.2,6283.3,2192.7,5724.2,8100.9,8013.6,4615.1,2925.6,4590.0,7998.3,7960.3,10874.0,7972.5,3583.7,6754.8,8487.3,6790.5,5464.8,841.6,3064.2,7589.2,6684.2,7162.6,4464.8,3538.3,9107.8,9310.5,4673.1,6649.5,4434.1,2530.4,7411.0,7066.6,8750.1,4646.0,8013.7,3580.4,3669.7,2187.5,8932.5,4704.7,8003.8,6279.2,3202.8,9360.4,9400.6,7944.1,7942.5,7969.3,8071.6
"Apotekergata 5, 6004 Ålesund",1342.5,3972.7,9662.3,9698.5,2989.0,5618.6,1533.2,37.6,2917.0,2914.9,855.8,2927.5,10593.7,9099.1,3364.4,2724.1,2128.6,12048.3,10026.9,2573.9,117.1,988.7,11339.9,3162.2,8898.0,56.8,4086.9,897.3,5383.5,2126.4,1879.1,5534.7,4923.7,1688.9,864.7,120.4,134.0,271.2,8997.3,25.3,4843.4,119.0,102.5,9067.0,1135.8,3354.3,432.2,901.6,2657.1,1087.9,4876.8,117.9,55.2,9082.1,5350.3,2103.9,255.2,2550.0,9069.2,9020.2,31.5,27.1,11924.5,4901.5,9040.2,8002.0,0.0,25.7,139.7,8936.6,1148.6,5333.1,6148.3,10146.6,5668.4,9566.8,11891.4,3814.7,2317.2,1384.9,9715.6,103.6,4845.3,5668.9,149.6,2074.7,5694.2,2692.3,267.4,315.0,950.0,11696.3,507.8,470.9,1252.3,323.7,1888.9,4791.6,8896.0,4086.2,321.8,68.2,4629.5,2044.6,96.4,896.6,4038.4,8992.2,642.3,862.5,4852.2,11842.1,5902.5,601.5,868.1,119.0,10758.7,107.5,5411.4,11929.7,8920.7,12452.2,127.0,150.8,4108.4,9004.8,4156.9,68.8,128.9,4987.2,141.1,4794.0,1264.0,1163.3,8716.5,5740.3,7569.6,5131.2,2105.8,12330.6,941.9,4227.7,4648.0,3221.0,4325.1,4021.4,5415.7,3616.2,5633.5,721.9,1222.6,1099.2,4176.6,2558.6,4790.7,4829.7,8915.5,1281.6,3934.2,141.0,11925.6,4833.9,4107.5,4147.7,102.1,121.8,106.5,142.1
APOTEKERGATA 1-3,1316.8,3947.0,9636.6,9672.8,2963.3,5592.9,1507.5,11.9,2891.3,2889.2,830.1,2901.8,10568.0,9073.4,3338.7,2698.4,2102.9,12022.6,10001.2,2548.2,91.4,963.0,11314.2,3136.5,8872.3,31.1,4061.2,871.6,5357.8,2100.7,1853.4,5509.0,4898.0,1663.2,839.0,94.7,108.3,245.5,8971.6,0.4,4817.7,93.3,76.8,9041.3,1110.1,3328.6,406.5,875.9,2631.4,1062.2,4851.1,92.2,29.5,9056.4,5324.6,2078.2,229.5,2524.3,9043.5,8994.5,19.7,1.4,11898.8,4875.8,9014.5,7976.3,19.4,0.0,114.0,8910.9,1122.9,5307.4,6122.6,10120.9,5642.7,9541.1,11865.7,3789.0,2291.5,1359.2,9689.9,77.9,4819.6,5643.2,123.9,2049.0,5668.5,2666.6,241.7,289.3,924.3,11670.6,482.1,445.2,1226.6,298.0,1863.2,4765.9,8870.3,4060.5,296.1,42.5,4603.8,2018.9,70.7,870.9,4012.7,8966.5,616.6,836.8,4826.5,11816.4,5876.8,575.8,842.4,93.3,10733.0,81.8,5385.7,11904.0,8895.0,12426.5,115.2,125.1,4082.7,8979.1,4131.2,43.1,103.2,4961.5,115.4,4768.3,1238.3,1137.6,8690.8,5714.6,7543.9,5105.5,2080.1,12304.9,916.2,4202.0,4622.3,3195.3,4299.4,3995.7,5390.0,3590.5,5607.8,696.2,1196.9,1073.5,4150.9,2532.9,4765.0,4804.0,8889.8,1255.9,3908.5,115.3,11899.9,4808.2,4081.8,4122.0,76.4,96.1,80.8,116.4
KONGENS GATE 28A,1323.7,3953.9,9643.5,9679.7,2970.2,5599.8,1514.4,100.0,2898.2,2896.1,837.0,2908.7,10574.9,9080.3,3345.6,2705.3,2109.8,12029.5,10008.1,2555.1,31.2,969.9,11321.1,3143.4,8879.2,106.7,4068.1,878.5,5364.7,2107.6,1860.3,5515.9,4904.9,1670.1,845.9,63.6,77.2,252.4,8978.5,112.1,4824.6,60.8,51.1,9048.2,1117.0,3335.5,413.4,882.8,2638.3,1069.1,4858.0,77.9,126.9,9063.3,5331.5,2085.1,318.5,2531.2,9050.4,9001.4,131.4,110.3,11905.7,4882.7,9021.4,7983.2,131.1,111.7,0.0,8917.8,1129.8,5314.3,6129.5,10127.8,5649.6,9548.0,11872.6,3795.9,2298.4,1366.1,9696.8,68.9,4826.5,5650.1,108.2,2055.9,5675.4,2673.5,330.7,296.2,931.2,11677.5,489.0,452.1,1233.5,304.9,1870.1,4772.8,8877.2,4067.4,385.1,77.7,4610.7,2025.8,149.2,877.8,4019.6,8973.4,623.5,843.7,4833.4,11823.3,5883.7,582.7,849.3,42.1,10739.9,141.5,5392.6,11910.9,8901.9,12433.4,224.2,55.3,4089.6,8986.0,4138.1,121.6,47.7,4968.4,50.7,4775.2,1245.2,1144.5,8697.7,5721.5,7550.8,5112.4,2087.0,12311.8,923.1,4208.9,4629.2,3202.2,4306.3,4002.6,5396.9,3597.4,5614.7,703.1,1203.8,1080.4,4157.8,2539.8,4771.9,4810.9,8896.7,1262.8,3915.4,1.3,11906.8,4815.1,4088.7,4128.9,101.8,72.5,71.8,194.9
Isehaug kafeteria,7984.2,5543.5,859.8,896.0,10118.0,5650.5,10079.6,8872.2,10046.0,10043.9,8097.3,10056.5,4698.4,2818.4,6094.5,6621.1,8504.0,6200.4,1224.4,9271.2,8875.4,8106.3,7169.3,6106.0,59.2,8878.9,5489.7,9443.7,7053.5,9255.4,8254.5,3481.4,4200.0,8784.1,9411.1,8825.6,8845.4,8675.1,2716.6,8884.3,4875.3,8877.3,8839.1,2786.3,7986.9,6091.3,8602.5,8094.7,6629.1,9634.3,4091.0,8865.9,8899.1,2801.4,3885.0,8479.3,9090.7,9247.3,2788.5,2739.5,8903.6,8882.5,6076.6,4114.2,2759.5,2189.8,8903.3,8883.9,8898.0,0.0,9695.0,5949.6,3103.8,1771.7,6284.9,764.3,7720.8,7994.8,9446.2,9931.3,5598.3,8861.9,4120.2,3406.7,8780.5,8912.4,3405.6,6639.3,9102.9,8701.7,8083.6,5848.4,8678.1,8634.8,8085.8,8746.5,8264.3,4823.5,51.2,5489.0,9157.3,8865.4,5246.0,8420.0,8921.4,8187.6,10533.5,2768.2,8575.6,8106.5,4077.0,5618.1,6519.0,8422.4,8110.0,8877.3,6588.1,8901.2,7081.4,6081.8,66.5,3649.7,8996.4,8909.1,5507.1,2724.1,5482.0,8893.8,8855.8,12116.2,8868.0,4825.9,7646.8,9709.7,6811.7,6356.8,1404.0,3956.2,8481.2,6482.7,8058.1,5356.8,4780.5,10350.0,10552.7,5565.1,7085.7,5326.1,3422.4,8306.5,7990.5,9645.6,5538.0,9255.9,4822.6,4911.9,63.3,9828.0,5596.7,8899.3,6077.7,4094.8,10602.6,10642.8,8839.6,8838.0,8864.8,8967.1
Godøya post i butikk,2139.7,4769.9,10459.5,10495.7,3332.2,6415.8,451.0,1108.6,3260.2,3258.1,1653.0,3270.7,11390.9,9896.3,4161.6,3521.3,2925.8,12845.5,10824.1,3371.1,1111.8,1785.9,12137.1,3959.4,9695.2,1115.3,4884.1,690.7,6180.7,2469.6,2676.3,6331.9,5720.9,2486.1,1207.9,1062.0,1081.8,1068.4,9794.5,1120.7,5640.6,1113.7,1075.5,9864.2,1933.0,4151.5,1229.4,1698.8,3454.3,881.3,5674.0,1102.3,1135.5,9879.3,6147.5,2901.1,1327.1,3347.2,9866.4,9817.4,1140.0,1118.9,12721.7,5698.7,9837.4,8799.2,1139.7,1120.3,1134.4,9733.8,0.0,6130.3,6945.5,10943.8,6465.6,10364.0,12688.6,4611.9,2660.4,1207.4,10512.8,1098.3,5642.5,6466.1,1016.9,2659.4,6491.4,3489.5,1339.3,1112.2,1747.2,12493.5,1305.0,1268.1,2049.5,1120.9,2686.1,5588.8,9693.2,4883.4,1393.7,1101.8,5426.7,2841.8,1157.8,1693.8,4835.6,9789.4,1439.5,1659.7,5649.4,12639.3,6699.7,1398.7,1665.3,1113.7,11555.9,1137.6,6208.6,12726.9,9717.9,13249.4,1232.8,1145.5,4905.6,9802.0,4954.1,1130.2,1092.2,5330.4,1104.4,5591.2,2061.2,1506.5,9513.7,6537.5,8366.8,5928.4,2903.0,13127.8,1739.1,5024.9,5445.2,3564.2,5122.3,4818.6,6212.9,4413.4,6430.7,1519.1,2019.8,921.7,4973.8,3355.8,5587.9,5626.9,9712.7,1104.1,4731.4,1135.7,12722.8,5631.1,4904.7,4944.9,1076.0,1074.4,1101.2,1203.5
Joker Gursken,4435.6,1486.7,6667.8,6704.0,6719.7,8505.7,6531.0,5323.6,6647.7,6645.6,4548.7,6658.2,5299.2,6104.6,2037.7,6026.6,4694.4,6753.8,7032.4,6270.8,5326.8,4557.7,6045.4,6464.7,5903.5,5330.3,1432.9,5895.1,9080.4,5857.1,4444.9,2476.8,2596.7,5385.8,5862.5,5277.0,5296.8,5126.5,6002.8,5335.7,7730.5,5328.7,5290.5,6072.5,4438.3,2034.5,5053.9,4546.1,5959.6,6085.7,2509.7,5317.3,5350.5,6087.6,2292.4,4669.7,5542.1,6246.9,6074.7,6025.7,5355.0,5333.9,6630.0,2540.6,6045.7,5045.0,5354.7,5335.3,5349.4,5942.1,6146.4,0.0,5959.0,7639.4,373.9,6572.3,6596.9,7511.6,6047.9,6382.7,4421.1,5313.3,2516.9,2611.0,5231.9,5771.6,2636.3,5994.8,5554.3,5153.1,4535.0,6401.8,5129.5,5086.2,4554.8,5197.9,4454.7,7678.7,5901.5,1432.2,5608.7,5316.8,804.4,4610.4,5372.8,4639.0,7735.3,5997.7,5027.0,4557.9,2525.3,8254.4,2077.4,4873.8,4561.4,5328.7,5464.2,5352.6,9108.3,6635.2,5926.2,9457.7,5447.8,5360.5,1450.3,6010.3,1425.2,5345.2,5307.2,8717.9,5319.4,7681.1,4098.2,6161.1,3422.0,1915.2,4575.1,2312.2,4671.6,7036.1,4509.5,1300.0,7635.7,6951.7,8022.0,1508.3,9112.6,3749.8,2575.6,4757.9,4441.9,6097.0,1481.2,6255.5,7677.8,7767.1,5921.0,6279.4,1539.9,5350.7,6631.1,2528.0,7804.4,7844.6,5291.0,5289.4,5316.2,5418.5
"Hellesylt, 6218 Hellesylt",5457.6,5560.1,3842.9,3879.1,7014.2,2546.7,7322.5,6115.1,6942.2,6940.1,5340.2,6952.7,5808.5,3928.5,6111.1,3517.3,6243.7,7310.5,4207.5,6167.4,6118.3,5349.2,8279.4,3002.2,3078.6,6121.8,5506.3,6686.6,4755.7,6151.6,5994.2,3498.0,4216.6,5680.3,6654.0,6068.5,6088.3,5918.0,3826.7,6127.2,1771.5,6120.2,6082.0,3896.4,5136.1,6107.9,5845.4,5337.6,3525.3,6877.2,4107.6,6108.8,6142.0,3911.5,3901.6,6219.0,6333.6,6143.5,3898.6,3849.6,6146.5,6125.4,7186.7,4130.8,3869.6,1853.7,6146.2,6126.8,6140.9,3117.2,6937.9,5966.2,0.0,4814.5,6301.5,3747.4,8830.9,4891.0,6342.4,7174.2,6708.4,6104.8,4136.8,3423.3,6023.4,5808.6,3422.2,3535.5,6345.8,5944.6,5326.5,6958.5,5921.0,5877.7,4982.0,5989.4,6004.0,1719.7,3076.6,5505.6,6400.2,6108.3,5262.6,6159.7,6164.3,5430.5,7429.7,3878.3,5818.5,5349.4,4093.6,6728.2,6535.6,5665.3,5352.9,6120.2,7698.2,6144.1,4783.6,7191.9,3101.3,6632.8,6239.3,6152.0,5523.7,3834.2,5498.6,6136.7,6098.7,9012.4,6110.9,1722.1,5379.1,6625.7,7699.1,6373.4,1750.2,3972.8,6220.9,7592.8,5301.0,5373.4,1676.7,7246.2,7448.9,5581.7,4787.9,5342.7,3439.0,5549.4,5205.0,6888.5,5554.6,6152.1,1718.8,1808.1,3096.1,7070.9,5613.3,6142.2,7187.8,4111.4,7498.8,7539.0,6082.5,6080.9,6107.7,6210.0
Joker Hjelledalen,9678.7,7238.0,2554.3,2590.5,9955.1,7345.0,11343.1,10135.7,9883.1,9881.0,9403.2,9893.6,6392.9,4512.9,7789.0,8315.6,10198.5,7894.9,2918.9,7672.7,10138.9,9472.4,8863.8,7800.5,1748.5,10142.4,7184.2,10707.2,5307.1,9092.5,9949.0,5175.9,5894.5,8651.6,10000.0,10089.1,10108.9,9938.6,4411.1,10147.8,6569.8,10140.8,10102.6,4480.8,9648.4,7785.8,9866.0,9434.9,8323.6,10897.8,5785.5,10129.4,10162.6,4495.9,5579.5,10173.8,10354.2,7691.3,4483.0,4434.0,10167.1,10146.0,7771.1,5808.7,4454.0,3884.3,10166.8,10147.4,10161.5,1762.6,10958.5,7644.1,4798.3,0.0,7979.4,2458.8,9415.3,6378.2,9283.3,11194.8,7292.8,10125.4,5814.7,5101.2,10044.0,8354.5,5100.1,8333.8,10366.4,9965.2,9433.7,7542.9,9941.6,9902.7,9494.3,10010.0,9958.8,6518.0,1761.5,7183.5,10420.8,10128.9,6940.5,10114.5,10184.9,9340.8,8916.9,4462.7,9896.5,9383.7,5771.5,7312.6,8213.5,9690.3,9498.9,10140.8,8282.6,10164.7,5335.0,7776.3,1722.8,5344.2,10259.9,10172.6,7201.6,4418.6,7176.5,10157.3,10119.3,11953.3,10131.5,6520.4,9341.3,9566.6,8506.2,8051.3,3098.5,5650.7,10175.7,8177.2,9435.0,7051.3,6475.0,10187.1,8936.1,7259.6,5339.3,7020.6,5116.9,9628.9,9685.0,10909.1,7232.5,7680.1,6517.1,6606.4,1728.6,11091.5,7291.2,10162.8,7772.2,5789.3,8986.0,9026.2,10103.1,10101.5,10128.3,10230.6
Joker Larsnes,4770.5,1821.6,7002.7,7038.9,7054.6,8840.6,6865.9,5658.5,6982.6,6980.5,4883.6,6993.1,4945.7,6439.5,2372.6,6361.5,5029.3,6400.3,7367.3,6605.7,5661.7,4892.6,5691.9,6799.6,6238.4,5665.2,1767.8,6230.0,9415.3,6192.0,4779.8,2811.7,2931.6,5720.7,6197.4,5611.9,5631.7,5461.4,6337.7,5670.6,8065.4,5663.6,5625.4,6407.4,4773.2,2369.4,5388.8,4881.0,6294.5,6420.6,2844.6,5652.2,5685.4,6422.5,2627.3,5004.6,5877.0,6581.8,6409.6,6360.6,5689.9,5668.8,6276.5,2875.5,6380.6,5379.9,5689.6,5670.2,5684.3,6277.0,6481.3,380.0,6293.9,7974.3,0.0,6907.2,6243.4,7846.5,6382.8,6717.6,4067.6,5648.2,2851.8,2945.9,5566.8,6106.5,2971.2,6329.7,5889.2,5488.0,4869.9,6048.3,5464.4,5421.1,4889.7,5532.8,4789.6,8013.6,6236.4,1767.1,5943.6,5651.7,1139.3,4945.3,5707.7,4973.9,8070.2,6332.6,5361.9,4892.8,2860.2,7900.9,2412.3,5208.7,4896.3,5663.6,5110.7,5687.5,9443.2,6281.7,6261.1,9792.6,5782.7,5695.4,1785.2,6345.2,1760.1,5680.1,5642.1,9052.8,5654.3,8016.0,4433.1,6496.0,3068.5,2250.1,4910.0,2647.1,5006.5,6682.6,4844.4,1634.9,7970.6,7286.6,8356.9,1843.2,9447.5,4084.7,2910.5,5092.8,4776.8,6431.9,1816.1,6590.4,8012.7,8102.0,6255.9,6614.3,1874.8,5685.6,6277.6,2862.9,8139.3,8179.5,5625.9,5624.3,5651.1,5753.4
Joker Loen,8621.3,6180.6,187.1,161.9,10755.1,6287.6,10716.7,9509.3,10683.1,10681.0,8734.4,10693.6,5335.5,3455.5,6731.6,7258.2,9141.1,6837.5,483.1,9908.3,9512.5,8743.4,7806.4,6743.1,735.5,9516.0,6126.8,10080.8,7745.9,9892.5,8891.6,4118.5,4837.1,9421.2,10048.2,9462.7,9482.5,9312.2,3353.7,9521.4,5512.4,9514.4,9476.2,3423.4,8624.0,6728.4,9239.6,8731.8,7266.2,10271.4,4728.1,9503.0,9536.2,3438.5,4522.1,9116.4,9727.8,9884.4,3425.6,3376.6,9540.7,9519.6,6713.7,4751.3,3396.6,2826.9,9540.4,9521.0,9535.1,766.8,10332.1,6586.7,3740.9,2464.1,6922.0,0.0,8357.9,8631.9,10083.3,10568.4,6235.4,9499.0,4757.3,4043.8,9417.6,9549.5,4042.7,7276.4,9740.0,9338.8,8720.7,6485.5,9315.2,9271.9,8722.9,9383.6,8901.4,5460.6,726.2,6126.1,9794.4,9502.5,5883.1,9057.1,9558.5,8824.7,11170.6,3405.3,9212.7,8743.6,4714.1,6255.2,7156.1,9059.5,8747.1,9514.4,7225.2,9538.3,7773.8,6718.9,750.9,2908.4,9633.5,9546.2,6144.2,3361.2,6119.1,9530.9,9492.9,12753.3,9505.1,5463.0,8283.9,10346.8,7448.8,6993.9,2041.1,4593.3,9118.3,7119.8,8695.2,5993.9,5417.6,10987.1,11189.8,6202.2,7778.1,5963.2,4059.5,8943.6,8627.6,10282.7,6175.1,9893.0,5459.7,5549.0,753.0,10465.1,6233.8,9536.4,6714.8,4731.9,11239.7,11279.9,9476.7,9475.1,9501.9,9604.2
Joker Stadlandet,11007.0,8058.1,8450.9,8487.1,13291.1,11383.6,13102.4,11895.0,13219.1,13217.0,11120.1,13229.6,3027.4,5012.7,8609.1,12252.7,11265.8,4482.0,8815.5,12842.2,11898.2,11129.1,624.8,11839.1,7686.6,11901.7,8004.3,12466.5,13592.6,12428.5,11016.3,7411.1,8115.5,11957.2,12433.9,11848.4,11868.2,11697.9,5014.0,11907.1,10608.4,11900.1,11861.9,5102.3,11009.7,8605.9,11625.3,11117.5,12260.7,12657.1,8028.5,11888.7,11921.9,5117.4,7750.9,11241.1,12113.5,12818.3,5045.1,5055.5,11926.4,11905.3,4358.2,8059.4,5071.1,7922.9,11926.1,11906.7,11920.8,7725.2,12717.8,6616.5,8836.9,9422.5,6261.3,8355.4,0.0,13727.9,12619.3,12954.1,2217.7,11884.7,8035.7,7571.7,11803.3,12343.0,7570.6,12270.9,12125.7,11724.5,11106.4,4130.0,11700.9,11657.6,11126.2,11769.3,11026.1,10556.6,7684.6,8003.6,12180.1,11888.2,7375.8,11181.8,11944.2,11210.4,14306.7,5040.3,11598.4,11129.3,8044.1,5982.6,8648.8,11445.2,11132.8,11900.1,1702.3,11924.0,13620.5,4363.4,7709.3,9890.3,12019.2,11931.9,8021.7,5074.6,7996.6,11916.6,11878.6,15289.3,11890.8,10559.0,10669.6,12732.5,3431.1,8486.6,7137.1,7822.1,11243.0,4764.3,11080.9,7871.4,10513.6,13523.1,14593.4,8079.7,13624.8,9268.6,7553.9,11329.3,11013.3,12668.4,8052.6,12826.9,10555.7,10645.0,7704.1,12850.8,8111.3,11922.1,4359.3,8046.8,14375.8,14416.0,11862.4,11860.8,11887.6,11989.9
Joker Stordal,3500.3,6130.5,8733.5,8769.7,3591.7,4152.3,4979.7,3772.3,3519.7,3517.6,3039.8,3530.2,10699.1,8819.1,5522.2,3990.0,4286.4,12201.1,9098.1,1309.3,3775.5,3109.0,13170.0,4428.1,7969.2,3779.0,6244.7,4343.8,1590.2,2729.1,4036.9,7692.5,7081.5,2288.2,3636.6,3725.7,3745.5,3575.2,8717.3,3784.4,3237.8,3777.4,3739.2,8787.0,3285.0,5512.1,3502.6,3071.5,3923.0,4534.4,7034.6,3766.0,3799.2,8802.1,7508.1,4261.7,3990.8,1327.9,8789.2,8740.2,3803.7,3782.6,12077.3,7059.3,8760.2,6744.3,3803.4,3784.0,3798.1,8007.8,4595.1,7490.9,4890.6,6353.3,7826.2,8638.0,13721.5,0.0,2919.9,4831.4,11599.0,3762.0,7003.1,7826.7,3680.6,1991.1,7852.0,3958.2,4003.0,3601.8,3070.3,11849.1,3578.2,3539.3,3130.9,3646.6,4046.7,3223.9,7967.2,6244.0,4057.4,3765.5,6787.3,4202.4,3821.5,2977.4,2553.5,8768.9,3533.1,3020.3,7010.0,11618.8,8060.3,3326.9,3135.5,3777.4,12588.8,3801.3,1618.1,12082.5,7991.9,11523.4,3896.5,3809.2,6266.2,8724.8,6314.7,3793.9,3755.9,5589.9,3768.1,3188.4,3421.8,3203.2,10874.3,7898.1,6640.8,7289.0,4263.6,12483.4,3071.6,6385.5,3440.8,3823.7,2572.7,6179.2,1622.4,5774.0,7791.3,3265.5,3353.9,4545.7,6334.4,1316.7,3185.1,3320.8,7986.7,4728.1,6092.0,3799.4,12078.4,6991.7,2622.6,2662.8,3739.7,3738.1,3764.9,3867.2
Joker Vatne,2028.1,4658.3,10188.2,10224.4,760.9,5815.6,3040.8,2267.6,1059.4,1057.3,1567.6,1069.9,11279.3,9784.7,4050.0,2921.1,2814.2,12733.9,10552.8,1678.6,2270.8,1636.8,12025.5,3359.2,9423.9,2274.3,4772.5,2404.9,4488.2,262.6,2564.7,6220.3,5609.3,803.6,1647.8,2221.0,2240.8,2103.0,9682.9,2279.7,5040.4,2272.7,2234.5,9752.6,1821.4,4039.9,2030.4,1599.3,2854.1,2595.5,5562.4,2261.3,2294.5,9767.7,6035.9,2789.5,2486.1,1654.7,9754.8,9705.8,2299.0,2277.9,12610.1,5587.1,9725.8,8199.0,2298.7,2279.3,2293.4,9462.5,2656.2,6018.7,6345.3,9251.3,6354.0,10092.7,12577.0,2919.4,0.0,2892.5,10401.2,2257.3,5530.9,6354.5,2175.9,941.7,6379.8,2889.3,2498.3,2129.6,1598.1,12381.9,2106.0,2067.1,1937.9,2174.4,2574.5,4988.6,9421.9,4771.8,2552.7,2260.8,5315.1,2730.2,2316.8,1505.2,2522.8,9677.8,2060.9,1548.1,5537.8,12527.7,6588.1,1854.7,1663.3,2272.7,11444.3,2296.6,4516.1,12615.3,9446.6,12978.1,2391.8,2304.5,4794.0,9690.4,4842.5,2289.2,2251.2,3129.6,2263.4,4991.0,1949.6,1214.4,9402.1,6425.9,8095.5,5816.8,2791.4,13016.2,1599.4,4913.3,4845.0,1363.4,3381.8,4707.0,4520.4,4301.8,6319.1,1793.3,1908.2,2606.8,4862.2,1663.3,4987.7,5026.7,9441.4,2789.2,4619.8,2294.7,12611.2,5519.5,2446.3,2554.3,2235.0,2233.4,2260.2,2362.5
Vigra post i butikk,2373.5,5003.7,10693.3,10729.5,3566.0,6649.6,1576.7,1342.4,3494.0,3491.9,1886.8,3504.5,11624.7,10130.1,4395.4,3755.1,3159.6,13079.3,11057.9,3604.9,1345.6,2019.7,12370.9,4193.2,9929.0,1349.1,5117.9,870.8,6414.5,2703.4,2910.1,6565.7,5954.7,2719.9,1441.7,1295.8,1315.6,1302.2,10028.3,1354.5,5874.4,1347.5,1309.3,10098.0,2166.8,4385.3,1463.2,1932.6,3688.1,815.2,5907.8,1336.1,1369.3,10113.1,6381.3,3134.9,1560.9,3581.0,10100.2,10051.2,1373.8,1352.7,12955.5,5932.5,10071.2,9033.0,1373.5,1354.1,1368.2,9967.6,1192.1,6364.1,7179.3,11177.6,6699.4,10597.8,12922.4,4845.7,2894.2,0.0,10746.6,1332.1,5876.3,6699.9,1250.7,2893.2,6725.2,3723.3,1573.1,1346.0,1981.0,12727.3,1538.8,1501.9,2283.3,1354.7,2919.9,5822.6,9927.0,5117.2,1627.5,1335.6,5660.5,3075.6,1391.6,1927.6,5069.4,10023.2,1673.3,1893.5,5883.2,12873.1,6933.5,1632.5,1899.1,1347.5,11789.7,1371.4,6442.4,12960.7,9951.7,13483.2,1466.6,1379.3,5139.4,10035.8,5187.9,1364.0,1326.0,5564.2,1338.2,5825.0,2295.0,1740.3,9747.5,6771.3,8600.6,6162.2,3136.8,13361.6,1972.9,5258.7,5679.0,3798.0,5356.1,5052.4,6446.7,4647.2,6664.5,1752.9,2253.6,284.4,5207.6,3589.6,5821.7,5860.7,9946.5,271.1,4965.2,1369.5,12956.6,5864.9,5138.5,5178.7,1309.8,1308.2,1335.0,1437.3
Joker Åheim,8819.3,5870.4,6327.4,6363.6,11103.4,9260.1,10914.7,9707.3,11031.4,11029.3,8932.4,11041.9,903.9,2889.2,6421.4,10065.0,9078.1,2358.5,6692.0,10654.5,9710.5,8941.4,1650.1,9715.6,5563.1,9714.0,5816.6,10278.8,11469.1,10240.8,8828.6,5223.4,5927.8,9769.5,10246.2,9660.7,9680.5,9510.2,2890.5,9719.4,8484.9,9712.4,9674.2,2978.8,8822.0,6418.2,9437.6,8929.8,10073.0,10469.4,5840.8,9701.0,9734.2,2993.9,5563.2,9053.4,9925.8,10630.6,2921.6,2932.0,9738.7,9717.6,2234.7,5871.7,2947.6,5799.4,9738.4,9719.0,9733.1,5601.7,10530.1,4428.8,6713.4,7299.0,4073.6,6231.9,2201.6,11604.4,10431.6,10766.4,0.0,9697.0,5848.0,5384.0,9615.6,10155.3,5382.9,10083.2,9938.0,9536.8,8918.7,2006.5,9513.2,9469.9,8938.5,9581.6,8838.4,8433.1,5561.1,5815.9,9992.4,9700.5,5188.1,8994.1,9756.5,9022.7,12119.0,2916.8,9410.7,8941.6,5856.4,3859.1,6461.1,9257.5,8945.1,9712.4,1068.9,9736.3,11497.0,2239.9,5585.8,7766.8,9831.5,9744.2,5834.0,2951.1,5808.9,9728.9,9690.9,13101.6,9703.1,8435.5,8481.9,10544.8,1243.4,6298.9,5013.6,5634.4,9055.3,2640.8,8893.2,5683.7,8390.1,11335.4,12405.7,5892.0,11501.3,7080.9,5366.2,9141.6,8825.6,10480.7,5864.9,10639.2,8432.2,8521.5,5580.6,10663.1,5923.6,9734.4,2235.8,5859.1,12188.1,12228.3,9674.7,9673.1,9699.9,9802.2
KONGENS GATE 11,1314.5,3944.7,9634.3,9670.5,2961.0,5590.6,1505.2,72.3,2889.0,2886.9,827.8,2899.5,10565.7,9071.1,3336.4,2696.1,2100.6,12020.3,9998.9,2545.9,13.5,960.7,11311.9,3134.2,8870.0,79.0,4058.9,869.3,5355.5,2098.4,1851.1,5506.7,4895.7,1660.9,836.7,57.9,71.5,243.2,8969.3,84.4,4815.4,33.1,45.4,9039.0,1107.8,3326.3,404.2,873.6,2629.1,1059.9,4848.8,72.2,99.2,9054.1,5322.3,2075.9,290.8,2522.0,9041.2,8992.2,103.7,82.6,11896.5,4873.5,9012.2,7974.0,103.4,84.0,36.1,8908.6,1120.6,5305.1,6120.3,10118.6,5640.4,9538.8,11863.4,3786.7,2289.2,1356.9,9687.6,0.0,4817.3,5640.9,102.5,2046.7,5666.2,2664.3,303.0,287.0,922.0,11668.3,479.8,442.9,1224.3,295.7,1860.9,4763.6,8868.0,4058.2,357.4,50.0,4601.5,2016.6,121.5,868.6,4010.4,8964.2,614.3,834.5,4824.2,11814.1,5874.5,573.5,840.1,15.4,10730.7,113.8,5383.4,11901.7,8892.7,12424.2,196.5,47.2,4080.4,8976.8,4128.9,93.9,42.0,4959.2,45.0,4766.0,1236.0,1135.3,8688.5,5712.3,7541.6,5103.2,2077.8,12302.6,913.9,4199.7,4620.0,3193.0,4297.1,3993.4,5387.7,3588.2,5605.5,693.9,1194.6,1071.2,4148.6,2530.6,4762.7,4801.7,8887.5,1253.6,3906.2,37.4,11897.6,4805.9,4079.5,4119.7,74.1,66.8,2.9,167.2
Kiwi Meieribygget Ørsta,3906.3,2110.3,4854.8,4891.0,6190.4,6692.7,6001.7,4794.3,6118.4,6116.3,4019.4,6128.9,6114.9,4291.6,2661.3,4232.3,4426.1,7616.9,5219.4,5741.5,4797.5,4028.4,7456.3,4596.9,4090.5,4801.0,2056.5,5365.8,8551.1,5327.8,4176.6,708.3,112.2,4856.5,5333.2,4747.7,4767.5,4597.2,4189.8,4806.4,5917.5,4799.4,4761.2,4259.5,3909.0,2658.1,4524.6,4016.8,4240.3,5556.4,50.4,4788.0,4821.2,4274.6,523.9,4401.4,5012.8,5717.6,4261.7,4212.7,4825.7,4804.6,7493.1,75.1,4232.7,3232.0,4825.4,4806.0,4820.1,4129.1,5617.1,2516.4,4146.0,5826.4,2851.7,4759.3,8007.8,6982.3,5518.6,5853.4,5832.0,4784.0,0.0,842.5,4702.6,5242.3,867.8,4250.5,5025.0,4623.8,4005.7,7264.9,4600.2,4556.9,4025.5,4668.6,4186.4,5865.7,4088.5,2055.8,5079.4,4787.5,1812.8,4342.1,4843.5,4109.7,7206.0,4184.7,4497.7,4028.6,44.7,7034.6,3085.8,4344.5,4032.1,4799.4,6875.1,4823.3,8579.0,7498.3,4113.2,7644.7,4918.5,4831.2,2073.9,4197.3,2048.8,4815.9,4777.9,8188.6,4790.1,5868.1,3568.9,5631.8,4832.9,2923.6,2762.1,304.8,4403.3,7899.2,3980.2,1923.6,5822.7,6422.4,7492.7,2131.9,8583.3,1248.2,807.1,4228.6,3912.6,5567.7,2104.8,5726.2,5864.8,5954.1,4108.0,5750.1,2163.5,4821.4,7494.2,26.4,7275.1,7315.3,4761.7,4760.1,4786.9,4889.2
"Volda, 6100 Volda",4732.8,2215.5,4139.1,4175.3,7016.9,5977.0,6828.2,5620.8,6944.9,6942.8,4845.9,6955.4,5399.2,3575.9,2766.5,5058.8,5252.6,6901.2,4503.7,6568.0,5624.0,4854.9,7001.1,5423.4,3374.8,5627.5,2161.7,6192.3,8186.0,6154.3,5003.1,176.6,921.6,5683.0,6159.7,5574.2,5594.0,5423.7,3474.1,5632.9,5201.8,5625.9,5587.7,3543.8,4735.5,2763.3,5351.1,4843.3,5066.8,6382.9,834.6,5614.5,5647.7,3558.9,557.0,5227.9,5839.3,6544.1,3546.0,3497.0,5652.2,5631.1,6777.4,865.5,3517.0,2516.3,5651.9,5632.5,5646.6,3413.4,6443.6,2621.6,3430.3,5110.7,2956.9,4043.6,7552.6,7808.8,6345.1,6679.9,5376.8,5610.5,841.8,0.0,5529.1,6068.8,107.6,5077.0,5851.5,5450.3,4832.2,6549.2,5426.7,5383.4,4852.0,5495.1,5012.9,5150.0,3372.8,2161.0,5905.9,5614.0,1918.0,5168.6,5670.0,4936.2,8032.5,3469.0,5324.2,4855.1,850.2,6318.9,3191.0,5171.0,4858.6,5625.9,6419.9,5649.8,8213.9,6782.6,3397.5,6929.0,5745.0,5657.7,2179.1,3481.6,2154.0,5642.4,5604.4,9015.1,5616.6,5152.4,4395.4,6458.3,4377.7,3028.8,2046.4,628.2,5229.8,7183.5,4806.7,2028.8,5107.0,7248.9,8319.2,2237.1,8218.2,2074.7,86.2,5055.1,4739.1,6394.2,2210.0,6552.7,5149.1,5238.4,3392.3,6576.6,2268.7,5647.9,6778.5,852.9,8101.6,8141.8,5588.2,5586.6,5613.4,5715.7
SUNDGATA 8,1215.5,3845.7,9535.3,9571.5,2862.0,5491.6,1406.2,103.0,2790.0,2787.9,728.8,2800.5,10466.7,8972.1,3237.4,2597.1,2001.6,11921.3,9899.9,2446.9,96.7,861.7,11212.9,3035.2,8771.0,109.7,3959.9,770.3,5256.5,1999.4,1752.1,5407.7,4796.7,1561.9,737.7,55.3,64.9,144.2,8870.3,115.1,4716.4,108.1,68.8,8940.0,1008.8,3227.3,305.2,774.6,2530.1,960.9,4749.8,95.6,129.9,8955.1,5223.3,1976.9,321.5,2423.0,8942.2,8893.2,134.4,113.3,11797.5,4774.5,8913.2,7875.0,134.1,114.7,128.8,8809.6,1021.6,5206.1,6021.3,10019.6,5541.4,9439.8,11764.4,3687.7,2190.2,1257.9,9588.6,92.7,4718.3,5541.9,0.0,1947.7,5567.2,2565.3,333.7,188.0,823.0,11569.3,380.8,343.9,1125.3,196.7,1761.9,4664.6,8769.0,3959.2,388.1,96.2,4502.5,1917.6,152.2,769.6,3911.4,8865.2,515.3,735.5,4725.2,11715.1,5775.5,474.5,741.1,108.1,10631.7,132.0,5284.4,11802.7,8793.7,12325.2,227.2,139.9,3981.4,8877.8,4029.9,124.6,85.5,4860.2,97.7,4667.0,1137.0,1036.3,8589.5,5613.3,7442.6,5004.2,1978.8,12203.6,814.9,4100.7,4521.0,3094.0,4198.1,3894.4,5288.7,3489.2,5506.5,594.9,1095.6,972.2,4049.6,2431.6,4663.7,4702.7,8788.5,1154.6,3807.2,130.1,11798.6,4706.9,3980.5,4020.7,70.4,68.8,95.6,197.9
Kiwi Skodje,1747.3,4377.5,9646.8,9683.0,1620.9,5274.2,3058.8,2019.3,1548.9,1546.8,1286.8,1559.4,10998.5,9503.9,3769.2,2379.7,2533.4,12453.1,10011.4,751.4,2022.5,1356.0,11744.7,2817.8,8882.5,2026.0,4491.7,2422.9,3561.0,758.3,2283.9,5939.5,5328.5,522.8,1665.8,1972.7,1992.5,1822.2,9402.1,2031.4,4499.0,2024.4,1986.2,9471.8,1540.6,3759.1,1749.6,1318.5,2312.7,2613.5,5281.6,2013.0,2046.2,9486.9,5755.1,2508.7,2237.8,727.5,9474.0,9425.0,2050.7,2029.6,12329.3,5306.3,9445.0,7657.6,2050.4,2031.0,2045.1,8921.1,2674.2,5737.9,5803.9,8324.1,6073.2,9551.3,12296.2,1992.2,949.1,2910.5,10120.4,2009.0,5250.1,6073.7,1927.6,0.0,6099.0,2347.9,2250.0,1848.8,1317.3,12101.1,1825.2,1786.3,1520.6,1893.6,2293.7,4447.2,8880.5,4491.0,2304.4,2012.5,5034.3,2449.4,2068.5,1224.4,2215.9,9397.0,1780.1,1267.3,5257.0,12246.9,6307.3,1573.9,1382.5,2024.4,11163.5,2048.3,3588.9,12334.5,8905.2,12436.7,2143.5,2056.2,4513.2,9409.6,4561.7,2040.9,2002.9,3619.1,2015.1,4449.6,1668.8,1232.4,9121.3,6145.1,7554.1,5536.0,2510.6,12735.4,1318.6,4632.5,4303.6,1852.9,2502.6,4426.2,3593.2,4021.0,6038.3,1512.5,1627.4,2624.8,4581.4,736.1,4446.3,4485.3,8900.0,2807.2,4339.0,2046.4,12330.4,5238.7,2285.0,2325.2,1986.7,1985.1,2011.9,2114.2
Kiwi Volda,4770.3,2253.0,4153.4,4189.6,7054.4,5991.3,6865.7,5658.3,6982.4,6980.3,4883.4,6992.9,5413.5,3590.2,2804.0,5096.3,5290.1,6915.5,4518.0,6605.5,5661.5,4892.4,7015.4,5460.9,3389.1,5665.0,2199.2,6229.8,8200.3,6191.8,5040.6,190.9,959.1,5720.5,6197.2,5611.7,5631.5,5461.2,3488.4,5670.4,5216.1,5663.4,5625.2,3558.1,4773.0,2800.8,5388.6,4880.8,5104.3,6420.4,872.1,5652.0,5685.2,3573.2,594.5,5265.4,5876.8,6581.6,3560.3,3511.3,5689.7,5668.6,6791.7,903.0,3531.3,2530.6,5689.4,5670.0,5684.1,3427.7,6481.1,2659.1,3444.6,5125.0,2994.4,4057.9,7566.9,7846.3,6382.6,6717.4,5391.1,5648.0,879.3,116.2,5566.6,6106.3,0.0,5114.5,5889.0,5487.8,4869.7,6563.5,5464.2,5420.9,4889.5,5532.6,5050.4,5164.3,3387.1,2198.5,5943.4,5651.5,1955.5,5206.1,5707.5,4973.7,8070.0,3483.3,5361.7,4892.6,887.7,6333.2,3228.5,5208.5,4896.1,5663.4,6434.2,5687.3,8228.2,6796.9,3411.8,6943.3,5782.5,5695.2,2216.6,3495.9,2191.5,5679.9,5641.9,9052.6,5654.1,5166.7,4432.9,6495.8,4392.0,3066.3,2060.7,665.7,5267.3,7197.8,4844.2,2066.3,5121.3,7286.4,8356.7,2274.6,8232.5,2112.2,131.9,5092.6,4776.6,6431.7,2247.5,6590.2,5163.4,5252.7,3406.6,6614.1,2306.2,5685.4,6792.8,890.4,8139.1,8179.3,5625.7,5624.1,5650.9,5753.2
Kiwi Sykkylven,1994.8,4625.0,7379.1,7415.3,3551.4,3006.5,3859.7,2652.3,3479.4,3477.3,1877.4,3489.9,9344.7,7464.7,4016.7,73.3,2780.9,10846.7,7743.7,2704.6,2655.5,1886.4,11689.8,550.1,6614.8,2659.0,4739.2,3223.8,5215.5,2688.8,2531.4,4941.8,4330.8,2217.5,3191.2,2605.7,2625.5,2455.2,7362.9,2664.4,2231.3,2657.4,2619.2,7432.6,1673.3,4006.6,2382.6,1874.8,31.9,3414.4,4283.9,2646.0,2679.2,7447.7,4757.4,2756.2,2870.8,2680.7,7434.8,7385.8,2683.7,2662.6,10722.9,4308.6,7405.8,5389.9,2683.4,2664.0,2678.1,6653.4,3475.1,5985.4,3536.2,8350.7,6320.7,7283.6,12241.3,3945.4,2879.6,3711.4,10065.5,2642.0,4252.4,5076.0,2560.6,2345.8,5101.3,0.0,2883.0,2481.8,1863.7,10494.7,2458.2,2414.9,1519.2,2526.6,2541.2,2179.5,6612.8,4738.5,2937.4,2645.5,5281.8,2696.9,2701.5,1967.7,4169.1,7414.5,2355.7,1886.6,4259.3,10264.4,6554.8,2202.5,1890.1,2657.4,11108.6,2681.3,5243.4,10728.1,6637.5,10169.0,2776.5,2689.2,4760.7,7370.4,4809.2,2673.9,2635.9,5549.6,2648.1,2181.9,1916.3,3162.9,9066.4,6392.6,5286.4,4538.3,2758.1,11129.0,1838.2,4880.0,2035.9,3783.4,4455.8,4673.7,5247.7,3023.3,5040.6,2086.6,1742.2,3425.7,4828.9,2689.3,2178.6,2217.6,6632.3,3608.1,4586.5,2679.4,10724.0,4241.0,4238.2,4278.4,2619.7,2618.1,2644.9,2747.2
SKARBØVIKGATA 25,1527.2,4157.4,9847.0,9883.2,3173.7,5803.3,1717.9,236.8,3101.7,3099.6,1040.5,3112.2,10778.4,9283.8,3549.1,2908.8,2313.3,12233.0,10211.6,2758.6,301.8,1173.4,11524.6,3346.9,9082.7,238.5,4271.6,1082.0,5568.2,2311.1,2063.8,5719.4,5108.4,1873.6,1049.4,305.1,318.7,455.9,9182.0,243.0,5028.1,303.7,287.2,9251.7,1320.5,3539.0,616.9,1086.3,2841.8,1272.6,5061.5,302.6,240.8,9266.8,5535.0,2288.6,11.5,2734.7,9253.9,9204.9,262.3,241.2,12109.2,5086.2,9224.9,8186.7,262.0,242.6,324.4,9121.3,1333.3,5517.8,6333.0,10331.3,5853.1,9751.5,12076.1,3999.4,2501.9,1569.6,9900.3,288.3,5030.0,5853.6,334.3,2259.4,5878.9,2877.0,0.0,499.7,1134.7,11881.0,692.5,655.6,1437.0,508.4,2073.6,4976.3,9080.7,4270.9,134.8,252.9,4814.2,2229.3,180.8,1081.3,4223.1,9176.9,827.0,1047.2,5036.9,12026.8,6087.2,786.2,1052.8,303.7,10943.4,292.2,5596.1,12114.4,9105.4,12636.9,215.3,335.5,4293.1,9189.5,4341.6,208.4,313.6,5171.9,325.8,4978.7,1448.7,1348.0,8901.2,5925.0,7754.3,5315.9,2290.5,12515.3,1126.6,4412.4,4832.7,3405.7,4509.8,4206.1,5600.4,3800.9,5818.2,906.6,1407.3,1283.9,4361.3,2743.3,4975.4,5014.4,9100.2,1466.3,4118.9,325.7,12110.3,5018.6,4292.2,4332.4,286.8,306.5,291.2,186.0
NØRVEGATA 23,1148.7,3778.9,9468.5,9504.7,2829.0,5424.8,1462.7,255.3,2757.0,2754.9,662.0,2767.5,10399.9,8905.3,3170.6,2530.3,1934.8,11854.5,9833.1,2380.1,258.5,794.9,11146.1,2968.4,8704.2,262.0,3893.1,826.8,5189.7,1966.4,1685.3,5340.9,4729.9,1495.1,794.2,208.7,228.5,51.2,8803.5,267.4,4649.6,260.4,222.2,8873.2,942.0,3160.5,202.1,707.8,2463.3,1017.4,4683.0,249.0,282.2,8888.3,5156.5,1910.1,473.8,2356.2,8875.4,8826.4,286.7,265.6,11730.7,4707.7,8846.4,7808.2,286.4,267.0,281.1,8742.8,1078.1,5139.3,5954.5,9952.8,5474.6,9373.0,11697.6,3620.9,2157.2,1314.4,9521.8,245.0,4651.5,5475.1,163.6,1880.9,5500.4,2498.5,486.0,0.0,756.2,11502.5,236.5,274.4,1058.5,122.6,1695.1,4597.8,8702.2,3892.4,540.4,248.5,4435.7,1850.8,304.5,702.8,3844.6,8798.4,445.8,668.7,4658.4,11648.3,5708.7,407.7,674.3,260.4,10564.9,284.3,5217.6,11735.9,8726.9,12258.4,379.5,292.2,3914.6,8811.0,3963.1,276.9,238.9,4827.2,251.1,4600.2,1070.2,1092.8,8522.7,5546.5,7375.8,4937.4,1912.0,12136.8,748.1,4033.9,4454.2,3061.0,4131.3,3827.6,5221.9,3422.4,5439.7,528.1,1028.8,1028.7,3982.8,2364.8,4596.9,4635.9,8721.7,1211.1,3740.4,282.4,11731.8,4640.1,3913.7,3953.9,222.7,221.1,247.9,350.2
SPJELKAVIKVEGEN 42,512.7,3142.9,8832.5,8868.7,2258.5,4788.8,2123.8,916.4,2186.5,2184.4,107.5,2197.0,9763.9,8269.3,2534.6,1894.3,1298.8,11218.5,9197.1,1809.6,919.6,59.8,10510.1,2332.4,8068.2,923.1,3257.1,1487.9,4619.2,1395.9,1049.3,4704.9,4093.9,924.6,1455.3,869.8,889.6,719.3,8167.5,928.5,4013.6,921.5,883.3,8237.2,306.0,2524.5,646.7,139.2,1827.3,1678.5,4047.0,910.1,943.3,8252.3,4520.5,1274.1,1134.9,1785.7,8239.4,8190.4,947.8,926.7,11094.7,4071.7,8210.4,7172.2,947.5,928.1,942.2,8106.8,1739.2,4503.3,5318.5,9382.3,4838.6,8737.0,11061.6,3050.4,1586.7,1975.5,8885.8,906.1,4015.5,4839.1,824.7,1310.4,4864.4,1862.5,1147.1,745.9,0.0,10866.5,722.3,660.0,422.5,790.7,1059.1,3961.8,8066.2,3256.4,1201.5,909.6,3799.7,1214.8,965.6,160.5,3274.1,8162.4,600.8,116.7,4022.4,11012.3,5072.7,447.6,158.1,921.5,9928.9,945.4,4647.1,11099.9,8090.9,11622.4,1040.6,953.3,3278.6,8175.0,3327.1,938.0,900.0,4256.7,912.2,3964.2,434.2,1753.9,7886.7,4910.5,6739.8,4301.4,1276.0,11500.8,22.4,3397.9,3818.2,2490.5,3560.8,3191.6,4651.4,2786.4,4803.7,354.6,392.8,1689.8,3346.8,1794.3,3960.9,3999.9,8085.7,1872.2,3104.4,943.5,11095.8,4004.1,3343.2,3383.4,883.8,882.2,909.0,1011.3
Kiwi Deknepollen,10558.5,7858.2,6577.0,6613.2,12842.6,9509.7,12653.9,11446.5,12770.6,12768.5,10671.6,12781.1,1153.5,3138.8,8409.2,10480.3,11078.3,402.2,6941.6,12393.7,11449.7,10680.6,3588.8,9965.2,5812.7,11453.2,7804.4,12018.0,11718.7,11980.0,10828.8,6042.9,6747.3,11508.7,11985.4,11399.9,11419.7,11249.4,3140.1,11458.6,8734.5,11451.6,11413.4,3228.4,10561.2,8406.0,11176.8,10669.0,10488.3,12208.6,6660.3,11440.2,11473.4,3243.5,6382.7,11053.6,11665.0,12369.8,3171.2,3181.6,11477.9,11456.8,278.4,6691.2,3197.2,6049.0,11477.6,11458.2,11472.3,5851.3,12269.3,6416.6,6963.0,7548.6,6061.4,6481.5,4140.3,11854.0,12170.8,12505.6,2017.8,11436.2,6667.5,6203.5,11354.8,11894.5,6202.4,10498.5,11677.2,11276.0,10657.9,0.0,11252.4,11209.1,10677.7,11320.8,10838.6,8682.7,5810.7,7803.7,11731.6,11439.7,7175.9,10994.3,11495.7,10761.9,13858.2,3166.4,11149.9,10680.8,6675.9,4108.7,8448.9,10996.7,10684.3,11451.6,2817.7,11475.5,11746.6,283.6,5835.4,8016.4,11570.7,11483.4,7821.8,3200.7,7796.7,11468.1,11430.1,14840.8,11442.3,8685.1,10221.1,12284.0,3231.2,8286.7,5263.2,6453.9,11055.5,684.5,10632.4,7671.5,8639.7,13074.6,14144.9,7879.8,11750.9,7900.4,6185.7,10880.8,10564.8,12219.9,7852.7,12378.4,8681.8,8771.1,5830.2,12402.3,7911.4,11473.6,279.5,6678.6,13927.3,13967.5,11413.9,11412.3,11439.1,11541.4
"Eggesbønes, 6008 Ålesund",1120.2,3750.4,9440.0,9476.2,2800.5,5396.3,1642.8,435.4,2728.5,2726.4,633.5,2739.0,10371.4,8876.8,3142.1,2501.8,1906.3,11826.0,9804.6,2351.6,438.6,766.4,11117.6,2939.9,8675.7,442.1,3864.6,1006.9,5161.2,1937.9,1656.8,5312.4,4701.4,1466.6,974.3,388.8,408.6,238.3,8775.0,447.5,4621.1,440.5,402.3,8844.7,913.5,3132.0,157.0,679.3,2434.8,1197.5,4654.5,429.1,462.3,8859.8,5128.0,1881.6,653.9,2327.7,8846.9,8797.9,466.8,445.7,11702.2,4679.2,8817.9,7779.7,466.5,447.1,461.2,8714.3,1258.2,5110.8,5926.0,9924.3,5446.1,9344.5,11669.1,3592.4,2128.7,1494.5,9493.3,425.1,4623.0,5446.6,343.7,1852.4,5471.9,2470.0,666.1,232.2,727.7,11474.0,0.0,218.6,1030.0,309.7,1666.6,4569.3,8673.7,3863.9,720.5,428.6,4407.2,1822.3,484.6,674.3,3816.1,8769.9,390.0,640.2,4629.9,11619.8,5680.2,379.2,645.8,440.5,10536.4,464.4,5189.1,11707.4,8698.4,12229.9,559.6,472.3,3886.1,8782.5,3934.6,457.0,419.0,4798.7,431.2,4571.7,1041.7,1272.9,8494.2,5518.0,7347.3,4908.9,1883.5,12108.3,719.6,4005.4,4425.7,3032.5,4102.8,3799.1,5193.4,3393.9,5411.2,499.6,1000.3,1208.8,3954.3,2336.3,4568.4,4607.4,8693.2,1391.2,3711.9,462.5,11703.3,4611.6,3885.2,3925.4,402.8,401.2,428.0,530.3
NEDRE KLOKKERSUNDVEGEN 2,1050.8,3681.0,9370.6,9406.8,2743.4,5326.9,1650.4,443.0,2671.4,2669.3,553.4,2681.9,10302.0,8807.4,3072.7,2432.4,1836.9,11756.6,9735.2,2294.5,446.2,698.4,11048.2,2870.5,8606.3,449.7,3795.2,1014.5,5104.1,1880.8,1587.4,5243.0,4632.0,1409.5,981.9,396.4,416.2,245.9,8705.6,455.1,4551.7,448.1,409.9,8775.3,844.1,3062.6,138.1,599.2,2365.4,1205.1,4585.1,436.7,469.9,8790.4,5058.6,1812.2,661.5,2270.6,8777.5,8728.5,474.4,453.3,11632.8,4609.8,8748.5,7710.3,474.1,454.7,468.8,8644.9,1265.8,5041.4,5856.6,9867.2,5376.7,9275.1,11599.7,3535.3,2071.6,1502.1,9423.9,432.7,4553.6,5377.2,351.3,1795.3,5402.5,2400.6,673.7,272.5,670.6,11404.6,230.7,0.0,960.6,317.3,1597.2,4499.9,8604.3,3794.5,728.1,436.2,4337.8,1752.9,492.2,617.2,3759.0,8700.5,233.7,583.1,4560.5,11550.4,5610.8,275.6,565.7,448.1,10467.0,472.0,5132.0,11638.0,8629.0,12160.5,567.2,479.9,3816.7,8713.1,3865.2,464.6,426.6,4741.6,438.8,4502.3,972.3,1280.5,8424.8,5448.6,7277.9,4839.5,1814.1,12038.9,650.2,3936.0,4356.3,2975.4,4045.7,3729.7,5136.3,3324.5,5341.8,419.5,930.9,1216.4,3884.9,2279.2,4499.0,4538.0,8623.8,1398.8,3642.5,470.1,11633.9,4542.2,3828.1,3868.3,410.4,408.8,435.6,537.9
FLISNESVEGEN 1,546.9,3177.1,8804.7,8840.9,2600.5,4432.1,2411.8,1204.4,2528.5,2526.4,429.5,2539.0,9798.1,8303.5,2568.8,1537.6,1333.0,11252.7,9169.3,1875.9,1207.6,438.5,10544.3,1975.7,8040.4,1211.1,3291.3,1775.9,4685.5,1737.9,1083.5,4739.1,4128.1,1266.6,1743.3,1157.8,1177.6,1007.3,8201.7,1216.5,3656.9,1209.5,1171.3,8271.4,225.4,2558.7,934.7,426.9,1470.6,1966.5,4081.2,1198.1,1231.3,8286.5,4554.7,1308.3,1422.9,1852.0,8273.6,8224.6,1235.8,1214.7,11128.9,4105.9,8244.6,6815.5,1235.5,1216.1,1230.2,8079.0,2027.2,4537.5,4961.8,9448.6,4872.8,8709.2,11095.8,3116.7,1928.7,2263.5,8920.0,1194.1,4049.7,4873.3,1112.7,1517.1,4898.6,1505.8,1435.1,1033.9,415.8,10900.7,1010.3,967.0,0.0,1078.7,1093.3,3605.1,8038.4,3290.6,1489.5,1197.6,3833.9,1249.0,1253.6,519.8,3340.4,8196.6,907.8,438.7,4056.6,11046.5,5106.9,754.6,442.2,1209.5,9963.1,1233.4,4713.4,11134.1,8063.1,11594.6,1328.6,1241.3,3312.8,8209.2,3361.3,1226.0,1188.0,4598.7,1200.2,3607.5,468.4,2041.9,7920.9,4944.7,6712.0,4335.6,1310.2,11535.0,390.3,3432.1,3461.5,2832.5,3627.1,3225.8,4717.7,2820.6,4837.9,638.7,294.3,1977.8,3381.0,1860.6,3604.2,3643.2,8057.9,2160.2,3138.6,1231.5,11130.0,4038.3,3409.5,3449.7,1171.8,1170.2,1197.0,1299.3
"Kverve, 6008 Ålesund",1158.0,3788.2,9477.8,9514.0,2838.3,5434.1,1512.0,304.6,2766.3,2764.2,671.3,2776.8,10409.2,8914.6,3179.9,2539.6,1944.1,11863.8,9842.4,2389.4,307.8,804.2,11155.4,2977.7,8713.5,311.3,3902.4,876.1,5199.0,1975.7,1694.6,5350.2,4739.2,1504.4,843.5,258.0,277.8,84.9,8812.8,316.7,4658.9,309.7,271.5,8882.5,951.3,3169.8,247.7,717.1,2472.6,1066.7,4692.3,298.3,331.5,8897.6,5165.8,1919.4,523.1,2365.5,8884.7,8835.7,336.0,314.9,11740.0,4717.0,8855.7,7817.5,335.7,316.3,330.4,8752.1,1127.4,5148.6,5963.8,9962.1,5483.9,9382.3,11706.9,3630.2,2166.5,1363.7,9531.1,294.3,4660.8,5484.4,212.9,1890.2,5509.7,2507.8,535.3,128.7,765.5,11511.8,323.3,286.4,1067.8,0.0,1704.4,4607.1,8711.5,3901.7,589.7,297.8,4445.0,1860.1,353.8,712.1,3853.9,8807.7,457.8,678.0,4667.7,11657.6,5718.0,417.0,683.6,309.7,10574.2,333.6,5226.9,11745.2,8736.2,12267.7,428.8,341.5,3923.9,8820.3,3972.4,326.2,288.2,4836.5,300.4,4609.5,1079.5,1142.1,8532.0,5555.8,7385.1,4946.7,1921.3,12146.1,757.4,4043.2,4463.5,3070.3,4140.6,3836.9,5231.2,3431.7,5449.0,537.4,1038.1,1078.0,3992.1,2374.1,4606.2,4645.2,8731.0,1260.4,3749.7,331.7,11741.1,4649.4,3923.0,3963.2,272.0,270.4,297.2,399.5
"Fiskarstrand, 6037 Eidsnes",971.4,3063.6,9013.1,9049.3,3255.5,5456.9,3066.8,1859.4,3183.5,3181.4,1084.5,3194.0,9684.6,8449.9,2455.3,2562.4,282.3,11139.2,9377.7,2806.6,1862.6,1093.5,10430.8,3000.5,8248.8,1866.1,3177.8,2430.9,5616.2,2392.9,9.8,4885.5,4274.5,1921.6,2398.3,1812.8,1832.6,1662.3,8348.1,1871.5,4681.7,1864.5,1826.3,8417.8,974.1,2445.2,1589.7,1081.9,2495.4,2621.5,4227.6,1853.1,1886.3,8432.9,4701.1,257.6,2077.9,2782.7,8420.0,8371.0,1890.8,1869.7,11015.4,4252.3,8391.0,7390.3,1890.5,1871.1,1885.2,8287.4,2682.2,4424.0,5986.6,9984.7,4759.3,8917.6,10982.3,4047.4,2583.7,2918.5,8806.5,1849.1,4196.1,5019.7,1767.7,2307.4,5045.0,2530.6,2090.1,1688.9,1070.8,10787.2,1665.3,1622.0,1090.6,1733.7,0.0,4629.9,8246.8,3177.1,2144.5,1852.6,3720.4,198.3,1908.6,1174.8,4271.1,8343.0,1562.8,1093.7,4203.0,11192.9,4993.4,1409.6,1097.2,1864.5,9849.6,1888.4,5644.1,11020.6,8271.5,11803.0,1983.6,1896.3,3199.3,8355.6,3247.8,1881.0,1843.0,5253.7,1855.2,4632.3,634.0,2696.9,7807.4,4831.2,6920.4,4482.0,259.5,11421.5,1045.3,3318.6,4486.3,3487.5,4557.8,3112.3,5648.4,2967.0,4984.3,1293.7,977.7,2632.8,3267.5,2791.3,4629.0,4668.0,8266.3,2815.2,3025.1,1886.5,11016.5,4184.7,4340.2,4380.4,1826.8,1825.2,1852.0,1954.3
Kiwi Stranda,4100.4,6730.6,5575.3,5611.5,5657.0,994.1,5965.3,4757.9,5585.0,5582.9,3983.0,5595.5,7540.9,5660.9,6122.3,2160.1,4886.5,9042.9,5939.9,4512.8,4761.1,3992.0,10011.8,1645.0,4811.0,4764.6,6844.8,5329.4,3083.0,4794.4,4637.0,5230.4,5949.0,4323.1,5296.8,4711.3,4731.1,4560.8,5559.1,4770.0,98.8,4763.0,4724.8,5628.8,3778.9,6112.2,4488.2,3980.4,2168.1,5520.0,5840.0,4751.6,4784.8,5643.9,5634.0,4861.8,4976.4,4531.4,5631.0,5582.0,4789.3,4768.2,8919.1,5863.2,5602.0,3586.1,4789.0,4769.6,4783.7,4849.6,5580.7,7698.6,1732.4,6546.9,8033.9,5479.8,10563.3,3218.3,4985.2,5817.0,8440.8,4747.6,5869.2,5155.7,4666.2,4451.4,5154.6,2178.3,4988.6,4587.4,3969.3,8690.9,4563.8,4520.5,3624.8,4632.2,4646.8,0.0,4809.0,6844.1,5043.0,4751.1,6995.0,4802.5,4807.1,4073.3,5757.0,5610.7,4461.3,3992.2,5826.0,8460.6,8268.0,4308.1,3995.7,4763.0,9430.6,4786.9,3110.9,8924.3,4833.7,8365.2,4882.1,4794.8,6866.3,5566.6,6914.8,4779.5,4741.5,7655.2,4753.7,49.4,4021.9,5268.5,9431.5,8105.8,3482.6,5705.2,4863.7,9325.2,3943.8,6985.6,282.6,5889.0,5776.2,6779.3,3115.2,4999.3,5171.4,4192.2,3847.8,5531.3,6934.5,4520.2,46.1,171.7,4828.5,5713.7,6692.1,4785.0,8920.2,5843.8,5826.1,5866.3,4725.3,4723.7,4750.5,4852.8
Kiwi Stryn,7949.9,5509.2,825.5,861.7,10083.7,5616.2,10045.3,8837.9,10011.7,10009.6,8063.0,10022.2,4664.1,2784.1,6060.2,6586.8,8469.7,6166.1,1190.1,9236.9,8841.1,8072.0,7135.0,6071.7,28.1,8844.6,5455.4,9409.4,7045.9,9221.1,8220.2,3447.1,4165.7,8749.8,9376.8,8791.3,8811.1,8640.8,2682.3,8850.0,4841.0,8843.0,8804.8,2752.0,7952.6,6057.0,8568.2,8060.4,6594.8,9600.0,4056.7,8831.6,8864.8,2767.1,3850.7,8445.0,9056.4,9213.0,2754.2,2705.2,8869.3,8848.2,6042.3,4079.9,2725.2,2155.5,8869.0,8849.6,8863.7,51.2,9660.7,5915.3,3069.5,1764.1,6250.6,730.0,7686.5,7960.5,9411.9,9897.0,5564.0,8827.6,4085.9,3372.4,8746.2,8878.1,3371.3,6605.0,9068.6,8667.4,8049.3,5814.1,8643.8,8600.5,8051.5,8712.2,8230.0,4789.2,0.0,5454.7,9123.0,8831.1,5211.7,8385.7,8887.1,8153.3,10499.2,2733.9,8541.3,8072.2,4042.7,5583.8,6484.7,8388.1,8075.7,8843.0,6553.8,8866.9,7073.8,6047.5,50.9,3615.4,8962.1,8874.8,5472.8,2689.8,5447.7,8859.5,8821.5,12081.9,8833.7,4791.6,7612.5,9675.4,6777.4,6322.5,1369.7,3921.9,8446.9,6448.4,8023.8,5322.5,4746.2,10315.7,10518.4,5530.8,7078.1,5291.8,3388.1,8272.2,7956.2,9611.3,5503.7,9221.6,4788.3,4877.6,45.6,9793.7,5562.4,8865.0,6043.4,4060.5,10568.3,10608.5,8805.3,8803.7,8830.5,8932.8
Kiwi Ulsteinvik,3201.3,252.4,6225.6,6261.8,5485.4,7686.8,5296.7,4089.3,5413.4,5411.3,3314.4,5423.9,6703.3,5662.4,803.4,4792.3,3460.1,8157.9,6590.2,5036.5,4092.5,3323.4,7449.5,5230.4,5461.3,4096.0,10.4,4660.8,7846.1,4622.8,3210.6,2034.6,2154.5,4151.5,4628.2,4042.7,4062.5,3892.2,5560.6,4101.4,6911.6,4094.4,4056.2,5630.3,3204.0,800.2,3819.6,3311.8,4725.3,4851.4,2067.5,4083.0,4116.2,5645.4,1850.2,3435.4,4307.8,5012.6,5632.5,5583.5,4120.7,4099.6,8034.1,2098.4,5603.5,4602.8,4120.4,4101.0,4115.1,5499.9,4912.1,1442.7,5516.8,7197.2,1778.0,6130.1,8001.0,6277.3,4813.6,5148.4,5825.2,4079.0,2074.7,2168.8,3997.6,4537.3,2194.1,4760.5,4320.0,3918.8,3300.7,7805.9,3895.2,3851.9,3320.5,3963.6,3220.4,6859.8,5459.3,0.0,4374.4,4082.5,739.1,3376.1,4138.5,3404.7,6501.0,5555.5,3792.7,3323.6,2083.1,8405.4,2012.1,3639.5,3327.1,4094.4,6868.3,4118.3,7874.0,8039.3,5484.0,9015.5,4213.5,4126.2,83.9,5568.1,86.3,4110.9,4072.9,7483.6,4085.1,6862.2,2863.9,4926.8,4826.1,1849.9,4132.9,1870.0,3437.3,8440.2,3275.2,337.3,6716.2,5717.4,6787.7,232.4,7878.3,3307.6,2133.4,3523.6,3207.6,4862.7,140.0,5021.2,6858.9,6897.9,5478.8,5045.1,361.6,4116.4,8035.2,2085.8,6570.1,6610.3,4056.7,4055.1,4081.9,4184.2
"Valderøy, 6050 Valderøya",1582.1,4212.3,9901.9,9938.1,3228.6,5858.2,1772.8,291.7,3156.6,3154.5,1095.4,3167.1,10833.3,9338.7,3604.0,2963.7,2368.2,12287.9,10266.5,2813.5,356.7,1228.3,11579.5,3401.8,9137.6,293.4,4326.5,1136.9,5623.1,2366.0,2118.7,5774.3,5163.3,1928.5,1104.3,360.0,373.6,510.8,9236.9,297.9,5083.0,358.6,342.1,9306.6,1375.4,3593.9,671.8,1141.2,2896.7,1327.5,5116.4,357.5,295.7,9321.7,5589.9,2343.5,117.0,2789.6,9308.8,9259.8,317.2,296.1,12164.1,5141.1,9279.8,8241.6,316.9,297.5,379.3,9176.2,1388.2,5572.7,6387.9,10386.2,5908.0,9806.4,12131.0,4054.3,2556.8,1624.5,9955.2,343.2,5084.9,5908.5,389.2,2314.3,5933.8,2931.9,129.2,554.6,1189.6,11935.9,747.4,710.5,1491.9,563.3,2128.5,5031.2,9135.6,4325.8,0.0,307.8,4869.1,2284.2,235.7,1136.2,4278.0,9231.8,881.9,1102.1,5091.8,12081.7,6142.1,841.1,1107.7,358.6,10998.3,347.1,5651.0,12169.3,9160.3,12691.8,270.2,390.4,4348.0,9244.4,4396.5,263.3,368.5,5226.8,380.7,5033.6,1503.6,1402.9,8956.1,5979.9,7809.2,5370.8,2345.4,12570.2,1181.5,4467.3,4887.6,3460.6,4564.7,4261.0,5655.3,3855.8,5873.1,961.5,1462.2,1338.8,4416.2,2798.2,5030.3,5069.3,9155.1,1521.2,4173.8,380.6,12165.2,5073.5,4347.1,4387.3,341.7,361.4,346.1,240.9
RASMUS RØNNEBERGS GATE 6,1294.0,3924.2,9613.8,9650.0,2940.5,5570.1,1484.7,22.3,2868.5,2866.4,807.3,2879.0,10545.2,9050.6,3315.9,2675.6,2080.1,11999.8,9978.4,2525.4,48.9,940.2,11291.4,3113.7,8849.5,29.0,4038.4,848.8,5335.0,2077.9,1830.6,5486.2,4875.2,1640.4,816.2,52.2,65.8,222.7,8948.8,34.4,4794.9,50.8,34.3,9018.5,1087.3,3305.8,383.7,853.1,2608.6,1039.4,4828.3,49.7,49.2,9033.6,5301.8,2055.4,240.8,2501.5,9020.7,8971.7,53.7,32.6,11876.0,4853.0,8991.7,7953.5,53.4,34.0,71.5,8888.1,1100.1,5284.6,6099.8,10098.1,5619.9,9518.3,11842.9,3766.2,2268.7,1336.4,9667.1,35.4,4796.8,5620.4,96.8,2026.2,5645.7,2643.8,253.0,266.5,901.5,11647.8,459.3,422.4,1203.8,275.2,1840.4,4743.1,8847.5,4037.7,307.4,0.0,4581.0,1996.1,71.5,848.1,3989.9,8943.7,593.8,814.0,4803.7,11793.6,5854.0,553.0,819.6,50.8,10710.2,63.8,5362.9,11881.2,8872.2,12403.7,146.5,82.6,4059.9,8956.3,4108.4,43.9,60.7,4938.7,72.9,4745.5,1215.5,1114.8,8668.0,5691.8,7521.1,5082.7,2057.3,12282.1,893.4,4179.2,4599.5,3172.5,4276.6,3972.9,5367.2,3567.7,5585.0,673.4,1174.1,1050.7,4128.1,2510.1,4742.2,4781.2,8867.0,1233.1,3885.7,72.8,11877.1,4785.4,4059.0,4099.2,53.6,61.1,38.3,117.2
Kiwi Myrvåg,3735.7,786.8,5967.9,6004.1,6019.8,7805.8,5831.1,4623.7,5947.8,5945.7,3848.8,5958.3,6061.2,5404.7,1337.8,5326.7,3994.5,7515.8,6332.5,5570.9,4626.9,3857.8,6807.4,5764.8,5203.6,4630.4,733.0,5195.2,8380.5,5157.2,3745.0,1776.9,1896.8,4685.9,5162.6,4577.1,4596.9,4426.6,5302.9,4635.8,7030.6,4628.8,4590.6,5372.6,3738.4,1334.6,4354.0,3846.2,5259.7,5385.8,1809.8,4617.4,4650.6,5387.7,1592.5,3969.8,4842.2,5547.0,5374.8,5325.8,4655.1,4634.0,7392.0,1840.7,5345.8,4345.1,4654.8,4635.4,4649.5,5242.2,5446.5,800.6,5259.1,6939.5,1135.9,5872.4,7358.9,6811.7,5348.0,5682.8,5183.1,4613.4,1817.0,1911.1,4532.0,5071.7,1936.4,5294.9,4854.4,4453.2,3835.1,7163.8,4429.6,4386.3,3854.9,4498.0,3754.8,6978.8,5201.6,732.3,4908.8,4616.9,0.0,3910.5,4672.9,3939.1,7035.4,5297.8,4327.1,3858.0,1825.4,8147.7,1351.7,4173.9,3861.5,4628.8,6226.2,4652.7,8408.4,7397.2,5226.3,8757.8,4747.9,4660.6,750.4,5310.4,725.3,4645.3,4607.3,8018.0,4619.5,6981.2,3398.3,5461.2,4184.0,1189.5,3875.2,1612.3,3971.7,7798.1,3809.6,600.1,6935.8,6251.8,7322.1,808.4,8412.7,3049.9,1875.7,4058.0,3742.0,5397.1,781.3,5555.6,6977.9,7067.2,5221.1,5579.5,840.0,4650.8,7393.1,1828.1,7104.5,7144.7,4591.1,4589.5,4616.3,4718.6
Kiwi Langevåg,1126.0,3218.2,9167.7,9203.9,3410.1,5611.5,3221.4,2014.0,3338.1,3336.0,1239.1,3348.6,9839.2,8604.5,2609.9,2717.0,106.3,11293.8,9532.3,2961.2,2017.2,1248.1,10585.4,3155.1,8403.4,2020.7,3332.4,2585.5,5770.8,2547.5,193.3,5040.1,4429.1,2076.2,2552.9,1967.4,1987.2,1816.9,8502.7,2026.1,4836.3,2019.1,1980.9,8572.4,1128.7,2599.8,1744.3,1236.5,2650.0,2776.1,4382.2,2007.7,2040.9,8587.5,4855.7,81.6,2232.5,2937.3,8574.6,8525.6,2045.4,2024.3,11170.0,4406.9,8545.6,7544.9,2045.1,2025.7,2039.8,8442.0,2836.8,4578.6,6141.2,10139.3,4913.9,9072.2,11136.9,4202.0,2738.3,3073.1,8961.1,2003.7,4350.7,5174.3,1922.3,2462.0,5199.6,2685.2,2244.7,1843.5,1225.4,10941.8,1819.9,1776.6,1245.2,1888.3,203.1,4784.5,8401.4,3331.7,2299.1,2007.2,3875.0,0.0,2063.2,1329.4,4425.7,8497.6,1717.4,1248.3,4357.6,11347.5,5148.0,1564.2,1251.8,2019.1,10004.2,2043.0,5798.7,11175.2,8426.1,11957.6,2138.2,2050.9,3353.9,8510.2,3402.4,2035.6,1997.6,5408.3,2009.8,4786.9,788.6,2851.5,7962.0,4985.8,7075.0,4636.6,83.5,11576.1,1199.9,3473.2,4640.9,3642.1,4712.4,3266.9,5803.0,3121.6,5138.9,1448.3,1132.3,2787.4,3422.1,2945.9,4783.6,4822.6,8420.9,2969.8,3179.7,2041.1,11171.1,4339.3,4494.8,4535.0,1981.4,1979.8,2006.6,2108.9
NEDRE STRANDGATE 51,1346.4,3976.6,9666.2,9702.4,2992.9,5622.5,1537.1,66.7,2920.9,2918.8,859.7,2931.4,10597.6,9103.0,3368.3,2728.0,2132.5,12052.2,10030.8,2577.8,121.0,992.6,11343.8,3166.1,8901.9,57.7,4090.8,901.2,5387.4,2130.3,1883.0,5538.6,4927.6,1692.8,868.6,124.3,137.9,275.1,9001.2,72.9,4847.3,122.9,106.4,9070.9,1139.7,3358.2,436.1,905.5,2661.0,1091.8,4880.7,121.8,64.7,9086.0,5354.2,2107.8,169.3,2553.9,9073.1,9024.1,92.2,71.1,11928.4,4905.4,9044.1,8005.9,91.9,72.5,143.6,8940.5,1152.5,5337.0,6152.2,10150.5,5672.3,9570.7,11895.3,3818.6,2321.1,1388.8,9719.5,107.5,4849.2,5672.8,153.5,2078.6,5698.1,2696.2,181.5,318.9,953.9,11700.2,511.7,474.8,1256.2,327.6,1892.8,4795.5,8899.9,4090.1,235.9,72.1,4633.4,2048.5,0.0,900.5,4042.3,8996.1,646.2,866.4,4856.1,11846.0,5906.4,605.4,872.0,122.9,10762.6,111.4,5415.3,11933.6,8924.6,12456.1,75.0,154.7,4112.3,9008.7,4160.8,27.6,132.8,4991.1,145.0,4797.9,1267.9,1167.2,8720.4,5744.2,7573.5,5135.1,2109.7,12334.5,945.8,4231.6,4651.9,3224.9,4329.0,4025.3,5419.6,3620.1,5637.4,725.8,1226.5,1103.1,4180.5,2562.5,4794.6,4833.6,8919.4,1285.5,3938.1,144.9,11929.5,4837.8,4111.4,4151.6,106.0,125.7,110.4,45.7
LERSTADVEGEN 545,614.4,3244.6,8934.2,8970.4,2206.7,4890.5,2064.9,857.5,2134.7,2132.6,153.9,2145.2,9865.6,8371.0,2636.3,1996.0,1400.5,11320.2,9298.8,1757.8,860.7,204.3,10611.8,2434.1,8169.9,864.2,3358.8,1429.0,4567.4,1344.1,1151.0,4806.6,4195.6,872.8,1396.4,810.9,830.7,660.4,8269.2,869.6,4115.3,862.6,824.4,8338.9,407.7,2626.2,587.8,185.6,1929.0,1619.6,4148.7,851.2,884.4,8354.0,4622.2,1375.8,1076.0,1733.9,8341.1,8292.1,888.9,867.8,11196.4,4173.4,8312.1,7273.9,888.6,869.2,883.3,8208.5,1680.3,4605.0,5420.2,9330.5,4940.3,8838.7,11163.3,2998.6,1534.9,1916.6,8987.5,847.2,4117.2,4940.8,765.8,1258.6,4966.1,1964.2,1088.2,687.0,165.6,10968.2,663.4,624.5,524.2,731.8,1160.8,4063.5,8167.9,3358.1,1142.6,850.7,3901.4,1316.5,906.7,0.0,3222.3,8264.1,647.2,134.4,4124.1,11114.0,5174.4,412.1,249.6,862.6,10030.6,886.5,4595.3,11201.6,8192.6,11724.1,981.7,894.4,3380.3,8276.7,3428.8,879.1,841.1,4204.9,853.3,4065.9,535.9,1695.0,7988.4,5012.2,6841.5,4403.1,1377.7,11602.5,166.9,3499.6,3919.9,2438.7,3509.0,3293.3,4599.6,2888.1,4905.4,379.6,494.5,1630.9,3448.5,1742.5,4062.6,4101.6,8187.4,1813.3,3206.1,884.6,11197.5,4105.8,3291.4,3331.6,824.9,823.3,850.1,952.4
Kiwi Vestnes,3724.1,6354.3,11275.4,11311.6,1757.5,6694.2,5203.5,3996.1,3495.4,3493.3,3263.6,3505.9,12975.3,11361.0,5746.0,4213.8,4510.2,14429.9,11640.0,1533.1,3999.3,3332.8,13721.5,4651.9,10511.1,4002.8,6468.5,4567.6,4132.1,2698.6,4260.7,7916.3,7305.3,2512.0,3860.4,3949.5,3969.3,3799.0,11259.2,4008.2,5779.7,4001.2,3963.0,11328.9,3508.8,5735.9,3726.4,3295.3,4146.8,4758.2,7258.4,3989.8,4023.0,11344.0,7731.9,4485.5,4214.6,1551.7,11331.1,11282.1,4027.5,4006.4,14306.1,7283.1,11302.1,9286.2,4027.2,4007.8,4021.9,10549.7,4818.9,7714.7,7432.5,8895.2,8050.0,11179.9,14273.0,2563.3,2512.2,5055.2,12097.2,3985.8,7226.9,8050.5,3904.4,2214.9,8075.8,4182.0,4226.8,3825.6,3294.1,14077.9,3802.0,3763.1,3354.7,3870.4,4270.5,5765.8,10509.1,6467.8,4281.2,3989.3,7011.1,4426.2,4045.3,3201.2,0.0,11310.8,3756.9,3244.1,7233.8,14160.7,8284.1,3550.7,3359.3,4001.2,13140.3,4025.1,4160.0,14311.3,10533.8,14065.3,4120.3,4033.0,6490.0,11266.7,6538.5,4017.7,3979.7,5565.6,3991.9,5730.3,3645.6,3427.0,11098.1,8121.9,9182.7,7512.8,4487.4,14712.2,3295.4,6609.3,5982.7,3799.4,895.5,6403.0,4164.3,5997.8,8015.1,3489.3,3577.7,4769.5,6558.2,1540.5,5727.0,5862.7,10528.6,4951.9,6315.8,4023.2,14307.2,7215.5,94.6,121.2,3963.5,3961.9,3988.7,4091.0
Kiwi Nordfjordeid,7472.2,4954.9,3490.7,3526.9,9756.3,6423.4,9567.6,8360.2,9684.3,9682.2,7585.3,9694.8,2016.6,193.8,5505.9,7394.0,7992.0,3518.6,3855.3,9307.4,8363.4,7594.3,4487.5,6878.9,2726.4,8366.9,4901.1,8931.7,8632.4,8893.7,7742.5,2956.6,3661.0,8422.4,8899.1,8313.6,8333.4,8163.1,151.1,8372.3,5648.2,8365.3,8327.1,227.2,7474.9,5502.7,8090.5,7582.7,7402.0,9122.3,3574.0,8353.9,8387.1,242.3,3296.4,7967.3,8578.7,9283.5,222.8,180.4,8391.6,8370.5,3394.8,3604.9,200.4,2962.7,8391.3,8371.9,8386.0,2765.0,9183.0,5361.0,3876.7,4462.3,5696.3,3395.2,5039.0,8767.7,9084.5,9419.3,2916.5,8349.9,3581.2,3117.2,8268.5,8808.2,3116.1,7412.2,8590.9,8189.7,7571.6,3166.6,8166.1,8122.8,7591.4,8234.5,7752.3,5596.4,2724.4,4900.4,8645.3,8353.4,4657.4,7908.0,8409.4,7675.6,10771.9,0.0,8063.6,7594.5,3589.6,2936.3,5930.4,7910.4,7598.0,8365.3,3906.3,8389.2,8660.3,3400.0,2749.1,5015.2,8484.4,8397.1,4918.5,199.5,4893.4,8381.8,8343.8,11754.5,8356.0,5598.8,7134.8,9197.7,4129.9,5768.2,2176.9,3367.6,7969.2,3800.9,7546.1,4768.2,5553.4,9988.3,11058.6,4976.5,8664.6,4814.1,3099.4,7794.5,7478.5,9133.6,4949.4,9292.1,5595.5,5684.8,2743.9,9316.0,5008.1,8387.3,3395.9,3592.3,10841.0,10881.2,8327.6,8326.0,8352.8,8455.1
SMEDGARDEN 1,982.7,3612.9,9302.5,9338.7,2731.8,5258.8,1814.7,607.3,2659.8,2657.7,485.3,2670.3,10233.9,8739.3,3004.6,2364.3,1768.8,11688.5,9667.1,2282.9,610.5,630.3,10980.1,2802.4,8538.2,614.0,3727.1,1178.8,5092.5,1869.2,1519.3,5174.9,4563.9,1397.9,1146.2,560.7,580.5,410.2,8637.5,619.4,4483.6,612.4,574.2,8707.2,776.0,2994.5,302.4,531.1,2297.3,1369.4,4517.0,601.0,634.2,8722.3,4990.5,1744.1,825.8,2259.0,8709.4,8660.4,638.7,617.6,11564.7,4541.7,8680.4,7642.2,638.4,619.0,633.1,8576.8,1430.1,4973.3,5788.5,9855.6,5308.6,9207.0,11531.6,3523.7,2060.0,1666.4,9355.8,597.0,4485.5,5309.1,515.6,1783.7,5334.4,2332.5,838.0,436.8,607.6,11336.5,395.0,233.1,892.5,481.6,1529.1,4431.8,8536.2,3726.4,892.4,600.5,4269.7,1684.8,656.5,659.6,3747.4,8632.4,0.0,552.4,4492.4,11482.3,5542.7,346.0,497.6,612.4,10398.9,636.3,5120.4,11569.9,8560.9,12092.4,731.5,644.2,3748.6,8645.0,3797.1,628.9,590.9,4730.0,603.1,4434.2,904.2,1444.8,8356.7,5380.5,7209.8,4771.4,1746.0,11970.8,582.1,3867.9,4288.2,2963.8,4034.1,3661.6,5124.7,3256.4,5273.7,351.4,862.8,1380.7,3816.8,2267.6,4430.9,4469.9,8555.7,1563.1,3574.4,634.4,11565.8,4474.1,3816.5,3856.7,574.7,573.1,599.9,702.2
"Vallekrysset, 6013 Ålesund",531.9,3162.1,8851.7,8887.9,2227.2,4808.0,2038.5,831.1,2155.2,2153.1,44.2,2165.7,9783.1,8288.5,2553.8,1913.5,1318.0,11237.7,9216.3,1778.3,834.3,150.9,10529.3,2351.6,8087.4,837.8,3276.3,1402.6,4587.9,1364.6,1068.5,4724.1,4113.1,893.3,1370.0,784.5,804.3,634.0,8186.7,843.2,4032.8,836.2,798.0,8256.4,325.2,2543.7,561.4,75.9,1846.5,1593.2,4066.2,824.8,858.0,8271.5,4539.7,1293.3,1049.6,1754.4,8258.6,8209.6,862.5,841.4,11113.9,4090.9,8229.6,7191.4,862.2,842.8,856.9,8126.0,1653.9,4522.5,5337.7,9351.0,4857.8,8756.2,11080.8,3019.1,1555.4,1890.2,8905.0,820.8,4034.7,4858.3,739.4,1279.1,4883.6,1881.7,1061.8,660.6,112.2,10885.7,637.0,598.1,441.7,705.4,1078.3,3981.0,8085.4,3275.6,1116.2,824.3,3818.9,1234.0,880.3,146.5,3242.8,8181.6,537.5,0.0,4041.6,11031.5,5091.9,385.7,139.9,836.2,9948.1,860.1,4615.8,11119.1,8110.1,11641.6,955.3,868.0,3297.8,8194.2,3346.3,852.7,814.7,4225.4,826.9,3983.4,453.4,1668.6,7905.9,4929.7,6759.0,4320.6,1295.2,11520.0,113.5,3417.1,3837.4,2459.2,3529.5,3210.8,4620.1,2805.6,4822.9,269.9,412.0,1604.5,3366.0,1763.0,3980.1,4019.1,8104.9,1786.9,3123.6,858.2,11115.0,4023.3,3311.9,3352.1,798.5,796.9,823.7,926.0
"Ørsta, 6150 Ørsta",3907.2,2121.7,4810.1,4846.3,6191.3,6648.0,6002.6,4795.2,6119.3,6117.2,4020.3,6129.8,6070.2,4246.9,2672.7,4233.2,4427.0,7572.2,5174.7,5742.4,4798.4,4029.3,7467.7,4597.8,4045.8,4801.9,2067.9,5366.7,8552.0,5328.7,4177.5,719.7,123.6,4857.4,5334.1,4748.6,4768.4,4598.1,4145.1,4807.3,5872.8,4800.3,4762.1,4214.8,3909.9,2669.5,4525.5,4017.7,4241.2,5557.3,61.8,4788.9,4822.1,4229.9,535.3,4402.3,5013.7,5718.5,4217.0,4168.0,4826.6,4805.5,7448.4,86.5,4188.0,3187.3,4826.3,4806.9,4821.0,4084.4,5618.0,2527.8,4101.3,5781.7,2863.1,4714.6,8019.2,6983.2,5519.5,5854.3,5843.4,4784.9,43.8,853.9,4703.5,5243.2,879.2,4251.4,5025.9,4624.7,4006.6,7220.2,4601.1,4557.8,4026.4,4669.5,4187.3,5821.0,4043.8,2067.2,5080.3,4788.4,1824.2,4343.0,4844.4,4110.6,7206.9,4140.0,4498.6,4029.5,0.0,6989.9,3097.2,4345.4,4033.0,4800.3,6886.5,4824.2,8579.9,7453.6,4068.5,7600.0,4919.4,4832.1,2085.3,4152.6,2060.2,4816.8,4778.8,8189.5,4791.0,5823.4,3569.8,5632.7,4844.3,2935.0,2717.4,316.2,4404.2,7854.5,3981.1,1935.0,5778.0,6423.3,7493.6,2143.3,8584.2,1249.1,818.5,4229.5,3913.5,5568.6,2116.2,5727.1,5820.1,5909.4,4063.3,5751.0,2174.9,4822.3,7449.5,17.8,7276.0,7316.2,4762.6,4761.0,4787.8,4890.1
"Bryggja, 6720 Bryggja",10320.4,7803.1,6338.9,6375.1,12604.5,9271.6,12415.8,11208.4,12532.5,12530.4,10433.5,12543.0,2955.2,2900.7,8354.1,10242.2,10840.2,4324.5,6703.5,12155.6,11211.6,10442.5,5426.1,9727.1,5574.6,11215.1,7749.3,11779.9,11480.6,11741.9,10590.7,5804.8,6509.2,11270.6,11747.3,11161.8,11181.6,11011.3,2902.0,11220.5,8496.4,11213.5,11175.3,2990.3,10323.1,8350.9,10938.7,10430.9,10250.2,11970.5,6422.2,11202.1,11235.3,3005.4,6144.6,10815.5,11426.9,12131.7,2933.1,2943.5,11239.8,11218.7,4080.1,6453.1,2959.1,5810.9,11239.5,11220.1,11234.2,5613.2,12031.2,8209.2,6724.9,7310.5,7898.7,6243.4,5977.6,11615.9,11932.7,12267.5,3855.1,11198.1,6429.4,5965.4,11116.7,11656.4,5964.3,10260.4,11439.1,11037.9,10419.8,4105.2,11014.3,10971.0,10439.6,11082.7,10600.5,8444.6,5572.6,7748.6,11493.5,11201.6,7505.6,10756.2,11257.6,10523.8,13620.1,2928.3,10911.8,10442.7,6437.8,0.0,8778.6,10758.6,10446.2,11213.5,4844.9,11237.4,11508.5,4085.3,5597.3,7778.3,11332.6,11245.3,7766.7,2962.6,7741.6,11230.0,11192.0,14602.7,11204.2,8447.0,9983.0,12045.9,5068.5,8616.4,5025.1,6215.8,10817.4,4385.5,10394.3,7616.4,8401.6,12836.5,13906.8,7824.7,11512.8,7662.3,5947.6,10642.7,10326.7,11981.8,7797.6,12140.3,8443.7,8533.0,5592.1,12164.2,7856.3,11235.5,4081.2,6440.5,13689.2,13729.4,11175.8,11174.2,11201.0,11303.3
Meny Fosnavåg,5012.7,2063.8,7244.9,7281.1,7296.8,9082.8,7108.1,5900.7,7224.8,7222.7,5125.8,7235.3,7338.2,6681.7,2614.8,6603.7,5271.5,8792.8,7609.5,6847.9,5903.9,5134.8,8084.4,7041.8,6480.6,5907.4,2010.0,6472.2,9657.5,6434.2,5022.0,3053.9,3173.8,5962.9,6439.6,5854.1,5873.9,5703.6,6579.9,5912.8,8307.6,5905.8,5867.6,6649.6,5015.4,2611.6,5631.0,5123.2,6536.7,6662.8,3086.8,5894.4,5927.6,6664.7,2869.5,5246.8,6119.2,6824.0,6651.8,6602.8,5932.1,5911.0,8669.0,3117.7,6622.8,5622.1,5931.8,5912.4,5926.5,6519.2,6723.5,2077.6,6536.1,8216.5,2412.9,7149.4,8635.9,8088.7,6625.0,6959.8,6460.1,5890.4,3094.0,3188.1,5809.0,6348.7,3213.4,6571.9,6131.4,5730.2,5112.1,8440.8,5706.6,5663.3,5131.9,5775.0,5031.8,8255.8,6478.6,2009.3,6185.8,5893.9,1362.3,5187.5,5949.9,5216.1,8312.4,6574.8,5604.1,5135.0,3102.4,9424.7,0.0,5450.9,5138.5,5905.8,7503.2,5929.7,9685.4,8674.2,6503.3,10034.8,6024.9,5937.6,2027.4,6587.4,2002.3,5922.3,5884.3,9295.0,5896.5,8258.2,4675.3,6738.2,5461.0,195.0,5152.2,2889.3,5248.7,9075.1,5086.6,1877.1,8212.8,7528.8,8599.1,2085.4,9689.7,4326.9,3152.7,5335.0,5019.0,6674.1,2058.3,6832.6,8254.9,8344.2,6498.1,6856.5,2117.0,5927.8,8670.1,3105.1,8381.5,8421.7,5868.1,5866.5,5893.3,5995.6
LERSTADVEGEN 291,840.3,3470.5,9160.1,9196.3,2536.6,5116.4,1802.3,594.9,2464.6,2462.5,342.9,2475.1,10091.5,8596.9,2862.2,2221.9,1626.4,11546.1,9524.7,2087.7,598.1,487.9,10837.7,2660.0,8395.8,601.6,3584.7,1166.4,4897.3,1674.0,1376.9,5032.5,4421.5,1202.7,1133.8,548.3,568.1,397.8,8495.1,607.0,4341.2,600.0,561.8,8564.8,633.6,2852.1,325.2,388.7,2154.9,1357.0,4374.6,588.6,621.8,8579.9,4848.1,1601.7,813.4,2063.8,8567.0,8518.0,626.3,605.2,11422.3,4399.3,8538.0,7499.8,626.0,606.6,620.7,8434.4,1417.7,4830.9,5646.1,9660.4,5166.2,9064.6,11389.2,3328.5,1864.8,1654.0,9213.4,584.6,4343.1,5166.7,503.2,1588.5,5192.0,2190.1,825.6,424.4,463.8,11194.1,400.8,271.2,750.1,469.2,1386.7,4289.4,8393.8,3584.0,880.0,588.1,4127.3,1542.4,644.1,410.4,3552.2,8490.0,352.0,376.3,4350.0,11339.9,5400.3,0.0,355.2,600.0,10256.5,623.9,4925.2,11427.5,8418.5,11950.0,719.1,631.8,3606.2,8502.6,3654.7,616.5,578.5,4534.8,590.7,4291.8,761.8,1432.4,8214.3,5238.1,7067.4,4629.0,1603.6,11828.4,439.7,3725.5,4145.8,2768.6,3838.9,3519.2,4929.5,3114.0,5131.3,209.0,720.4,1368.3,3674.4,2072.4,4288.5,4327.5,8413.3,1550.7,3432.0,622.0,11423.4,4331.7,3621.3,3661.5,562.3,560.7,587.5,689.8
"HIG, 6010 Ålesund",525.6,3155.8,8845.4,8881.6,2335.2,4801.7,2064.7,857.3,2263.2,2261.1,133.8,2273.7,9776.8,8282.2,2547.5,1907.2,1311.7,11231.4,9210.0,1886.3,860.5,173.2,10523.0,2345.3,8081.1,864.0,3270.0,1428.8,4695.9,1472.6,1062.2,4717.8,4106.8,1001.3,1396.2,810.7,830.5,660.2,8180.4,869.4,4026.5,862.4,824.2,8250.1,318.9,2537.4,587.6,131.2,1840.2,1619.4,4059.9,851.0,884.2,8265.2,4533.4,1287.0,1075.8,1862.4,8252.3,8203.3,888.7,867.6,11107.6,4084.6,8223.3,7185.1,888.4,869.0,883.1,8119.7,1680.1,4516.2,5331.4,9459.0,4851.5,8749.9,11074.5,3127.1,1663.4,1916.4,8898.7,847.0,4028.4,4852.0,765.6,1387.1,4877.3,1875.4,1088.0,686.8,150.5,10879.4,663.2,571.6,435.4,731.6,1072.0,3974.7,8079.1,3269.3,1142.4,850.5,3812.6,1227.7,906.5,245.9,3350.8,8175.3,512.4,143.0,4035.3,11025.2,5085.6,359.2,0.0,862.4,9941.8,886.3,4723.8,11112.8,8103.8,11635.3,981.5,894.2,3291.5,8187.9,3340.0,878.9,840.9,4333.4,853.1,3977.1,447.1,1694.8,7899.6,4923.4,6752.7,4314.3,1288.9,11513.7,125.0,3410.8,3831.1,2567.2,3637.5,3204.5,4728.1,2799.3,4816.6,243.3,405.7,1630.7,3359.7,1871.0,3973.8,4012.8,8098.6,1813.1,3117.3,884.4,11108.7,4017.0,3419.9,3460.1,824.7,823.1,849.9,952.2
SKATEFLUKAIA 1B,1307.6,3937.8,9627.4,9663.6,2954.1,5583.7,1498.3,65.4,2882.1,2880.0,820.9,2892.6,10558.8,9064.2,3329.5,2689.2,2093.7,12013.4,9992.0,2539.0,11.9,953.8,11305.0,3127.3,8863.1,72.1,4052.0,862.4,5348.6,2091.5,1844.2,5499.8,4888.8,1654.0,829.8,56.3,69.9,236.3,8962.4,77.5,4808.5,26.2,43.8,9032.1,1100.9,3319.4,397.3,866.7,2622.2,1053.0,4841.9,70.6,92.3,9047.2,5315.4,2069.0,283.9,2515.1,9034.3,8985.3,96.8,75.7,11889.6,4866.6,9005.3,7967.1,96.5,77.1,34.5,8901.7,1113.7,5298.2,6113.4,10111.7,5633.5,9531.9,11856.5,3779.8,2282.3,1350.0,9680.7,34.3,4810.4,5634.0,100.9,2039.8,5659.3,2657.4,296.1,280.1,915.1,11661.4,472.9,436.0,1217.4,288.8,1854.0,4756.7,8861.1,4051.3,350.5,43.1,4594.6,2009.7,114.6,861.7,4003.5,8957.3,607.4,827.6,4817.3,11807.2,5867.6,566.6,833.2,0.0,10723.8,106.9,5376.5,11894.8,8885.8,12417.3,189.6,45.6,4073.5,8969.9,4122.0,87.0,40.4,4952.3,43.4,4759.1,1229.1,1128.4,8681.6,5705.4,7534.7,5096.3,2070.9,12295.7,907.0,4192.8,4613.1,3186.1,4290.2,3986.5,5380.8,3581.3,5598.6,687.0,1187.7,1064.3,4141.7,2523.7,4755.8,4794.8,8880.6,1246.7,3899.3,35.8,11890.7,4799.0,4072.6,4112.8,67.2,65.2,37.2,160.3
"Selje, 6740 Selje",9874.7,6925.8,7318.6,7354.8,12158.8,10251.3,11970.1,10762.7,12086.8,12084.7,9987.8,12097.3,1895.1,3880.4,7476.8,11120.4,10133.5,3164.2,7683.2,11709.9,10765.9,9996.8,1156.1,10706.8,6554.3,10769.4,6872.0,11334.2,12460.3,11296.2,9884.0,6278.8,6983.2,10824.9,11301.6,10716.1,10735.9,10565.6,3881.7,10774.8,9476.1,10767.8,10729.6,3970.0,9877.4,7473.6,10493.0,9985.2,11128.4,11524.8,6896.2,10756.4,10789.6,3985.1,6618.6,10108.8,10981.2,11686.0,3912.8,3923.2,10794.1,10773.0,3040.4,6927.1,3938.8,6790.6,10793.8,10774.4,10788.5,6592.9,11585.5,5484.2,7704.6,8290.2,5129.0,7223.1,1707.6,12595.6,11487.0,11821.8,1085.4,10752.4,6903.4,6439.4,10671.0,11210.7,6438.3,11138.6,10993.4,10592.2,9974.1,2812.2,10568.6,10525.3,9993.9,10637.0,9893.8,9424.3,6552.3,6871.3,11047.8,10755.9,6243.5,10049.5,10811.9,10078.1,13174.4,3908.0,10466.1,9997.0,6911.8,4850.3,7516.5,10312.9,10000.5,10767.8,0.0,10791.7,12488.2,3045.6,6577.0,8758.0,10886.9,10799.6,6889.4,3942.3,6864.3,10784.3,10746.3,14157.0,10758.5,9426.7,9537.3,11600.2,2298.8,7354.3,6004.8,6689.8,10110.7,3446.5,9948.6,6739.1,9381.3,12390.8,13461.1,6947.4,12492.5,8136.3,6421.6,10197.0,9881.0,11536.1,6920.3,11694.6,9423.4,9512.7,6571.8,11718.5,6979.0,10789.8,3041.5,6914.5,13243.5,13283.7,10730.1,10728.5,10755.3,10857.6
KEISER WILHELMS GATE 2,1317.7,3947.9,9637.5,9673.7,2964.2,5593.8,1508.4,61.2,2892.2,2890.1,831.0,2902.7,10568.9,9074.3,3339.6,2699.3,2103.8,12023.5,10002.1,2549.1,102.6,963.9,11315.1,3137.4,8873.2,67.9,4062.1,872.5,5358.7,2101.6,1854.3,5509.9,4898.9,1664.1,839.9,105.9,119.5,246.4,8972.5,73.3,4818.6,104.5,88.0,9042.2,1111.0,3329.5,407.4,876.8,2632.3,1063.1,4852.0,103.4,88.1,9057.3,5325.5,2079.1,279.7,2525.2,9044.4,8995.4,92.6,71.5,11899.7,4876.7,9015.4,7977.2,92.3,72.9,125.2,8911.8,1123.8,5308.3,6123.5,10121.8,5643.6,9542.0,11866.6,3789.9,2292.4,1360.1,9690.8,89.1,4820.5,5644.1,124.8,2049.9,5669.4,2667.5,291.9,290.2,925.2,11671.5,483.0,446.1,1227.5,298.9,1864.1,4766.8,8871.2,4061.4,346.3,53.7,4604.7,2019.8,110.4,871.8,4013.6,8967.4,617.5,837.7,4827.4,11817.3,5877.7,576.7,843.3,104.5,10733.9,0.0,5386.6,11904.9,8895.9,12427.4,185.4,136.3,4083.6,8980.0,4132.1,82.8,114.4,4962.4,126.6,4769.2,1239.2,1138.5,8691.7,5715.5,7544.8,5106.4,2081.0,12305.8,917.1,4202.9,4623.2,3196.2,4300.3,3996.6,5390.9,3591.4,5608.7,697.1,1197.8,1074.4,4151.8,2533.8,4765.9,4804.9,8890.7,1256.8,3909.4,126.5,11900.8,4809.1,4082.7,4122.9,77.3,97.0,92.0,156.1
"Valldal, 6210 Valldal",5097.3,7727.5,7971.0,8007.2,5188.7,4042.0,6576.7,5369.3,5116.7,5114.6,4636.8,5127.2,10588.8,8708.8,7119.2,5208.0,5883.4,12090.8,8335.6,2906.3,5372.5,4706.0,13059.7,4692.9,7165.2,5376.0,7841.7,5940.8,64.2,4326.1,5633.9,8278.3,8678.5,3885.2,5233.6,5322.7,5342.5,5172.2,8607.0,5381.4,3127.5,5374.4,5336.2,8676.7,4882.0,7109.1,5099.6,4668.5,5216.0,6131.4,8631.6,5363.0,5396.2,8691.8,8681.9,5858.7,5587.8,2924.9,8678.9,8629.9,5400.7,5379.6,11967.0,8656.3,8649.9,6634.0,5400.4,5381.0,5395.1,7179.3,6192.1,9087.9,4780.3,5437.5,9423.2,7875.5,13611.2,1611.8,4516.9,6428.4,11488.7,5359.0,8600.1,8203.6,5277.6,3588.1,8202.5,5226.2,5600.0,5198.8,4667.3,11738.8,5175.2,5136.3,4727.9,5243.6,5643.7,3113.6,7178.2,7841.0,5654.4,5362.5,8384.3,5799.4,5418.5,4574.4,4150.5,8658.6,5130.1,4617.3,8607.0,11508.5,9657.3,4923.9,4732.5,5374.4,12478.5,5398.3,0.0,11972.2,7139.5,10760.9,5493.5,5406.2,7863.2,8614.5,7911.7,5390.9,5352.9,7186.9,5365.1,3078.1,5018.8,4800.2,12471.3,9495.1,6530.5,8753.1,5860.6,12373.1,4668.6,7982.5,3330.5,5420.7,4169.7,7776.2,4.3,7371.0,8219.3,4862.5,4950.9,6142.7,7931.4,2913.7,3074.8,3210.5,7145.3,6325.1,7689.0,5396.4,11968.1,8588.7,4219.6,4259.8,5336.7,5335.1,5361.9,5464.2
"Måløy, 6700 Måløy",10805.0,8104.7,6823.5,6859.7,13089.1,9756.2,12900.4,11693.0,13017.1,13015.0,10918.1,13027.6,1400.0,3385.3,8655.7,10726.8,11324.8,306.5,7188.1,12640.2,11696.2,10927.1,3835.3,10211.7,6059.2,11699.7,8050.9,12264.5,11965.2,12226.5,11075.3,6289.4,6993.8,11755.2,12231.9,11646.4,11666.2,11495.9,3386.6,11705.1,8981.0,11698.1,11659.9,3474.9,10807.7,8652.5,11423.3,10915.5,10734.8,12455.1,6906.8,11686.7,11719.9,3490.0,6629.2,11300.1,11911.5,12616.3,3417.7,3428.1,11724.4,11703.3,5.2,6937.7,3443.7,6295.5,11724.1,11704.7,11718.8,6097.8,12515.8,6663.1,7209.5,7795.1,6307.9,6728.0,4386.8,12100.5,12417.3,12752.1,2264.3,11682.7,6914.0,6450.0,11601.3,12141.0,6448.9,10745.0,11923.7,11522.5,10904.4,303.2,11498.9,11455.6,10924.2,11567.3,11085.1,8929.2,6057.2,8050.2,11978.1,11686.2,7422.4,11240.8,11742.2,11008.4,14104.7,3412.9,11396.4,10927.3,6922.4,4086.3,8695.4,11243.2,10930.8,11698.1,3064.2,11722.0,11993.1,0.0,6081.9,8262.9,11817.2,11729.9,8068.3,3447.2,8043.2,11714.6,11676.6,15087.3,11688.8,8931.6,10467.6,12530.5,3477.7,8533.2,5509.7,6700.4,11302.0,452.8,10878.9,7918.0,8886.2,13321.1,14391.4,8126.3,11997.4,8146.9,6432.2,11127.3,10811.3,12466.4,8099.2,12624.9,8928.3,9017.6,6076.7,12648.8,8157.9,11720.1,4.1,6925.1,14173.8,14214.0,11660.4,11658.8,11685.6,11787.9
"Tonningsgata, 6783 Stryn",7965.8,5525.1,841.4,877.6,10099.6,5632.1,10061.2,8853.8,10027.6,10025.5,8078.9,10038.1,4680.0,2800.0,6076.1,6602.7,8485.6,6182.0,1206.0,9252.8,8857.0,8087.9,7150.9,6087.6,25.7,8860.5,5471.3,9425.3,7009.5,9237.0,8236.1,3463.0,4181.6,8765.7,9392.7,8807.2,8827.0,8656.7,2698.2,8865.9,4856.9,8858.9,8820.7,2767.9,7968.5,6072.9,8584.1,8076.3,6610.7,9615.9,4072.6,8847.5,8880.7,2783.0,3866.6,8460.9,9072.3,9228.9,2770.1,2721.1,8885.2,8864.1,6058.2,4095.8,2741.1,2171.4,8884.9,8865.5,8879.6,57.3,9676.6,5931.2,3085.4,1727.7,6266.5,745.9,7702.4,7976.4,9427.8,9912.9,5579.9,8843.5,4101.8,3388.3,8762.1,8894.0,3387.2,6620.9,9084.5,8683.3,8065.2,5830.0,8659.7,8616.4,8067.4,8728.1,8245.9,4805.1,48.6,5470.6,9138.9,8847.0,5227.6,8401.6,8903.0,8169.2,10515.1,2749.8,8557.2,8088.1,4058.6,5599.7,6500.6,8404.0,8091.6,8858.9,6569.7,8882.8,7037.4,6063.4,0.0,3631.3,8978.0,8890.7,5488.7,2705.7,5463.6,8875.4,8837.4,12097.8,8849.6,4807.5,7628.4,9691.3,6793.3,6338.4,1385.6,3937.8,8462.8,6464.3,8039.7,5338.4,4762.1,10331.6,10534.3,5546.7,7041.7,5307.7,3404.0,8288.1,7972.1,9627.2,5519.6,9237.5,4804.2,4893.5,5.8,9809.6,5578.3,8880.9,6059.3,4076.4,10584.2,10624.4,8821.2,8819.6,8846.4,8948.7
"Innviksvegen, 6793 Innvik",11499.0,9058.3,3064.8,3057.9,13632.8,9165.3,13594.4,12387.0,13560.8,13558.7,11612.1,13571.3,6859.8,4971.6,9609.3,10135.9,12018.8,8361.8,2478.5,12786.0,12390.2,11621.1,9330.7,9620.8,3613.2,12393.7,9004.5,12958.5,10623.6,12770.2,11769.3,6996.2,7714.8,12298.9,12925.9,12340.4,12360.2,12189.9,4869.8,12399.1,8390.1,12392.1,12353.9,4939.5,11501.7,9606.1,12117.3,11609.5,10143.9,13149.1,7605.8,12380.7,12413.9,4954.6,7399.8,11994.1,12605.5,12762.1,4941.7,4892.7,12418.4,12397.3,8238.0,7629.0,4912.7,5704.6,12418.1,12398.7,12412.8,3644.5,13209.8,9464.4,6618.6,5341.8,9799.7,2911.4,9882.2,11509.6,12961.0,13446.1,7759.7,12376.7,7635.0,6921.5,12295.3,12427.2,6920.4,10154.1,12617.7,12216.5,11598.4,8009.8,12192.9,12149.6,11600.6,12261.3,11779.1,8338.3,3603.9,9003.8,12672.1,12380.2,8760.8,11934.8,12436.2,11702.4,14048.3,5011.5,12090.4,11621.3,7591.8,7779.5,10033.8,11937.2,11624.8,12392.1,8749.5,12416.0,10651.5,8243.2,3628.6,0.0,12511.2,12423.9,9021.9,4877.3,8996.8,12408.6,12370.6,15631.0,12382.8,8340.7,11161.6,13224.5,8973.1,9871.6,4918.8,7471.0,11996.0,8644.1,11572.9,8871.6,8295.3,13864.8,14067.5,9079.9,10655.8,8840.9,6937.2,11821.3,11505.3,13160.4,9052.8,12770.7,8337.4,8426.7,3630.7,13342.8,9111.5,12414.1,8239.1,7609.6,14117.4,14157.6,12354.4,12352.8,12379.6,12481.9
"Skateflukaia, 6002 Ålesund",1427.0,4057.2,9746.8,9783.0,3073.5,5703.1,1617.7,127.1,3001.5,2999.4,940.3,3012.0,10678.2,9183.6,3448.9,2808.6,2213.1,12132.8,10111.4,2658.4,201.6,1073.2,11424.4,3246.7,8982.5,138.3,4171.4,981.8,5468.0,2210.9,1963.6,5619.2,5008.2,1773.4,949.2,204.9,218.5,355.7,9081.8,114.8,4927.9,203.5,187.0,9151.5,1220.3,3438.8,516.7,986.1,2741.6,1172.4,4961.3,202.4,144.7,9166.6,5434.8,2188.4,202.8,2634.5,9153.7,9104.7,95.5,116.6,12009.0,4986.0,9124.7,8086.5,126.2,115.2,224.2,9021.1,1233.1,5417.6,6232.8,10231.1,5752.9,9651.3,11975.9,3899.2,2401.7,1469.4,9800.1,188.1,4929.8,5753.4,234.1,2159.2,5778.7,2776.8,215.0,399.5,1034.5,11780.8,592.3,555.4,1336.8,408.2,1973.4,4876.1,8980.5,4170.7,269.4,152.7,4714.0,2129.1,80.6,981.1,4122.9,9076.7,726.8,947.0,4936.7,11926.6,5987.0,686.0,952.6,203.5,10843.2,192.0,5495.9,12014.2,9005.2,12536.7,0.0,235.3,4192.9,9089.3,4241.4,108.2,213.4,5071.7,225.6,4878.5,1348.5,1247.8,8801.0,5824.8,7654.1,5215.7,2190.3,12415.1,1026.4,4312.2,4732.5,3305.5,4409.6,4105.9,5500.2,3700.7,5718.0,806.4,1307.1,1183.7,4261.1,2643.1,4875.2,4914.2,9000.0,1366.1,4018.7,225.5,12010.1,4918.4,4192.0,4232.2,186.6,206.3,191.0,29.3
SKANSEKAIA 4A,1341.7,3971.9,9661.5,9697.7,2988.2,5617.8,1532.4,99.5,2916.2,2914.1,855.0,2926.7,10592.9,9098.3,3363.6,2723.3,2127.8,12047.5,10026.1,2573.1,46.2,987.9,11339.1,3161.4,8897.2,106.2,4086.1,896.5,5382.7,2125.6,1878.3,5533.9,4922.9,1688.1,863.9,90.6,104.2,270.4,8996.5,111.6,4842.6,60.3,78.1,9066.2,1135.0,3353.5,431.4,900.8,2656.3,1087.1,4876.0,104.9,126.4,9081.3,5349.5,2103.1,318.0,2549.2,9068.4,9019.4,130.9,109.8,11923.7,4900.7,9039.4,8001.2,130.6,111.2,35.9,8935.8,1147.8,5332.3,6147.5,10145.8,5667.6,9566.0,11890.6,3813.9,2316.4,1384.1,9714.8,68.4,4844.5,5668.1,135.2,2073.9,5693.4,2691.5,330.2,314.2,949.2,11695.5,507.0,470.1,1251.5,322.9,1888.1,4790.8,8895.2,4085.4,384.6,77.2,4628.7,2043.8,148.7,895.8,4037.6,8991.4,641.5,861.7,4851.4,11841.3,5901.7,600.7,867.3,41.6,10757.9,141.0,5410.6,11928.9,8919.9,12451.4,223.7,0.0,4107.6,9004.0,4156.1,121.1,74.7,4986.4,77.7,4793.2,1263.2,1162.5,8715.7,5739.5,7568.8,5130.4,2105.0,12329.8,941.1,4226.9,4647.2,3220.2,4324.3,4020.6,5414.9,3615.4,5632.7,721.1,1221.8,1098.4,4175.8,2557.8,4789.9,4828.9,8914.7,1280.8,3933.4,37.2,11924.8,4833.1,4106.7,4146.9,101.3,99.5,71.3,194.4
"Søvika, 6065 Ulsteinvik",3228.0,279.1,6238.0,6274.2,5512.1,7713.5,5323.4,4116.0,5440.1,5438.0,3341.1,5450.6,6715.7,5674.8,830.1,4819.0,3486.8,8170.3,6602.6,5063.2,4119.2,3350.1,7461.9,5257.1,5473.7,4122.7,86.8,4687.5,7872.8,4649.5,3237.3,2047.0,2166.9,4178.2,4654.9,4069.4,4089.2,3918.9,5573.0,4128.1,6938.3,4121.1,4082.9,5642.7,3230.7,826.9,3846.3,3338.5,4752.0,4878.1,2079.9,4109.7,4142.9,5657.8,1862.6,3462.1,4334.5,5039.3,5644.9,5595.9,4147.4,4126.3,8046.5,2110.8,5615.9,4615.2,4147.1,4127.7,4141.8,5512.3,4938.8,1455.1,5529.2,7209.6,1790.4,6142.5,8013.4,6304.0,4840.3,5175.1,5837.6,4105.7,2087.1,2181.2,4024.3,4564.0,2206.5,4787.2,4346.7,3945.5,3327.4,7818.3,3921.9,3878.6,3347.2,3990.3,3247.1,6886.5,5471.7,86.1,4401.1,4109.2,751.5,3402.8,4165.2,3431.4,6527.7,5567.9,3819.4,3350.3,2095.5,8417.8,2024.5,3666.2,3353.8,4121.1,6880.7,4145.0,7900.7,8051.7,5496.4,9027.9,4240.2,4152.9,0.0,5580.5,98.7,4137.6,4099.6,7510.3,4111.8,6888.9,2890.6,4953.5,4838.5,1862.3,4145.3,1882.4,3464.0,8452.6,3301.9,349.7,6742.9,5744.1,6814.4,173.7,7905.0,3320.0,2145.8,3550.3,3234.3,4889.4,68.2,5047.9,6885.6,6924.6,5491.2,5071.8,302.9,4143.1,8047.6,2098.2,6596.8,6637.0,4083.4,4081.8,4108.6,4210.9
Nordfjord hotell,7548.9,5031.6,3458.5,3494.7,9833.0,6391.2,9644.3,8436.9,9761.0,9758.9,7662.0,9771.5,2058.6,170.4,5582.6,7361.8,8068.7,3560.6,3823.1,9384.1,8440.1,7671.0,4529.5,6846.7,2694.2,8443.6,4977.8,9008.4,8600.2,8970.4,7819.2,3033.3,3737.7,8499.1,8975.8,8390.3,8410.1,8239.8,68.6,8449.0,5616.0,8442.0,8403.8,115.5,7551.6,5579.4,8167.2,7659.4,7369.8,9199.0,3650.7,8430.6,8463.8,130.6,3373.1,8044.0,8655.4,9360.2,140.5,91.5,8468.3,8447.2,3436.8,3681.6,101.3,2930.5,8468.0,8448.6,8462.7,2732.8,9259.7,5437.7,3844.5,4430.1,5773.0,3363.0,5081.0,8735.5,9161.2,9496.0,2958.5,8426.6,3657.9,3193.9,8345.2,8884.9,3192.8,7380.0,8667.6,8266.4,7648.3,3208.6,8242.8,8199.5,7668.1,8311.2,7829.0,5564.2,2692.2,4977.1,8722.0,8430.1,4734.1,7984.7,8486.1,7752.3,10848.6,210.3,8140.3,7671.2,3666.3,2978.3,6007.1,7987.1,7674.7,8442.0,3948.3,8465.9,8628.1,3442.0,2716.9,4886.9,8561.1,8473.8,4995.2,0.0,4970.1,8458.5,8420.5,11831.2,8432.7,5566.6,7211.5,9274.4,4171.9,5844.9,2144.7,3444.3,8045.9,3842.9,7622.8,4844.9,5521.2,10065.0,11135.3,5053.2,8632.4,4890.8,3176.1,7871.2,7555.2,9210.3,5026.1,9368.8,5563.3,5652.6,2711.7,9392.7,5084.8,8464.0,3437.9,3669.0,10917.7,10957.9,8404.3,8402.7,8429.5,8531.8
Quality Hotel Ulstein,3259.0,310.1,6203.5,6239.7,5543.1,7744.5,5354.4,4147.0,5471.1,5469.0,3372.1,5481.6,6681.2,5640.3,861.1,4850.0,3517.8,8135.8,6568.1,5094.2,4150.2,3381.1,7427.4,5288.1,5439.2,4153.7,81.9,4718.5,7903.8,4680.5,3268.3,2012.5,2132.4,4209.2,4685.9,4100.4,4120.2,3949.9,5538.5,4159.1,6969.3,4152.1,4113.9,5608.2,3261.7,857.9,3877.3,3369.5,4783.0,4909.1,2045.4,4140.7,4173.9,5623.3,1828.1,3493.1,4365.5,5070.3,5610.4,5561.4,4178.4,4157.3,8012.0,2076.3,5581.4,4580.7,4178.1,4158.7,4172.8,5477.8,4969.8,1420.6,5494.7,7175.1,1755.9,6108.0,7978.9,6335.0,4871.3,5206.1,5803.1,4136.7,2052.6,2146.7,4055.3,4595.0,2172.0,4818.2,4377.7,3976.5,3358.4,7783.8,3952.9,3909.6,3378.2,4021.3,3278.1,6917.5,5437.2,81.2,4432.1,4140.2,717.0,3433.8,4196.2,3462.4,6558.7,5533.4,3850.4,3381.3,2061.0,8383.3,1990.0,3697.2,3384.8,4152.1,6846.2,4176.0,7931.7,8017.2,5461.9,8993.4,4271.2,4183.9,99.3,5546.0,0.0,4168.6,4130.6,7541.3,4142.8,6919.9,2921.6,4984.5,4804.0,1827.8,4110.8,1847.9,3495.0,8418.1,3332.9,315.2,6773.9,5775.1,6845.4,251.8,7936.0,3285.5,2111.3,3581.3,3265.3,4920.4,130.2,5078.9,6916.6,6955.6,5456.7,5102.8,363.3,4174.1,8013.1,2063.7,6627.8,6668.0,4114.4,4112.8,4139.6,4241.9
Quality Hotel Waterfront,1318.8,3949.0,9638.6,9674.8,2965.3,5594.9,1509.5,39.1,2893.3,2891.2,832.1,2903.8,10570.0,9075.4,3340.7,2700.4,2104.9,12024.6,10003.2,2550.2,93.4,965.0,11316.2,3138.5,8874.3,30.1,4063.2,873.6,5359.8,2102.7,1855.4,5511.0,4900.0,1665.2,841.0,96.7,110.3,247.5,8973.6,45.3,4819.7,95.3,78.8,9043.3,1112.1,3330.6,408.5,877.9,2633.4,1064.2,4853.1,94.2,37.1,9058.4,5326.6,2080.2,196.9,2526.3,9045.5,8996.5,64.6,43.5,11900.8,4877.8,9016.5,7978.3,64.3,44.9,116.0,8912.9,1124.9,5309.4,6124.6,10122.9,5644.7,9543.1,11867.7,3791.0,2293.5,1361.2,9691.9,79.9,4821.6,5645.2,125.9,2051.0,5670.5,2668.6,209.1,291.3,926.3,11672.6,484.1,447.2,1228.6,300.0,1865.2,4767.9,8872.3,4062.5,263.5,44.5,4605.8,2020.9,27.6,872.9,4014.7,8968.5,618.6,838.8,4828.5,11818.4,5878.8,577.8,844.4,95.3,10735.0,83.8,5387.7,11906.0,8897.0,12428.5,102.6,127.1,4084.7,8981.1,4133.2,0.0,105.2,4963.5,117.4,4770.3,1240.3,1139.6,8692.8,5716.6,7545.9,5107.5,2082.1,12306.9,918.2,4204.0,4624.3,3197.3,4301.4,3997.7,5392.0,3592.5,5609.8,698.2,1198.9,1075.5,4152.9,2534.9,4767.0,4806.0,8891.8,1257.9,3910.5,117.3,11901.9,4810.2,4083.8,4124.0,78.4,98.1,82.8,73.3
KONGENS GATE 6,1293.4,3923.6,9613.2,9649.4,2939.9,5569.5,1484.1,75.7,2867.9,2865.8,806.7,2878.4,10544.6,9050.0,3315.3,2675.0,2079.5,11999.2,9977.8,2524.8,35.1,939.6,11290.8,3113.1,8848.9,82.4,4037.8,848.2,5334.4,2077.3,1830.0,5485.6,4874.6,1639.8,815.6,33.3,46.9,222.1,8948.2,87.8,4794.3,64.7,20.8,9017.9,1086.7,3305.2,383.1,852.5,2608.0,1038.8,4827.7,47.6,102.6,9033.0,5301.2,2054.8,294.2,2500.9,9020.1,8971.1,107.1,86.0,11875.4,4852.4,8991.1,7952.9,106.8,87.4,68.2,8887.5,1099.5,5284.0,6099.2,10097.5,5619.3,9517.7,11842.3,3765.6,2268.1,1335.8,9666.5,57.9,4796.2,5619.8,77.9,2025.6,5645.1,2643.2,306.4,265.9,900.9,11647.2,458.7,421.8,1203.2,274.6,1839.8,4742.5,8846.9,4037.1,360.8,53.4,4580.4,1995.5,124.9,847.5,3989.3,8943.1,593.2,813.4,4803.1,11793.0,5853.4,552.4,819.0,46.0,10709.6,117.2,5362.3,11880.6,8871.6,12403.1,199.9,79.3,4059.3,8955.7,4107.8,97.3,0.0,4938.1,36.1,4744.9,1214.9,1114.2,8667.4,5691.2,7520.5,5082.1,2056.7,12281.5,892.8,4178.6,4598.9,3171.9,4276.0,3972.3,5366.6,3567.1,5584.4,672.8,1173.5,1050.1,4127.5,2509.5,4741.6,4780.6,8866.4,1232.5,3885.1,69.5,11876.5,4784.8,4058.4,4098.6,83.5,42.2,60.8,170.6
"Remmemsvik, 6264 Tennfjord",4687.4,7317.6,12847.5,12883.7,3804.2,8474.9,5700.1,4926.9,2381.9,2379.3,4226.9,2366.7,13938.6,12444.0,6709.3,5580.4,5473.5,15393.2,13212.1,4337.9,4930.1,4296.1,14684.8,6018.5,12083.2,4933.6,7431.8,5064.2,7147.5,2941.6,5224.0,8879.6,8268.6,3462.9,4307.1,4880.3,4900.1,4762.3,12342.2,4939.0,7699.7,4932.0,4893.8,12411.9,4480.7,6699.2,4689.7,4258.6,5513.4,5254.8,8221.7,4920.6,4953.8,12427.0,8695.2,5448.8,5145.4,4314.0,12414.1,12365.1,4958.3,4937.2,15269.4,8246.4,12385.1,10858.3,4958.0,4938.6,4952.7,12121.8,5315.5,8678.0,9004.6,11910.6,9013.3,12752.0,15236.3,5578.7,3132.4,5551.8,13060.5,4916.6,8190.2,9013.8,4835.2,3601.0,9039.1,5548.6,5157.6,4788.9,4257.4,15041.2,4765.3,4726.4,4597.2,4833.7,5233.8,7647.9,12081.2,7431.1,5212.0,4920.1,7974.4,5389.5,4976.1,4164.5,5566.1,12337.1,4720.2,4207.4,8197.1,15187.0,9247.4,4514.0,4322.6,4932.0,14103.6,4955.9,7175.4,15274.6,12105.9,15637.4,5051.1,4963.8,7453.3,12349.7,7501.8,4948.5,4910.5,0.0,4922.7,7650.3,4608.9,3873.7,12061.4,9085.2,10754.8,8476.1,5450.7,15675.5,4258.7,7572.6,7504.3,1780.2,6089.1,7366.3,7179.7,6961.1,8978.4,4452.6,4567.5,5266.1,7521.5,4322.6,7647.0,7686.0,12100.7,5448.5,7279.1,4954.0,15270.5,8178.8,5489.6,5597.6,4894.3,4892.7,4919.5,5021.8
"Storgata 16, 6002 Ålesund",1312.1,3942.3,9631.9,9668.1,2958.6,5588.2,1502.8,94.4,2886.6,2884.5,825.4,2897.1,10563.3,9068.7,3334.0,2693.7,2098.2,12017.9,9996.5,2543.5,31.6,958.3,11309.5,3131.8,8867.6,101.1,4056.5,866.9,5353.1,2096.0,1848.7,5504.3,4893.3,1658.5,834.3,52.0,65.6,240.8,8966.9,106.5,4813.0,61.2,39.5,9036.6,1105.4,3323.9,401.8,871.2,2626.7,1057.5,4846.4,66.3,121.3,9051.7,5319.9,2073.5,312.9,2519.6,9038.8,8989.8,125.8,104.7,11894.1,4871.1,9009.8,7971.6,125.5,106.1,64.7,8906.2,1118.2,5302.7,6117.9,10116.2,5638.0,9536.4,11861.0,3784.3,2286.8,1354.5,9685.2,69.3,4814.9,5638.5,96.6,2044.3,5663.8,2661.9,325.1,284.6,919.6,11665.9,477.4,440.5,1221.9,293.3,1858.5,4761.2,8865.6,4055.8,379.5,72.1,4599.1,2014.2,143.6,866.2,4008.0,8961.8,611.9,832.1,4821.8,11811.7,5872.1,571.1,837.7,42.5,10728.3,135.9,5381.0,11899.3,8890.3,12421.8,218.6,75.8,4078.0,8974.4,4126.5,116.0,36.1,4956.8,0.0,4763.6,1233.6,1132.9,8686.1,5709.9,7539.2,5100.8,2075.4,12300.2,911.5,4197.3,4617.6,3190.6,4294.7,3991.0,5385.3,3585.8,5603.1,691.5,1192.2,1068.8,4146.2,2528.2,4760.3,4799.3,8885.1,1251.2,3903.8,66.0,11895.2,4803.5,4077.1,4117.3,102.2,60.9,72.2,189.3
"Stranda, 6200 Stranda",4087.6,6717.8,5562.5,5598.7,5644.2,981.3,5952.5,4745.1,5572.2,5570.1,3970.2,5582.7,7528.1,5648.1,6109.5,2147.3,4873.7,9030.1,5927.1,4486.6,4748.3,3979.2,9999.0,1632.2,4798.2,4751.8,6832.0,5316.6,3056.8,4781.6,4624.2,5217.6,5936.2,4310.3,5284.0,4698.5,4718.3,4548.0,5546.3,4757.2,49.4,4750.2,4712.0,5616.0,3766.1,6099.4,4475.4,3967.6,2155.3,5507.2,5827.2,4738.8,4772.0,5631.1,5621.2,4849.0,4963.6,4505.2,5618.2,5569.2,4776.5,4755.4,8906.3,5850.4,5589.2,3573.3,4776.2,4756.8,4770.9,4836.8,5567.9,7685.8,1719.6,6534.1,8021.1,5467.0,10550.5,3192.1,4972.4,5804.2,8428.0,4734.8,5856.4,5142.9,4653.4,4438.6,5141.8,2165.5,4975.8,4574.6,3956.5,8678.1,4551.0,4507.7,3612.0,4619.4,4634.0,52.9,4796.2,6831.3,5030.2,4738.3,6982.2,4789.7,4794.3,4060.5,5730.8,5597.9,4448.5,3979.4,5813.2,8447.8,8255.2,4295.3,3982.9,4750.2,9417.8,4774.1,3084.7,8911.5,4820.9,8352.4,4869.3,4782.0,6853.5,5553.8,6902.0,4766.7,4728.7,7642.4,4740.9,0.0,4009.1,5255.7,9418.7,8093.0,3469.8,5692.4,4850.9,9312.4,3931.0,6972.8,269.8,5876.2,5750.0,6766.5,3089.0,4986.5,5158.6,4179.4,3835.0,5518.5,6921.7,4494.0,3.3,149.8,4815.7,5700.9,6679.3,4772.2,8907.4,5831.0,5799.9,5840.1,4712.5,4710.9,4737.7,4840.0
SOLAVÅGSEIDET 76,337.4,2708.7,8398.3,8434.5,2621.5,4822.9,2432.8,1225.4,2549.5,2547.4,450.5,2560.0,9329.7,7835.1,2100.4,1928.4,864.6,10784.3,8762.9,2172.6,1228.6,459.5,10075.9,2366.5,7634.0,1232.1,2822.9,1796.9,4982.2,1758.9,615.1,4270.7,3659.7,1287.6,1764.3,1178.8,1198.6,1028.3,7733.3,1237.5,4047.7,1230.5,1192.3,7803.0,340.1,2090.3,955.7,447.9,1861.4,1987.5,3612.8,1219.1,1252.3,7818.1,4086.3,839.9,1443.9,2148.7,7805.2,7756.2,1256.8,1235.7,10660.5,3637.5,7776.2,6775.5,1256.5,1237.1,1251.2,7672.6,2048.2,4069.1,5352.6,9369.9,4404.4,8302.8,10627.4,3413.4,1949.7,2284.5,8451.6,1215.1,3581.3,4404.9,1133.7,1673.4,4430.2,1896.6,1456.1,1054.9,436.8,10432.3,1031.3,988.0,456.6,1099.7,624.9,3995.9,7632.0,2822.2,1510.5,1218.6,3365.5,780.6,1274.6,540.8,3637.1,7728.2,928.8,459.7,3588.2,10578.1,4638.5,775.6,463.2,1230.5,9494.7,1254.4,5010.1,10665.7,7656.7,11188.2,1349.6,1262.3,2844.4,7740.8,2892.9,1247.0,1209.0,4619.7,1221.2,3998.3,0.0,2062.9,7452.5,4476.3,6305.6,3867.2,841.8,11066.6,411.3,2963.7,3852.3,2853.5,3923.8,2757.4,5014.4,2352.2,4369.5,659.7,343.7,1998.8,2912.6,2157.3,3995.0,4034.0,7651.5,2181.2,2670.2,1252.5,10661.6,3569.9,3706.2,3746.4,1192.8,1191.2,1218.0,1320.3
Spar Ellingsøy,2146.1,4776.3,10454.7,10490.9,1881.0,6082.1,1888.2,1115.0,1809.0,1806.9,1659.4,1819.5,11397.3,9902.7,4168.0,3187.6,2932.2,12851.9,10819.3,1945.1,1118.2,1792.3,12143.5,3625.7,9690.4,1121.7,4890.5,1252.3,4754.7,1018.4,2682.7,6338.3,5727.3,1070.1,495.2,1068.4,1088.2,1074.8,9800.9,1127.1,5306.9,1120.1,1081.9,9870.6,1939.4,4157.9,1235.8,1705.2,3120.6,1442.9,5680.4,1108.7,1141.9,9885.7,6153.9,2907.5,1333.5,1921.2,9872.8,9823.8,1146.4,1125.3,12728.1,5705.1,9843.8,8465.5,1146.1,1126.7,1140.8,9729.0,1503.6,6136.7,6611.8,9517.8,6472.0,10359.2,12695.0,3185.9,1209.2,1739.9,10519.2,1104.7,5648.9,6472.5,1023.3,1208.2,6497.8,3155.8,1345.7,1118.6,1753.6,12499.9,1311.4,1274.5,2055.9,1127.3,2692.5,5255.1,9688.4,4889.8,1400.1,1108.2,5433.1,2848.2,1164.2,1700.2,3409.6,9795.8,1445.9,1666.1,5655.8,12645.7,6706.1,1405.1,1671.7,1120.1,11562.3,1144.0,4782.6,12733.3,9713.1,13244.6,1239.2,1151.9,4912.0,9808.4,4960.5,1136.6,1098.6,3879.2,1110.8,5257.5,2067.6,0.0,9520.1,6543.9,8362.0,5934.8,2909.4,13134.2,1745.5,5031.3,5111.5,2113.0,3696.3,4825.0,4786.9,4419.8,6437.1,1525.5,2026.2,1454.2,4980.2,1929.8,5254.2,5293.2,9707.9,1636.6,4737.8,1142.1,12729.2,5637.5,3478.7,3518.9,1082.4,1080.8,1107.6,1209.9
Spar Fiskåbygd,7824.6,4875.7,7537.0,7573.2,10108.7,10257.6,9920.0,8712.6,10036.7,10034.6,7937.7,10047.2,2113.5,4098.8,5426.7,9070.3,8083.4,3568.1,7901.6,9659.8,8715.8,7946.7,2859.7,9434.9,6772.7,8719.3,4821.9,9284.1,12466.6,9246.1,7833.9,4228.7,4933.1,8774.8,9251.5,8666.0,8685.8,8515.5,4100.1,8724.7,9482.4,8717.7,8679.5,4188.4,7827.3,5423.5,8442.9,7935.1,9078.3,9474.7,4846.1,8706.3,8739.5,4203.5,4568.5,8058.7,8931.1,9635.9,4131.2,4141.6,8744.0,8722.9,3444.3,4877.0,4157.2,6796.9,8743.7,8724.3,8738.4,6811.3,9535.4,3434.1,7710.9,8508.6,3078.9,7441.5,3411.2,10900.6,9436.9,9771.7,1235.4,8702.3,4853.3,4389.3,8620.9,9160.6,4388.2,9088.5,8943.3,8542.1,7924.0,3216.1,8518.5,8475.2,7943.8,8586.9,7843.7,9430.6,6770.7,4821.2,8997.7,8705.8,4193.4,7999.4,8761.8,8028.0,11124.3,4126.4,8416.0,7946.9,4861.7,5068.7,5466.4,8262.8,7950.4,8717.7,2278.5,8741.6,12494.5,3449.5,6795.4,8976.4,8836.8,8749.5,4839.3,4160.7,4814.2,8734.2,8696.2,12106.9,8708.4,9433.0,7487.2,9550.1,0.0,5304.2,6223.2,4639.7,8060.6,3850.4,7898.5,4689.0,9387.6,10340.7,11411.0,4897.3,12498.8,6086.2,4371.5,8146.9,7830.9,9486.0,4870.2,9644.5,9429.7,9519.0,6790.2,9668.4,4928.9,8739.7,3445.4,4864.4,11193.4,11233.6,8680.0,8678.4,8705.2,8807.5
Spar Fosnavåg,4846.2,1897.3,7078.4,7114.6,7130.3,8916.3,6941.6,5734.2,7058.3,7056.2,4959.3,7068.8,7171.7,6515.2,2448.3,6437.2,5105.0,8626.3,7443.0,6681.4,5737.4,4968.3,7917.9,6875.3,6314.1,5740.9,1843.5,6305.7,9491.0,6267.7,4855.5,2887.4,3007.3,5796.4,6273.1,5687.6,5707.4,5537.1,6413.4,5746.3,8141.1,5739.3,5701.1,6483.1,4848.9,2445.1,5464.5,4956.7,6370.2,6496.3,2920.3,5727.9,5761.1,6498.2,2703.0,5080.3,5952.7,6657.5,6485.3,6436.3,5765.6,5744.5,8502.5,2951.2,6456.3,5455.6,5765.3,5745.9,5760.0,6352.7,6557.0,1911.1,6369.6,8050.0,2246.4,6982.9,8469.4,7922.2,6458.5,6793.3,6293.6,5723.9,2927.5,3021.6,5642.5,6182.2,3046.9,6405.4,5964.9,5563.7,4945.6,8274.3,5540.1,5496.8,4965.4,5608.5,4865.3,8089.3,6312.1,1842.8,6019.3,5727.4,1195.8,5021.0,5783.4,5049.6,8145.9,6408.3,5437.6,4968.5,2935.9,9258.2,194.3,5284.4,4972.0,5739.3,7336.7,5763.2,9518.9,8507.7,6336.8,9868.3,5858.4,5771.1,1860.9,6420.9,1835.8,5755.8,5717.8,9128.5,5730.0,8091.7,4508.8,6571.7,5294.5,0.0,4985.7,2722.8,5082.2,8908.6,4920.1,1710.6,8046.3,7362.3,8432.6,1918.9,9523.2,4160.4,2986.2,5168.5,4852.5,6507.6,1891.8,6666.1,8088.4,8177.7,6331.6,6690.0,1950.5,5761.3,8503.6,2938.6,8215.0,8255.2,5701.6,5700.0,5726.8,5829.1
Spar Hornindal,6619.7,4179.0,2138.7,2174.9,8753.5,4286.0,8715.1,7507.7,8681.5,8679.4,6732.8,8692.0,4104.3,2224.3,4730.0,5256.6,7139.5,5606.3,2503.3,7906.7,7510.9,6741.8,6575.2,4741.5,1374.4,7514.4,4125.2,8079.2,6495.0,7890.9,6890.0,2116.9,2835.5,7419.6,8046.6,7461.1,7480.9,7310.6,2122.5,7519.8,3510.8,7512.8,7474.6,2192.2,6622.4,4726.8,7238.0,6730.2,5264.6,8269.8,2726.5,7501.4,7534.6,2207.3,2520.5,7114.8,7726.2,7882.8,2194.4,2145.4,7539.1,7518.0,5482.5,2749.7,2165.4,825.3,7538.8,7519.4,7533.5,1413.0,8330.5,4585.1,1739.3,3110.3,4920.4,2043.2,7126.7,6630.3,8081.7,8566.8,5004.2,7497.4,2755.7,2042.2,7416.0,7547.9,2041.1,5274.8,7738.4,7337.2,6719.1,5254.3,7313.6,7270.3,6721.3,7382.0,6899.8,3459.0,1372.4,4124.5,7792.8,7500.9,3881.5,7055.5,7556.9,6823.1,9169.0,2174.1,7211.1,6742.0,2712.5,5024.0,5154.5,7057.9,6745.5,7512.8,5994.0,7536.7,6522.9,5487.7,1397.1,4928.6,7631.9,7544.6,4142.6,2130.0,4117.5,7529.3,7491.3,10751.7,7503.5,3461.4,6282.3,8345.2,6217.6,4992.3,0.0,2591.7,7116.7,5888.6,6693.6,3992.3,3416.0,8985.5,9188.2,4200.6,6527.2,3961.6,2057.9,6942.0,6626.0,8281.1,4173.5,7891.4,3458.1,3547.4,1391.9,8463.5,4232.2,7534.8,5483.6,2730.3,9238.1,9278.3,7475.1,7473.5,7500.3,7602.6
Spar Hovdebygda,4191.7,1918.0,4694.5,4730.7,6475.8,6532.4,6287.1,5079.7,6403.8,6401.7,4304.8,6414.3,5954.6,4131.3,2469.0,4517.7,4711.5,7456.6,5059.1,6026.9,5082.9,4313.8,7251.5,4882.3,3930.2,5086.4,1864.2,5651.2,8741.4,5613.2,4462.0,503.5,380.5,5141.9,5618.6,5033.1,5052.9,4882.6,4029.5,5091.8,5757.2,5084.8,5046.6,4099.2,4194.4,2465.8,4810.0,4302.2,4525.7,5841.8,293.5,5073.4,5106.6,4114.3,319.1,4686.8,5298.2,6003.0,4101.4,4052.4,5111.1,5090.0,7332.8,324.4,4072.4,3071.7,5110.8,5091.4,5105.5,3968.8,5902.5,2324.1,3985.7,5666.1,2659.4,4599.0,7803.0,7267.7,5804.0,6138.8,5627.2,5069.4,300.7,637.7,4988.0,5527.7,663.0,4535.9,5310.4,4909.2,4291.1,7104.6,4885.6,4842.3,4310.9,4954.0,4471.8,5705.4,3928.2,1863.5,5364.8,5072.9,1620.5,4627.5,5128.9,4395.1,7491.4,4024.4,4783.1,4314.0,309.1,6874.3,2893.5,4629.9,4317.5,5084.8,6670.3,5108.7,8769.3,7338.0,3952.9,7484.4,5203.9,5116.6,1881.6,4037.0,1856.5,5101.3,5063.3,8474.0,5075.5,5707.8,3854.3,5917.2,4628.1,2731.3,2601.8,0.0,4688.7,7738.9,4265.6,1731.3,5662.4,6707.8,7778.1,1939.6,8773.6,1533.6,602.3,4514.0,4198.0,5853.1,1912.5,6011.6,5704.5,5793.8,3947.7,6035.5,1971.2,5106.8,7333.9,311.8,7560.5,7600.7,5047.1,5045.5,5072.3,5174.6
Spar Langevåg,1188.1,3280.3,9229.8,9266.0,3472.2,5673.6,3283.5,2076.1,3400.2,3398.1,1301.2,3410.7,9901.3,8666.6,2672.0,2779.1,85.0,11355.9,9594.4,3023.3,2079.3,1310.2,10647.5,3217.2,8465.5,2082.8,3394.5,2647.6,5832.9,2609.6,255.4,5102.2,4491.2,2138.3,2615.0,2029.5,2049.3,1879.0,8564.8,2088.2,4898.4,2081.2,2043.0,8634.5,1190.8,2661.9,1806.4,1298.6,2712.1,2838.2,4444.3,2069.8,2103.0,8649.6,4917.8,1.9,2294.6,2999.4,8636.7,8587.7,2107.5,2086.4,11232.1,4469.0,8607.7,7607.0,2107.2,2087.8,2101.9,8504.1,2898.9,4640.7,6203.3,10201.4,4976.0,9134.3,11199.0,4264.1,2800.4,3135.2,9023.2,2065.8,4412.8,5236.4,1984.4,2524.1,5261.7,2747.3,2306.8,1905.6,1287.5,11003.9,1882.0,1838.7,1307.3,1950.4,265.2,4846.6,8463.5,3393.8,2361.2,2069.3,3937.1,86.6,2125.3,1391.5,4487.8,8559.7,1779.5,1310.4,4419.7,11409.6,5210.1,1626.3,1313.9,2081.2,10066.3,2105.1,5860.8,11237.3,8488.2,12019.7,2200.3,2113.0,3416.0,8572.3,3464.5,2097.7,2059.7,5470.4,2071.9,4849.0,850.7,2913.6,8024.1,5047.9,7137.1,4698.7,0.0,11638.2,1262.0,3535.3,4703.0,3704.2,4774.5,3329.0,5865.1,3183.7,5201.0,1510.4,1194.4,2849.5,3484.2,3008.0,4845.7,4884.7,8483.0,3031.9,3241.8,2103.2,11233.2,4401.4,4556.9,4597.1,2043.5,2041.9,2068.7,2171.0
Spar Raudeberg,11190.5,8490.2,7209.0,7245.2,13474.6,10141.7,13285.9,12078.5,13402.6,13400.5,11303.6,13413.1,1785.5,3770.8,9041.2,11112.3,11710.3,692.0,7573.6,13025.7,12081.7,11312.6,4220.8,10597.2,6444.7,12085.2,8436.4,12650.0,12350.7,12612.0,11460.8,6674.9,7379.3,12140.7,12617.4,12031.9,12051.7,11881.4,3772.1,12090.6,9366.5,12083.6,12045.4,3860.4,11193.2,9038.0,11808.8,11301.0,11120.3,12840.6,7292.3,12072.2,12105.4,3875.5,7014.7,11685.6,12297.0,13001.8,3803.2,3813.6,12109.9,12088.8,447.6,7323.2,3829.2,6681.0,12109.6,12090.2,12104.3,6483.3,12901.3,7048.6,7595.0,8180.6,6693.4,7113.5,4772.3,12486.0,12802.8,13137.6,2649.8,12068.2,7299.5,6835.5,11986.8,12526.5,6834.4,11130.5,12309.2,11908.0,11289.9,688.7,11884.4,11841.1,11309.7,11952.8,11470.6,9314.7,6442.7,8435.7,12363.6,12071.7,7807.9,11626.3,12127.7,11393.9,14490.2,3798.4,11781.9,11312.8,7307.9,4392.6,9080.9,11628.7,11316.3,12083.6,3449.7,12107.5,12378.6,452.8,6467.4,8648.4,12202.7,12115.4,8453.8,3832.7,8428.7,12100.1,12062.1,15472.8,12074.3,9317.1,10853.1,12916.0,3863.2,8918.7,5895.2,7085.9,11687.5,0.0,11264.4,8303.5,9271.7,13706.6,14776.9,8511.8,12382.9,8532.4,6817.7,11512.8,11196.8,12851.9,8484.7,13010.4,9313.8,9403.1,6462.2,13034.3,8543.4,12105.6,448.7,7310.6,14559.3,14599.5,12045.9,12044.3,12071.1,12173.4
Spjelkavikvegen 61,490.3,3120.5,8810.1,8846.3,2257.2,4766.4,2105.3,897.9,2185.2,2183.1,106.2,2195.7,9741.5,8246.9,2512.2,1871.9,1276.4,11196.1,9174.7,1808.3,901.1,48.2,10487.7,2310.0,8045.8,904.6,3234.7,1469.4,4617.9,1394.6,1026.9,4682.5,4071.5,923.3,1436.8,851.3,871.1,700.8,8145.1,910.0,3991.2,903.0,864.8,8214.8,283.6,2502.1,628.2,120.4,1804.9,1660.0,4024.6,891.6,924.8,8229.9,4498.1,1251.7,1116.4,1784.4,8217.0,8168.0,929.3,908.2,11072.3,4049.3,8188.0,7149.8,929.0,909.6,923.7,8084.4,1720.7,4480.9,5296.1,9381.0,4816.2,8714.6,11039.2,3049.1,1585.4,1957.0,8863.4,887.6,3993.1,4816.7,806.2,1309.1,4842.0,1840.1,1128.6,727.4,25.5,10844.1,703.8,660.5,400.1,772.2,1036.7,3939.4,8043.8,3234.0,1183.0,891.1,3777.3,1192.4,947.1,159.2,3272.8,8140.0,601.3,115.4,4000.0,10989.9,5050.3,448.1,135.7,903.0,9906.5,926.9,4645.8,11077.5,8068.5,11600.0,1022.1,934.8,3256.2,8152.6,3304.7,919.5,881.5,4255.4,893.7,3941.8,411.8,1735.4,7864.3,4888.1,6717.4,4279.0,1253.6,11478.4,0.0,3375.5,3795.8,2489.2,3559.5,3169.2,4650.1,2764.0,4781.3,332.2,370.4,1671.3,3324.4,1793.0,3938.5,3977.5,8063.3,1853.7,3082.0,925.0,11073.4,3981.7,3341.9,3382.1,865.3,863.7,890.5,992.8
Spar Straumane,3336.2,387.3,6081.5,6117.7,5620.3,7821.7,5431.6,4224.2,5548.3,5546.2,3449.3,5558.8,6559.2,5518.3,938.3,4927.2,3595.0,8013.8,6446.1,5171.4,4227.4,3458.3,7305.4,5365.3,5317.2,4230.9,333.5,4795.7,7981.0,4757.7,3345.5,1890.5,2010.4,4286.4,4763.1,4177.6,4197.4,4027.1,5416.5,4236.3,7046.5,4229.3,4191.1,5486.2,3338.9,935.1,3954.5,3446.7,4860.2,4986.3,1923.4,4217.9,4251.1,5501.3,1706.1,3570.3,4442.7,5147.5,5488.4,5439.4,4255.6,4234.5,7890.0,1954.3,5459.4,4458.7,4255.3,4235.9,4250.0,5355.8,5047.0,1298.6,5372.7,7053.1,1633.9,5986.0,7856.9,6412.2,4948.5,5283.3,5681.1,4213.9,1930.6,2024.7,4132.5,4672.2,2050.0,4895.4,4454.9,4053.7,3435.6,7661.8,4030.1,3986.8,3455.4,4098.5,3355.3,6994.7,5315.2,332.8,4509.3,4217.4,595.0,3511.0,4273.4,3539.6,6635.9,5411.4,3927.6,3458.5,1939.0,8261.3,1868.0,3774.4,3462.0,4229.3,6724.2,4253.2,8008.9,7895.2,5339.9,8871.4,4348.4,4261.1,350.9,5424.0,325.8,4245.8,4207.8,7618.5,4220.0,6997.1,2998.8,5061.7,4682.0,1705.8,3988.8,1725.9,3572.2,8296.1,3410.1,0.0,6851.1,5852.3,6922.6,408.9,8013.2,3163.5,1989.3,3658.5,3342.5,4997.6,381.8,5156.1,6993.8,7032.8,5334.7,5180.0,440.5,4251.3,7891.1,1941.7,6705.0,6745.2,4191.6,4190.0,4216.8,4319.1
Spar Svingen,3950.5,6580.7,5519.5,5555.7,5507.1,1097.1,5815.4,4608.0,5435.1,5433.0,3833.1,5445.6,7485.1,5605.1,5972.4,2010.2,4736.6,8987.1,5884.1,4660.3,4611.2,3842.1,9956.0,1495.1,4755.2,4614.7,6694.9,5179.5,3306.1,4644.5,4487.1,5174.6,5893.2,4173.2,5146.9,4561.4,4581.2,4410.9,5503.3,4620.1,321.9,4613.1,4574.9,5573.0,3629.0,5962.3,4338.3,3830.5,2018.2,5370.1,5784.2,4601.7,4634.9,5588.1,5578.2,4711.9,4826.5,4636.4,5575.2,5526.2,4639.4,4618.3,8863.3,5807.4,5546.2,3530.3,4639.1,4619.7,4633.8,4793.8,5430.8,7642.8,1676.6,6491.1,7978.1,5424.0,10507.5,3441.4,4835.3,5667.1,8385.0,4597.7,5813.4,5099.9,4516.3,4301.5,5098.8,2028.4,4838.7,4437.5,3819.4,8635.1,4413.9,4370.6,3474.9,4482.3,4496.9,270.1,4753.2,6694.2,4893.1,4601.2,6939.2,4652.6,4657.2,3923.4,5980.1,5554.9,4311.4,3842.3,5770.2,8404.8,8212.2,4158.2,3845.8,4613.1,9374.8,4637.0,3334.0,8868.5,4777.9,8309.4,4732.2,4644.9,6716.4,5510.8,6764.9,4629.6,4591.6,7505.3,4603.8,272.5,3872.0,5118.6,9375.7,8050.0,3426.8,5649.4,4713.8,9269.4,3793.9,6835.7,0.0,5739.1,5999.3,6629.4,3338.3,4849.4,5115.6,4042.3,3697.9,5381.4,6784.6,4645.0,269.2,190.5,4772.7,5563.8,6542.2,4635.1,8864.4,5788.0,6049.2,6089.4,4575.4,4573.8,4600.6,4702.9
Spar Søvik,2918.7,5548.9,11078.8,11115.0,2035.5,6706.2,3931.4,3158.2,1196.5,1193.9,2458.2,1181.3,12169.9,10675.3,4940.6,3811.7,3704.8,13624.5,11443.4,2569.2,3161.4,2527.4,12916.1,4249.8,10314.5,3164.9,5663.1,3295.5,5378.8,1172.9,3455.3,7110.9,6499.9,1694.2,2538.4,3111.6,3131.4,2993.6,10573.5,3170.3,5931.0,3163.3,3125.1,10643.2,2712.0,4930.5,2921.0,2489.9,3744.7,3486.1,6453.0,3151.9,3185.1,10658.3,6926.5,3680.1,3376.7,2545.3,10645.4,10596.4,3189.6,3168.5,13500.7,6477.7,10616.4,9089.6,3189.3,3169.9,3184.0,10353.1,3546.8,6909.3,7235.9,10141.9,7244.6,10983.3,13467.6,3810.0,1363.7,3783.1,11291.8,3147.9,6421.5,7245.1,3066.5,1832.3,7270.4,3779.9,3388.9,3020.2,2488.7,13272.5,2996.6,2957.7,2828.5,3065.0,3465.1,5879.2,10312.5,5662.4,3443.3,3151.4,6205.7,3620.8,3207.4,2395.8,3797.4,10568.4,2951.5,2438.7,6428.4,13418.3,7478.7,2745.3,2553.9,3163.3,12334.9,3187.2,5406.7,13505.9,10337.2,13868.7,3282.4,3195.1,5684.6,10581.0,5733.1,3179.8,3141.8,1781.0,3154.0,5881.6,2840.2,2105.0,10292.7,7316.5,8986.1,6707.4,3682.0,13906.8,2490.0,5803.9,5735.6,0.0,4320.4,5597.6,5411.0,5192.4,7209.7,2683.9,2798.8,3497.4,5752.8,2553.9,5878.3,5917.3,10332.0,3679.8,5510.4,3185.3,13501.8,6410.1,3720.9,3828.9,3125.6,3124.0,3150.8,3253.1
Spar Tresfjord,4021.3,6651.5,11287.8,11324.0,2631.3,6706.6,5500.7,4293.3,4040.7,4038.6,3560.8,4051.2,13253.4,11373.4,6043.2,4511.0,4807.4,14727.1,11652.4,1830.3,4296.5,3630.0,14018.7,4949.1,10523.5,4300.0,6765.7,4864.8,4144.5,3250.1,4557.9,8213.5,7602.5,2809.2,4157.6,4246.7,4266.5,4096.2,11271.6,4305.4,5792.1,4298.4,4260.2,11341.3,3806.0,6033.1,4023.6,3592.5,4444.0,5055.4,7555.6,4287.0,4320.2,11356.4,8029.1,4782.7,4511.8,1848.9,11343.5,11294.5,4324.7,4303.6,14603.3,7580.3,11314.5,9298.6,4324.4,4305.0,4319.1,10562.1,5116.1,8011.9,7444.9,8907.6,8347.2,11192.3,14570.2,2575.7,3386.0,5352.4,12394.4,4283.0,7524.1,8347.7,4201.6,2512.1,8373.0,4479.2,4524.0,4122.8,3591.3,14375.1,4099.2,4060.3,3651.9,4167.6,4567.7,5778.2,10521.5,6765.0,4578.4,4286.5,7308.3,4723.4,4342.5,3498.4,899.3,11323.2,4054.1,3541.3,7531.0,14173.1,8581.3,3847.9,3656.5,4298.4,13437.5,4322.3,4172.4,14608.5,10546.2,14077.7,4417.5,4330.2,6787.2,11279.1,6835.7,4314.9,4276.9,6110.9,4289.1,5742.7,3942.8,3724.2,11395.3,8419.1,9195.1,7810.0,4784.6,15009.4,3592.6,6906.5,5995.1,4344.7,0.0,6700.2,4176.7,6295.0,8312.3,3786.5,3874.9,5066.7,6855.4,1837.7,5739.4,5875.1,10541.0,5249.1,6613.0,4320.4,14604.4,7512.7,968.4,1008.6,4260.7,4259.1,4285.9,4388.2
Spar Ulsteinvik,3133.3,224.4,6304.9,6341.1,5417.4,7618.8,5228.7,4021.3,5345.4,5343.3,3246.4,5355.9,6782.6,5741.7,735.4,4724.3,3392.1,8237.2,6669.5,4968.5,4024.5,3255.4,7528.8,5162.4,5540.6,4028.0,239.8,4592.8,7778.1,4554.8,3142.6,2113.9,2233.8,4083.5,4560.2,3974.7,3994.5,3824.2,5639.9,4033.4,6843.6,4026.4,3988.2,5709.6,3136.0,732.2,3751.6,3243.8,4657.3,4783.4,2146.8,4015.0,4048.2,5724.7,1929.5,3367.4,4239.8,4944.6,5711.8,5662.8,4052.7,4031.6,8113.4,2177.7,5682.8,4682.1,4052.4,4033.0,4047.1,5579.2,4844.1,1522.0,5596.1,7276.5,1857.3,6209.4,8080.3,6209.3,4745.6,5080.4,5904.5,4011.0,2154.0,2248.1,3929.6,4469.3,2273.4,4692.5,4252.0,3850.8,3232.7,7885.2,3827.2,3783.9,3252.5,3895.6,3152.4,6791.8,5538.6,239.1,4306.4,4014.5,818.4,3308.1,4070.5,3336.7,6433.0,5634.8,3724.7,3255.6,2162.4,8484.7,2091.4,3571.5,3259.1,4026.4,6947.6,4050.3,7806.0,8118.6,5563.3,9094.8,4145.5,4058.2,172.3,5647.4,255.9,4042.9,4004.9,7415.6,4017.1,6794.2,2795.9,4858.8,4905.4,1929.2,4212.2,1949.3,3369.3,8519.5,3207.2,416.6,6648.2,5649.4,6719.7,0.0,7810.3,3386.9,2212.7,3455.6,3139.6,4794.7,240.5,4953.2,6790.9,6829.9,5558.1,4977.1,161.5,4048.4,8114.5,2165.1,6502.1,6542.3,3988.7,3987.1,4013.9,4116.2
Spar Valldal,5101.6,7731.8,7975.3,8011.5,5193.0,4046.3,6581.0,5373.6,5121.0,5118.9,4641.1,5131.5,10593.1,8713.1,7123.5,5212.3,5887.7,12095.1,8339.9,2910.6,5376.8,4710.3,13064.0,4697.2,7169.5,5380.3,7846.0,5945.1,68.5,4330.4,5638.2,8282.6,8682.8,3889.5,5237.9,5327.0,5346.8,5176.5,8611.3,5385.7,3131.8,5378.7,5340.5,8681.0,4886.3,7113.4,5103.9,4672.8,5220.3,6135.7,8635.9,5367.3,5400.5,8696.1,8686.2,5863.0,5592.1,2929.2,8683.2,8634.2,5405.0,5383.9,11971.3,8660.6,8654.2,6638.3,5404.7,5385.3,5399.4,7183.6,6196.4,9092.2,4784.6,5441.8,9427.5,7879.8,13615.5,1616.1,4521.2,6432.7,11493.0,5363.3,8604.4,8207.9,5281.9,3592.4,8206.8,5230.5,5604.3,5203.1,4671.6,11743.1,5179.5,5140.6,4732.2,5247.9,5648.0,3117.9,7182.5,7845.3,5658.7,5366.8,8388.6,5803.7,5422.8,4578.7,4154.8,8662.9,5134.4,4621.6,8611.3,11512.8,9661.6,4928.2,4736.8,5378.7,12482.8,5402.6,4.3,11976.5,7143.8,10765.2,5497.8,5410.5,7867.5,8618.8,7916.0,5395.2,5357.2,7191.2,5369.4,3082.4,5023.1,4804.5,12475.6,9499.4,6534.8,8757.4,5864.9,12377.4,4672.9,7986.8,3334.8,5425.0,4174.0,7780.5,0.0,7375.3,8223.6,4866.8,4955.2,6147.0,7935.7,2918.0,3079.1,3214.8,7149.6,6329.4,7693.3,5400.7,11972.4,8593.0,4223.9,4264.1,5341.0,5339.4,5366.2,5468.5
Spar Vartdal,2679.5,3339.7,6065.3,6101.5,4963.6,5826.5,4774.9,3567.5,4891.6,4889.5,2792.6,4902.1,7325.4,5502.1,3890.7,3005.5,3199.3,8827.4,6429.9,4514.7,3570.7,2801.6,8685.7,3370.1,5301.0,3574.2,3285.9,4139.0,7324.3,4101.0,2949.8,1937.7,1326.7,3629.7,4106.4,3520.9,3540.7,3370.4,5400.3,3579.6,5051.3,3572.6,3534.4,5470.0,2682.2,3887.5,3297.8,2790.0,3013.5,4329.6,1279.8,3561.2,3594.4,5485.1,1753.3,3174.6,3786.0,4490.8,5472.2,5423.2,3598.9,3577.8,8703.6,1304.5,5443.2,4442.5,3598.6,3579.2,3593.3,5339.6,4390.3,3745.8,5356.5,7036.9,4081.1,5969.8,9237.2,5755.5,4291.8,4626.6,7061.4,3557.2,1248.3,2071.9,3475.8,4015.5,2097.2,3023.7,3798.2,3397.0,2778.9,8475.4,3373.4,3330.1,2798.7,3441.8,2959.6,4999.5,5299.0,3285.2,3852.6,3560.7,3042.2,3115.3,3616.7,2882.9,5979.2,5395.2,3270.9,2801.8,1255.2,8245.1,4315.2,3117.7,2805.3,3572.6,8104.5,3596.5,7352.2,8708.8,5323.7,8855.2,3691.7,3604.4,3303.3,5407.8,3278.2,3589.1,3551.1,6961.8,3563.3,5001.9,2342.1,4405.0,6062.3,4153.0,3972.6,1534.2,3176.5,9109.7,2753.4,3153.0,4855.9,5195.6,6265.9,3361.3,7356.5,0.0,2036.5,3001.8,2685.8,4340.9,3334.2,4499.4,4998.6,5037.6,5318.5,4523.3,3392.9,3594.6,8704.7,1236.9,6048.3,6088.5,3534.9,3533.3,3560.1,3662.4
Spar Volda,4694.1,2176.8,4151.9,4188.1,6978.2,5989.8,6789.5,5582.1,6906.2,6904.1,4807.2,6916.7,5412.0,3588.7,2727.8,5020.1,5213.9,6914.0,4516.5,6529.3,5585.3,4816.2,6984.4,5384.7,3387.6,5588.8,2123.0,6153.6,8198.8,6115.6,4964.4,161.6,882.9,5644.3,6121.0,5535.5,5555.3,5385.0,3486.9,5594.2,5214.6,5587.2,5549.0,3556.6,4696.8,2724.6,5312.4,4804.6,5028.1,6344.2,795.9,5575.8,5609.0,3571.7,518.3,5189.2,5800.6,6505.4,3558.8,3509.8,5613.5,5592.4,6790.2,826.8,3529.8,2529.1,5613.2,5593.8,5607.9,3426.2,6404.9,2582.9,3443.1,5123.5,2918.2,4056.4,7535.9,7770.1,6306.4,6641.2,5360.1,5571.8,803.1,77.0,5490.4,6030.1,120.4,5038.3,5812.8,5411.6,4793.5,6562.0,5388.0,5344.7,4813.3,5456.4,4974.2,5162.8,3385.6,2122.3,5867.2,5575.3,1879.3,5129.9,5631.3,4897.5,7993.8,3481.8,5285.5,4816.4,811.5,6331.7,3152.3,5132.3,4819.9,5587.2,6403.2,5611.1,8226.7,6795.4,3410.3,6941.8,5706.3,5619.0,2140.4,3494.4,2115.3,5603.7,5565.7,8976.4,5577.9,5165.2,4356.7,6419.6,4361.0,2990.1,2059.2,589.5,5191.1,7196.3,4768.0,1990.1,5119.8,7210.2,8280.5,2198.4,8231.0,2036.0,0.0,5016.4,4700.4,6355.5,2171.3,6514.0,5161.9,5251.2,3405.1,6537.9,2230.0,5609.2,6791.3,814.2,8062.9,8103.1,5549.5,5547.9,5574.7,5677.0
Øvre Geilegrend 1,731.6,3361.8,9051.4,9087.6,2468.2,5007.7,1923.0,715.6,2396.2,2394.1,221.7,2406.7,9982.8,8488.2,2753.5,2113.2,1517.7,11437.4,9416.0,2019.3,718.8,379.2,10729.0,2551.3,8287.1,722.3,3476.0,1287.1,4828.9,1605.6,1268.2,4923.8,4312.8,1134.3,1254.5,669.0,688.8,518.5,8386.4,727.7,4232.5,720.7,682.5,8456.1,524.9,2743.4,445.9,267.5,2046.2,1477.7,4265.9,709.3,742.5,8471.2,4739.4,1493.0,934.1,1995.4,8458.3,8409.3,747.0,725.9,11313.6,4290.6,8429.3,7391.1,746.7,727.3,741.4,8325.7,1538.4,4722.2,5537.4,9592.0,5057.5,8955.9,11280.5,3260.1,1796.4,1774.7,9104.7,705.3,4234.4,5058.0,623.9,1520.1,5083.3,2081.4,946.3,545.1,324.4,11085.4,521.5,429.9,641.4,589.9,1278.0,4180.7,8285.1,3475.3,1000.7,708.8,4018.6,1433.7,764.8,375.3,3483.8,8381.3,370.7,288.8,4241.3,11231.2,5291.6,217.5,246.5,720.7,10147.8,744.6,4856.8,11318.8,8309.8,11841.3,839.8,752.5,3497.5,8393.9,3546.0,737.2,699.2,4466.4,711.4,4183.1,653.1,1553.1,8105.6,5129.4,6958.7,4520.3,1494.9,11719.7,331.0,3616.8,4037.1,2700.2,3770.5,3410.5,4861.1,3005.3,5022.6,0.0,611.7,1489.0,3565.7,2004.0,4179.8,4218.8,8304.6,1671.4,3323.3,742.7,11314.7,4223.0,3552.9,3593.1,683.0,681.4,708.2,810.5
BLINDHEIM INDUSTRIVEG 2D,432.7,3062.9,8752.5,8788.7,2574.6,4668.3,2385.9,1178.5,2502.6,2500.5,403.6,2513.1,9683.9,8189.3,2454.6,1773.8,1218.8,11138.5,9117.1,2112.1,1181.7,412.6,10430.1,2211.9,7988.2,1185.2,3177.1,1750.0,4921.7,1712.0,969.3,4624.9,4013.9,1240.7,1717.4,1131.9,1151.7,981.4,8087.5,1190.6,3893.1,1183.6,1145.4,8157.2,197.5,2444.5,908.8,401.0,1706.8,1940.6,3967.0,1172.2,1205.4,8172.3,4440.5,1194.1,1397.0,2088.2,8159.4,8110.4,1209.9,1188.8,11014.7,3991.7,8130.4,7051.7,1209.6,1190.2,1204.3,8026.8,2001.3,4423.3,5198.0,9684.8,4758.6,8657.0,10981.6,3352.9,1902.8,2237.6,8805.8,1168.2,3935.5,4759.1,1086.8,1626.5,4784.4,1742.0,1409.2,1008.0,389.9,10786.5,984.4,941.1,302.0,1052.8,979.1,3841.3,7986.2,3176.4,1463.6,1171.7,3719.7,1134.8,1227.7,493.9,3576.6,8082.4,881.9,412.8,3942.4,10932.3,4992.7,728.7,416.3,1183.6,9848.9,1207.5,4949.6,11019.9,8010.9,11542.4,1302.7,1215.4,3198.6,8095.0,3247.1,1200.1,1162.1,4572.8,1174.3,3843.7,354.2,2016.0,7806.7,4830.5,6659.8,4221.4,1196.0,11420.8,364.4,3317.9,3697.7,2806.6,3863.3,3111.6,4953.9,2706.4,4723.7,612.8,0.0,1951.9,3266.8,2096.8,3840.4,3879.4,8005.7,2134.3,3024.4,1205.6,11015.8,3924.1,3645.7,3685.9,1145.9,1144.3,1171.1,1273.4
"Ålesund lufthavn, 6040 Vigra",2089.1,4719.3,10408.9,10445.1,3281.6,6365.2,1292.3,1058.0,3209.6,3207.5,1602.4,3220.1,11340.3,9845.7,4111.0,3470.7,2875.2,12794.9,10773.5,3320.5,1061.2,1735.3,12086.5,3908.8,9644.6,1064.7,4833.5,586.4,6130.1,2419.0,2625.7,6281.3,5670.3,2435.5,1157.3,1011.4,1031.2,1017.8,9743.9,1070.1,5590.0,1063.1,1024.9,9813.6,1882.4,4100.9,1178.8,1648.2,3403.7,530.8,5623.4,1051.7,1084.9,9828.7,6096.9,2850.5,1276.5,3296.6,9815.8,9766.8,1089.4,1068.3,12671.1,5648.1,9786.8,8748.6,1089.1,1069.7,1083.8,9683.2,907.7,6079.7,6894.9,10893.2,6415.0,10313.4,12638.0,4561.3,2609.8,285.7,10462.2,1047.7,5591.9,6415.5,966.3,2608.8,6440.8,3438.9,1288.7,1061.6,1696.6,12442.9,1254.4,1217.5,1998.9,1070.3,2635.5,5538.2,9642.6,4832.8,1343.1,1051.2,5376.1,2791.2,1107.2,1643.2,4785.0,9738.8,1388.9,1609.1,5598.8,12588.7,6649.1,1348.1,1614.7,1063.1,11505.3,1087.0,6158.0,12676.3,9667.3,13198.8,1182.2,1094.9,4855.0,9751.4,4903.5,1079.6,1041.6,5279.8,1053.8,5540.6,2010.6,1455.9,9463.1,6486.9,8316.2,5877.8,2852.4,13077.2,1688.5,4974.3,5394.6,3513.6,5071.7,4768.0,6162.3,4362.8,6380.1,1468.5,1969.2,0.0,4923.2,3305.2,5537.3,5576.3,9662.1,182.4,4680.8,1085.1,12672.2,5580.5,4854.1,4894.3,1025.4,1023.8,1050.6,1152.9
St1 Ulsteinvik,3300.6,351.7,6264.8,6301.0,5584.7,7786.1,5396.0,4188.6,5512.7,5510.6,3413.7,5523.2,6742.5,5701.6,902.7,4891.6,3559.4,8197.1,6629.4,5135.8,4191.8,3422.7,7488.7,5329.7,5500.5,4195.3,143.1,4760.1,7945.4,4722.1,3309.9,2073.8,2193.7,4250.8,4727.5,4142.0,4161.8,3991.5,5599.8,4200.7,7010.9,4193.7,4155.5,5669.5,3303.3,899.5,3918.9,3411.1,4824.6,4950.7,2106.7,4182.3,4215.5,5684.6,1889.4,3534.7,4407.1,5111.9,5671.7,5622.7,4220.0,4198.9,8073.3,2137.6,5642.7,4642.0,4219.7,4200.3,4214.4,5539.1,5011.4,1481.9,5556.0,7236.4,1817.2,6169.3,8040.2,6376.6,4912.9,5247.7,5864.4,4178.3,2113.9,2208.0,4096.9,4636.6,2233.3,4859.8,4419.3,4018.1,3400.0,7845.1,3994.5,3951.2,3419.8,4062.9,3319.7,6959.1,5498.5,142.4,4473.7,4181.8,778.3,3475.4,4237.8,3504.0,6600.3,5594.7,3892.0,3422.9,2122.3,8444.6,2051.3,3738.8,3426.4,4193.7,6907.5,4217.6,7973.3,8078.5,5523.2,9054.7,4312.8,4225.5,72.6,5607.3,125.5,4210.2,4172.2,7582.9,4184.4,6961.5,2963.2,5026.1,4865.3,1889.1,4172.1,1909.2,3536.6,8479.4,3374.5,376.5,6815.5,5816.7,6887.0,246.3,7977.6,3346.8,2172.6,3622.9,3306.9,4962.0,0.0,5120.5,6958.2,6997.2,5518.0,5144.4,375.5,4215.7,8074.4,2125.0,6669.4,6709.6,4156.0,4154.4,4181.2,4283.5
St1 Ørskog,2240.8,4871.0,9997.6,10033.8,2332.2,5445.1,3720.2,2512.8,2260.2,2258.1,1780.3,2270.7,11492.0,9997.4,4262.7,2730.5,3026.9,12946.6,10362.2,73.4,2516.0,1849.5,12238.2,3168.6,9233.3,2519.5,4985.2,3084.3,2883.0,1469.6,2777.4,6433.0,5822.0,1028.7,2377.1,2466.2,2486.0,2315.7,9895.6,2524.9,4530.6,2517.9,2479.7,9965.3,2025.5,4252.6,2243.1,1812.0,2663.5,3274.9,5775.1,2506.5,2539.7,9980.4,6248.6,3002.2,2731.3,28.6,9967.5,9918.5,2544.2,2523.1,12822.8,5799.8,9938.5,8008.4,2543.9,2524.5,2538.6,9271.9,3335.6,6231.4,6154.7,7646.1,6566.7,9902.1,12789.7,1314.2,1660.4,3571.9,10613.9,2502.5,5743.6,6567.2,2421.1,731.6,6592.5,2698.7,2743.5,2342.3,1810.8,12594.6,2318.7,2279.8,1871.4,2387.1,2787.2,4516.7,9231.3,4984.5,2797.9,2506.0,5527.8,2942.9,2562.0,1717.9,1537.9,9890.5,2273.6,1760.8,5750.5,12740.4,6800.8,2067.4,1876.0,2517.9,11657.0,2541.8,2910.9,12828.0,9256.0,12787.5,2637.0,2549.7,5006.7,9903.1,5055.2,2534.4,2496.4,4330.4,2508.6,4481.2,2162.3,1943.7,9614.8,6638.6,7904.9,6029.5,3004.1,13228.9,1812.1,5126.0,4654.4,2564.2,1824.6,4919.7,2915.2,4514.5,6531.8,2006.0,2094.4,3286.2,5074.9,0.0,4477.9,4613.6,9250.8,3468.6,4832.5,2539.9,12823.9,5732.2,1607.0,1647.2,2480.2,2478.6,2505.4,2607.7
Storfjord Gastropub,4084.3,6714.5,5559.2,5595.4,5640.9,978.0,5949.2,4741.8,5568.9,5566.8,3966.9,5579.4,7524.8,5644.8,6106.2,2144.0,4870.4,9026.8,5923.8,4483.3,4745.0,3975.9,9995.7,1628.9,4794.9,4748.5,6828.7,5313.3,3053.5,4778.3,4620.9,5214.3,5932.9,4307.0,5280.7,4695.2,4715.0,4544.7,5543.0,4753.9,52.7,4746.9,4708.7,5612.7,3762.8,6096.1,4472.1,3964.3,2152.0,5503.9,5823.9,4735.5,4768.7,5627.8,5617.9,4845.7,4960.3,4501.9,5614.9,5565.9,4773.2,4752.1,8903.0,5847.1,5585.9,3570.0,4772.9,4753.5,4767.6,4833.5,5564.6,7682.5,1716.3,6530.8,8017.8,5463.7,10547.2,3188.8,4969.1,5800.9,8424.7,4731.5,5853.1,5139.6,4650.1,4435.3,5138.5,2162.2,4972.5,4571.3,3953.2,8674.8,4547.7,4504.4,3608.7,4616.1,4630.7,49.6,4792.9,6828.0,5026.9,4735.0,6978.9,4786.4,4791.0,4057.2,5727.5,5594.6,4445.2,3976.1,5809.9,8444.5,8251.9,4292.0,3979.6,4746.9,9414.5,4770.8,3081.4,8908.2,4817.6,8349.1,4866.0,4778.7,6850.2,5550.5,6898.7,4763.4,4725.4,7639.1,4737.6,3.3,4005.8,5252.4,9415.4,8089.7,3466.5,5689.1,4847.6,9309.1,3927.7,6969.5,266.5,5872.9,5746.7,6763.2,3085.7,4983.2,5155.3,4176.1,3831.7,5515.2,6918.4,4490.7,0.0,146.5,4812.4,5697.6,6676.0,4768.9,8904.1,5827.7,5796.6,5836.8,4709.2,4707.6,4734.4,4836.7
"Strandafjellet, 6200 Stranda",4130.9,6761.1,5648.9,5685.1,5687.5,1071.4,5995.8,4788.4,5615.5,5613.4,4013.5,5626.0,7614.5,5734.5,6152.8,2190.6,4917.0,9116.5,6013.5,4619.6,4791.6,4022.5,10085.4,1675.5,4884.6,4795.1,6875.3,5359.9,3189.8,4824.9,4667.5,5304.0,6022.6,4353.6,5327.3,4741.8,4761.6,4591.3,5632.7,4800.5,186.2,4793.5,4755.3,5702.4,3809.4,6142.7,4518.7,4010.9,2198.6,5550.5,5913.6,4782.1,4815.3,5717.5,5707.6,4892.3,5006.9,4638.2,5704.6,5655.6,4819.8,4798.7,8992.7,5936.8,5675.6,3659.7,4819.5,4800.1,4814.2,4923.2,5611.2,7772.2,1806.0,6620.5,8107.5,5553.4,10636.9,3325.1,5015.7,5847.5,8514.4,4778.1,5942.8,5229.3,4696.7,4481.9,5228.2,2208.8,5019.1,4617.9,3999.8,8764.5,4594.3,4551.0,3655.3,4662.7,4677.3,155.2,4882.6,6874.6,5073.5,4781.6,7068.6,4833.0,4837.6,4103.8,5863.8,5684.3,4491.8,4022.7,5899.6,8534.2,8341.6,4338.6,4026.2,4793.5,9504.2,4817.4,3217.7,8997.9,4907.3,8438.8,4912.6,4825.3,6896.8,5640.2,6945.3,4810.0,4772.0,7685.7,4784.2,156.2,4052.4,5299.0,9505.1,8179.4,3556.2,5778.8,4894.2,9398.8,3974.3,7016.1,192.2,5919.5,5883.0,6809.8,3222.0,5029.8,5245.0,4222.7,3878.3,5561.8,6965.0,4627.0,152.9,0.0,4902.1,5744.2,6722.6,4815.5,8993.8,5917.4,5932.9,5973.1,4755.8,4754.2,4781.0,4883.3
"Stryn, 6783 Stryn",7966.2,5525.5,847.2,883.4,10100.0,5632.5,10061.6,8854.2,10028.0,10025.9,8079.3,10038.5,4680.4,2800.4,6076.5,6603.1,8486.0,6182.4,1211.8,9253.2,8857.4,8088.3,7151.3,6088.0,19.9,8860.9,5471.7,9425.7,7015.3,9237.4,8236.5,3463.4,4182.0,8766.1,9393.1,8807.6,8827.4,8657.1,2698.6,8866.3,4857.3,8859.3,8821.1,2768.3,7968.9,6073.3,8584.5,8076.7,6611.1,9616.3,4073.0,8847.9,8881.1,2783.4,3867.0,8461.3,9072.7,9229.3,2770.5,2721.5,8885.6,8864.5,6058.6,4096.2,2741.5,2171.8,8885.3,8865.9,8880.0,63.1,9677.0,5931.6,3085.8,1733.5,6266.9,751.7,7702.8,7976.8,9428.2,9913.3,5580.3,8843.9,4102.2,3388.7,8762.5,8894.4,3387.6,6621.3,9084.9,8683.7,8065.6,5830.4,8660.1,8616.8,8067.8,8728.5,8246.3,4805.5,48.2,5471.0,9139.3,8847.4,5228.0,8402.0,8903.4,8169.6,10515.5,2750.2,8557.6,8088.5,4059.0,5600.1,6501.0,8404.4,8092.0,8859.3,6570.1,8883.2,7043.2,6063.8,5.8,3637.1,8978.4,8891.1,5489.1,2706.1,5464.0,8875.8,8837.8,12098.2,8850.0,4807.9,7628.8,9691.7,6793.7,6338.8,1386.0,3938.2,8463.2,6464.7,8040.1,5338.8,4762.5,10332.0,10534.7,5547.1,7047.5,5308.1,3404.4,8288.5,7972.5,9627.6,5520.0,9237.9,4804.6,4893.9,0.0,9810.0,5578.7,8881.3,6059.7,4076.8,10584.6,10624.8,8821.6,8820.0,8846.8,8949.1
"Vigra, 6040 Vigra",2262.4,4892.6,10582.2,10618.4,3454.9,6538.5,1465.6,1231.3,3382.9,3380.8,1775.7,3393.4,11513.6,10019.0,4284.3,3644.0,3048.5,12968.2,10946.8,3493.8,1234.5,1908.6,12259.8,4082.1,9817.9,1238.0,5006.8,759.7,6303.4,2592.3,2799.0,6454.6,5843.6,2608.8,1330.6,1184.7,1204.5,1191.1,9917.2,1243.4,5763.3,1236.4,1198.2,9986.9,2055.7,4274.2,1352.1,1821.5,3577.0,704.1,5796.7,1225.0,1258.2,10002.0,6270.2,3023.8,1449.8,3469.9,9989.1,9940.1,1262.7,1241.6,12844.4,5821.4,9960.1,8921.9,1262.4,1243.0,1257.1,9856.5,1081.0,6253.0,7068.2,11066.5,6588.3,10486.7,12811.3,4734.6,2783.1,269.9,10635.5,1221.0,5765.2,6588.8,1139.6,2782.1,6614.1,3612.2,1462.0,1234.9,1869.9,12616.2,1427.7,1390.8,2172.2,1243.6,2808.8,5711.5,9815.9,5006.1,1516.4,1224.5,5549.4,2964.5,1280.5,1816.5,4958.3,9912.1,1562.2,1782.4,5772.1,12762.0,6822.4,1521.4,1788.0,1236.4,11678.6,1260.3,6331.3,12849.6,9840.6,13372.1,1355.5,1268.2,5028.3,9924.7,5076.8,1252.9,1214.9,5453.1,1227.1,5713.9,2183.9,1629.2,9636.4,6660.2,8489.5,6051.1,3025.7,13250.5,1861.8,5147.6,5567.9,3686.9,5245.0,4941.3,6335.6,4536.1,6553.4,1641.8,2142.5,173.3,5096.5,3478.5,5710.6,5749.6,9835.4,0.0,4854.1,1258.4,12845.5,5753.8,5027.4,5067.6,1198.7,1197.1,1223.9,1326.2
Sunnmøre Folkehøgskule,3056.0,184.4,6327.7,6363.9,5340.1,7541.5,5151.4,3944.0,5268.1,5266.0,3169.1,5278.6,6805.4,5764.5,658.1,4647.0,3314.8,8260.0,6692.3,4891.2,3947.2,3178.1,7551.6,5085.1,5563.4,3950.7,298.6,4515.5,7700.8,4477.5,3065.3,2136.7,2256.6,4006.2,4482.9,3897.4,3917.2,3746.9,5662.7,3956.1,6766.3,3949.1,3910.9,5732.4,3058.7,654.9,3674.3,3166.5,4580.0,4706.1,2169.6,3937.7,3970.9,5747.5,1952.3,3290.1,4162.5,4867.3,5734.6,5685.6,3975.4,3954.3,8136.2,2200.5,5705.6,4704.9,3975.1,3955.7,3969.8,5602.0,4766.8,1544.8,5618.9,7299.3,1880.1,6232.2,8103.1,6132.0,4668.3,5003.1,5927.3,3933.7,2176.8,2270.9,3852.3,4392.0,2296.2,4615.2,4174.7,3773.5,3155.4,7908.0,3749.9,3706.6,3175.2,3818.3,3075.1,6714.5,5561.4,297.9,4229.1,3937.2,841.2,3230.8,3993.2,3259.4,6355.7,5657.6,3647.4,3178.3,2185.2,8507.5,2114.2,3494.2,3181.8,3949.1,6970.4,3973.0,7728.7,8141.4,5586.1,9117.6,4068.2,3980.9,298.5,5670.2,368.6,3965.6,3927.6,7338.3,3939.8,6716.9,2718.6,4781.5,4928.2,1952.0,4235.0,1972.1,3292.0,8542.3,3129.9,439.4,6570.9,5572.1,6642.4,164.9,7733.0,3409.7,2235.5,3378.3,3062.3,4717.4,366.7,4875.9,6713.6,6752.6,5580.9,4899.8,0.0,3971.1,8137.3,2187.9,6424.8,6465.0,3911.4,3909.8,3936.6,4038.9
KONGENS GATE 32A,1322.4,3952.6,9642.2,9678.4,2968.9,5598.5,1513.1,98.7,2896.9,2894.8,835.7,2907.4,10573.6,9079.0,3344.3,2704.0,2108.5,12028.2,10006.8,2553.8,29.9,968.6,11319.8,3142.1,8877.9,105.4,4066.8,877.2,5363.4,2106.3,1859.0,5514.6,4903.6,1668.8,844.6,62.3,75.9,251.1,8977.2,110.8,4823.3,59.5,49.8,9046.9,1115.7,3334.2,412.1,881.5,2637.0,1067.8,4856.7,76.6,125.6,9062.0,5330.2,2083.8,317.2,2529.9,9049.1,9000.1,130.1,109.0,11904.4,4881.4,9020.1,7981.9,129.8,110.4,44.1,8916.5,1128.5,5313.0,6128.2,10126.5,5648.3,9546.7,11871.3,3794.6,2297.1,1364.8,9695.5,67.6,4825.2,5648.8,106.9,2054.6,5674.1,2672.2,329.4,294.9,929.9,11676.2,487.7,450.8,1232.2,303.6,1868.8,4771.5,8875.9,4066.1,383.8,76.4,4609.4,2024.5,147.9,876.5,4018.3,8972.1,622.2,842.4,4832.1,11822.0,5882.4,581.4,848.0,40.8,10738.6,140.2,5391.3,11909.6,8900.6,12432.1,222.9,54.0,4088.3,8984.7,4136.8,120.3,46.4,4967.1,49.4,4773.9,1243.9,1143.2,8696.4,5720.2,7549.5,5111.1,2085.7,12310.5,921.8,4207.6,4627.9,3200.9,4305.0,4001.3,5395.6,3596.1,5613.4,701.8,1202.5,1079.1,4156.5,2538.5,4770.6,4809.6,8895.4,1261.5,3914.1,0.0,11905.5,4813.8,4087.4,4127.6,100.5,71.2,70.5,193.6
"Gate 1 17, 6718 Deknepollen",10800.9,8100.6,6819.4,6855.6,13085.0,9752.1,12896.3,11688.9,13013.0,13010.9,10914.0,13023.5,1395.9,3381.2,8651.6,10722.7,11320.7,302.4,7184.0,12636.1,11692.1,10923.0,3831.2,10207.6,6055.1,11695.6,8046.8,12260.4,11961.1,12222.4,11071.2,6285.3,6989.7,11751.1,12227.8,11642.3,11662.1,11491.8,3382.5,11701.0,8976.9,11694.0,11655.8,3470.8,10803.6,8648.4,11419.2,10911.4,10730.7,12451.0,6902.7,11682.6,11715.8,3485.9,6625.1,11296.0,11907.4,12612.2,3413.6,3424.0,11720.3,11699.2,1.1,6933.6,3439.6,6291.4,11720.0,11700.6,11714.7,6093.7,12511.7,6659.0,7205.4,7791.0,6303.8,6723.9,4382.7,12096.4,12413.2,12748.0,2260.2,11678.6,6909.9,6445.9,11597.2,12136.9,6444.8,10740.9,11919.6,11518.4,10900.3,299.1,11494.8,11451.5,10920.1,11563.2,11081.0,8925.1,6053.1,8046.1,11974.0,11682.1,7418.3,11236.7,11738.1,11004.3,14100.6,3408.8,11392.3,10923.2,6918.3,4082.2,8691.3,11239.1,10926.7,11694.0,3060.1,11717.9,11989.0,4.1,6077.8,8258.8,11813.1,11725.8,8064.2,3443.1,8039.1,11710.5,11672.5,15083.2,11684.7,8927.5,10463.5,12526.4,3473.6,8529.1,5505.6,6696.3,11297.9,448.7,10874.8,7913.9,8882.1,13317.0,14387.3,8122.2,11993.3,8142.8,6428.1,11123.2,10807.2,12462.3,8095.1,12620.8,8924.2,9013.5,6072.6,12644.7,8153.8,11716.0,0.0,6921.0,14169.7,14209.9,11656.3,11654.7,11681.5,11783.8
Tik Café & Restaurant,3889.4,2128.3,4828.4,4864.6,6173.5,6666.3,5984.8,4777.4,6101.5,6099.4,4002.5,6112.0,6088.5,4265.2,2679.3,4215.4,4409.2,7590.5,5193.0,5724.6,4780.6,4011.5,7474.3,4580.0,4064.1,4784.1,2074.5,5348.9,8534.2,5310.9,4159.7,726.3,115.3,4839.6,5316.3,4730.8,4750.6,4580.3,4163.4,4789.5,5891.1,4782.5,4744.3,4233.1,3892.1,2676.1,4507.7,3999.9,4223.4,5539.5,68.4,4771.1,4804.3,4248.2,541.9,4384.5,4995.9,5700.7,4235.3,4186.3,4808.8,4787.7,7466.7,93.1,4206.3,3205.6,4808.5,4789.1,4803.2,4102.7,5600.2,2534.4,4119.6,5800.0,2869.7,4732.9,8025.8,6965.4,5501.7,5836.5,5850.0,4767.1,36.9,860.5,4685.7,5225.4,885.8,4233.6,5008.1,4606.9,3988.8,7238.5,4583.3,4540.0,4008.6,4651.7,4169.5,5839.3,4062.1,2073.8,5062.5,4770.6,1830.8,4325.2,4826.6,4092.8,7189.1,4158.3,4480.8,4011.7,18.3,7008.2,3103.8,4327.6,4015.2,4782.5,6893.1,4806.4,8562.1,7471.9,4086.8,7618.3,4901.6,4814.3,2091.9,4170.9,2066.8,4799.0,4761.0,8171.7,4773.2,5841.7,3552.0,5614.9,4850.9,2941.6,2735.7,322.8,4386.4,7872.8,3963.3,1941.6,5796.3,6405.5,7475.8,2149.9,8566.4,1231.3,825.1,4211.7,3895.7,5550.8,2122.8,5709.3,5838.4,5927.7,4081.6,5733.2,2181.5,4804.5,7467.8,0.0,7258.2,7298.4,4744.8,4743.2,4770.0,4872.3
"Brugata 4, 6390 Vestnes",3792.9,6423.1,11344.2,11380.4,1685.3,6763.0,5272.3,4064.9,3423.2,3421.1,3332.4,3433.7,13044.1,11429.8,5814.8,4282.6,4579.0,14498.7,11708.8,1601.9,4068.1,3401.6,13790.3,4720.7,10579.9,4071.6,6537.3,4636.4,4200.9,2626.4,4329.5,7985.1,7374.1,2580.8,3929.2,4018.3,4038.1,3867.8,11328.0,4077.0,5848.5,4070.0,4031.8,11397.7,3577.6,5804.7,3795.2,3364.1,4215.6,4827.0,7327.2,4058.6,4091.8,11412.8,7800.7,4554.3,4283.4,1620.5,11399.9,11350.9,4096.3,4075.2,14374.9,7351.9,11370.9,9355.0,4096.0,4076.6,4090.7,10618.5,4887.7,7783.5,7501.3,8964.0,8118.8,11248.7,14341.8,2632.1,2440.0,5124.0,12166.0,4054.6,7295.7,8119.3,3973.2,2283.7,8144.6,4250.8,4295.6,3894.4,3362.9,14146.7,3870.8,3831.9,3423.5,3939.2,4339.3,5834.6,10577.9,6536.6,4350.0,4058.1,7079.9,4495.0,4114.1,3270.0,105.3,11379.6,3825.7,3312.9,7302.6,14229.5,8352.9,3619.5,3428.1,4070.0,13209.1,4093.9,4228.8,14380.1,10602.6,14134.1,4189.1,4101.8,6558.8,11335.5,6607.3,4086.5,4048.5,5493.4,4060.7,5799.1,3714.4,3495.8,11166.9,8190.7,9251.5,7581.6,4556.2,14781.0,3364.2,6678.1,6051.5,3727.2,964.3,6471.8,4233.1,6066.6,8083.9,3558.1,3646.5,4838.3,6627.0,1609.3,5795.8,5931.5,10597.4,5020.7,6384.6,4092.0,14376.0,7284.3,0.0,136.8,4032.3,4030.7,4057.5,4159.8
"Vestnes, 6390 Vestnes",3835.0,6465.2,11386.3,11422.5,1790.8,6805.1,5314.4,4107.0,3528.7,3526.6,3374.5,3539.2,13086.2,11471.9,5856.9,4324.7,4621.1,14540.8,11750.9,1644.0,4110.2,3443.7,13832.4,4762.8,10622.0,4113.7,6579.4,4678.5,4243.0,2731.9,4371.6,8027.2,7416.2,2622.9,3971.3,4060.4,4080.2,3909.9,11370.1,4119.1,5890.6,4112.1,4073.9,11439.8,3619.7,5846.8,3837.3,3406.2,4257.7,4869.1,7369.3,4100.7,4133.9,11454.9,7842.8,4596.4,4325.5,1662.6,11442.0,11393.0,4138.4,4117.3,14417.0,7394.0,11413.0,9397.1,4138.1,4118.7,4132.8,10660.6,4929.8,7825.6,7543.4,9006.1,8160.9,11290.8,14383.9,2674.2,2545.5,5166.1,12208.1,4096.7,7337.8,8161.4,4015.3,2325.8,8186.7,4292.9,4337.7,3936.5,3405.0,14188.8,3912.9,3874.0,3465.6,3981.3,4381.4,5876.7,10620.0,6578.7,4392.1,4100.2,7122.0,4537.1,4156.2,3312.1,128.5,11421.7,3867.8,3355.0,7344.7,14271.6,8395.0,3661.6,3470.2,4112.1,13251.2,4136.0,4270.9,14422.2,10644.7,14176.2,4231.2,4143.9,6600.9,11377.6,6649.4,4128.6,4090.6,5598.9,4102.8,5841.2,3756.5,3537.9,11209.0,8232.8,9293.6,7623.7,4598.3,14823.1,3406.3,6720.2,6093.6,3832.7,1006.4,6513.9,4275.2,6108.7,8126.0,3600.2,3688.6,4880.4,6669.1,1651.4,5837.9,5973.6,10639.5,5062.8,6426.7,4134.1,14418.1,7326.4,127.9,0.0,4074.4,4072.8,4099.6,4201.9
"Ålesund, 6002 Ålesund",1240.4,3870.6,9560.2,9596.4,2886.9,5516.5,1431.1,100.0,2814.9,2812.8,753.7,2825.4,10491.6,8997.0,3262.3,2622.0,2026.5,11946.2,9924.8,2471.8,88.9,886.6,11237.8,3060.1,8795.9,106.7,3984.8,795.2,5281.4,2024.3,1777.0,5432.6,4821.6,1586.8,762.6,47.5,74.0,169.1,8895.2,112.1,4741.3,105.1,61.0,8964.9,1033.7,3252.2,330.1,799.5,2555.0,985.8,4774.7,87.8,126.9,8980.0,5248.2,2001.8,318.5,2447.9,8967.1,8918.1,131.4,110.3,11822.4,4799.4,8938.1,7899.9,131.1,111.7,125.8,8834.5,1046.5,5231.0,6046.2,10044.5,5566.3,9464.7,11789.3,3712.6,2215.1,1282.8,9613.5,89.7,4743.2,5566.8,47.5,1972.6,5592.1,2590.2,330.7,212.9,847.9,11594.2,405.7,368.8,1150.2,221.6,1786.8,4689.5,8793.9,3984.1,385.1,93.2,4527.4,1942.5,149.2,794.5,3936.3,8890.1,540.2,760.4,4750.1,11740.0,5800.4,499.4,766.0,105.1,10656.6,129.0,5309.3,11827.6,8818.6,12350.1,224.2,136.9,4006.3,8902.7,4054.8,121.6,77.7,4885.1,89.9,4691.9,1161.9,1061.2,8614.4,5638.2,7467.5,5029.1,2003.7,12228.5,839.8,4125.6,4545.9,3118.9,4223.0,3919.3,5313.6,3514.1,5531.4,619.8,1120.5,997.1,4074.5,2456.5,4688.6,4727.6,8813.4,1179.5,3832.1,127.1,11823.5,4731.8,4005.4,4045.6,0.0,65.8,92.6,194.9
KEISER WILHELMS GATE 39,1256.0,3886.2,9575.8,9612.0,2902.5,5532.1,1446.7,88.5,2830.5,2828.4,769.3,2841.0,10507.2,9012.6,3277.9,2637.6,2042.1,11961.8,9940.4,2487.4,73.6,902.2,11253.4,3075.7,8811.5,95.2,4000.4,810.8,5297.0,2039.9,1792.6,5448.2,4837.2,1602.4,778.2,32.2,51.3,184.7,8910.8,100.6,4756.9,93.6,45.7,8980.5,1049.3,3267.8,345.7,815.1,2570.6,1001.4,4790.3,72.5,115.4,8995.6,5263.8,2017.4,307.0,2463.5,8982.7,8933.7,119.9,98.8,11838.0,4815.0,8953.7,7915.5,119.6,100.2,114.3,8850.1,1062.1,5246.6,6061.8,10060.1,5581.9,9480.3,11804.9,3728.2,2230.7,1298.4,9629.1,78.2,4758.8,5582.4,42.3,1988.2,5607.7,2605.8,319.2,228.5,863.5,11609.8,421.3,384.4,1165.8,237.2,1802.4,4705.1,8809.5,3999.7,373.6,81.7,4543.0,1958.1,137.7,810.1,3951.9,8905.7,555.8,776.0,4765.7,11755.6,5816.0,515.0,781.6,93.6,10672.2,117.5,5324.9,11843.2,8834.2,12365.7,212.7,125.4,4021.9,8918.3,4070.4,110.1,62.4,4900.7,74.6,4707.5,1177.5,1076.8,8630.0,5653.8,7483.1,5044.7,2019.3,12244.1,855.4,4141.2,4561.5,3134.5,4238.6,3934.9,5329.2,3529.7,5547.0,635.4,1136.1,1012.7,4090.1,2472.1,4704.2,4743.2,8829.0,1195.1,3847.7,115.6,11839.1,4747.4,4021.0,4061.2,55.9,0.0,81.1,183.4
Zuuma,1311.6,3941.8,9631.4,9667.6,2958.1,5587.7,1502.3,69.4,2886.1,2884.0,824.9,2896.6,10562.8,9068.2,3333.5,2693.2,2097.7,12017.4,9996.0,2543.0,10.6,957.8,11309.0,3131.3,8867.1,76.1,4056.0,866.4,5352.6,2095.5,1848.2,5503.8,4892.8,1658.0,833.8,55.0,68.6,240.3,8966.4,81.5,4812.5,30.2,42.5,9036.1,1104.9,3323.4,401.3,870.7,2626.2,1057.0,4845.9,69.3,96.3,9051.2,5319.4,2073.0,287.9,2519.1,9038.3,8989.3,100.8,79.7,11893.6,4870.6,9009.3,7971.1,100.5,81.1,33.2,8905.7,1117.7,5302.2,6117.4,10115.7,5637.5,9535.9,11860.5,3783.8,2286.3,1354.0,9684.7,38.3,4814.4,5638.0,99.6,2043.8,5663.3,2661.4,300.1,284.1,919.1,11665.4,476.9,440.0,1221.4,292.8,1858.0,4760.7,8865.1,4055.3,354.5,47.1,4598.6,2013.7,118.6,865.7,4007.5,8961.3,611.4,831.6,4821.3,11811.2,5871.6,570.6,837.2,12.5,10727.8,110.9,5380.5,11898.8,8889.8,12421.3,193.6,44.3,4077.5,8973.9,4126.0,91.0,39.1,4956.3,42.1,4763.1,1233.1,1132.4,8685.6,5709.4,7538.7,5100.3,2074.9,12299.7,911.0,4196.8,4617.1,3190.1,4294.2,3990.5,5384.8,3585.3,5602.6,691.0,1191.7,1068.3,4145.7,2527.7,4759.8,4798.8,8884.6,1250.7,3903.3,34.5,11894.7,4803.0,4076.6,4116.8,71.2,63.9,0.0,164.3
"Borgundvegen 340, 6009 Ålesund",1397.7,4027.9,9717.5,9753.7,3044.2,5673.8,1588.4,118.0,2972.2,2970.1,911.0,2982.7,10648.9,9154.3,3419.6,2779.3,2183.8,12103.5,10082.1,2629.1,172.3,1043.9,11395.1,3217.4,8953.2,109.0,4142.1,952.5,5438.7,2181.6,1934.3,5589.9,4978.9,1744.1,919.9,175.6,189.2,326.4,9052.5,124.2,4898.6,174.2,157.7,9122.2,1191.0,3409.5,487.4,956.8,2712.3,1143.1,4932.0,173.1,116.0,9137.3,5405.5,2159.1,173.5,2605.2,9124.4,9075.4,124.8,122.4,11979.7,4956.7,9095.4,8057.2,143.2,123.8,194.9,8991.8,1203.8,5388.3,6203.5,10201.8,5723.6,9622.0,11946.6,3869.9,2372.4,1440.1,9770.8,158.8,4900.5,5724.1,204.8,2129.9,5749.4,2747.5,185.7,370.2,1005.2,11751.5,563.0,526.1,1307.5,378.9,1944.1,4846.8,8951.2,4141.4,240.1,123.4,4684.7,2099.8,51.3,951.8,4093.6,9047.4,697.5,917.7,4907.4,11897.3,5957.7,656.7,923.3,174.2,10813.9,162.7,5466.6,11984.9,8975.9,12507.4,29.3,206.0,4163.6,9060.0,4212.1,78.9,184.1,5042.4,196.3,4849.2,1319.2,1218.5,8771.7,5795.5,7624.8,5186.4,2161.0,12385.8,997.1,4282.9,4703.2,3276.2,4380.3,4076.6,5470.9,3671.4,5688.7,777.1,1277.8,1154.4,4231.8,2613.8,4845.9,4884.9,8970.7,1336.8,3989.4,196.2,11980.8,4889.1,4162.7,4202.9,157.3,177.0,161.7,0.0
